provid,permid,orbit_class,population,ssObjectId,diaSourceId,phaseAngle,helioRange,topoRange,ephRa,ephDec,visit,detector,midpointMjdTai,band,ra,dec,snr,psfFlux,psfFluxErr,psfFlux_flag,trailFlux,trailFluxErr,scienceFlux,scienceFluxErr,forced_PsfFlux_flag,templateFlux,templateFluxErr,psfMag,psfMagErr,trailMag,trailMagErr,scienceMag,scienceMagErr,templateMag,templateMagErr
2003 BF13,174492,MBO,MBO,21163619965285190,745284181392097723,20.185093,2.9329479,2.7595112,148.1960669820137,2.544912662242155,2025052000117,19,60816.00153897185,g,148.196064180489,2.5449056559121797,41.58082962036133,10990.1,261.594,False,11366.4,1.8981,10938.5,233.354,False,120.016,29.0144,21.2974959282666,0.025843448238037824,21.260942624120716,0.00018130945941678185,21.302605572151585,0.023162306583744168,26.201902140194814,0.26248154718740446
2003 BF13,174492,MBO,MBO,21163619965285190,745284191347802148,20.185328,2.932976,2.7605119,148.21075784580086,2.543061061372696,2025052000191,64,60816.07457877447,r,148.2107671134802,2.5430607806458028,14.413311958312988,18227.6,1270.14,False,17604.2,1.05041,18407.0,1297.0,False,171.025,25.9659,20.748176299432448,0.07565653342015201,20.785959313418285,6.478387274012077e-05,20.737542469208847,0.0765034963639536,25.817351041006127,0.16484209432828623
2003 BF13,174492,MBO,MBO,21163619965285190,745284191484117024,20.185328,2.9329762,2.7605183,148.21085457438545,2.5430488702347858,2025052000192,68,60816.07505704211,r,148.21082570605003,2.5430208557250644,5.313335418701172,13444.2,2565.64,False,15753.2,633.72,11041.2,2612.3,False,166.62,29.3265,21.078662572871732,0.20719775659953854,20.906578019608656,0.04367701212071055,21.292459288919517,0.2568804740908739,25.845682206482834,0.1910985696535211
2003 BF13,174492,MBO,MBO,21163619965285190,745284192557858924,20.185337,2.932978,2.7605746,148.21167892386725,2.5429449796357195,2025052000200,68,60816.07913864023,r,148.21167708334102,2.5429479256113376,34.33040237426758,18416.6,530.272,False,17590.7,8.02502,18888.4,521.936,False,40.6714,31.7596,20.736976384209193,0.031261768800594676,20.786792243196963,0.0004953216620254983,20.709512049470185,0.03000173503047086,27.376777243935067,0.8478328453153505
2003 BF13,174492,MBO,MBO,21163619965285190,745297371232993298,20.167774,2.9341075,2.8000576,148.82334928234775,2.4619129310363186,2025052300085,12,60818.98851694912,u,148.8233259716948,2.4619400555720303,8.20999813079834,3122.88,375.166,False,3129.76,21.5046,3023.15,365.99,False,80.8215,37.8555,22.66361179993919,0.13043450536369336,22.661222407276405,0.007460100226820781,22.698850794686404,0.13144190523548574,26.631182697837417,0.5085414739678483
2003 BF13,174492,MBO,MBO,21163619965285190,745297371367211016,20.167768,2.9341078,2.800066,148.82347887244543,2.4618941672942767,2025052300086,12,60818.989132629984,u,148.8234701760359,2.4618709043863856,6.1788129806518555,2683.49,414.262,False,2897.9,24.7232,2646.19,403.672,False,133.863,35.7428,22.828250050871638,0.16760980891874916,22.74479154941413,0.009262871069764256,22.8434474642942,0.16562730256367855,26.083348562189748,0.2899027507045814
2003 BF13,174492,MBO,MBO,21163619965285190,745297371501953052,20.167765,2.934108,2.8000743,148.823608888047,2.4618753415291184,2025052300087,13,60818.98975045244,u,148.8236563370488,2.461802042895372,7.416519641876221,3075.48,407.445,False,3348.4,2.70569,3209.11,402.021,False,136.613,29.0421,22.68021773906949,0.14384024565571074,22.587906698523646,0.0008773341227559531,22.63403845404733,0.13601551081791202,26.061269876414066,0.23081301848882982
2003 BF13,174492,MBO,MBO,21163619965285190,745297371636695059,20.16776,2.9341083,2.800083,148.823738908452,2.4618565146615894,2025052300088,14,60818.990368601706,u,148.8237270527333,2.461877315962689,6.503994464874268,2665.13,418.327,False,nan,nan,2643.81,409.02,False,92.8521,21.3242,22.835704052884086,0.1704204991099034,nan,nan,22.844424373597388,0.16797266093243002,26.480520714109787,0.2493476882551141
2003 BF13,174492,MBO,MBO,21163619965285190,745297371905130514,20.167751,2.9341087,2.8000996,148.82399770137937,2.4618190404349103,2025052300090,14,60818.99159898592,u,148.82406015937494,2.4618382077514576,6.392369747161865,2562.4,416.563,False,3255.6,110.358,2558.96,409.471,False,45.406,23.1668,22.87838272723934,0.17650543832970994,22.618422367908778,0.03680417568068745,22.879841273246026,0.17373366730915923,27.25721693029605,0.5539583754396025
2003 BF13,174492,MBO,MBO,21163619965285190,745297372040921105,20.167747,2.934109,2.800108,148.82412752593294,2.4618002407520185,2025052300091,17,60818.992215993,u,148.8241534144896,2.46182530216278,6.638760089874268,2701.97,410.304,False,3061.11,101.741,2855.03,403.861,False,61.8937,25.6354,22.820798704930418,0.16487299894080118,22.685302621624345,0.03608621722710136,22.760973298677257,0.1535838490919725,26.920883892321953,0.4496949269625424
2003 BF13,174492,MBO,MBO,21163619965285190,745297372175138850,20.167744,2.9341092,2.8001165,148.82425735553966,2.461781439958821,2025052300092,17,60818.992832710624,u,148.824259824963,2.46178822638251,7.315918445587158,2850.9,386.863,False,3151.34,13.8979,2810.22,382.917,False,114.231,31.8114,22.762545077230488,0.14733283767451302,22.653761814721072,0.00478826542836669,22.7781492106256,0.1479410317232332,26.255540026544075,0.30235914304051903
2003 BF13,174492,MBO,MBO,21163619965285190,745297372311453728,20.16774,2.9341094,2.800125,148.8243869796604,2.4617626685511733,2025052300093,21,60818.993448555295,u,148.8243151562467,2.461718440903878,7.5765275955200195,2914.4,405.144,False,3711.95,440.55,2928.85,395.582,False,154.875,20.8633,22.7386271407964,0.15093313793534857,22.47599472019302,0.1288597847612602,22.733257138760052,0.1466437973351875,25.9250467015397,0.14626014858402647
2003 BF13,174492,MBO,MBO,21163619965285190,745297372447244298,20.167734,2.9341097,2.8001332,148.824516187821,2.461743957018008,2025052300094,24,60818.99406224796,u,148.82456441076351,2.46175433602699,6.424633026123047,2552.08,395.56,False,3172.94,61.9952,2960.44,387.39,False,221.025,24.7516,22.88276425655608,0.16828383019193296,22.64634537077537,0.021213901180073446,22.721609362616434,0.1420746147837062,25.538896531878102,0.121586740305685
2003 BF13,174492,MBO,MBO,21163619965285190,745297372581462043,20.16773,2.93411,2.8001416,148.8246454011104,2.4617252443870856,2025052300095,24,60818.99467669737,u,148.82468856054777,2.4617187836852397,5.784184455871582,2337.13,402.534,False,2496.14,29.1739,2591.46,389.619,False,204.197,20.6926,22.978292879030825,0.18700104643271087,22.906827697241404,0.012689657424340767,22.866138741977423,0.16323749845630608,25.62487657370846,0.11002465549106619
2003 BF13,174492,MBO,MBO,21163619965285190,745297372731932675,20.167727,2.9341102,2.8001502,148.82477461947232,2.4617065306730863,2025052300096,55,60818.9952900031,u,148.8248270502301,2.461711102656935,6.1496171951293945,1998.63,323.124,False,nan,nan,2239.04,315.703,False,172.213,24.1968,23.148168992331435,0.17553394919623408,nan,nan,23.024845350478028,0.15308800836591716,25.809835185313577,0.15255144758045133
2003 BF13,174492,MBO,MBO,21163619965285190,745297372866150406,20.167723,2.9341104,2.8001585,148.824904053464,2.461687785388374,2025052300097,55,60818.99590580367,u,148.82489839549987,2.461710373718089,6.721848487854004,2139.97,325.961,False,2283.61,22.7302,2190.28,317.781,False,160.334,29.4365,23.073980802198786,0.16537973069428077,23.003445108606556,0.010807011581822703,23.048750891662525,0.15752613301995877,25.887435933858185,0.19933560231001698
2003 BF13,174492,MBO,MBO,21163619965285190,745297372984639495,20.167717,2.9341106,2.8001668,148.82503349252886,2.461669039032446,2025052300098,25,60818.99652042048,u,148.82502605841168,2.4616789279265574,6.260974407196045,2808.54,446.588,False,nan,nan,2745.08,439.407,False,161.687,14.8529,22.778798450904567,0.17264371070035994,nan,nan,22.803612455010544,0.1737946030699596,25.878312266139538,0.09973795754549164
2003 BF13,174492,MBO,MBO,21163619965285190,745297373118857242,20.167713,2.9341109,2.8001752,148.82516272637022,2.461650322069868,2025052300099,25,60818.99713408484,u,148.82514208008618,2.4615908736714007,7.151515483856201,3132.22,436.074,False,3922.09,54.8329,3257.01,429.735,False,109.718,20.8128,22.660369364373725,0.1511583923698475,22.416206087720788,0.015179168375680296,22.617952266790688,0.14325372984683302,26.29930527093315,0.2059571757743197
2003 BF13,174492,MBO,MBO,21163619965285190,745297373253074966,20.16771,2.934111,2.8001835,148.82529154446155,2.461631665000004,2025052300100,25,60818.99774671452,u,148.825375710656,2.4616364896530927,6.3897905349731445,2843.9,435.196,False,3031.06,33.3934,3028.73,426.296,False,33.0179,16.4092,22.765214234188306,0.16614792546523044,22.696013645671634,0.011961630854209515,22.696848608694644,0.15281817569091222,27.603126427700087,0.5395880426674984
2003 BF13,174492,MBO,MBO,21163619965285190,745297373387292697,20.167706,2.9341114,2.8001919,148.8254209993488,2.46161291538572,2025052300101,25,60818.99836125775,u,148.82544498320695,2.4616591308141653,5.4177350997924805,2406.55,437.132,False,2999.5,85.0051,2575.99,436.7,False,34.3934,11.6416,22.946512754763088,0.19721593840570414,22.707377834316315,0.030769498512761947,22.87263957221925,0.18406166781275088,27.558812277552345,0.3675038483313366
2003 BF13,174492,MBO,MBO,21163619965285190,745297373541433357,20.1677,2.9341116,2.8002002,148.825549827991,2.4615942561661117,2025052300102,63,60818.99897398359,u,148.82567911834832,2.46164388341207,5.986536026000977,1868.36,377.344,False,nan,nan,1818.2,368.303,False,33.9085,15.1487,23.221348606413837,0.2192811017676687,nan,nan,23.25089589558551,0.21993175776458274,27.57422853237718,0.48505511772144744
2003 BF13,174492,MBO,MBO,21163619965285190,745297373807771660,20.167654,2.9341142,2.8002913,148.82695150752406,2.461391222389553,2025052300104,59,60819.00563005344,u,148.82700443534048,2.4614540655211568,8.574933052062988,3198.65,371.626,False,3688.88,98.2495,2900.29,361.126,False,-181.276,28.9141,22.637583228955684,0.126143161282169,22.482763715064614,0.02891745971530656,22.743896422437235,0.13518909318921812,nan,nan
2003 BF13,174492,MBO,MBO,21163619965285190,745297374616748051,20.167624,2.934116,2.8003464,148.82779974893594,2.461268340617777,2025052300110,66,60819.00965783103,u,148.82780364634075,2.461276260988074,8.528400421142578,3279.09,373.479,False,3535.7,59.7968,3114.74,365.924,False,-35.4679,17.5188,22.610616629006415,0.12366225550053994,22.52881149367753,0.018362290403708983,22.666445502944995,0.12755380816019407,nan,nan
2003 BF13,174492,MBO,MBO,21163619965285190,745297374773510146,20.16762,2.9341161,2.8003547,148.8279295249671,2.4612495396592933,2025052300111,109,60819.01027344731,u,148.82793877442663,2.4612635040816166,10.453810691833496,3335.51,307.84,False,3263.17,5.56627,3368.46,296.806,False,-68.934,40.722,22.592094379261777,0.100204474973272,22.61590077690692,0.0018520337196555085,22.58142152626085,0.09566776018162333,nan,nan
2003 BF13,174492,MBO,MBO,21163619965285190,745297374886756376,20.167616,2.9341164,2.800363,148.82805909639063,2.4612307681609367,2025052300112,69,60819.010888985125,u,148.82806060442604,2.461228311734694,10.404603958129883,3001.96,280.063,False,3496.4,7.71788,3038.65,272.004,False,5.72827,46.4803,22.706487761294383,0.10129199920932443,22.540947251415087,0.002396631314117119,22.693298335551088,0.09718940902852669,29.504941289539385,8.809875411643636
2003 BF13,174492,MBO,MBO,21163619965285190,745297375041945627,20.16761,2.9341166,2.8003716,148.82818909546927,2.461211934530576,2025052300113,109,60819.01150549284,u,148.82821596067015,2.461165810495808,9.83147144317627,2757.97,278.192,False,2900.69,12.0146,2879.2,271.923,False,102.94,29.1241,22.798526167036506,0.10951646115564767,22.743746727573566,0.004497097674057165,22.751820434300775,0.10254121128076177,26.368539564464445,0.30717980143254325
2003 BF13,174492,MBO,MBO,21163619965285190,745297375176163333,20.167606,2.9341168,2.80038,148.82831952210665,2.4611930387872043,2025052300114,109,60819.01212471474,u,148.82831098891089,2.4612012371248824,11.54261589050293,3207.68,276.185,False,3587.83,2.6207,3289.25,273.608,False,100.77,76.0358,22.634522432373295,0.09348315837329506,22.512920333997506,0.0007930667512912367,22.607257791594144,0.09031423983186698,26.391671889765625,0.8192400569616882
2003 BF13,174492,MBO,MBO,21163619965285190,745297375260049434,20.1676,2.934117,2.8003914,148.82849589263515,2.4611674865981086,2025052300115,13,60819.0129616186,u,148.8284916214665,2.461156419334009,9.797035217285156,3355.9,343.025,False,3312.98,3.47709,3477.21,333.114,False,81.8279,16.5018,22.585477503777057,0.11097907144079067,22.599452971114765,0.0011395186189563278,22.546922712374716,0.10401268517542649,26.617746435897253,0.21895467763796103
2003 BF13,174492,MBO,MBO,21163619965285190,745297375394791441,20.167595,2.9341173,2.8004,148.82862549124124,2.461148710444593,2025052300116,14,60819.01357651569,u,148.82855220182552,2.4611268080252153,9.20958137512207,3558.14,378.525,False,4249.65,1.06093,3661.1,371.022,False,102.771,29.4278,22.52194245275755,0.1155036908853744,22.329117117076,0.0002710552993803652,22.490970992419584,0.11003032172367927,26.37032350467917,0.3108934026843721
2003 BF13,174492,MBO,MBO,21163619965285190,745297375529009165,20.167591,2.9341176,2.8004084,148.82875572846075,2.461129841621746,2025052300117,14,60819.014194414274,u,148.8287905075577,2.4611015578030906,8.568241119384766,3201.05,365.655,False,3241.09,18.9771,3208.66,358.736,False,180.829,14.9369,22.636768838882126,0.12402332502449065,22.62327224336206,0.006357158973313331,22.634190779029158,0.12138795185583186,25.756829829967515,0.089684363339768
2003 BF13,174492,MBO,MBO,21163619965285190,745297375666896912,20.167587,2.9341178,2.800417,148.82888639362068,2.461110910656702,2025052300118,21,60819.01481426267,u,148.82887470625565,2.4611248595988817,11.072142601013184,3624.9,321.186,False,3649.17,10.5057,3662.13,315.554,False,181.826,96.0001,22.501759953739345,0.09620218022360967,22.494514783617362,0.003125757147917609,22.49066564217451,0.09355440622817517,25.750860014028262,0.5732446461627907
2003 BF13,174492,MBO,MBO,21163619965285190,745297375802687502,20.167582,2.934118,2.8004253,148.82901664375305,2.4610920396866325,2025052300119,24,60819.01543220354,u,148.8289937489282,2.461125101787191,8.430288314819336,2535.81,295.851,False,2709.46,3.99599,2748.83,288.269,False,246.985,60.3825,22.889708199525014,0.12667200965593414,22.817793155984376,0.0016012752063401174,22.8021302642632,0.11386084066047414,25.41832355156697,0.2654390586086451
2003 BF13,174492,MBO,MBO,21163619965285190,745297375935332359,20.167578,2.9341183,2.8004336,148.8291462681054,2.4610732592542632,2025052300120,21,60819.01604786089,u,148.82915387596742,2.461079586819208,7.640256404876709,2167.68,285.65,False,2479.89,7.05137,2457.65,281.2,False,295.759,99.7393,23.060012107668193,0.14307487730793333,22.91391900368779,0.0030872047510194607,22.923699958128925,0.12422804148810711,25.2226550672391,0.3661446378994281
2003 BF13,174492,MBO,MBO,21163619965285190,745297376071122964,20.167574,2.9341185,2.8004422,148.82927589884093,2.461054477776707,2025052300121,24,60819.01666260169,u,148.82926422334924,2.461060691576326,10.212018013000488,3738.42,357.97,False,4334.92,28.5019,4025.51,348.445,False,370.981,19.9016,22.46827979410356,0.10396397372815645,22.307547301876014,0.00713866576252176,22.387947722777376,0.09398047921911452,24.976620867567572,0.05824526930469996
2003 BF13,174492,MBO,MBO,21163619965285190,745297376205340701,20.167568,2.9341187,2.8004506,148.82940637929383,2.46103557307358,2025052300122,24,60819.017281629225,u,148.82941894846897,2.4610424024519895,10.818923950195312,3468.72,318.875,False,3275.97,2.91183,3843.26,315.864,False,375.521,116.574,22.549576898194836,0.0998103436473338,22.611650219673507,0.0009650513360553746,22.438250582563676,0.08923283737045035,24.963414439374322,0.33704802376718423
2003 BF13,174492,MBO,MBO,21163619965285190,745297376340082696,20.167564,2.934119,2.800459,148.8295351800091,2.461016911633364,2025052300123,25,60819.01789290727,u,148.8295138854029,2.4609760379111543,8.868729591369629,3053.98,344.137,False,3068.03,9.07847,3383.55,341.484,False,488.794,65.6988,22.687834535422674,0.12234592090631394,22.682850984775285,0.0032127533689427935,22.576568487829274,0.10957767620923466,24.677185320263277,0.14593379604049783
2003 BF13,174492,MBO,MBO,21163619965285190,745297376474300425,20.16756,2.9341192,2.8004675,148.82966567370383,2.460998004802533,2025052300124,25,60819.01851106773,u,148.8296648737015,2.4610174063176062,9.036430358886719,2901.32,319.639,False,3218.1,10.4501,3460.84,317.274,False,585.435,115.036,22.743510894940343,0.11961577309399377,22.631001128697143,0.0035256988624949898,22.55204616829975,0.09953532829206305,24.481303297033243,0.21334350346509237
2003 BF13,174492,MBO,MBO,21163619965285190,745297376624246790,20.167555,2.9341195,2.8004758,148.82979512001182,2.460979249630173,2025052300125,55,60819.01912587398,u,148.82977846186412,2.46097414221544,8.464118003845215,2229.86,261.725,False,2122.27,7.73822,2758.02,257.307,False,573.346,79.2763,23.02930595502584,0.12743593818792295,23.08299840248629,0.003958810976137137,22.798506464381205,0.10129278652125442,24.503958016880972,0.1501242639513151
2003 BF13,174492,MBO,MBO,21163619965285190,745297376758988869,20.167551,2.9341197,2.8004842,148.82992541634275,2.46096037121183,2025052300126,56,60819.019743997706,u,148.82992052378762,2.4609475931312477,10.046272277832031,2804.48,284.355,False,2731.78,5.06668,3429.79,280.225,False,524.371,82.9751,22.78036913953996,0.11008619515288862,22.80888568552595,0.0020137338312595054,22.561831163207607,0.08870818071660112,24.600903395373795,0.17180407094266656
2003 BF13,174492,MBO,MBO,21163619965285190,745297376893206543,20.167545,2.93412,2.8004928,148.83005487603828,2.4609416139310443,2025052300127,56,60819.02035760998,u,148.83001453871205,2.4609714719164835,8.393010139465332,2512.92,294.132,False,2772.59,8.85557,3028.95,283.104,False,560.799,61.4649,22.899553376650196,0.1270831378825786,22.792785834283208,0.003467808974171083,22.69676975667236,0.10147948025159056,24.52798190191131,0.11899926171245476
2003 BF13,174492,MBO,MBO,21163619965285190,745297377011695635,20.167542,2.9341202,2.800501,148.83018476419224,2.4609227944966747,2025052300128,26,60819.02097333546,u,148.83016407943788,2.460902505232765,7.131254196166992,2692.12,376.159,False,2478.43,10.7159,3389.31,369.816,False,587.947,59.7447,22.824763916591998,0.15170550479050413,22.91455838660353,0.0046943594835120875,22.574721748770486,0.11846736465392825,24.476654513523833,0.11032794276758195
2003 BF13,174492,MBO,MBO,21163619965285190,745297377161641986,20.167538,2.9341204,2.8005095,148.8303144482331,2.4609040045678023,2025052300129,56,60819.02158864962,u,148.8303064992012,2.4609030891025707,8.50464153289795,2451.23,288.682,False,2481.96,6.63279,2952.54,282.987,False,488.06,55.4257,22.926539850630597,0.12786744164416317,22.913013072085327,0.002901521560038334,22.724510510640055,0.10406268053296337,24.678816966473853,0.12329978015879314
2003 BF13,174492,MBO,MBO,21163619965285190,745297377295859715,20.167532,2.934121,2.800518,148.83044413919967,2.4608852135739445,2025052300130,56,60819.022203362154,u,148.83044863801024,2.4608891177741405,11.620985984802246,3222.03,279.425,False,3084.6,20.0176,3506.17,272.142,False,239.697,67.9434,22.629676040691166,0.09415859659977464,22.677002829999665,0.007045915643344769,22.537917600565326,0.08427270410835346,25.450843475489783,0.30775773016728325
2003 BF13,174492,MBO,MBO,21163619965285190,745297377430077450,20.167528,2.9341211,2.8005264,148.8305740478807,2.460866390979949,2025052300131,56,60819.02281900284,u,148.830576111192,2.4608805060046475,12.274033546447754,3214.55,259.179,False,3032.37,5.25646,3359.9,251.499,False,142.138,72.9645,22.632199520291557,0.08753947019002735,22.69554447953086,0.0018820687832954773,22.584184152140946,0.08127074317984571,26.01822449560906,0.5573470817361224
2003 BF13,174492,MBO,MBO,21163619965285190,745297377569538060,20.167522,2.9341214,2.8005347,148.83070354166975,2.460847628451296,2025052300132,66,60819.02343359553,u,148.83073309267598,2.4608695777176877,13.520020484924316,3798.05,276.763,False,3861.81,11.8992,4006.19,270.596,False,153.693,55.1848,22.451098291607646,0.07911733808256013,22.43302272652958,0.0033454241738374376,22.393171159480126,0.07333548517973201,25.93336482864081,0.38984297985295374
2003 BF13,174492,MBO,MBO,21163619965285190,745297377700085774,20.167519,2.9341216,2.8005433,148.83083367509005,2.4608287732032346,2025052300133,59,60819.02405021712,u,148.83083944143934,2.4608553283315575,12.02070140838623,3244.5,269.78,False,3093.12,7.51478,3320.88,263.353,False,79.7397,68.6502,22.622130553763064,0.09027890645532026,22.674008036058332,0.002637811806864726,22.596867081686916,0.08610124225377518,26.64581350215658,0.9347415050211262
2003 BF13,174492,MBO,MBO,21163619965285190,745297378890743851,20.167461,2.9341245,2.8006485,148.83245345547698,2.4605940795749404,2025052300142,26,60819.03172731136,g,148.83269449912797,2.460549205571552,79.7301025390625,2354.48,123.068,False,10693.1,1.39735,4373.28,120.845,False,2009.42,39.3418,22.97026249474662,0.05675112348250096,21.32724096894123,0.00014188153957401747,22.297981843304584,0.030001691964620086,23.142323174929167,0.021257286398575
2003 BF13,174492,MBO,MBO,21163619965285190,745297379040165899,20.167458,2.9341247,2.8006556,148.83256426748707,2.4605780238831443,2025052300143,55,60819.0322521672,g,148.83278177003967,2.460535341815802,77.4966049194336,3234.03,123.428,False,11760.5,3.70964,5735.27,121.769,False,2474.91,12.325,22.62563987952072,0.041437540341636214,21.22393553437741,0.00034247612626576686,22.003615326171445,0.023051924045184993,22.916101512417804,0.005406943683518131
2003 BF13,174492,MBO,MBO,21163619965285190,745297379174383635,20.167454,2.934125,2.8006628,148.83267508494458,2.460561967437887,2025052300144,55,60819.03277742538,g,148.8328631504393,2.4605278438919087,72.12771606445312,3557.99,121.346,False,9451.79,1.08788,6154.23,118.089,False,2599.22,33.2181,22.52198819514969,0.037029262755978155,21.46121483574595,0.00012496582279568935,21.9270656960492,0.02083339422005888,22.86289241204006,0.0138757380521797
2003 BF13,174492,MBO,MBO,21163619965285190,745297379310698500,20.167448,2.9341252,2.80067,148.8327852745284,2.4605460020055085,2025052300145,59,60819.03329943505,g,148.83277872819082,2.4605440915126158,68.9489517211914,9535.86,137.144,False,9133.36,2.1049,11938.6,135.712,False,2370.66,33.7532,21.45160029401743,0.015614973114892445,21.498423517927797,0.00025022181570518175,21.207616531758088,0.012342103993594969,22.962826860402416,0.015458595159845767
2003 BF13,174492,MBO,MBO,21163619965285190,745297379444916236,20.167444,2.9341254,2.800677,148.83289568069935,2.460530005235211,2025052300146,59,60819.033822497426,g,148.83289562645106,2.460524276710821,64.48271942138672,9185.81,141.484,False,8646.4,0.879714,11901.7,140.547,False,2658.89,31.2894,21.492206405301907,0.016723000078952964,21.557911643434075,0.0001104664727133807,21.210977484607007,0.012821442372525358,22.83824911721625,0.01277677372399999
2003 BF13,174492,MBO,MBO,21163619965285190,745297379577561091,20.16744,2.9341254,2.8006842,148.8330056701057,2.4605140688970835,2025052300147,56,60819.034343319145,g,148.83301574204253,2.4605042576825618,65.01378631591797,9552.42,146.926,False,8930.32,2.82103,12103.8,146.159,False,2455.2,25.5241,21.449716485808796,0.01669973403163188,21.522832408921857,0.0003429769808459727,21.192695670252682,0.013110768254674396,22.924782833033312,0.011287243120416604
2003 BF13,174492,MBO,MBO,21163619965285190,745297379711778830,20.167437,2.9341257,2.8006914,148.8331160872237,2.4604980706390744,2025052300148,56,60819.03486655337,g,148.83293254286426,2.460523256125458,69.12642669677734,3716.33,125.105,False,9474.4,2.99632,6366.64,123.792,False,2630.16,28.2873,22.474714299167736,0.03654977590406634,21.458620664556165,0.0003433687601257603,21.890224242960198,0.021110892586098676,22.850044614673493,0.011677064091325864
2003 BF13,174492,MBO,MBO,21163619965285190,745297379845996574,20.167433,2.934126,2.8006985,148.8332267210485,2.4604820410379755,2025052300149,56,60819.03539085956,g,148.83301169165458,2.4605139446972006,71.6482162475586,3012.91,127.508,False,10097.7,2.07293,5513.09,126.394,False,2463.17,23.9657,22.7025346345228,0.045948952855209724,21.389443819557435,0.0002228879064878701,22.046512325020345,0.024891765363018868,22.92126406826339,0.010563797525150671
2003 BF13,174492,MBO,MBO,21163619965285190,745297381215961111,20.167393,2.934128,2.8007705,148.83433526939194,2.4603214287223185,2025052300159,109,60819.04063972704,g,148.83433907228317,2.460318459997072,80.20243072509766,11673.2,143.733,False,10912.2,0.285253,12228.6,143.797,False,405.749,36.2777,21.232025165662492,0.01336875245544683,21.30521918761113,2.8381947857551794e-05,21.181558186261167,0.012767251430412681,24.879356373577885,0.09707482062146053
2003 BF13,174492,MBO,MBO,21163619965285190,745297381351751717,20.167389,2.9341283,2.8007777,148.8344457543923,2.460305421549304,2025052300160,112,60819.04116299786,g,148.83444859022427,2.4602993602762426,76.58931732177734,11705.0,152.355,False,10892.5,0.286667,12248.9,151.718,False,461.146,9.61749,21.22907145491839,0.014132194347471958,21.307181078480518,2.857422345841344e-05,21.179757242681006,0.013448205371786499,24.74040389444364,0.022643711490997732
2003 BF13,174492,MBO,MBO,21163619965285190,745297381485445130,20.167385,2.9341283,2.8007848,148.8345570902563,2.460289291204959,2025052300161,111,60819.04168941305,g,148.83456170059839,2.460278873151713,84.552978515625,11615.7,135.665,False,10985.6,0.146042,12107.6,136.368,False,319.858,38.534,21.237386514423683,0.012680802056897457,21.297940584242372,1.443372205829079e-05,21.192354873301333,0.012228656004381912,25.137606950770063,0.1308010402158312
2003 BF13,174492,MBO,MBO,21163619965285190,745297381621760017,20.16738,2.9341285,2.800792,148.83466800944856,2.46027322133438,2025052300162,115,60819.04221461984,g,148.834673619859,2.4602678162351532,84.18621063232422,11502.1,135.887,False,10761.3,0.0798096,11910.3,137.069,False,207.479,37.7077,21.24805718921693,0.012826999722621274,21.320338172995985,8.052203013274799e-06,21.210193265923053,0.012495132662948872,25.607564614235383,0.19732412937399357
2003 BF13,174492,MBO,MBO,21163619965285190,745297381754404908,20.167376,2.9341288,2.8007994,148.8347789345095,2.460257150723526,2025052300163,112,60819.04273919154,g,148.83477977553463,2.460251705462024,80.42842864990234,11399.8,140.797,False,10421.0,0.136419,11633.5,141.787,False,122.212,38.7467,21.257756938431392,0.013409744018276914,21.355226510258277,1.4213131696339144e-05,21.235724014552673,0.013232757299806611,26.182215389422257,0.3442272118097283
2003 BF13,174492,MBO,MBO,21163619965285190,745297381837242415,20.16737,2.934129,2.8008099,148.83494015609196,2.4602337934525167,2025052300164,14,60819.04350260107,g,148.8349428608278,2.4602310935556164,73.37767791748047,11461.9,155.17,False,11145.0,0.666023,11554.7,153.511,False,26.3861,12.0294,21.251858425219552,0.014698582186430078,21.282299817959355,6.488338283062299e-05,21.24310329621306,0.014424645333438488,27.846561958288934,0.494986170055023
2003 BF13,174492,MBO,MBO,21163619965285190,745297382782533698,20.167318,2.9341316,2.800899,148.83631496310772,2.460034627209756,2025052300171,25,60819.05000675553,r,148.8365895567442,2.4599991065704634,81.51656341552734,3270.46,188.271,False,15665.2,0.511516,5118.9,188.535,False,1815.53,39.6293,22.613477908525688,0.06250271802938215,20.91266012657044,3.5452557672016305e-05,22.127058406972594,0.039988920128411695,23.25249140839511,0.023699395866237635
2003 BF13,174492,MBO,MBO,21163619965285190,745297382931955724,20.167315,2.9341319,2.8009062,148.83642661214162,2.4600184538054823,2025052300172,54,60819.05053419755,r,148.8366650362596,2.4599769308370463,81.88943481445312,4406.08,179.629,False,15251.0,1.02432,6301.57,177.755,False,1893.47,34.3325,22.289869035114865,0.044263767993486344,20.94175419731047,7.29225176168499e-05,21.901378118005262,0.03062650256393129,23.206853945345664,0.01968662789673232
2003 BF13,174492,MBO,MBO,21163619965285190,745297383067222021,20.16731,2.934132,2.8009133,148.8365376330744,2.460002371558156,2025052300173,56,60819.05105965396,r,148.83679776144268,2.459952147379649,78.15872192382812,3522.08,178.512,False,15051.6,2.19983,5563.52,179.731,False,1969.17,30.4141,22.533001935308242,0.055029110618634844,20.956043357383194,0.00015868314313902107,22.03662586216576,0.03507499859453303,23.164291948915128,0.016769344175790707
2003 BF13,174492,MBO,MBO,21163619965285190,745297383201439793,20.167307,2.9341323,2.8009207,148.83664844869756,2.4599863192250235,2025052300174,56,60819.051583761844,r,148.8366475390107,2.459984491149924,73.72511291503906,15837.5,211.905,False,15163.9,0.439279,17800.7,211.758,False,1906.55,23.4806,20.900783430271254,0.014527098919899594,20.947972692627985,3.14524028237706e-05,20.773907345227677,0.012915971426206438,23.19937947395036,0.013371659418425394
2003 BF13,174492,MBO,MBO,21163619965285190,745297383335657549,20.167301,2.9341326,2.8009279,148.83675927064317,2.459970266153351,2025052300175,56,60819.05210794845,r,148.8367571858423,2.4599746088054952,71.53573608398438,15567.0,215.17,False,14327.6,0.256452,17793.1,215.941,False,2067.19,19.6496,20.919487686463526,0.015007249771295967,21.009566408815466,1.9433765770659386e-05,20.77437097492934,0.013176734841575546,23.1115490422069,0.010320426148426808
2003 BF13,174492,MBO,MBO,21163619965285190,745297383471448095,20.167297,2.9341326,2.800935,148.83687031029612,2.45995418172694,2025052300176,59,60819.05263225407,r,148.8366337193767,2.459999049573643,74.75532531738281,4306.41,177.362,False,13789.7,0.297769,6173.46,176.502,False,1864.47,25.6003,22.314711522374537,0.044716675196088206,21.051112939516287,2.3444932834334775e-05,21.923678410508174,0.031041686774022966,23.223611517566756,0.014907814456922398
2003 BF13,174492,MBO,MBO,21163619965285190,745297383609335879,20.167294,2.9341328,2.8009422,148.8369811446656,2.459938127221138,2025052300177,66,60819.053156911876,r,148.83675498435812,2.4599754367596374,74.95990753173828,4570.84,175.958,False,14077.6,1.09202,6559.21,176.904,False,1916.05,29.5251,22.250009988886802,0.04179624960899732,21.028678477557712,8.422214873217411e-05,21.85787116766901,0.0292826554211478,23.193982877436483,0.016730497623180574
2003 BF13,174492,MBO,MBO,21163619965285190,745297383741980725,20.16729,2.934133,2.8009493,148.83709198541945,2.4599220719789194,2025052300178,63,60819.05368098723,r,148.83683768030417,2.459946407547634,75.09574890136719,3921.38,184.491,False,14323.3,0.638213,5813.31,183.013,False,1885.22,23.3453,22.416402708698776,0.05108114011452797,21.009892294128186,4.837788407153316e-05,21.988941282259276,0.034180843369570925,23.211594920689357,0.013445029517562714
2003 BF13,174492,MBO,MBO,21163619965285190,745297383876198474,20.167284,2.9341333,2.8009565,148.8372032554765,2.4599059547452717,2025052300179,63,60819.05420634805,r,148.83695856823041,2.4599410288541264,76.79155731201172,2948.23,179.841,False,14720.1,1.19831,4594.84,178.317,False,1645.28,20.5989,22.726096604480887,0.06622953087257936,20.98022312790806,8.838585370635581e-05,22.24432405410479,0.04213535854684883,23.359400434515614,0.013593413241302817
2003 BF13,174492,MBO,MBO,21163619965285190,745297384790032468,20.167234,2.9341357,2.8010406,148.83850026001008,2.4597181018785395,2025052300186,14,60819.060335375776,i,148.83850625455534,2.459716652172118,66.23702239990234,19278.2,290.043,False,19295.4,0.638699,19348.7,287.533,False,66.8257,16.2648,20.687333840227872,0.01633504154968806,20.68636551284873,3.593906365758303e-05,20.68337056641991,0.016134675165247515,26.8376412269125,0.2642588340833388
2003 BF13,174492,MBO,MBO,21163619965285190,745297384927920199,20.16723,2.934136,2.801048,148.83861097715743,2.45970206748551,2025052300187,21,60819.06085855108,i,148.838608469121,2.459698752303445,63.668418884277344,19621.4,302.794,False,21277.6,1.89942,19714.5,301.134,False,24.7732,13.1624,20.66817500000775,0.016754890513955893,20.58019341923231,9.692207414535643e-05,20.6630355826162,0.01658434599910878,27.915044768184366,0.5768691577243704
2003 BF13,174492,MBO,MBO,21163619965285190,745297385062137932,20.167227,2.9341362,2.8010552,148.838722336059,2.459685940394821,2025052300188,21,60819.06138473396,i,148.83872204809862,2.459682256020392,67.48747253417969,20061.5,291.896,False,21554.6,1.21123,20350.9,292.288,False,33.311,16.8468,20.644091494668853,0.015797525159281303,20.566150100089956,6.101140035598821e-05,20.628540928501135,0.015593789543870631,27.593530797002174,0.5491033015975288
2003 BF13,174492,MBO,MBO,21163619965285190,745297385198452762,20.167223,2.9341364,2.8010623,148.83883327805285,2.459669873927335,2025052300189,25,60819.06190884062,i,148.83883384579445,2.4596704535321416,67.12030792236328,19785.8,288.08,False,19503.7,0.836973,19906.8,286.348,False,29.2341,51.1733,20.6591159201236,0.015808249296846717,20.674707523141702,4.6592797130019236e-05,20.65249632440271,0.015617696958394552,27.735275666795676,1.9005444231086857
2003 BF13,174492,MBO,MBO,21163619965285190,745297385348399115,20.167217,2.9341364,2.8010695,148.83894443845688,2.45965377607996,2025052300190,55,60819.06243327331,i,148.83894381687844,2.4596556503889047,74.28390502929688,20706.6,273.936,False,18683.4,0.301294,20844.1,272.713,False,12.4938,58.3388,20.60972803525479,0.014363644617358503,20.721360197608227,1.7508900740989943e-05,20.60254215025588,0.014205189811067229,28.658263612047428,5.06975818971982
2003 BF13,174492,MBO,MBO,21163619965285190,745297385466888216,20.167213,2.9341366,2.801077,148.8390560290336,2.459637616191913,2025052300191,25,60819.06296078522,i,148.8390557401253,2.4596330792872982,75.72364044189453,20434.0,267.02,False,17653.9,0.00793772,20579.3,265.998,False,12.9902,65.6232,20.624116527387514,0.01418778846365183,20.782898320451334,4.881793737294005e-07,20.61642346314722,0.014033695638589937,28.61596040238238,5.484864228001563
2003 BF13,174492,MBO,MBO,21163619965285190,745297385616834567,20.16721,2.9341369,2.801084,148.83916783806276,2.459621424928994,2025052300192,55,60819.063488538115,i,148.8391636772334,2.4596244718513214,69.02587890625,19969.9,282.968,False,19647.4,0.568757,20234.4,283.981,False,-16.99,53.5596,20.649060253435387,0.015384582913763361,20.66673726089236,3.143011552218103e-05,20.634774151507102,0.015237834267013167,nan,nan
2003 BF13,174492,MBO,MBO,21163619965285190,745297385751052343,20.167204,2.934137,2.8010912,148.83927944214017,2.459605263608878,2025052300193,55,60819.064015990574,i,148.8392788483668,2.4596003670851454,68.91675567626953,20915.5,298.001,False,19891.2,0.831983,21039.5,297.041,False,-31.5699,17.5208,20.598829372096922,0.015469411797051203,20.65334758236164,4.5412748753620735e-05,20.59241146331822,0.015328698487518631,nan,nan
2003 BF13,174492,MBO,MBO,21163619965285190,745297385885794322,20.1672,2.9341373,2.8010986,148.83939126473453,2.4595890709129726,2025052300194,56,60819.06454344802,i,148.83938725592853,2.4595844643830733,75.5883560180664,21190.8,275.278,False,19038.9,0.323333,21378.4,275.46,False,-50.2488,44.7328,20.58463157845579,0.014104200709222168,20.700895345770974,1.843879277968568e-05,20.575061983495623,0.0139896755706894,nan,nan
2003 BF13,174492,MBO,MBO,21163619965285190,745297386020012108,20.167196,2.9341376,2.8011057,148.839502458778,2.459572969504821,2025052300195,56,60819.06506858168,i,148.83950277781864,2.4595756657346812,75.90503692626953,21080.2,276.855,False,18891.8,0.368249,21062.2,275.51,False,-51.7454,39.0271,20.59031322283338,0.014259424485381613,20.70931660703699,2.1163745867257463e-05,20.591240709336226,0.01420227722988738,nan,nan
2003 BF13,174492,MBO,MBO,21163619965285190,745297386290020417,20.167187,2.9341378,2.8011203,148.83972507904653,2.459540733888128,2025052300197,59,60819.06611941331,i,148.83973004573747,2.4595359760958138,72.96556091308594,21131.1,284.4,False,19356.7,0.549305,21353.2,284.991,False,-52.0418,29.5337,20.58769475691273,0.014612744992665199,20.682921745836094,3.081105630890151e-05,20.57634262022017,0.014490804897409752,nan,nan
2003 BF13,174492,MBO,MBO,21163619965285190,745297386427908205,20.167183,2.934138,2.8011274,148.83983629344118,2.4595246303600726,2025052300198,66,60819.06664482081,i,148.83983505528624,2.459523605221869,79.71822357177734,21460.3,265.691,False,21739.7,1.80408,21548.1,264.316,False,-13.3161,45.4426,20.570910488459916,0.013442045908706499,20.556866172305632,9.010037180561433e-05,20.566477563822502,0.01331799398726623,nan,nan
2003 BF13,174492,MBO,MBO,21163619965285190,745297386560553076,20.16718,2.9341383,2.8011346,148.8399466672216,2.459508648830006,2025052300199,63,60819.067165975925,i,148.8399447876909,2.459505970966685,77.95829010009766,21418.1,271.469,False,20153.3,0.285638,21574.3,270.145,False,7.05003,39.7529,20.573047664966737,0.01376143172285629,20.639134533399783,1.5388423283693295e-05,20.565158176953734,0.013595165752071094,29.279522551728956,6.122124367663648
2003 BF13,174492,MBO,MBO,21163619965285190,745297386696343567,20.167173,2.9341385,2.8011417,148.84005768329814,2.459492574583027,2025052300200,66,60819.06768914743,i,148.8400558064688,2.459485941502468,79.42729949951172,21896.1,273.656,False,21084.4,0.812899,21911.7,272.192,False,-57.6391,44.6775,20.54908309977037,0.013569459333470174,20.59009686292652,4.18600411533772e-05,20.54830985565186,0.013487255871215898,nan,nan
2003 BF13,174492,MBO,MBO,21163619965285190,745297386830561300,20.16717,2.9341388,2.801149,148.84016849436892,2.45947653030722,2025052300201,66,60819.06821238123,i,148.84016408581422,2.459475108883742,75.18732452392578,22235.4,287.249,False,20216.7,0.64054,22208.2,286.891,False,-104.777,49.9982,20.532387614618628,0.014026130670665401,20.635724375584253,3.440014936024308e-05,20.53371663841795,0.014025807896827457,nan,nan
2003 BF13,174492,MBO,MBO,21163619965285190,745297386964779094,20.167166,2.934139,2.801156,148.84027973605498,2.4594604239754903,2025052300202,66,60819.068737992246,i,148.84028052106538,2.459459628485219,77.07550811767578,22682.2,288.271,False,21867.5,1.90419,22754.1,287.366,False,-98.1309,32.2659,20.510787098625133,0.013798761496722366,20.550502162006474,9.454432208653677e-05,20.50735086264585,0.013711975980459335,nan,nan
2003 BF13,174492,MBO,MBO,21163619965285190,745301777334140980,20.154987,2.934496,2.813515,149.03808658082727,2.430914829228832,2025052400145,15,60819.98026129721,i,149.03808501769183,2.430915475291666,72.9911880493164,20593.4,278.233,False,19743.0,0.641731,20886.8,275.933,False,275.82,56.0265,20.615679841449634,0.014669148250596734,20.66146713620085,3.52910199181291e-05,20.600320188877745,0.014343530463774429,25.298435585834106,0.2205423777197579
2003 BF13,174492,MBO,MBO,21163619965285190,745301777468358673,20.154982,2.9344962,2.813522,149.03819803992732,2.4308980342654607,2025052400146,15,60819.9807832778,i,149.0381965164672,2.430897085839944,78.5354232788086,20896.5,264.661,False,20186.9,0.201269,21039.7,262.271,False,193.54,59.4224,20.599816121800853,0.013751204333293765,20.637325899841187,1.0825091361302442e-05,20.59240118275141,0.01353427693791338,25.68307319587885,0.3333525619633014
2003 BF13,174492,MBO,MBO,21163619965285190,745301777603100709,20.154976,2.9344964,2.8135293,149.0383097156768,2.430881206334338,2025052400147,16,60819.98130642876,i,149.0383074850257,2.4308801618681577,77.24361419677734,20026.2,256.348,False,19306.0,1.16619,20166.2,253.806,False,123.806,65.7002,20.646003669571037,0.013898108813846262,20.68576924536478,6.558451959154935e-05,20.63843986699488,0.013664764486882343,26.168145771211297,0.5761682724152104
2003 BF13,174492,MBO,MBO,21163619965285190,745301777737842723,20.15497,2.9344966,2.8135364,149.03842139453005,2.430864377616951,2025052400148,17,60819.98182965605,i,149.03841605933937,2.4308641902589967,76.82308197021484,20530.7,262.586,False,19026.1,0.831264,20577.3,259.25,False,117.823,70.7832,20.618990648775945,0.013886479093308852,20.701625584687367,4.743659813017326e-05,20.616528985582445,0.013679010385075699,26.221924826715885,0.6522655813849374
2003 BF13,174492,MBO,MBO,21163619965285190,745301777887264796,20.154964,2.9344969,2.8135436,149.03853329000898,2.430847515941346,2025052400149,46,60819.98235309965,i,149.03852958415536,2.4308449310592404,80.62100982666016,20098.4,249.898,False,18684.7,0.32025,20497.4,250.304,False,97.3152,70.0613,20.642096265549434,0.013499746019052575,20.721284722283855,1.8609185003267416e-05,20.620753038530957,0.013258467451698413,26.429548292175966,0.7816671157748928
2003 BF13,174492,MBO,MBO,21163619965285190,745301778006278173,20.15496,2.9344969,2.8135507,149.0386449751528,2.430830685651036,2025052400150,17,60819.98287619607,i,149.03864108170785,2.4308284718217537,82.38459014892578,20555.6,244.082,False,18983.7,0.351819,20750.4,243.855,False,101.939,67.4238,20.61767462568819,0.012892285808297486,20.704047889446237,2.012161227089404e-05,20.60743379728798,0.012759377775290895,26.37914904580454,0.7181202089187071
2003 BF13,174492,MBO,MBO,21163619965285190,745301778155700237,20.154955,2.934497,2.8135579,149.0387570905938,2.430813790209938,2025052400151,46,60819.98340187362,i,149.03875603084276,2.4308122986262353,76.39735412597656,20023.1,261.544,False,18726.9,0.400495,20276.6,259.648,False,120.222,64.682,20.64617173034734,0.014182009897018346,20.718835248853132,2.321964149775945e-05,20.632512186303515,0.013903181532259173,26.200040127477468,0.5841492261264413
2003 BF13,174492,MBO,MBO,21163619965285190,745301778289918003,20.15495,2.9344974,2.813565,149.03886835501,2.430797022715057,2025052400152,46,60819.98392289992,i,149.0388674896007,2.430795826996603,70.8451919555664,19903.4,276.575,False,18743.6,0.319048,20004.1,273.425,False,120.543,59.2581,20.652681800844032,0.015087246309230576,20.717867503688886,1.8481079315654133e-05,20.647202478930424,0.014840328449136879,26.197145017296492,0.5337403538037199
2003 BF13,174492,MBO,MBO,21163619965285190,745301778412601407,20.1549,2.9344993,2.8136287,149.039865182478,2.430646788620603,2025052400153,24,60819.988589141874,i,149.03986292561805,2.4306446388718337,75.68277740478516,19227.9,253.511,False,18286.9,0.132038,19506.3,253.215,False,26.0356,65.9577,20.69017034095723,0.014314931278799983,20.744649751799123,7.83940585617239e-06,20.674562708448065,0.014094147947108981,27.861080995874946,2.7505670663954076
2003 BF13,174492,MBO,MBO,21163619965285190,745301778562547730,20.154894,2.9344995,2.8136358,149.03997712089824,2.4306299167847407,2025052400154,54,60819.98911337381,i,149.0399787195265,2.4306271508459028,74.73051452636719,18259.3,243.317,False,17167.6,0.92084,18543.0,244.892,False,27.1648,63.8967,20.746289643217192,0.014468137677117906,20.813226060187326,5.823699157863522e-05,20.72955000422128,0.014339001714939415,27.814983694508907,2.553855021139493
2003 BF13,174492,MBO,MBO,21163619965285190,745301778696765477,20.15489,2.9344997,2.813643,149.0400894899874,2.4306129797789064,2025052400155,54,60819.98963994597,i,149.04008614726507,2.4306077916185265,71.23250579833984,18868.4,258.165,False,17554.0,0.173968,19024.6,258.188,False,-4.00991,58.6255,20.710662291316783,0.014855477453095792,20.78905976494857,1.0760132075773009e-05,20.701711186494503,0.014734819773683006,nan,nan
2003 BF13,174492,MBO,MBO,21163619965285190,745301778830983232,20.154884,2.9344997,2.8136501,149.04020100816294,2.430596170777253,2025052400156,54,60819.99016198833,i,149.04019757023778,2.430596481583023,64.37821960449219,18560.6,287.089,False,17726.2,0.739594,18515.7,282.001,False,-37.8102,59.6499,20.728519994479782,0.016793795253639485,20.778460935289154,4.5300402749930794e-05,20.731149706995986,0.01653616747322409,nan,nan
2003 BF13,174492,MBO,MBO,21163619965285190,745301778965725275,20.154879,2.9345,2.8136573,149.04031295705832,2.430579296606282,2025052400157,55,60819.990685411554,i,149.04031278234686,2.4305768849097027,66.60528564453125,19048.2,280.425,False,17370.3,0.0944588,19157.9,278.811,False,-40.7744,62.0307,20.70036518859643,0.015984060144960135,20.800481653291268,5.9041777196082615e-06,20.694130222842393,0.015801063574238425,nan,nan
2003 BF13,174492,MBO,MBO,21163619965285190,745301779083690037,20.154873,2.9345002,2.8136644,149.04042469592486,2.4305624538502903,2025052400158,24,60819.99120829157,i,149.04042096466387,2.4305649887488,63.553165435791016,18606.5,288.576,False,16815.7,0.149847,18718.6,285.751,False,20.2052,58.6727,20.725838281794438,0.01683913679794456,20.83571267360437,9.675144153512074e-06,20.719316612909083,0.016574435075664102,28.136342105408097,3.152805856503582
2003 BF13,174492,MBO,MBO,21163619965285190,745301779233636359,20.154867,2.9345005,2.8136714,149.04053622476684,2.430545642514096,2025052400159,54,60819.991730077396,i,149.0405344159753,2.4305411457193737,62.574195861816406,18799.0,298.019,False,16642.2,0.08177,18901.2,295.434,False,36.6509,67.9506,20.714663130302597,0.017212087426166343,20.84697320871639,5.334670699570438e-06,20.708776601000302,0.016970530592603637,27.489788337718927,2.012949820743429
2003 BF13,174492,MBO,MBO,21163619965285190,745301779367854093,20.154861,2.9345007,2.8136785,149.04064839816397,2.4305287337854846,2025052400160,54,60819.99225536175,i,149.04064673361248,2.430525152224806,63.74097442626953,19049.0,294.268,False,16723.1,0.0472461,19207.1,292.259,False,33.1553,59.8361,20.700319545493358,0.01677239893607833,20.841708058497474,3.067421763499415e-06,20.69134552833828,0.016520775485920805,27.598617590642093,1.959452078846734
2003 BF13,174492,MBO,MBO,21163619965285190,745301779502596144,20.154856,2.934501,2.8136857,149.0407603615019,2.430511856489389,2025052400161,55,60819.99277955042,i,149.04075957907725,2.43050978596634,65.89415740966797,19312.7,288.14,False,17319.9,0.362065,19408.4,285.25,False,54.4951,49.6968,20.685392558186777,0.016198877350071157,20.80363652501237,2.2696843310432554e-05,20.68002564248634,0.01595733013406176,27.059106402922083,0.9901370424098208
2003 BF13,174492,MBO,MBO,21163619965285190,745301779772604450,20.154846,2.9345012,2.8137,149.04098301719577,2.430478292815277,2025052400163,58,60819.99382186806,i,149.04098166819534,2.430477292335694,67.72672271728516,19092.3,278.512,False,17815.6,0.274535,19013.9,276.24,False,-79.3819,41.6724,20.697854330876552,0.015838350661205414,20.772998890669356,1.6730988339481383e-05,20.70232196396816,0.015773920786256647,nan,nan
2003 BF13,174492,MBO,MBO,21163619965285190,745301779908395010,20.15484,2.9345014,2.813707,149.0410943505582,2.4304615098210838,2025052400164,61,60819.99434295512,i,149.04109161658064,2.4304598027653763,67.53456115722656,19423.2,283.299,False,17680.6,0.214071,19443.4,281.626,False,-63.9432,49.508,20.679198088410647,0.015836113803959377,20.781257526668906,1.3145744278208445e-05,20.678069451180804,0.01572623851513872,nan,nan
2003 BF13,174492,MBO,MBO,21163619965285190,745301780039991351,20.154835,2.9345016,2.8137143,149.04120526022297,2.4304447904870297,2025052400165,56,60819.994861739484,i,149.04120086245322,2.430440619546524,67.2812728881836,19571.3,285.75,False,19078.7,0.594148,19410.5,282.16,False,-21.7854,41.1758,20.67095077140109,0.01585224834962759,20.698628096796885,3.381194732958399e-05,20.67990819341418,0.015782763530596253,nan,nan
2003 BF13,174492,MBO,MBO,21163619965285190,745301780179451975,20.154829,2.934502,2.8137212,149.04131681467734,2.430427973745229,2025052400166,66,60819.99538363117,i,149.04131716288688,2.4304302375862195,60.25947189331055,18906.4,307.874,False,17838.5,1.57147,18928.8,306.035,False,-31.4149,22.5001,20.70847787266495,0.017680252914899632,20.771604168216896,9.564716191362902e-05,20.707192248844237,0.01755384755955451,nan,nan
2003 BF13,174492,MBO,MBO,21163619965285190,745301780309999677,20.154823,2.9345021,2.8137283,149.04142837300566,2.430411156215208,2025052400167,59,60819.995905787044,i,149.04142736699924,2.43041159123404,64.41755676269531,20081.1,309.08,False,18545.5,1.16235,19567.0,302.966,False,-41.0246,17.9418,20.643031273985805,0.016711202977699374,20.729403633215924,6.804915160963844e-05,20.671189387479835,0.016811016442058763,nan,nan
2003 BF13,174492,MBO,MBO,21163619965285190,745301780444217392,20.154818,2.9345024,2.8137355,149.0415401488084,2.430394305700484,2025052400168,59,60819.99642804626,i,149.0415429625491,2.430390216743847,61.525394439697266,20078.5,324.815,False,18735.5,1.48474,20279.6,325.117,False,-51.6306,13.2829,20.643171837639233,0.017564230794094925,20.71833678066573,8.604179195179495e-05,20.632351559386645,0.017406226417333557,nan,nan
2003 BF13,174492,MBO,MBO,21163619965285190,745301780580007966,20.154812,2.9345026,2.8137426,149.04165085973506,2.430377615525088,2025052400169,62,60819.99694684725,i,149.04165090610036,2.430376443720513,67.2942123413086,19575.3,288.141,False,18289.3,0.849022,19424.2,284.398,False,-38.6993,38.2335,20.67072889033551,0.015981624483250047,20.744507244325554,5.040181162857429e-05,20.679142190911783,0.01589672824173756,nan,nan
2003 BF13,174492,MBO,MBO,21163619965285190,745301780714225670,20.154806,2.9345026,2.8137498,149.04176264320287,2.4303607634680584,2025052400170,62,60819.997469902744,i,149.04176262008346,2.430356191165536,70.53799438476562,20335.2,283.57,False,18981.6,0.648963,20116.9,278.807,False,6.10751,41.4729,20.629378921416247,0.015140359345560307,20.704167979211732,3.712029605063728e-05,20.64109733624568,0.01504758961788645,29.43533951720105,7.372665588401199
2003 BF13,174492,MBO,MBO,21163619965285190,745301780872560650,20.1548,2.9345028,2.813757,149.04187357556768,2.4303440395341984,2025052400171,108,60819.99798851295,i,149.04187099082125,2.4303443983810573,72.44046020507812,21028.4,290.153,False,19609.0,0.90297,21173.7,287.313,False,98.5701,43.1845,20.592984406009673,0.014981150615437082,20.66886138369841,4.999679933627977e-05,20.585508151368145,0.014732716765805516,26.415637019497133,0.4756713999257062
2003 BF13,174492,MBO,MBO,21163619965285190,745301780982661185,20.154797,2.934503,2.813764,149.0419855806118,2.430327153701877,2025052400172,62,60819.998512696766,i,149.04197982455702,2.4303240027719406,74.01921081542969,20706.5,277.853,False,20322.9,0.991588,21191.7,278.813,False,193.32,41.0525,20.60973325821592,0.014569099473823215,20.63003577864799,5.2974869102918266e-05,20.584585546904016,0.014284713680058219,25.684307992698145,0.23056168880364697
2003 BF13,174492,MBO,MBO,21163619965285190,745301781092761641,20.15476,2.9345045,2.813809,149.04268805412667,2.4302212451542906,2025052400173,16,60820.00179829667,z,149.0426843097393,2.4302243921098814,35.344173431396484,22436.8,631.664,False,21832.7,9.20125,22553.9,627.716,False,-206.898,27.0598,20.522597670467157,0.030566767620716223,20.55223142076592,0.00045757651112081815,20.516945854903277,0.030218010162901144,nan,nan
2003 BF13,174492,MBO,MBO,21163619965285190,745301781226979354,20.154755,2.9345045,2.813816,149.042800088381,2.430204353703196,2025052400174,16,60820.00232259649,z,149.04281132029163,2.4302042827466557,36.46059799194336,22938.8,615.997,False,23639.2,2.73031,22905.7,608.189,False,-159.433,22.6046,20.4985732258623,0.02915628682480306,20.46591809832303,0.0001254017257460806,20.500141116060078,0.02882832077847143,nan,nan
2003 BF13,174492,MBO,MBO,21163619965285190,745301781361721369,20.154749,2.9345047,2.8138232,149.04291212686869,2.4301874614642047,2025052400175,17,60820.002846007206,z,149.0429075337735,2.4301874219975343,38.910438537597656,23591.8,602.273,False,22551.2,1.80464,23517.4,595.319,False,-117.562,23.1871,20.46809726949953,0.02771766421921621,20.5170758960795,8.688509311373476e-05,20.47152671694934,0.02748430302990049,nan,nan
2003 BF13,174492,MBO,MBO,21163619965285190,745301781499609135,20.154743,2.934505,2.8138304,149.0430231003286,2.430170729657915,2025052400176,24,60820.00336581418,z,149.0430257805868,2.4301684957960883,40.915645599365234,24090.0,580.931,False,23223.9,0.364007,24132.5,575.017,False,-63.4146,30.2691,20.445408000004143,0.026182559237663428,20.48516209975015,1.7017622701742366e-05,20.44349421284464,0.025870374247588875,nan,nan
2003 BF13,174492,MBO,MBO,21163619965285190,745301781645885466,20.15474,2.9345052,2.8138375,149.04313493323286,2.430153868130448,2025052400177,47,60820.003888935134,z,149.04312930266667,2.430158184484051,42.696197509765625,23224.9,532.113,False,21594.7,0.670191,23568.9,533.108,False,25.9276,105.636,20.485115349944486,0.02487564266921828,20.56413210158657,3.369579796150092e-05,20.469151697637407,0.024558406025505485,27.865594169049366,4.423580572127207
2003 BF13,174492,MBO,MBO,21163619965285190,745301781768044583,20.154734,2.9345055,2.8138447,149.04324698412188,2.430136973599538,2025052400178,24,60820.00441263528,z,149.0432501633879,2.4301327022561154,40.114810943603516,23423.8,575.497,False,21479.8,0.842665,23620.6,569.685,False,143.997,31.4992,20.47585658567009,0.026675343789749097,20.569924377264194,4.259405971120123e-05,20.466772705022006,0.026185940974649033,26.004116434601812,0.23750372697235694
2003 BF13,174492,MBO,MBO,21163619965285190,745301781914320921,20.154728,2.9345057,2.8138518,149.04335861164,2.430120142770512,2025052400179,47,60820.00493446327,z,149.04336191935607,2.4301258452026717,42.284400939941406,23866.5,554.775,False,22294.5,4.17193,24189.1,550.446,False,146.07,32.7965,20.455528163012726,0.025237857645734513,20.529505657879554,0.00020317187050404633,20.440950742691584,0.02470696070216242,25.988597372395297,0.24377590821507095
2003 BF13,174492,MBO,MBO,21163619965285190,745301782048538732,20.154722,2.934506,2.8138587,149.04347024328283,2.430103311191829,2025052400180,47,60820.005456584026,z,149.0434707586337,2.4300971431921714,40.59429931640625,23224.6,569.401,False,21563.1,2.59601,23673.3,568.904,False,170.043,30.7109,20.485129411197796,0.026619157797502707,20.565722027255497,0.00013071321206544818,20.464352959830798,0.026091826675411562,25.823603108564342,0.19609119723767682
2003 BF13,174492,MBO,MBO,21163619965285190,745301782186950667,20.154716,2.934506,2.813866,149.0435818792737,2.43008647883394,2025052400181,55,60820.00597883633,z,149.04357954788625,2.4300820568990855,40.61631393432617,23363.4,567.231,False,21682.4,0.996409,23549.1,559.417,False,229.663,29.7746,20.478659870571573,0.026360171998920007,20.559731600226183,4.9894721314720776e-05,20.470064233243807,0.02579203842396862,25.497272442674316,0.14075998741038095
2003 BF13,174492,MBO,MBO,21163619965285190,745301782320644157,20.15471,2.9345062,2.813873,149.04369394718947,2.4300695812308555,2025052400182,54,60820.00650210535,z,149.04369508082144,2.430067328864145,39.60989761352539,23468.9,589.42,False,21976.5,2.62766,23859.6,583.072,False,268.214,27.932,20.47376814578103,0.027268197682969158,20.545103681478437,0.00012981801628902454,20.455842121372704,0.02653281756909075,25.32879643590687,0.11306935515831111
2003 BF13,174492,MBO,MBO,21163619965285190,745301782455386201,20.154705,2.9345064,2.8138802,149.0438058056007,2.4300527151010467,2025052400183,55,60820.00702511784,z,149.04381169912986,2.4300540783231512,36.95724868774414,24217.3,653.979,False,22088.8,0.20834,25026.1,656.554,False,308.941,26.9034,20.439685660531442,0.02931989357965202,20.53956965421267,1.0240586964240027e-05,20.404017077949064,0.028484041732436155,25.175311096624565,0.09454878105558946
2003 BF13,174492,MBO,MBO,21163619965285190,745301782591176733,20.1547,2.9345067,2.8138874,149.04391702672248,2.430035944951753,2025052400184,58,60820.00754595589,z,149.0439174522042,2.4300315487251565,42.66263961791992,23979.2,554.92,False,22251.0,1.97111,24347.7,551.243,False,125.626,99.5898,20.450413310462082,0.025125806357962535,20.531626165671355,9.618019305612765e-05,20.433855179943784,0.024581561348636205,26.152301175194257,0.8607155346610263
2003 BF13,174492,MBO,MBO,21163619965285190,745301782725394493,20.154694,2.934507,2.8138945,149.04402889370851,2.4300190773107664,2025052400185,58,60820.00806811941,z,149.04402832109247,2.430013931637954,40.97024154663086,24230.6,585.553,False,22031.0,2.0747,24188.8,577.871,False,90.4457,30.66,20.439089596742406,0.026237735707225106,20.542414473802005,0.00010224579143768178,20.440964155779447,0.02593826131792936,26.50903017002426,0.36805145279051643
2003 BF13,174492,MBO,MBO,21163619965285190,745301782858039333,20.154688,2.9345071,2.8139017,149.04413969568463,2.4300023701533764,2025052400186,55,60820.0085868014,z,149.04413656692256,2.43000274552414,43.318031311035156,24047.2,547.499,False,21950.4,0.142112,24432.8,544.156,False,15.4871,106.688,20.447338746736204,0.02471969839016924,20.54639388378778,7.029308928939147e-06,20.43006686530053,0.02418101313425738,28.42507476822563,7.479452621415668
2003 BF13,174492,MBO,MBO,21163619965285190,745301782992257086,20.154682,2.9345074,2.8139088,149.0442513575573,2.4299855332390554,2025052400187,55,60820.009108688195,z,149.04425387027723,2.4299826285344226,41.60024642944336,25444.0,601.086,False,23448.6,0.853211,25414.3,595.691,False,-39.0411,30.1173,20.386036532738764,0.025649301634287497,20.474707722466214,3.950607169984949e-05,20.387304586142825,0.025448792328353984,nan,nan
2003 BF13,174492,MBO,MBO,21163619965285190,745301783126474840,20.154676,2.9345074,2.813916,149.04436302394686,2.429968695549074,2025052400188,55,60820.00963091398,z,149.0443677620617,2.429966057678083,44.23380661010742,24281.2,538.272,False,22072.5,0.55124,24408.0,532.771,False,-71.9364,115.608,20.436824669483677,0.024068884055289036,20.54037118627172,2.7115245430846972e-05,20.431169513414122,0.023699146153066057,nan,nan
2003 BF13,174492,MBO,MBO,21163619965285190,745301783262265350,20.15467,2.9345076,2.8139231,149.0444755504163,2.429951728079862,2025052400189,58,60820.01015619562,z,149.04447405687606,2.429944329669251,43.26652526855469,24224.0,544.776,False,22555.1,0.0926746,24312.0,541.108,False,-57.7556,117.836,20.439385355450053,0.024417231990736626,20.516888126502533,4.461082777677869e-06,20.435448282320284,0.024165042571805226,nan,nan
2003 BF13,174492,MBO,MBO,21163619965285190,745301783400677433,20.154665,2.9345078,2.8139303,149.04458722574648,2.4299348888641967,2025052400190,66,60820.010678378465,z,149.0445922510396,2.4299322510826618,46.928977966308594,24291.3,511.44,False,22851.4,1.42041,23822.9,501.462,False,-131.856,113.225,20.43637307105704,0.02285957974061389,20.502717950332688,6.748779402813462e-05,20.45751341286753,0.02285428918727895,nan,nan
2003 BF13,174492,MBO,MBO,21163619965285190,745301783532273665,20.15466,2.934508,2.8139374,149.04469933336992,2.429917984381634,2025052400191,61,60820.01120266389,z,149.04469888309796,2.429917165629827,52.2205696105957,24516.8,466.689,False,22501.2,2.36376,24650.5,461.499,False,-190.791,132.245,20.42634050480675,0.020667506464118614,20.51948583803194,0.00011405702338106405,20.420435668143483,0.02032681548336037,nan,nan
2003 BF13,174492,MBO,MBO,21163619965285190,745301783666491432,20.154654,2.9345083,2.8139446,149.0448116595513,2.4299010468642432,2025052400192,61,60820.011727967314,z,149.04481053385973,2.4299048937502286,43.50949478149414,25007.2,567.344,False,23109.0,0.483199,24924.2,563.722,False,-130.092,39.142,20.40483736523143,0.024632343254525846,20.490547118547834,2.2702265298898624e-05,20.408446965235328,0.024556591086936207,nan,nan
2003 BF13,174492,MBO,MBO,21163619965285190,745301784207556623,20.154633,2.934509,2.8139732,149.0452580144706,2.4298337408943795,2025052400196,69,60820.01381386521,z,149.04551415226717,2.4297891730201204,53.46211242675781,3688.72,440.598,False,23395.8,1.42184,4312.17,433.547,False,528.964,128.861,22.48281078250394,0.12968541808432554,20.477155213438927,6.598376897636382e-05,22.313260335068904,0.10916027886459757,24.591434732005386,0.2644963508015005
2003 BF13,174492,MBO,MBO,21163619965285190,745301784362221610,20.154627,2.9345093,2.8139803,149.0453701496604,2.429816831846438,2025052400197,108,60820.014337399916,z,149.04557968778073,2.4297816345859458,51.74604415893555,6227.07,450.564,False,22720.1,1.14218,7342.12,442.058,False,1140.06,131.782,21.91429066125339,0.0785592029852728,20.50897442231154,5.458189720675701e-05,21.73544628677533,0.06537054456362473,23.757680673350016,0.12550258641087453
2003 BF13,174492,MBO,MBO,21163619965285190,745301784632229897,20.154615,2.9345098,2.8139946,149.04559464830965,2.429782979172044,2025052400199,111,60820.015386180174,z,149.04558621253227,2.4297824995009045,54.11128234863281,24140.7,440.977,False,22776.4,2.68004,25472.3,435.497,False,1067.43,131.925,20.44312538753878,0.01983309095126449,20.5062872781241,0.00012775575950962407,20.384829564223025,0.01856270755032658,23.829151434276376,0.1341874829438789
2003 BF13,174492,MBO,MBO,21163619965285190,745301784761204777,20.15461,2.93451,2.8140018,149.0457067976534,2.4297660678408155,2025052400200,101,60820.0159104199,z,149.04569917943405,2.4297659676841845,43.65593719482422,22187.8,496.124,False,20434.5,2.31625,25112.8,486.961,False,2726.88,154.191,20.534714355494838,0.024277294828495315,20.624089960809222,0.00012306817281854232,20.400262121442502,0.02105345361595596,22.81083498002733,0.061392783002232616
2003 BF13,174492,MBO,MBO,21163619965285190,745301784900665395,20.154604,2.9345102,2.814009,149.04581873776905,2.4297491880184303,2025052400201,111,60820.016433712604,z,149.04582239530933,2.429749441582532,48.620269775390625,22843.7,463.969,False,21219.6,1.27087,25733.1,457.703,False,2791.92,139.662,20.503083916980067,0.022051942200771713,20.58315703754753,6.502618163014208e-05,20.37376974724411,0.019311498764269835,22.785242605869456,0.05431247917395613
2003 BF13,174492,MBO,MBO,21163619965285190,745301785034883075,20.154598,2.9345105,2.814016,149.0459315388527,2.4297321783303287,2025052400202,111,60820.01696019084,z,149.04593634873999,2.429732099777714,52.277000427246094,23494.7,448.306,False,21615.9,1.18807,24988.0,441.09,False,1258.69,152.611,20.47257527620603,0.020717100917673377,20.563066674032072,5.96750842362461e-05,20.40567125681504,0.01916549458062584,23.650203095938167,0.13164106129423808
2003 BF13,174492,MBO,MBO,21163619965285190,745301785119293489,20.154589,2.9345107,2.8140266,149.04609379261495,2.429707711434306,2025052400203,16,60820.01771853029,z,149.04609609528657,2.4297103244915457,50.293373107910156,24985.9,494.035,False,23894.7,1.71741,25521.9,487.429,False,217.255,161.598,20.405762489314316,0.021467775085464904,20.454246079781935,7.803631106665405e-05,20.382717476676397,0.02073588913089648,25.557575524908806,0.8075892526884564
2003 BF13,174492,MBO,MBO,21163619965285190,745301785254035489,20.154583,2.934511,2.8140337,149.04620596333638,2.429690796726999,2025052400204,17,60820.01824204062,z,149.04597088738157,2.429725602873743,48.48356628417969,7154.06,491.83,False,24495.9,2.09394,8330.22,482.292,False,1058.94,126.537,21.76361854563453,0.07464259715932264,20.427266481609824,9.281008061046623e-05,21.59835885759495,0.0628605120118454,23.83782167634957,0.1297389960966939
2003 BF13,174492,MBO,MBO,21163619965285190,745301785388253213,20.154577,2.934511,2.814041,149.04631856718922,2.429673816682817,2025052400205,17,60820.01876831184,z,149.0460467595192,2.4297120826048015,50.953426361083984,4594.09,473.246,False,24982.7,2.18264,5093.91,471.449,False,443.278,148.438,22.244501289579013,0.11184376793188756,20.40590160180633,9.485649774573367e-05,22.13237179791518,0.10048650994275847,24.783309518703916,0.3635743463517548
2003 BF13,174492,MBO,MBO,21163619965285190,745301785925124128,20.154522,2.934513,2.8141098,149.04739861841395,2.4295109505141275,2025052400209,17,60820.02381293694,r,149.04739827596524,2.4295102393226373,81.9210205078125,20237.6,245.267,False,19803.7,0.293672,20322.9,246.18,False,31.3119,5.90599,20.634602501594514,0.013158440972097576,20.65813419603381,1.6100543348434552e-05,20.63003577864799,0.013151987452464545,27.660726474950863,0.2047894720270701
2003 BF13,174492,MBO,MBO,21163619965285190,745301786059341859,20.154516,2.9345133,2.814117,149.04750999055722,2.4294941562142585,2025052400210,17,60820.024332603716,r,149.04750734525427,2.429487662569588,85.39866638183594,19781.3,229.015,False,19222.9,0.358631,19892.8,229.84,False,17.3315,10.0054,20.659362883522462,0.012569945678480795,20.6904527112041,2.025597953643729e-05,20.653260166596944,0.012544518394852345,28.30290967766647,0.6267908297589291
2003 BF13,174492,MBO,MBO,21163619965285190,745301786197229614,20.15451,2.9345136,2.814124,149.04762201019105,2.429477264300904,2025052400211,24,60820.02485572451,r,149.04761519022503,2.429477497336514,84.61540985107422,20598.1,242.237,False,19443.0,0.431773,20773.5,243.155,False,36.5742,6.77397,20.615432115003493,0.012768434248281151,20.678091809567963,2.41110726660512e-05,20.606225814195575,0.012708604016781061,27.492062921029643,0.2010910609664438
2003 BF13,174492,MBO,MBO,21163619965285190,745301786347175984,20.154505,2.9345136,2.8141313,149.04773339250676,2.429460468519738,2025052400212,54,60820.025375670215,r,149.047731883876,2.429457472157766,83.65898895263672,19948.3,237.405,False,18561.1,0.232799,20236.8,238.541,False,51.0022,6.80608,20.650235230238316,0.012921361332566113,20.728490746459684,1.36176358668714e-05,20.634645359134513,0.012798100016717159,27.13102770208796,0.1448880080631685
2003 BF13,174492,MBO,MBO,21163619965285190,745301786465665065,20.1545,2.9345138,2.8141384,149.0478458509431,2.429443510498874,2025052400213,24,60820.02590084262,r,149.047843979749,2.4294425774033677,74.59415435791016,19734.9,263.457,False,18067.6,0.218602,20098.4,264.522,False,89.4149,6.58288,20.661912653271376,0.014494362699092421,20.75774885568254,1.3136449377554796e-05,20.642096265549434,0.014289749941240916,26.521475241005977,0.07993378095697216
2003 BF13,174492,MBO,MBO,21163619965285190,745301786615611422,20.154493,2.934514,2.8141456,149.0479576718875,2.429426648644281,2025052400214,54,60820.026422853975,r,149.0479616810554,2.429430450788268,72.47463989257812,20033.0,273.887,False,18939.8,0.185457,20389.4,274.998,False,131.842,5.90637,20.645635022436856,0.0148439587059171,20.70656148361418,1.0631441601261601e-05,20.626488864303035,0.014643651296345428,26.099865582934846,0.048639736625614674
2003 BF13,174492,MBO,MBO,21163619965285190,745301786749829193,20.154488,2.9345143,2.8141527,149.04806971230462,2.429409753735349,2025052400215,54,60820.026945783255,r,149.04807199032822,2.42940884776045,77.27050018310547,18896.4,242.355,False,17562.2,0.0808056,19250.4,244.475,False,104.195,7.23361,20.70905229371717,0.013925064447509187,20.788552751717788,4.9955910439962055e-06,20.68890058283926,0.013788563349275546,26.3553828056875,0.07537590534513394
2003 BF13,174492,MBO,MBO,21163619965285190,745301786884571166,20.154482,2.9345145,2.8141599,149.048181115275,2.429392954993276,2025052400216,55,60820.02746558065,r,149.0481809591864,2.429394131685785,84.53659057617188,19515.7,230.651,False,17883.4,0.0890531,19917.3,232.247,False,95.433,8.96389,20.67403970993137,0.01283203535865914,20.768874749857304,5.406587936252874e-06,20.65192379520723,0.01266029833166802,26.45075357433094,0.10198170577871482
2003 BF13,174492,MBO,MBO,21163619965285190,745301787154579474,20.15447,2.934515,2.8141742,149.04840565082844,2.429359096846635,2025052400218,58,60820.0285134994,r,149.04840347064743,2.4293592468364738,80.3369140625,19521.1,241.881,False,17447.4,0.100676,19922.2,241.464,False,158.153,6.78298,20.673739306218216,0.013453082081426508,20.795673181090223,6.2649779240096995e-06,20.651656803354054,0.013159501567618805,25.902306414712488,0.04656583770185705
2003 BF13,174492,MBO,MBO,21163619965285190,745301787288797249,20.154465,2.934515,2.8141813,149.04851814084782,2.429342134344752,2025052400219,58,60820.0290386908,r,149.0485189830668,2.429343975646932,80.79522705078125,17986.2,224.432,False,17756.8,0.243119,18551.3,225.59,False,148.325,6.62448,20.76265150140783,0.013547829219765314,20.776588194395437,1.4865465075832687e-05,20.729064082735146,0.01320291387344958,25.97196412981508,0.04849106807805038
2003 BF13,174492,MBO,MBO,21163619965285190,745301787556184120,20.154453,2.9345155,2.8141959,149.04874313690098,2.4293082071137686,2025052400221,56,60820.030088322615,r,149.04873831413408,2.4293087199440517,74.09613800048828,18642.5,251.227,False,17103.0,0.0933707,19119.1,253.683,False,144.306,6.90216,20.723739620593275,0.014631420407496477,20.81731926069051,5.927378103734479e-06,20.69633141036521,0.014406160426022418,26.00178903008514,0.05193079426900707
2003 BF13,174492,MBO,MBO,21163619965285190,745301787691974660,20.154448,2.9345157,2.814203,149.0488556430792,2.429291242371153,2025052400222,59,60820.030613783456,r,149.04885260801368,2.429288154998719,75.87117767333984,19058.0,248.961,False,17494.2,0.170691,19490.5,251.865,False,143.275,7.30905,20.699806693470137,0.01418333349157072,20.792764830414463,1.0593534148655752e-05,20.67544254888942,0.014030371472026543,26.0095740034279,0.055387894857711006
2003 BF13,174492,MBO,MBO,21163619965285190,745301787825668107,20.154442,2.934516,2.8142102,149.04896729743106,2.429274406147496,2025052400223,58,60820.031134837554,r,149.04896658134743,2.4292747900827103,85.3019790649414,19374.5,225.736,False,16932.0,0.211873,19553.6,227.965,False,129.743,23.6233,20.6819237414145,0.01265011947147226,20.828229350495064,1.3586001734773966e-05,20.671933204802357,0.012658019745015812,26.117290192309913,0.19768830251864755
2003 BF13,174492,MBO,MBO,21163619965285190,745306225862246449,20.138796,2.9348853,2.8269477,149.25565859669197,2.398258538838149,2025052500521,45,60820.97064975185,g,149.2556642808185,2.398252292956742,73.13912200927734,11368.4,154.887,False,10964.1,0.393244,11334.7,153.35,False,13.7193,4.91465,21.260751597822665,0.014792443141613749,21.30006756882063,3.8941569436422445e-05,21.263974906365355,0.014689197840038385,28.556670096316672,0.38894209572704086
2003 BF13,174492,MBO,MBO,21163619965285190,745306225996464144,20.138788,2.9348855,2.8269546,149.2557716693459,2.398240855073823,2025052500522,45,60820.97117170756,g,149.25577330021798,2.3982332398554513,66.33491516113281,10859.4,163.403,False,10247.2,0.202176,10803.4,161.801,False,22.5359,4.33361,21.310485384895554,0.016337232862941312,21.373486947697256,2.142144232532131e-05,21.316098819974258,0.016260917095324685,28.017812727265124,0.2087849747682035
2003 BF13,174492,MBO,MBO,21163619965285190,745306226130681872,20.138783,2.9348857,2.8269618,149.25588517802018,2.398223102755091,2025052500523,45,60820.97169588203,g,149.2558899650388,2.3982123960486175,70.95648193359375,11022.3,154.499,False,10405.3,0.0308965,11089.4,153.379,False,22.8641,4.66493,21.294319451033886,0.015218706910919932,21.356863505198483,3.2238810040839934e-06,21.287729839334695,0.01501696440726681,28.002114746343373,0.22152122144431682
2003 BF13,174492,MBO,MBO,21163619965285190,745306226265423890,20.138775,2.934886,2.826969,149.25599890599102,2.3982053157778256,2025052500524,46,60820.972220035575,g,149.25599609506068,2.3981994664402495,69.19769287109375,11027.2,158.127,False,10375.1,0.10651,11046.2,156.367,False,23.2355,5.56795,21.293836852189777,0.01556915668674844,21.360019312541063,1.1146086864684313e-05,21.29196772531126,0.015369386295638577,27.98461992828867,0.26017622027787873
2003 BF13,174492,MBO,MBO,21163619965285190,745306226401214482,20.138767,2.9348862,2.826976,149.2561122034484,2.3981875957773955,2025052500525,49,60820.97274321155,g,149.2561167573818,2.398180382104701,68.71269989013672,10878.2,158.132,False,10392.3,0.0241832,10976.0,156.84,False,15.9466,5.32563,21.308607382436175,0.015782908804474458,21.35822083227134,2.526541478813985e-06,21.29888975409331,0.0155144736131724,28.39332975108987,0.36259952106637633
2003 BF13,174492,MBO,MBO,21163619965285190,745306226533859340,20.13876,2.9348865,2.8269832,149.25622463710795,2.398170010530836,2025052500526,46,60820.97326288884,g,149.25622859932324,2.3981607078264235,70.85818481445312,11541.9,162.295,False,10800.9,0.107094,11534.8,160.279,False,-0.406844,4.69867,21.24430669519241,0.015266944731762358,21.31635009776857,1.0765383067642009e-05,21.24497484647967,0.01508658352668339,nan,nan
2003 BF13,174492,MBO,MBO,21163619965285190,745306226669649924,20.138754,2.9348867,2.8269904,149.25633794009008,2.3981522889728693,2025052500527,49,60820.97378587482,g,149.25633904728915,2.398145570642177,70.34136962890625,10979.1,155.196,False,10411.7,0.0351745,10960.9,152.983,False,-21.842,5.41901,21.298583186762592,0.015347516745545015,21.356195864708006,3.6680107601960707e-06,21.300384422425964,0.015153790085537673,nan,nan
2003 BF13,174492,MBO,MBO,21163619965285190,745306226803867669,20.138746,2.934887,2.8269975,149.25645102918324,2.398134600528443,2025052500528,49,60820.9743077991,g,149.2564537146757,2.398127126639603,67.31880950927734,10882.5,160.974,False,10688.0,0.33555,10893.1,159.496,False,-46.0252,4.33791,21.308178310426406,0.016060215829491926,21.32775888717132,3.4086713565286745e-05,21.307121312615088,0.01589727353183446,nan,nan
2003 BF13,174492,MBO,MBO,21163619965285190,745306227207045143,20.138725,2.9348874,2.8270187,149.2567896636775,2.398081632178825,2025052500531,50,60820.97587058709,g,149.2567937010491,2.3980752358789945,73.19284057617188,10849.7,147.109,False,10206.5,0.319662,10766.8,145.039,False,-82.5747,5.51112,21.31145565576451,0.014721287910826634,21.37780790023825,3.400466485067257e-05,21.319783405100587,0.014625896073946628,nan,nan
2003 BF13,174492,MBO,MBO,21163619965285190,745306227344932915,20.138718,2.9348876,2.827026,149.25690428097127,2.398063703370643,2025052500532,57,60820.97639929077,g,149.2569042579971,2.398060533431938,75.1452407836914,10911.9,144.337,False,10399.2,0.155617,10831.5,142.54,False,-77.1966,6.01497,21.30524901782588,0.01436156004663285,21.3575001527433,1.6247308096893293e-05,21.313278489874065,0.014288033175159035,nan,nan
2003 BF13,174492,MBO,MBO,21163619965285190,745306227479150648,20.13871,2.934888,2.827033,149.2570173844777,2.398046011033314,2025052500533,57,60820.97692103904,g,149.25701856355354,2.3980384041364937,74.36956024169922,10814.7,143.775,False,9995.1,0.0744254,10772.0,141.67,False,-58.5126,6.05653,21.3149637888808,0.01443421577973586,21.40053218355792,8.084596825981417e-06,21.319259138151317,0.014279265330490327,nan,nan
2003 BF13,174492,MBO,MBO,21163619965285190,745306227611795503,20.138702,2.9348881,2.8270402,149.25713114104087,2.398028216223993,2025052500534,54,60820.977446518904,g,149.25713070128572,2.3980202618503466,73.75579833984375,10605.2,142.282,False,10203.1,0.0240529,10596.8,139.825,False,-32.1312,6.67592,21.33620282213566,0.01456650636689439,21.378169683645737,2.5595264804545926e-06,21.337063175754466,0.014326312123943957,nan,nan
2003 BF13,174492,MBO,MBO,21163619965285190,745306227746013254,20.138695,2.9348884,2.8270473,149.2572442506016,2.3980105223139407,2025052500535,54,60820.97796848843,g,149.25724723448093,2.398005280116721,72.39918518066406,10479.9,144.279,False,9984.1,0.102474,10570.2,142.691,False,-29.197,6.05252,21.349107113039004,0.014947560148662532,21.401727736926034,1.1143691718411086e-05,21.339791968132527,0.01465674970211504,nan,nan
2003 BF13,174492,MBO,MBO,21163619965285190,745306228016021526,20.138681,2.9348886,2.8270614,149.25746982851476,2.397975233891216,2025052500537,57,60820.979009012066,g,149.25746663773825,2.3979691528839076,73.0979232788086,10549.9,143.141,False,9885.93,0.339972,10491.8,140.969,False,-63.6655,6.24879,21.341879102102006,0.014731264500639775,21.412456206830363,3.73379043909856e-05,21.347875012071587,0.014588072927052189,nan,nan
2003 BF13,174492,MBO,MBO,21163619965285190,745306228150763559,20.138674,2.9348888,2.8270686,149.25758208032755,2.397957673266299,2025052500538,58,60820.97952775342,g,149.25758259917347,2.397950958690925,68.2447738647461,10084.6,146.73,False,9561.92,0.344267,10049.2,144.709,False,-60.1364,5.91777,21.39085334994706,0.015797361804755692,21.44863724426775,3.9090806099887206e-05,21.394671254709387,0.01563465718694938,nan,nan
2003 BF13,174492,MBO,MBO,21163619965285190,745306228286029834,20.138666,2.934889,2.8270757,149.25769650220298,2.397939772861268,2025052500539,60,60820.98005534505,g,149.2576988307768,2.3979388921780274,63.1880989074707,10082.5,159.212,False,9453.21,0.159407,9982.77,156.642,False,-70.3127,5.35731,21.39107942330086,0.01714477944246115,21.461051740206095,1.830848537430439e-05,21.401872387944422,0.01703654363629499,nan,nan
2003 BF13,174492,MBO,MBO,21163619965285190,745306228412383249,20.138622,2.9348903,2.82712,149.25840217530833,2.397829369494448,2025052500540,45,60820.983311723336,u,149.25833471310978,2.3978498598147495,8.6803560256958,3032.15,349.78,False,3225.09,25.1603,3215.7,343.007,False,77.0778,15.2817,22.69562333003445,0.12524737252646656,22.628645373790903,0.008470289861475924,22.63181120238172,0.11581152208910418,26.68267676748167,0.21526166763447144
2003 BF13,174492,MBO,MBO,21163619965285190,745306228547125254,20.138613,2.9348905,2.8271284,149.2585361286632,2.397808411159285,2025052500541,46,60820.98392945569,u,149.25856893220006,2.397851446197035,7.5546112060546875,2858.35,372.001,False,3088.13,4.97248,2958.58,364.3,False,3.66511,11.7245,22.75971144711279,0.14130353098611195,22.67576110519751,0.0017482429733037257,22.722291678594466,0.13369037703736592,29.989782433195543,3.4732145619862216
2003 BF13,174492,MBO,MBO,21163619965285190,745306228681342981,20.138605,2.9348907,2.827137,149.25866986982354,2.3977874856660737,2025052500542,46,60820.98454604609,u,149.25861218001268,2.3977529198046894,8.076924324035645,2938.59,360.312,False,3141.74,13.3675,3046.71,351.162,False,-16.6387,11.1282,22.72965247662097,0.13312635802603406,22.65707439983064,0.0046195990417914785,22.69042221885736,0.12514131251082194,nan,nan
2003 BF13,174492,MBO,MBO,21163619965285190,745306228816085000,20.138596,2.934891,2.8271453,149.25880296536283,2.3977666608403,2025052500543,47,60820.9851604967,u,149.25879475841256,2.3977789370725446,5.687063694000244,1853.64,327.325,False,2409.13,56.02,1790.63,318.422,False,-32.2883,16.1242,23.229936509933637,0.19172472198895302,22.945349463403687,0.02524685079102262,23.26748535620073,0.19307299088470878,nan,nan
2003 BF13,174492,MBO,MBO,21163619965285190,745306228951875589,20.138588,2.9348912,2.8271537,149.25893671583907,2.3977457331972176,2025052500544,50,60820.985777339905,u,149.25896496453618,2.3977338901592136,9.828813552856445,3141.24,314.831,False,3354.55,36.9928,3149.28,306.462,False,-17.2776,17.3108,22.65724720576197,0.10881798565248184,22.58591431050789,0.01197311815291773,22.65447180206748,0.10565490898995658,nan,nan
2003 BF13,174492,MBO,MBO,21163619965285190,745306229084520454,20.138578,2.9348917,2.827162,149.25907025430843,2.3977248383908805,2025052500545,47,60820.986393106185,u,149.25907507193762,2.3977557429765817,7.872148513793945,2407.11,299.979,False,3005.7,26.0649,2395.88,290.871,False,1.75497,14.3781,22.946260108803454,0.13530667508896527,22.705135939324805,0.009415312725851787,22.9513373976135,0.13181344368112785,30.789325785902243,8.89520878393006
2003 BF13,174492,MBO,MBO,21163619965285190,745306229220311042,20.13857,2.934892,2.8271704,149.25920401438287,2.3977039085811054,2025052500546,50,60820.98701003194,u,149.25919578920028,2.3976781652668273,9.188515663146973,2943.62,319.762,False,3374.21,6.11809,3032.75,311.329,False,36.9904,18.8311,22.727795594238536,0.11794224775193785,22.57956974209729,0.0019686480864275924,22.69540847149947,0.11145698714338755,27.47977747767108,0.5527274219679351
2003 BF13,174492,MBO,MBO,21163619965285190,745306229354004494,20.138561,2.9348922,2.827179,149.25933734556205,2.397683045561259,2025052500547,49,60820.987625629394,u,149.25922344244353,2.3976590877036346,8.376410484313965,2494.44,300.045,False,3299.47,50.3819,2615.29,290.848,False,48.8272,22.5676,22.90756737025192,0.13059834743985713,22.60388954976493,0.016578860918593178,22.856200350759046,0.1207453820484495,27.178345408153653,0.5018198815662849
2003 BF13,174492,MBO,MBO,21163619965285190,745306229490843663,20.138554,2.9348924,2.8271873,149.25947068166712,2.3976621814578194,2025052500548,54,60820.98824021709,u,149.2594483568813,2.397633409615683,8.57691764831543,2601.28,299.67,False,2628.5,8.46403,2615.65,291.241,False,32.6057,14.4717,22.86203223308952,0.1250778768123597,22.85073004661389,0.003496178085507488,22.856050963995592,0.12089190331275851,27.616766130944484,0.48189266378336343
2003 BF13,174492,MBO,MBO,21163619965285190,745306229760851985,20.138536,2.934893,2.827204,149.2597365011018,2.3976205857856807,2025052500550,57,60820.98946626492,u,149.25975077172376,2.3976000587555655,9.091791152954102,2784.08,302.543,False,2915.41,9.90433,2520.36,293.908,False,-157.789,20.651,22.78829569331851,0.11798579012933606,22.738250934979888,0.0036885001644367467,22.896343507676058,0.12661148862428354,nan,nan
2003 BF13,174492,MBO,MBO,21163619965285190,745306229895069718,20.138527,2.9348931,2.8272123,149.2598696350077,2.397599752429163,2025052500551,57,60820.99008081766,u,149.25989861372463,2.3976005867925143,10.076763153076172,2989.68,296.57,False,2898.47,1.31961,2791.46,287.399,False,-204.992,15.0156,22.71093825942535,0.10770276469715206,22.744577986831857,0.0004943119532960192,22.785421492584756,0.11178361486961089,nan,nan
2003 BF13,174492,MBO,MBO,21163619965285190,745306230029287453,20.13852,2.9348934,2.8272207,149.2600032075742,2.397578850144064,2025052500552,57,60820.99069647894,u,149.25999296490448,2.3975552982666066,8.665227890014648,2627.76,302.48,False,2714.59,0.461865,2264.23,292.256,False,-207.571,17.8559,22.851035752264842,0.12497849800704784,22.815739352579627,0.0001847290178359857,23.012698658621154,0.14014165344663615,nan,nan
2003 BF13,174492,MBO,MBO,21163619965285190,745306230161932308,20.13851,2.9348936,2.8272293,149.260137001988,2.397557912863655,2025052500553,54,60820.99131314667,u,149.26012602789297,2.397588880681409,9.837225914001465,3072.76,310.396,False,3325.58,1.80608,3026.45,303.018,False,-185.112,17.7025,22.68117839475815,0.10967604684384467,22.595331475333786,0.0005896494388761979,22.6976662592023,0.10870743756975008,nan,nan
2003 BF13,174492,MBO,MBO,21163619965285190,745306230431940611,20.138493,2.934894,2.827246,149.2604030881318,2.397516272653423,2025052500555,57,60820.99254046436,u,149.26030658892643,2.3974765684011965,6.66936731338501,2359.89,362.328,False,2708.26,64.4079,2193.13,353.208,False,-134.112,15.9434,22.96777064952525,0.1666995701857509,22.818274107550568,0.025821001832791332,23.04733911880159,0.17486001394533446,nan,nan
2003 BF13,174492,MBO,MBO,21163619965285190,745306230566158345,20.138483,2.9348943,2.8272543,149.26053689801972,2.397495332158656,2025052500556,57,60820.99315735164,u,149.2605411871115,2.397505290803692,7.593939304351807,3110.7,405.447,False,3745.93,2.32354,2896.7,400.537,False,-140.64,11.8237,22.667854694049833,0.1415142842809563,22.466100876122212,0.00067346467156946,22.74524121996354,0.15012860005935874,nan,nan
2003 BF13,174492,MBO,MBO,21163619965285190,745306230700900371,20.138475,2.9348946,2.8272626,149.26067027925987,2.3974744584952545,2025052500557,58,60820.9937722632,u,149.26076495552104,2.3975480354732763,6.098990440368652,2328.74,386.438,False,2479.99,4.68339,2164.5,376.12,False,-103.075,17.5597,22.9821974971156,0.18017027084617696,22.91387518018723,0.0020503817582359952,23.06160602462706,0.1886657870326548,nan,nan
2003 BF13,174492,MBO,MBO,21163619965285190,745306230828826647,20.138428,2.9348958,2.8273082,149.261391931213,2.3973615186494084,2025052500558,46,60820.99709920843,r,149.26138580642333,2.3973552472287074,47.57752227783203,19212.8,401.583,False,19079.2,1.08793,18989.6,405.057,False,-87.3554,4.20179,20.691023301122865,0.02269389121148898,20.698599643023243,6.191061462717765e-05,20.70371048037339,0.023159259087043645,nan,nan
2003 BF13,174492,MBO,MBO,21163619965285190,745306230963044361,20.138422,2.934896,2.8273153,149.26150517140724,2.3973437957815054,2025052500559,46,60820.99762132482,r,149.26150824967766,2.3973404496827824,35.93547058105469,18428.1,508.531,False,17972.4,1.0065,18601.3,516.608,False,-72.1695,4.21095,20.7362986223045,0.029961338174160093,20.763484786806963,6.0803981246251726e-05,20.726141711717815,0.030153804004639195,nan,nan
2003 BF13,174492,MBO,MBO,21163619965285190,745306231097262089,20.138414,2.9348962,2.8273222,149.2616184154519,2.397326072167885,2025052500560,46,60820.99814325482,r,149.26160812915356,2.3973409237508623,42.02779769897461,19182.2,452.836,False,18497.9,0.122497,19380.4,460.734,False,-39.4459,4.10923,20.692754007275425,0.025631077689300386,20.732193908791594,7.18997425917258e-06,20.68159313714466,0.025811416896609495,nan,nan
2003 BF13,174492,MBO,MBO,21163619965285190,745306231232004124,20.138407,2.9348965,2.8273294,149.2617318804783,2.3973083138297997,2025052500561,47,60820.998666450614,r,149.2617348568365,2.3973049560231727,72.81605529785156,19302.0,264.389,False,18046.5,0.345713,19296.3,263.482,False,-23.2869,4.77529,20.685994221785965,0.014871863934153915,20.759017535376017,2.0799219196515575e-05,20.68631484979577,0.014825221896855142,nan,nan
2003 BF13,174492,MBO,MBO,21163619965285190,745306231367794708,20.1384,2.9348967,2.8273365,149.2618457834471,2.397290486813941,2025052500562,50,60820.99919193251,r,149.2618431254202,2.3972886555853354,69.55836486816406,18721.6,266.444,False,17328.4,0.180538,18800.2,266.687,False,1.14467,5.06424,20.719142617647883,0.01545209296436315,20.80310381444836,1.1311871671864357e-05,20.714593871635294,0.015401525302616145,31.253299238898876,4.803505506722352
2003 BF13,174492,MBO,MBO,21163619965285190,745306231500439569,20.138391,2.934897,2.8273437,149.26195947356612,2.397272692980222,2025052500563,47,60820.99971589072,r,149.26195491378692,2.3972679737906373,61.45505142211914,19474.2,315.706,False,18472.3,0.362632,19526.3,318.23,False,18.3729,4.7259,20.676350978814778,0.01760141320919955,20.733697521230116,2.1314220844626406e-05,20.67345006285816,0.01769479269213199,28.23955572129714,0.27927441588128626
2003 BF13,174492,MBO,MBO,21163619965285190,745306231636230159,20.138384,2.934897,2.8273509,149.26207316766468,2.397254898396702,2025052500564,50,60821.000239021814,r,149.26207354749607,2.3972565633445013,64.67462921142578,19049.6,293.161,False,17557.9,0.0205658,19231.8,294.059,False,33.6618,4.92052,20.700285370084607,0.016708777597070075,20.78881854785211,1.2717371407427184e-06,20.689950121080336,0.016601175102043616,27.58215664929079,0.15870768833894783
2003 BF13,174492,MBO,MBO,21163619965285190,745306231770447906,20.138376,2.9348972,2.827358,149.26218708290511,2.3972370690790097,2025052500565,50,60821.000764293705,r,149.2621865079991,2.3972364704724476,71.03681182861328,19360.3,271.211,False,18067.1,0.646898,19508.4,271.26,False,29.6351,5.05463,20.68271974946183,0.015209660405865402,20.75777890259668,3.887511353615047e-05,20.674445848810645,0.015096922741401004,27.720484028951642,0.18518563080662342
2003 BF13,174492,MBO,MBO,21163619965285190,745306231906762801,20.138369,2.9348974,2.8273654,149.26230100229125,2.397219238993866,2025052500566,54,60821.00128955838,r,149.26229976707646,2.3972106378105758,52.301082611083984,18934.9,360.844,False,18103.4,0.729375,18970.1,361.147,False,24.6715,5.10965,20.706842437991856,0.02069096644955073,20.7555996081055,4.3743652155688445e-05,20.704825971712406,0.020669916587677997,27.919511145608336,0.22486400556865085
2003 BF13,174492,MBO,MBO,21163619965285190,745306232042553370,20.138363,2.9348977,2.8273723,149.2624140578359,2.39720154399986,2025052500567,57,60821.00181050827,r,149.26241489724845,2.397196300456146,78.0577621459961,19676.1,250.437,False,18280.0,0.127683,19883.0,251.11,False,22.1879,5.44697,20.66515246877683,0.013819228376842928,20.745059521505468,7.583701012235467e-06,20.65379521871629,0.01371217718852762,28.03470947376129,0.26654042857600463
2003 BF13,174492,MBO,MBO,21163619965285190,745306232176771118,20.138355,2.934898,2.8273795,149.262527768493,2.39718374636131,2025052500568,57,60821.00233476552,r,149.2625279615837,2.3971835123998315,78.81668090820312,19585.5,247.398,False,18709.7,0.412341,19668.8,247.317,False,43.5477,5.22747,20.670163342078755,0.013714684851077033,20.7198329856443,2.392842053234788e-05,20.66555529618063,0.013652129857659723,27.302586969553026,0.13033187714337546
2003 BF13,174492,MBO,MBO,21163619965285190,745306232312561667,20.138348,2.9348981,2.8273866,149.2626410494166,2.397166015878635,2025052500569,60,60821.002856651525,r,149.26264222932366,2.3971615555980272,82.64144134521484,19663.5,238.223,False,18437.8,0.36516,19673.9,236.229,False,82.1594,5.83017,20.665847943701227,0.013153677815532798,20.735727204616893,2.150296690165587e-05,20.665273829458997,0.013036681952358775,26.613356840074726,0.07704567881825074
2003 BF13,174492,MBO,MBO,21163619965285190,745306232447303688,20.13834,2.9348984,2.8273938,149.2627536834046,2.397148386553595,2025052500570,61,60821.003375144894,r,149.2627551026489,2.397148973674332,79.67057037353516,20259.4,251.872,False,19174.2,0.215923,20644.1,252.175,False,136.256,5.52058,20.63343353106427,0.013498254518782005,20.69320691162087,1.2226607847280023e-05,20.613010135231534,0.013262653054819976,26.064110937707362,0.04398994188360193
2003 BF13,174492,MBO,MBO,21163619965285190,745306232713642003,20.138325,2.9348986,2.827408,149.2629809172532,2.3971128199238736,2025052500572,57,60821.00442242049,r,149.26297419285132,2.397108727569303,60.56174850463867,19988.0,328.424,False,18319.4,0.522282,20053.3,327.989,False,78.3915,6.19992,20.648076648073626,0.01783979585275217,20.74272186314756,3.095409615663863e-05,20.644535330290527,0.01775815117875403,26.66432753044866,0.08586999354363688
2003 BF13,174492,MBO,MBO,21163619965285190,745306232847859743,20.138317,2.9348989,2.8274152,149.26309464920507,2.3970950184707944,2025052500573,57,60821.00494649089,r,149.26309016035782,2.397097258159267,78.83097076416016,20445.4,256.989,False,18649.6,0.0470533,20561.3,257.025,False,23.2024,5.70838,20.62351095015044,0.013647190616847934,20.72332621919663,2.7393334047009403e-06,20.61737353447289,0.013572163763862078,27.98616771633276,0.26711870420587264
2003 BF13,174492,MBO,MBO,21163619965285190,745306233118916622,20.138304,2.9348993,2.8274295,149.26332038946228,2.3970596851080246,2025052500575,62,60821.00598691785,r,149.26331839297526,2.397060847401196,63.16954040527344,20075.9,316.911,False,18703.3,0.0567467,20221.9,318.712,False,-33.01,4.72297,20.643312419492936,0.01713904489235083,20.720204354704002,3.2941749819545603e-06,20.635445082992643,0.017112000193016536,nan,nan
2003 BF13,174492,MBO,MBO,21163619965285190,745306233252085786,20.138296,2.9348996,2.8274367,149.2634343513182,2.3970418474325186,2025052500576,60,60821.00651108364,r,149.2634339116689,2.397046871828274,46.238189697265625,20991.4,450.944,False,20248.1,1.59092,21069.8,456.342,False,-64.0959,4.45187,20.59489646885679,0.023324133610551582,20.634039328393825,8.530772987178098e-05,20.590848926762003,0.023515506752714983,nan,nan
2003 BF13,174492,MBO,MBO,21163619965285190,745306233519472682,20.13828,2.9348998,2.827451,149.26366142012546,2.397006305686132,2025052500578,58,60821.00755743646,r,149.2636535093676,2.3970063421669603,57.84306335449219,20614.9,355.35,False,19439.8,0.415528,20702.2,358.548,False,-123.367,5.02587,20.614546898325173,0.01871541262275835,20.67827047507363,2.32077374720643e-05,20.60995879120859,0.018804212303071076,nan,nan
2003 BF13,174492,MBO,MBO,21163619965285190,745306233655787582,20.138273,2.9349,2.827458,149.2637745269566,2.396988601643532,2025052500579,62,60821.00807812068,r,149.2637746272129,2.3969845967773766,67.57962036132812,20419.3,301.737,False,19266.9,0.0649764,20485.3,304.16,False,-162.864,4.55314,20.62489783388476,0.01604397663732852,20.68797036976041,3.6615766039739026e-06,20.621394137529702,0.016120706820061954,nan,nan
2003 BF13,174492,MBO,MBO,21163619965285190,745306233916358670,20.138222,2.9349015,2.8275073,149.2645555418215,2.396866351980614,2025052500581,47,60821.011675497255,i,149.26447403997105,2.396862066046057,5.744510650634766,17674.5,3224.37,False,17183.3,359.822,18010.5,3270.45,False,-139.215,8.88374,20.781632158157556,0.19807153660758048,20.812233519569457,0.022735548183332475,20.761185575776437,0.19715421103449438,nan,nan
2003 BF13,174492,MBO,MBO,21163619965285190,745306234050576393,20.138214,2.9349017,2.8275144,149.26466933567488,2.3968485400608506,2025052500582,47,60821.01219956014,i,149.26461533945073,2.3968453819194564,12.458972930908203,25898.3,2056.15,False,25832.8,23.0241,25792.9,2089.68,False,-184.859,8.0497,20.366821823921907,0.08620011058797933,20.36957126312839,0.0009676882680239907,20.371249547638936,0.08796378552926835,nan,nan
2003 BF13,174492,MBO,MBO,21163619965285190,745306234188464145,20.138206,2.934902,2.8275216,149.26478291705726,2.396830761374289,2025052500583,54,60821.012722662526,i,149.26478962021181,2.3968284862267883,7.978149890899658,23091.0,2917.46,False,25699.3,46.5054,23796.6,2976.36,False,-254.082,8.51475,20.491393146802142,0.13717863693742505,20.37519673164995,0.0019647459935203753,20.45871274143336,0.13579847457502348,nan,nan
2003 BF13,174492,MBO,MBO,21163619965285190,745306234456899598,20.138191,2.9349024,2.8275359,149.26501009383372,2.3967952017518304,2025052500585,54,60821.013768803256,i,149.26500987764817,2.3967612136047096,8.745201110839844,27695.1,3157.27,False,28440.6,143.51,27721.9,3247.4,False,-292.054,7.28071,20.293992671281135,0.12377505106506616,20.265153129182522,0.00547857636339532,20.292942503253727,0.1271853514954186,nan,nan
2003 BF13,174492,MBO,MBO,21163619965285190,745306235129561143,20.138155,2.9349034,2.8275714,149.26557811860977,2.39670628959818,2025052500590,57,60821.01638391444,i,149.26557868600793,2.396727229955888,25.27454948425293,24122.3,944.642,False,24112.7,1.59081,24261.6,959.874,False,-123.092,7.11085,20.44395317904252,0.042518002760784525,20.44438542799727,7.163030287403922e-05,20.437701421841087,0.04295553450854242,nan,nan
2003 BF13,174492,MBO,MBO,21163619965285190,745306235265875987,20.138147,2.9349036,2.8275785,149.26569173795204,2.396688504926704,2025052500591,61,60821.0169068641,i,149.2656799365738,2.396722091636904,10.836132049560547,25223.9,2280.93,False,26431.3,61.6574,25902.3,2328.39,False,-114.101,7.60555,20.395469393222463,0.09818022466577576,20.344703657795215,0.0025327421490485896,20.36665414460172,0.0975981719351714,nan,nan
2003 BF13,174492,MBO,MBO,21163619965285190,745306235400093709,20.13814,2.9349039,2.8275857,149.26580514483302,2.3966707535249023,2025052500592,61,60821.01742884031,i,149.26584756849013,2.3966756401476066,8.996687889099121,27192.1,3008.73,False,27122.9,20.9371,27763.2,3079.8,False,-102.351,7.386,20.31389314381526,0.12013368283668276,20.316659677472206,0.0008381171104662862,20.29132622639721,0.12044182624926979,nan,nan
2003 BF13,174492,MBO,MBO,21163619965285190,745306235666956305,20.138124,2.9349043,2.8276,149.2660321906133,2.396635214461035,2025052500594,58,60821.01847391052,i,149.26600142745218,2.3966178979344237,11.225336074829102,22720.8,1997.54,False,24747.6,32.95,22038.0,2027.91,False,-106.667,7.80397,20.508940915594728,0.09545444994411882,20.41616729757943,0.0014455951017398427,20.542069553177654,0.09990812887290963,nan,nan
2003 BF13,174492,MBO,MBO,21163619965285190,745306235801174038,20.138117,2.9349043,2.8276072,149.26614539489816,2.3966174948366645,2025052500595,58,60821.01899406759,i,149.26615223897906,2.3966045901013766,21.52513313293457,25266.3,1155.76,False,25634.1,6.79139,24979.9,1166.94,False,-117.805,7.48391,20.393645845327992,0.0496649864765865,20.37795483107167,0.00028765035843687623,20.406023244357087,0.050720336084230294,nan,nan
2003 BF13,174492,MBO,MBO,21163619965285190,745306235937488938,20.138058,2.934906,2.8276625,149.2670246893752,2.396479862092383,2025052500596,62,60821.02304002378,i,149.26702093807165,2.3964837322021357,19.77273178100586,24324.0,1224.27,False,24930.4,1.25998,24060.0,1238.89,False,-277.299,7.13935,20.434912513148415,0.05464702699412187,20.408176866311496,5.487300011201985e-05,20.446760942490435,0.05590638996746208,nan,nan
2003 BF13,174492,MBO,MBO,21163619965285190,745306236091629582,20.13805,2.9349062,2.8276699,149.26714206747,2.3964614895697443,2025052500597,100,60821.023580709094,i,149.26713036038967,2.396460504164657,14.034570693969727,23312.7,1659.95,False,23954.3,1.99703,23048.5,1680.68,False,-235.093,7.32826,20.481018598916037,0.07730841217323564,20.451541253861457,9.051601272952174e-05,20.493393333269385,0.07917110366960116,nan,nan
2003 BF13,174492,MBO,MBO,21163619965285190,745306236205924367,20.138042,2.9349065,2.827677,149.26725575557683,2.396443694687576,2025052500598,62,60821.02410394958,i,149.26725032779225,2.3964487067779907,28.76792335510254,23476.0,811.177,False,24561.2,5.4639,23355.1,817.971,False,-220.998,7.35207,20.47343974789616,0.03751594136512454,20.424376080658305,0.00024153357062330465,20.479045690271512,0.038025988028677765,nan,nan
2003 BF13,174492,MBO,MBO,21163619965285190,745306236360589334,20.138035,2.9349067,2.8276844,149.26737010097855,2.396425796994732,2025052500599,101,60821.02462903415,i,149.26734279531408,2.3964057852228615,17.317100524902344,21430.0,1224.49,False,20226.8,2.17942,21719.3,1239.84,False,-195.295,8.0272,20.572444572395426,0.062037942826009766,20.635182007472743,0.00011698712113868613,20.55788540071589,0.061978935351330464,nan,nan
2003 BF13,174492,MBO,MBO,21163619965285190,745306236494807052,20.138027,2.934907,2.8276916,149.26748379946852,2.39640800063374,2025052500600,101,60821.02515227231,i,149.26752611582862,2.3964359289478945,7.864764213562012,33925.3,4251.69,False,40621.9,234.161,34490.3,4358.67,False,-289.297,7.5681,20.073690733005634,0.1360699417392357,19.87809945998039,0.0062586210964436905,20.055757545607506,0.13720859579579647,nan,nan
2003 BF13,174492,MBO,MBO,21163619965285190,745306236608577569,20.13802,2.934907,2.8276985,149.26759706834304,2.396390271595808,2025052500601,62,60821.02567340035,i,149.26758320909707,2.3963414260790357,12.619295120239258,21649.8,1728.28,False,24277.8,31.3685,21398.7,1758.89,False,-274.042,7.31988,20.561365239038878,0.08667313933868524,20.43697664158522,0.0014028418875644763,20.574031564207502,0.08924330164041248,nan,nan
2003 BF13,174492,MBO,MBO,21163619965285190,745306236764815363,20.138012,2.9349072,2.8277059,149.2677112121036,2.396372405702834,2025052500602,104,60821.02619863588,i,149.26770624873433,2.3963814463856448,20.351362228393555,21123.4,1024.77,False,20221.1,12.894,20946.6,1031.03,False,-241.889,7.4597,20.588090422256666,0.05267286001213998,20.635488078675223,0.0006923205440145987,20.597216171689908,0.05344192622555472,nan,nan
2003 BF13,174492,MBO,MBO,21163619965285190,745306236897460242,20.138004,2.9349074,2.827713,149.2678247088094,2.396354641174768,2025052500603,101,60821.02672083935,i,149.2678078475946,2.396352690255646,16.667522430419922,21909.0,1296.23,False,23004.6,24.3423,21566.3,1317.4,False,-225.131,7.71161,20.548443611597218,0.06423678942388264,20.49546330286302,0.0011488709786948903,20.565560855146575,0.06632333088385532,nan,nan
2003 BF13,174492,MBO,MBO,21163619965285190,745306237033250841,20.137997,2.9349077,2.8277202,149.26793908064852,2.396336739762912,2025052500604,104,60821.02724621368,i,149.2679222937695,2.3963486573574615,13.419275283813477,25712.8,1902.87,False,25828.0,33.5588,25812.2,1934.39,False,-210.167,7.78447,20.37462653752617,0.0803496617977615,20.369773055665494,0.0014107172010961431,20.370437479159655,0.08136607250035491,nan,nan
2003 BF13,174492,MBO,MBO,21163619965285190,745306237166944260,20.137989,2.934908,2.8277273,149.2680530228403,2.396318905695289,2025052500605,103,60821.02777030504,i,149.26800375171013,2.396276110883412,8.768576622009277,21618.8,2650.25,False,22612.5,196.103,22636.2,2723.31,False,-204.498,7.69262,20.562921001272507,0.1331004622215616,20.514128550330323,0.00941585952529545,20.512991231352387,0.13062247327051468,nan,nan
2003 BF13,174492,MBO,MBO,21163619965285190,745306237303259139,20.137981,2.9349082,2.8277345,149.2681671878897,2.396301036846762,2025052500606,107,60821.02829560958,i,149.26815352825616,2.3962916584539657,8.509992599487305,24776.0,2886.83,False,25574.0,54.9113,25631.9,2947.67,False,-174.287,8.18649,20.41492201912817,0.12650693949003275,20.38050334789803,0.0023312421668894314,20.37804798331372,0.12485972187324877,nan,nan
2003 BF13,174492,MBO,MBO,21163619965285190,745306237435904015,20.137974,2.9349084,2.8277416,149.2682813583253,2.39628316725992,2025052500607,104,60821.02882074547,i,149.26833078067693,2.3963088734966567,8.782471656799316,22557.3,2598.49,False,22748.4,36.0526,22658.1,2648.95,False,-180.995,7.50433,20.51678217372774,0.12507146521910764,20.507622841028052,0.0017207194069862861,20.511941295732758,0.12693301363145154,nan,nan
2003 BF13,174492,MBO,MBO,21163619965285190,745306237540237332,20.137962,2.9349086,2.827752,149.26844642570143,2.3962573316421176,2025052500608,47,60821.029579858296,i,149.26858720713938,2.396232894709916,6.606933116912842,19137.8,3355.21,False,21586.0,377.509,19091.7,3397.05,False,-111.091,9.24145,20.695269926513355,0.1903496107412722,20.56456956818848,0.018988010369583624,20.697888540921895,0.19318868295210614,nan,nan
2003 BF13,174492,MBO,MBO,21163619965285190,745306237674455054,20.137955,2.9349089,2.8277593,149.26855995695635,2.396239562369168,2025052500609,47,60821.03010185724,i,149.2686115127727,2.3962448962112632,7.5417585372924805,21569.3,2807.58,False,24598.4,42.6603,21713.5,2849.51,False,-103.913,8.37891,20.565409833322303,0.1413254592484436,20.42273283428547,0.001882961200420331,20.558175417391908,0.14248353252231238,nan,nan
2003 BF13,174492,MBO,MBO,21163619965285190,745306237808672786,20.137947,2.934909,2.8277664,149.26867436355073,2.3962216562119547,2025052500610,47,60821.030627249565,i,149.2686595772714,2.396217247505142,26.10564422607422,23036.8,875.117,False,22946.9,2.06233,23282.3,884.362,False,-74.3316,7.27008,20.493944583469418,0.04124471206279476,20.498189923918144,9.757946900202328e-05,20.482435261169258,0.04124093447652011,nan,nan
2003 BF13,174492,MBO,MBO,21163619965285190,745306237946560544,20.13794,2.934909,2.8277736,149.26878855818188,2.3962037833529117,2025052500611,54,60821.03115241413,i,149.26878925525824,2.3961845188805992,11.94723129272461,23103.1,1917.84,False,22685.5,3.14194,23603.3,1959.44,False,21.7968,7.96756,20.490824373544374,0.09012939047270711,20.51062911055101,0.00015037438619740044,20.467568148205643,0.09013293967443341,28.054018121253936,0.39687788623474585
2003 BF13,174492,MBO,MBO,21163619965285190,745306238082351132,20.137932,2.9349093,2.8277807,149.26890275832076,2.396185909758963,2025052500612,57,60821.03167765079,i,149.26888624080502,2.3961814898391327,22.174951553344727,22073.1,992.117,False,21859.2,19.5472,22195.2,1007.91,False,34.3238,7.20052,20.540341692160737,0.04880045712156431,20.550914379667542,0.0009709002472673545,20.534352381246734,0.049304551772409916,27.561011620581557,0.22776806462005866
2003 BF13,174492,MBO,MBO,21163619965285190,745306238214995997,20.137924,2.9349096,2.8277879,149.26901587623095,2.39616820567526,2025052500613,54,60821.03219755592,i,149.2690134045947,2.396162042670814,19.90428352355957,22578.8,1125.42,False,21798.4,3.965,21698.0,1130.84,False,32.6111,7.57506,20.51574782076593,0.05411754588342064,20.553938436517548,0.0001974889845829218,20.558950737843354,0.0565855789786413,27.61658640476413,0.2521999247946013
2003 BF13,174492,MBO,MBO,21163619965285190,745306238350786590,20.137917,2.9349098,2.827795,149.26913008739874,2.3961503306204324,2025052500614,57,60821.032722705946,i,149.26912765220743,2.396132321923028,30.289823532104492,23276.8,763.867,False,22615.4,3.37759,23382.3,774.159,False,-49.5766,7.49324,20.482691775962437,0.0356302427505135,20.51398929738749,0.00016215373685436364,20.47778189296125,0.0359473799730756,nan,nan
2003 BF13,174492,MBO,MBO,21163619965285190,745319361506967577,20.069544,2.936075,2.8675766,149.9331287596363,2.2890426206593486,2025052800085,91,60823.970929467236,i,149.93312579735735,2.2890386730818157,50.38093185424805,18347.3,360.382,False,18727.3,0.819126,18315.4,361.552,False,-159.434,8.72475,20.741069548152936,0.021326285383875824,20.718812035510755,4.748974642104075e-05,20.742958957098868,0.021432788257483147,nan,nan
2003 BF13,174492,MBO,MBO,21163619965285190,745319361641185288,20.06953,2.9360752,2.8675838,149.93324620241503,2.289022335258037,2025052800086,91,60823.971449116994,i,149.9332505818637,2.2890183402705278,48.95578384399414,18193.4,367.704,False,18429.2,0.496788,18182.5,367.924,False,-179.963,7.98187,20.75021530664721,0.021943647022030575,20.736233838082768,2.9267723788048674e-05,20.75086600939132,0.021969939204881425,nan,nan
2003 BF13,174492,MBO,MBO,21163619965285190,745319361775403012,20.069519,2.9360754,2.867591,149.933364551431,2.289001893081368,2025052800087,91,60823.971973280684,i,149.9333621499358,2.289001596014908,47.71976089477539,18327.7,379.985,False,18870.3,0.189352,18384.4,381.216,False,-199.197,8.3253,20.742230127735894,0.022510379013564848,20.710552943467363,1.0894703292604563e-05,20.738876325323996,0.022513653312030396,nan,nan
2003 BF13,174492,MBO,MBO,21163619965285190,745319361910145038,20.069506,2.9360757,2.867598,149.9334829035191,2.2889814501331323,2025052800088,92,60823.9724977966,i,149.93347989972224,2.288971415526258,53.408477783203125,17785.3,330.947,False,17638.2,0.586972,17692.3,329.285,False,-153.141,14.0531,20.77484696429888,0.0202032641656094,20.78386439116264,3.613162215355179e-05,20.780539214838896,0.02020747072866608,nan,nan
2003 BF13,174492,MBO,MBO,21163619965285190,745319362045935624,20.069494,2.936076,2.8676052,149.93360193616556,2.2889608893937603,2025052800089,95,60823.97302420653,i,149.9336007632856,2.2889533450910386,53.85112762451172,18513.3,340.374,False,18115.1,0.518066,18505.7,339.886,False,-170.783,11.0878,20.731290357320443,0.019961668188609977,20.75489818392691,3.1050505537326115e-05,20.73173625222495,0.019941236290735437,nan,nan
2003 BF13,174492,MBO,MBO,21163619965285190,745319362448064523,20.069456,2.9360764,2.8676264,149.93395679351352,2.2888995928264224,2025052800092,94,60823.97459561535,i,149.93395481798945,2.2889015336951517,50.0395622253418,18860.4,373.164,False,19418.1,1.08092,18911.0,373.247,False,-173.953,8.71178,20.711122729474816,0.02148192288135036,20.67948318858636,6.043814695721356e-05,20.70821376342427,0.02142921005182727,nan,nan
2003 BF13,174492,MBO,MBO,21163619965285190,745319362581233699,20.069443,2.9360766,2.8676336,149.9340747090362,2.2888792241556764,2025052800093,92,60823.975117617665,i,149.93407396656093,2.288874588074817,51.21187210083008,18202.1,351.501,False,18390.3,1.95491,18120.4,350.31,False,-149.208,10.8261,20.749696283310268,0.020966667449683764,20.73852791907869,0.00011541500232179469,20.754580525820487,0.02098983681590595,nan,nan
2003 BF13,174492,MBO,MBO,21163619965285190,745319362715451475,20.069431,2.9360769,2.8676407,149.9341921757446,2.2888589328030475,2025052800094,92,60823.97563737584,i,149.93419671669176,2.2888633622292134,52.897735595703125,18220.6,338.755,False,18700.9,1.90195,18428.5,340.76,False,-132.074,11.0029,20.748593338062047,0.020185865516469826,20.72034370755363,0.00011042334504592798,20.736275032575538,0.020076266637885493,nan,nan
2003 BF13,174492,MBO,MBO,21163619965285190,745319362851241989,20.069418,2.936077,2.867648,149.93431054928817,2.2888384845954506,2025052800095,95,60823.97616159748,i,149.93430956580488,2.288839832473538,48.5649528503418,18768.6,379.802,False,18666.1,2.13231,18584.3,377.012,False,-153.895,8.69327,20.716420325986547,0.021970993720498332,20.722366052354197,0.00012402837879616312,20.727134435567436,0.02202587956843147,nan,nan
2003 BF13,174492,MBO,MBO,21163619965285190,745319362985459743,20.069407,2.9360774,2.8676548,149.93442847406766,2.2888181137063777,2025052800096,95,60823.97668360425,i,149.93442528466105,2.2888212089354187,49.52206039428711,19023.2,377.123,False,19340.2,1.90552,19077.5,377.744,False,-144.721,8.28279,20.701791109898743,0.02152403886772263,20.6838476416669,0.00010697366601913881,20.698696344433777,0.02149811683614789,nan,nan
2003 BF13,174492,MBO,MBO,21163619965285190,745319363119677471,20.069393,2.9360776,2.867662,149.9345466279908,2.2887977030364763,2025052800097,95,60823.97720658222,i,149.93454402067297,2.2887875899969803,52.76517868041992,18588.8,351.052,False,18273.6,0.157757,18624.3,350.692,False,-118.314,9.40025,20.726871567378346,0.020504274200290773,20.745439737734316,9.373220885665642e-06,20.724800057864613,0.020444203005636846,nan,nan
2003 BF13,174492,MBO,MBO,21163619965285190,745319363252322329,20.06938,2.9360776,2.867669,149.93466591470252,2.2887770964853584,2025052800098,92,60823.97773406464,i,149.93466178257174,2.2887704216022686,49.709110260009766,18719.4,369.312,False,18851.8,0.566744,18804.1,371.103,False,-115.385,8.99733,20.719270166133327,0.02142031334379283,20.71161789587279,3.264062244358609e-05,20.714368642315165,0.02142724021455064,nan,nan
2003 BF13,174492,MBO,MBO,21163619965285190,745319363386015769,20.069368,2.9360778,2.8676763,149.93478407509767,2.28875668431392,2025052800099,91,60823.9782570753,i,149.93477820039564,2.288755980591392,47.673187255859375,18642.5,387.595,False,17781.8,0.717724,18906.1,392.713,False,-99.466,7.51483,20.723739620593275,0.022573470597215435,20.775060649224667,4.382339948717614e-05,20.708495145740933,0.022552654686718594,nan,nan
2003 BF13,174492,MBO,MBO,21163619965285190,745319363520233500,20.069355,2.936078,2.8676834,149.93490201286463,2.288736310418233,2025052800100,91,60823.978779000485,i,149.9348994357119,2.288735650960584,49.84015655517578,19016.4,380.258,False,18073.1,0.44469,19144.1,380.115,False,-61.6581,8.11625,20.702179217765263,0.02171072676725681,20.75741839449605,2.6714621812742283e-05,20.694912636737516,0.02155779667311381,nan,nan
2003 BF13,174492,MBO,MBO,21163619965285190,745319363654451243,20.069344,2.9360783,2.8676903,149.93501927601335,2.288716052886808,2025052800101,91,60823.979298783684,i,149.9350220783159,2.2887150510581757,52.400569915771484,19102.8,359.009,False,18175.0,0.577443,19181.9,358.051,False,-30.3821,8.90746,20.697257383625683,0.020404812703297255,20.75131395117231,3.449522834948829e-05,20.69277092144871,0.02026644494897556,nan,nan
2003 BF13,174492,MBO,MBO,21163619965285190,745319363794436104,20.06933,2.9360785,2.8676975,149.93513744622658,2.2886956384836843,2025052800102,102,60823.97982178057,i,149.93513372988014,2.2886951293028837,55.5958137512207,19085.3,341.154,False,18997.5,0.615178,19405.3,342.083,False,36.0513,9.75262,20.69825247812559,0.01940777588108498,20.703258867044376,3.5158363733868076e-05,20.68019905331935,0.019139713978226964,27.507697673834887,0.2937140223029253
2003 BF13,174492,MBO,MBO,21163619965285190,745319363924459552,20.069319,2.9360788,2.8677046,149.93525539376228,2.288675262379892,2025052800103,94,60823.980343354226,i,149.93524989441866,2.288674108996569,54.05569076538086,19497.6,359.595,False,18591.4,0.778295,19979.9,361.078,False,239.928,8.55262,20.67504713064126,0.020024275792781873,20.726719739796337,4.545236080035613e-05,20.64851670317671,0.01962149224259772,25.4497976936227,0.0387028164654257
2003 BF13,174492,MBO,MBO,21163619965285190,745319364058677299,20.069305,2.936079,2.8677118,149.9353726668023,2.288655002635864,2025052800104,94,60823.980862001554,i,149.9353703693007,2.288662987686597,54.887638092041016,20246.5,367.559,False,18924.0,0.0123182,20930.4,367.601,False,552.765,7.72123,20.63412510545198,0.01971067114547566,20.70746765155868,7.067383315490136e-07,20.598056159232613,0.019068805253145957,24.5436486298315,0.015165972459804512
2003 BF13,174492,MBO,MBO,21163619965285190,745319364191846433,20.069292,2.9360793,2.8677187,149.93549129899932,2.288634507927171,2025052800105,92,60823.98138725439,i,149.93549548344794,2.2886412138714354,55.441097259521484,20167.9,360.428,False,18973.5,0.589145,21347.2,360.589,False,897.135,8.74193,20.638348280773087,0.01940359338536536,20.704631370922822,3.3713129444157007e-05,20.576647742303795,0.01833985417302308,24.017855487751863,0.010579711866952671
2003 BF13,174492,MBO,MBO,21163619965285190,745319364331307035,20.06928,2.9360793,2.8677258,149.93560993463026,2.288614012468256,2025052800106,102,60823.98191238269,i,149.93560543043324,2.288612793764367,53.81752395629883,19927.2,367.651,False,18852.8,0.578884,21374.4,369.279,False,1191.58,8.00193,20.65138434347937,0.020031515623140324,20.711560304164617,3.3338034516463186e-05,20.575265148890747,0.018757933023481405,23.709692027002795,0.007291147624559093
2003 BF13,174492,MBO,MBO,21163619965285190,745319364461854734,20.069267,2.9360795,2.867733,149.93572857372035,2.288593516259544,2025052800107,95,60823.98243712131,i,149.9357255977244,2.2885915485624357,52.538551330566406,20540.4,386.101,False,19690.8,0.557123,22187.6,389.7,False,1340.1,7.61019,20.618477737564444,0.020408747674585524,20.66434155427045,3.071935083674966e-05,20.534724199669142,0.019069724517161386,23.582157001801285,0.006165703205737252
2003 BF13,174492,MBO,MBO,21163619965285190,745319364594499623,20.069256,2.9360797,2.8677402,149.9358469903563,2.2885730583350954,2025052800108,92,60823.98296152153,i,149.93585037311345,2.2885741889042013,51.33699417114258,20705.3,398.803,False,20373.6,1.99264,22347.5,399.744,False,1422.4,7.34684,20.60979614054367,0.020912271212497287,20.62733058258313,0.00010619043529744236,20.526927635125723,0.019421256088881986,23.517445622299086,0.0056079372456935336
2003 BF13,174492,MBO,MBO,21163619965285190,745319364730290219,20.069242,2.93608,2.8677473,149.935966088323,2.288552482558993,2025052800109,95,60823.983488194426,i,149.93595598858982,2.2885542828848133,54.97224044799805,20974.9,380.138,False,20556.3,0.423837,22446.9,381.701,False,1247.61,7.66481,20.595750232375046,0.019677308699828925,20.617637590781833,2.2386089176618444e-05,20.522109051594327,0.018462530491387685,23.659802894971328,0.0066703232688544375
2003 BF13,174492,MBO,MBO,21163619965285190,745319364862935098,20.06923,2.9360802,2.8677545,149.93608405998708,2.2885321012295408,2025052800110,92,60823.984010136104,i,149.93609166167576,2.288522610854164,56.64022445678711,20597.7,362.699,False,19813.4,0.361148,21641.4,363.537,False,907.095,8.1647,20.61545322000012,0.019118418863870827,20.657602460301128,1.9790215252740432e-05,20.561786599874488,0.018238434748260604,24.00586810237982,0.009772637037509245
2003 BF13,174492,MBO,MBO,21163619965285190,745319364998725694,20.069218,2.9360805,2.8677616,149.9362018091062,2.2885117582164978,2025052800111,95,60823.984531787224,i,149.93619553354844,2.288511125580822,61.88278579711914,21679.6,349.932,False,21194.0,0.474947,22584.0,350.981,False,648.323,9.2948,20.559871857115116,0.01752494768681753,20.584467675001424,2.433080868283591e-05,20.51549783715284,0.016873572678158207,24.370521430846594,0.015565853277347967
2003 BF13,174492,MBO,MBO,21163619965285190,745319365132419094,20.069204,2.9360807,2.8677688,149.9363200137907,2.2884913363700083,2025052800112,94,60823.98505448804,i,149.9363202199591,2.2884949455414865,58.51941680908203,21915.6,372.938,False,20981.4,0.154338,22608.8,373.229,False,441.326,7.85806,20.54811660644697,0.018475984377511794,20.595413821144504,7.986614508284635e-06,20.514306182360617,0.017923473523765755,24.7881012427526,0.01933214977446921
2003 BF13,174492,MBO,MBO,21163619965285190,745319365268733956,20.069193,2.936081,2.8677757,149.93643799597922,2.2884709528405853,2025052800113,98,60823.98557674613,i,149.93643671783255,2.2884674174728166,55.29755401611328,20977.9,376.519,False,20745.0,0.230968,21292.6,375.924,False,177.365,8.04262,20.595594952700786,0.019487189660825476,20.60771640208752,1.2088229362111721e-05,20.579428280987983,0.019168834088774848,25.777830158278896,0.049232729820390404
2003 BF13,174492,MBO,MBO,21163619965285190,745319365401378837,20.06918,2.936081,2.8677828,149.9365562078447,2.288450529512148,2025052800114,95,60823.98609996366,i,149.9365502168818,2.288449089614907,60.61370849609375,22056.5,363.086,False,21305.0,0.744761,22360.9,364.209,False,-4.10108,8.22324,20.54115850436356,0.01787299045861203,20.578796153658818,3.7954187791108865e-05,20.52627678250885,0.017684212471781962,nan,nan
2003 BF13,174492,MBO,MBO,21163619965285190,745319365533499408,20.06916,2.9360814,2.8677933,149.93672799450843,2.288420849925579,2025052800115,91,60823.9868594163,i,149.93672612565183,2.2884211531377616,59.10538101196289,22075.1,370.818,False,21476.9,1.63363,22140.3,369.925,False,-116.173,8.00952,20.540243320202222,0.018238219880239718,20.57007099276438,8.258599911650333e-05,20.53704120855857,0.01814071797216385,nan,nan
2003 BF13,174492,MBO,MBO,21163619965285190,745319365667717131,20.069149,2.9360816,2.8678002,149.93684576322698,2.28840050288936,2025052800116,91,60823.98738087852,i,149.93684772835337,2.288398875722377,54.91258239746094,21561.9,391.537,False,21352.6,0.867055,21755.8,393.604,False,-123.053,7.49722,20.565782411497334,0.0197156036767268,20.576373108707685,4.40879809024011e-05,20.5560623167271,0.019643042408582948,nan,nan
2003 BF13,174492,MBO,MBO,21163619965285190,745319365801934853,20.069136,2.9360816,2.8678076,149.9369655700589,2.288379803621846,2025052800117,91,60823.98791093669,i,149.936968655571,2.2883750079046825,52.31043243408203,22005.9,415.69,False,21552.7,0.636407,22148.1,415.644,False,-115.502,7.04842,20.543652142999107,0.0205094850742352,20.566245829721005,3.205956400516258e-05,20.53665882987418,0.020375551878868886,nan,nan
2003 BF13,174492,MBO,MBO,21163619965285190,745319365936676880,20.06883,2.936087,2.867979,149.93981725149203,2.287887094065843,2025052800118,92,60824.00052049079,z,149.93981557901802,2.2878918606787746,31.41774559020996,22491.4,709.375,False,22538.2,7.9699,22610.6,707.858,False,-170.856,16.808,20.51995875769962,0.034243937988464916,20.517701966576873,0.00038393524863243725,20.514219801169993,0.03399056373677438,nan,nan
2003 BF13,174492,MBO,MBO,21163619965285190,745319366070894605,20.068817,2.936087,2.8679864,149.9399389703655,2.2878660633642767,2025052800119,92,60824.001058014765,z,149.93992808985476,2.287871174236655,31.29397964477539,23416.4,742.096,False,24456.8,5.49251,23463.8,738.586,False,-148.074,15.839,20.47619966157057,0.03440838430236383,20.42900088520765,0.00024383470445299,20.47400409344277,0.034176456168084346,nan,nan
2003 BF13,174492,MBO,MBO,21163619965285190,745319366206160899,20.068804,2.9360871,2.8679936,149.94005752630974,2.2878455791747103,2025052800120,94,60824.00158213176,z,149.94005592351314,2.28783791583713,32.4756965637207,23435.3,718.298,False,22634.1,1.16097,23515.9,718.708,False,-144.617,17.0187,20.475323670347812,0.03327809286755598,20.513091942943646,5.5690624043120554e-05,20.471595970192496,0.03318296521798119,nan,nan
2003 BF13,174492,MBO,MBO,21163619965285190,745319366340378639,20.068792,2.9360874,2.8680007,149.9401758601918,2.2878251333759545,2025052800121,94,60824.00210505076,z,149.9401738156303,2.287828528842314,36.056697845458984,25237.8,690.746,False,24761.9,1.88614,25278.7,689.197,False,-186.299,16.6897,20.39487123036259,0.029716056333269986,20.41554006941549,8.27016683245087e-05,20.39311319391851,0.02960145029464273,nan,nan
2003 BF13,174492,MBO,MBO,21163619965285190,745319366473547803,20.068779,2.9360876,2.868008,149.94029351977753,2.287804804109445,2025052800122,92,60824.002625896646,z,149.94029830682226,2.2878167949945745,34.904701232910156,24448.0,694.779,False,25310.7,0.701822,24414.9,695.819,False,-235.403,17.6732,20.42939165776101,0.030855149934276408,20.391739642769092,3.010559011038206e-05,20.430862608092298,0.030943228737468964,nan,nan
2003 BF13,174492,MBO,MBO,21163619965285190,745319366609338375,20.068766,2.9360878,2.868015,149.94041186250053,2.28778435684175,2025052800123,95,60824.003148237476,z,149.94041053345939,2.287786360158971,34.92850112915039,24888.8,705.664,False,25272.9,1.4405,24906.9,703.91,False,-269.144,16.8521,20.409990071318283,0.03078352233676383,20.393362285845043,6.188458790087684e-05,20.409200790252115,0.03068469101924096,nan,nan
2003 BF13,174492,MBO,MBO,21163619965285190,745319366743556115,20.068754,2.936088,2.8680222,149.94053066222114,2.2877638306503907,2025052800124,95,60824.0036734024,z,149.9405340088028,2.28777582112664,32.17047882080078,23457.7,729.748,False,22735.6,1.65162,23625.1,727.676,False,-278.488,16.2207,20.474286466655442,0.033776279642222365,20.50823396898598,7.887294350367494e-05,20.466565879299583,0.0334417301583601,nan,nan
2003 BF13,174492,MBO,MBO,21163619965285190,745319366877773858,20.06874,2.9360883,2.8680294,149.94064946641495,2.2877433037273,2025052800125,95,60824.00419898181,z,149.94065900859025,2.287738919834262,28.36150550842285,23865.0,834.69,False,24649.3,2.4337,24234.8,836.758,False,-296.129,14.6424,20.455596403244343,0.037974152750902414,20.420488489258126,0.0001071980222447844,20.438901364957182,0.037487349644424926,nan,nan
2003 BF13,174492,MBO,MBO,21163619965285190,745319367011991584,20.068727,2.9360886,2.8680363,149.94076736987222,2.287722932478139,2025052800126,95,60824.00471969636,z,149.9407588537027,2.287728752674423,28.39153289794922,24978.2,878.475,False,25229.5,0.329938,25108.2,884.778,False,-256.033,14.4537,20.406097187277666,0.03818498193623573,20.395228390689084,1.4198681144389239e-05,20.400461085342805,0.038259833604100124,nan,nan
2003 BF13,174492,MBO,MBO,21163619965285190,745319367144636441,20.068716,2.9360886,2.8680434,149.94088618304878,2.287702404098544,2025052800127,92,60824.00524403843,z,149.9408845727145,2.2877040922425254,27.99398422241211,24122.7,852.64,False,24162.1,6.18376,24628.4,858.034,False,-136.05,14.6472,20.44393524566003,0.03837639084807529,20.442163324015283,0.00027787040044090124,20.421409486448184,0.03782619091076028,nan,nan
2003 BF13,174492,MBO,MBO,21163619965285190,745319367278854211,20.068703,2.9360888,2.8680506,149.94100364281624,2.287682109613016,2025052800128,92,60824.00576376874,z,149.94098687642963,2.287676772841573,29.660873413085938,23753.7,797.124,False,23918.1,0.404812,23769.6,799.851,False,-25.2392,15.0192,20.460671867709564,0.036435016035119484,20.453183324454564,1.8376002296973828e-05,20.459945334373653,0.036535205375667415,nan,nan
2003 BF13,174492,MBO,MBO,21163619965285190,745319367412547620,20.06869,2.936089,2.8680577,149.94112155971533,2.2876617362033533,2025052800129,91,60824.00628468541,z,149.9411246984139,2.28765428972541,30.424659729003906,23784.2,781.035,False,23549.5,7.28032,24332.6,785.519,False,52.6725,15.383,20.459278665238386,0.03565383638633507,20.470045773306516,0.0003356549900477964,20.434528725238145,0.035050360910942394,27.096040157898877,0.3170891879092583
2003 BF13,174492,MBO,MBO,21163619965285190,745319367547289659,20.068678,2.9360893,2.8680649,149.94123993382047,2.287641283862179,2025052800130,92,60824.00680797392,z,149.94123241784803,2.287649490654069,30.02434539794922,23114.7,770.498,False,24310.6,5.30173,23581.9,778.638,False,53.1708,14.9502,20.4902793836728,0.03619158315678807,20.43551082339439,0.00023678068293911763,20.46855299853641,0.03584933586890616,27.085817028470316,0.3052798476513498
2003 BF13,174492,MBO,MBO,21163619965285190,745319367686750249,20.06866,2.9360895,2.8680737,149.94138751173543,2.2876157858651567,2025052800131,102,60824.0074593559,z,149.9413899701838,2.287603345079495,30.335399627685547,24092.0,792.507,False,24890.7,5.48541,24216.8,791.187,False,-46.26,15.1361,20.445317863753644,0.03571532305744195,20.409907258018542,0.00023927445405906879,20.439708077303298,0.03547208366278269,nan,nan
2003 BF13,174492,MBO,MBO,21163619965285190,745319367816773662,20.06865,2.9360898,2.8680809,149.94150612247012,2.2875952927989616,2025052800132,94,60824.00798357035,z,149.94150471016874,2.2876039988215444,32.265228271484375,22839.2,698.455,False,22850.2,0.460391,23035.9,698.192,False,-91.9661,16.9135,20.503297818159915,0.033203348864650144,20.502775022986786,2.187566017888967e-05,20.49398702016947,0.032907433069380376,nan,nan
2003 BF13,174492,MBO,MBO,21163619965285190,745319367950991410,20.068636,2.93609,2.868088,149.94162496427737,2.28757475988758,2025052800133,94,60824.008508915074,z,149.94162658149932,2.2875757727075547,34.21126174926758,22593.2,648.928,False,23068.3,5.12819,22684.4,647.362,False,-150.16,18.4016,20.515055670521747,0.031184808921182108,20.492460986443824,0.00024136418389656347,20.51068173952747,0.030984480451375165,nan,nan
2003 BF13,174492,MBO,MBO,21163619965285190,745319368084160561,20.068623,2.9360902,2.8680952,149.94174403720766,2.287554187127282,2025052800134,92,60824.00903431997,z,149.941742363861,2.2875529791834914,34.638702392578125,23228.4,662.68,False,23895.1,3.58889,23144.3,657.612,False,-255.778,19.1766,20.484951741474905,0.030974825993930116,20.45422788683665,0.0001630705857588488,20.488889838178494,0.030849631764710256,nan,nan
2003 BF13,174492,MBO,MBO,21163619965285190,745319368223621168,20.06861,2.9360905,2.8681023,149.94186175642702,2.2875338483402468,2025052800135,102,60824.00955400299,z,149.94185725471516,2.287533521111486,33.6258544921875,22402.8,655.854,False,23148.1,2.26783,22292.6,651.395,False,-322.783,20.3266,20.524244207757864,0.0317855095007841,20.488711643692767,0.00010637007204938385,20.529598210340875,0.031725468034099556,nan,nan
2003 BF13,174492,MBO,MBO,21163619965285190,745319368354168858,20.068598,2.9360907,2.8681095,149.94198038599174,2.287513352360972,2025052800136,95,60824.0100783978,z,149.94197667829232,2.2875026148691773,34.27558135986328,23362.9,680.934,False,22872.5,4.44383,23309.1,679.702,False,-337.689,16.7858,20.478683106654607,0.031644817522042824,20.5017159093329,0.0002109444587694229,20.481186255519923,0.03166047212640952,nan,nan
2003 BF13,174492,MBO,MBO,21163619965285190,745319368486813741,20.068584,2.9360907,2.8681166,149.94209902019196,2.2874928556773395,2025052800137,92,60824.010602922135,z,149.94210176879824,2.287495818350864,33.134361267089844,22969.4,687.938,False,23979.4,0.761963,22818.4,684.258,False,-289.906,17.45,20.497125854463647,0.032518009517143655,20.45040420178961,3.450006309528077e-05,20.504287009114634,0.0325580963830102,nan,nan
2003 BF13,174492,MBO,MBO,21163619965285190,745319368622604329,20.068571,2.936091,2.8681238,149.9422181119898,2.287472280035002,2025052800138,95,60824.01112860269,z,149.94222328734216,2.28745472926369,32.99265670776367,22403.2,671.286,False,23045.0,4.37979,22579.6,668.343,False,-221.56,18.2562,20.524224897932434,0.032532832409063114,20.49355821884865,0.0002063482919007445,20.515709408571993,0.03213716026570212,nan,nan
2003 BF13,174492,MBO,MBO,21163619965285190,745319368756822024,20.068558,2.9360912,2.868131,149.94233652938686,2.287451821015003,2025052800139,95,60824.01165192337,z,149.94232993309123,2.2874549103737203,33.03378677368164,22009.3,655.908,False,21212.5,2.88481,22146.8,653.277,False,-179.365,20.0185,20.543484386082365,0.03235646108908233,20.583520361685668,0.0001476555158140385,20.536722502428223,0.03202658809527117,nan,nan
2003 BF13,174492,MBO,MBO,21163619965285190,745319368892612610,20.06854,2.9360914,2.868141,149.94250205011394,2.28742322411895,2025052800140,98,60824.01238206441,z,149.94251302121037,2.287420140327911,36.2071418762207,22626.1,621.192,False,22748.6,3.88875,22394.8,607.696,False,-150.928,18.9859,20.513475763160017,0.029808525294902105,20.50761333275236,0.00018560073242259128,20.524631991452857,0.029462085313316892,nan,nan
2003 BF13,174492,MBO,MBO,21163619965285190,745319369024733218,20.068527,2.9360917,2.868148,149.94262070543385,2.2874027242636767,2025052800141,94,60824.01290652602,z,149.94262451348874,2.2873899406727123,35.361663818359375,22022.9,616.82,False,21692.5,1.29627,21595.8,607.589,False,-208.671,22.6762,20.542813713785932,0.030409428453673032,20.55922598469039,6.48799024593539e-05,20.564076718745977,0.03054674239365815,nan,nan
2003 BF13,174492,MBO,MBO,21163619965285190,745319369161048078,20.068516,2.936092,2.8681552,149.9427398186387,2.287382145421973,2025052800142,98,60824.013432854816,z,149.94273832115582,2.2873773057746907,33.96253967285156,22670.0,663.97,False,22580.8,2.26359,22423.3,658.938,False,-325.276,17.6294,20.511371199683705,0.03179956930148113,20.515651651963026,0.00010883855472254102,20.523251143762852,0.03190577683218139,nan,nan
2003 BF13,174492,MBO,MBO,21163619965285190,745319369293692952,20.068502,2.9360921,2.8681624,149.9428587102494,2.2873616049902354,2025052800143,95,60824.013957535906,z,149.9428538955368,2.287363231166202,34.50983428955078,23215.5,670.34,False,23182.3,2.96122,22936.1,666.445,False,-395.847,17.7512,20.485554895878366,0.03135028048741225,20.487108659173668,0.00013868786462735547,20.498701084891024,0.03154779954986071,nan,nan
2003 BF13,174492,MBO,MBO,21163619965285190,745319369425813531,20.068483,2.9360924,2.8681726,149.9430287904071,2.287332221143672,2025052800144,91,60824.014708630355,z,149.9430339075617,2.2873241558061284,30.737911224365234,22199.5,715.092,False,23913.0,3.46929,21921.5,712.154,False,-393.225,20.8369,20.53414201766691,0.03497381708583393,20.45341484037599,0.00015751824436236562,20.547824330369423,0.035271827755895456,nan,nan
2003 BF13,174492,MBO,MBO,21163619965285190,745319369560031245,20.06847,2.9360926,2.8681798,149.9431476940384,2.287311678959346,2025052800145,91,60824.01523337104,z,149.9431540678728,2.2873082463333305,32.69934844970703,22408.8,685.205,False,23410.4,3.18464,22283.3,680.087,False,-270.099,18.7841,20.523953460851246,0.033199094498570364,20.476477896135197,0.00014769840815244374,20.5300511938775,0.03313669992146221,nan,nan
2003 BF13,174492,MBO,MBO,21163619965285190,745319369828991009,20.068445,2.936093,2.868194,149.9433855162791,2.2872705924307333,2025052800147,92,60824.01628337175,z,149.94338937538103,2.287267271197836,34.62188720703125,21500.3,619.967,False,20918.2,0.443351,21726.0,614.497,False,-83.6319,18.5774,20.568888661057102,0.03130749670750508,20.598689263066156,2.301164778460446e-05,20.55755056199836,0.03070890410973047,nan,nan
2003 BF13,174492,MBO,MBO,21163619965285190,745319369964781587,20.068432,2.9360933,2.8682013,149.9435039818973,2.2872501263537472,2025052800148,95,60824.01680674485,z,149.9434936666918,2.2872482815329893,36.220458984375,22209.6,611.098,False,21011.3,2.3028,22265.5,604.922,False,-22.9469,19.4565,20.53364817690734,0.029874075143698987,20.593867650442533,0.00011899469210981066,20.53091886947665,0.02949790991775749,nan,nan
2003 BF13,174492,MBO,MBO,21163619965285190,745319370097426450,20.068419,2.9360936,2.8682084,149.94362426464772,2.28722934650646,2025052800149,92,60824.017337786245,z,149.9436226570195,2.2872213403722728,37.60016632080078,22909.7,606.645,False,22138.7,5.57449,23106.0,602.712,False,-2.86711,19.6699,20.499951531554508,0.02875011386453367,20.537119750277725,0.0002733866896439021,20.490688077484062,0.02832105134617872,nan,nan
2003 BF13,174492,MBO,MBO,21163619965285190,745319370232692740,20.068405,2.9360938,2.8682156,149.94374364654493,2.287208722450041,2025052800150,94,60824.01786417225,z,149.94373390046258,2.287203358518316,36.98996353149414,22263.0,595.234,False,20747.7,0.804711,22297.3,587.739,False,-39.5102,23.324,20.531040784228544,0.02902875235348353,20.607575141596843,4.211087893329036e-05,20.529369269146404,0.02861913791058498,nan,nan
2003 BF13,174492,MBO,MBO,21163619965285190,745319370366910481,20.068394,2.9360938,2.8682227,149.94386167429556,2.28718833249376,2025052800151,94,60824.01838595644,z,149.9438647708063,2.2871900154236937,36.20819091796875,22345.1,614.328,False,21154.2,1.17673,22451.8,610.281,False,-157.066,21.2814,20.527044262533053,0.029849862656135907,20.586508525035264,6.039549835465849e-05,20.521872050015162,0.02951229567701701,nan,nan
2003 BF13,174492,MBO,MBO,21163619965285190,745319370500079667,20.06838,2.936094,2.8682299,149.943979253975,2.287168020108727,2025052800152,92,60824.018904653494,z,149.94397318091814,2.287160537791188,36.45134353637695,21731.6,596.112,False,21155.9,1.0989,21726.9,590.852,False,-257.063,22.2081,20.557270762896742,0.02978245465563533,20.586421216146213,5.6396345724441995e-05,20.55750556676484,0.029526043079643318,nan,nan
2003 BF13,174492,MBO,MBO,21163619965285190,745319370635870226,20.068367,2.9360943,2.868237,149.94409797156698,2.2871475113153963,2025052800153,95,60824.019428302316,z,149.94407744063844,2.287153710276784,34.60194778442383,22674.8,648.59,False,22502.9,10.3888,22400.3,645.575,False,-292.48,17.6972,20.511141299807914,0.031056399612751497,20.519403755558915,0.000501246316120628,20.524365375285115,0.03129083714032306,nan,nan
2003 BF13,174492,MBO,MBO,21163619965285190,745319370770087967,20.068356,2.9360945,2.868244,149.94421601452237,2.2871271192418416,2025052800154,95,60824.01994931261,z,149.94422189496657,2.2871218939144984,35.787635803222656,21962.7,606.823,False,20671.6,4.19831,21956.8,601.245,False,-204.952,19.1462,20.545785715225808,0.029998575871625584,20.611564788760106,0.00022050819199277092,20.546077346377515,0.02973080940306239,nan,nan
2003 BF13,174492,MBO,MBO,21163619965285190,745319370904305722,20.068342,2.9360948,2.868251,149.94433406258636,2.287106726464335,2025052800155,95,60824.02047032899,z,149.94432819649276,2.2871066225198433,36.01736068725586,21854.1,602.151,False,20907.7,3.24754,21837.2,595.967,False,-126.253,25.0374,20.5511677044315,0.029915537779060156,20.599234390884817,0.0001686446564187414,20.552007659634636,0.02963122333241219,nan,nan
2003 BF13,174492,MBO,MBO,21163619965285190,745319371038523451,20.068329,2.936095,2.8682582,149.94445279551715,2.287086215560507,2025052800156,95,60824.02099459154,z,149.94444940452695,2.2870926827219833,35.10713195800781,21321.9,604.227,False,20803.2,4.88257,21408.2,598.078,False,-82.3097,22.2557,20.57793522467879,0.030767947820814438,20.604674679875615,0.00025482536303166595,20.5735496561744,0.030332067373582457,nan,nan
2003 BF13,174492,MBO,MBO,21163619965285190,745319371171168300,20.068316,2.9360952,2.8682654,149.94457198697845,2.287065625636693,2025052800157,92,60824.021520801994,z,149.94457114234922,2.2870592985376894,36.25707244873047,21955.0,600.338,False,21464.0,3.8716,22014.2,595.1,False,-118.758,19.8192,20.54616639639898,0.02968839514806861,20.57072335084029,0.00019584123162017265,20.54324276917492,0.029350219943227125,nan,nan
2003 BF13,174492,MBO,MBO,21163619965285190,745319371305386041,20.068302,2.9360955,2.8682725,149.94469050370628,2.287045152464368,2025052800158,92,60824.022043167475,z,149.94469024461955,2.2870405617584324,35.58640670776367,21449.8,593.609,False,20378.2,0.251818,21371.7,587.653,False,-197.987,22.0834,20.571441842614878,0.030047029288787313,20.62708549095081,1.3416687021953547e-05,20.57540236656116,0.02985425481795314,nan,nan
2003 BF13,174492,MBO,MBO,21163619965285190,745319371573297185,20.06808,2.936099,2.8683946,149.94671812858567,2.2866949245474526,2025052800160,91,60824.030987239064,r,149.94671156995616,2.286696220403167,58.97544860839844,17012.5,287.114,False,17170.2,1.19732,17318.4,290.141,False,-45.3494,4.63873,20.82307965447152,0.018323590274032343,20.8130616646746,7.57110409274146e-05,20.803730559896955,0.01818970410296401,nan,nan
2003 BF13,174492,MBO,MBO,21163619965285190,745319371708039178,20.06807,2.936099,2.8684018,149.94683651679432,2.286674477810237,2025052800161,92,60824.03150921826,r,149.94683690726862,2.286672419386139,60.55368423461914,16811.5,275.886,False,16791.3,0.375926,17119.3,277.486,False,13.8001,4.94111,20.83598383765955,0.017817529889769004,20.837289147052598,2.4307613850394658e-05,20.8162849439261,0.017598650327252104,28.550294390681056,0.3887466059938675
2003 BF13,174492,MBO,MBO,21163619965285190,745319371842256908,20.068056,2.9360993,2.868409,149.9469555909984,2.286653912871756,2025052800162,92,60824.032034955926,r,149.94694933756747,2.2866501073924543,60.668975830078125,16501.5,270.463,False,16088.6,0.102432,16734.9,271.462,False,63.5485,5.02466,20.856191440660133,0.01779544192535578,20.883704390745123,6.912604644403362e-06,20.840942170758886,0.01761206346216603,26.892236739167664,0.0858471150901361
2003 BF13,174492,MBO,MBO,21163619965285190,745319371976474663,20.068043,2.9360995,2.8684163,149.94707489766452,2.2866333080679024,2025052800163,92,60824.03256016,r,149.9470737982199,2.2866396403287284,60.713844299316406,16263.7,266.409,False,16104.8,0.109969,16578.0,267.437,False,99.5493,5.17667,20.87195160017761,0.017784999070861084,20.882611673580747,7.413772507330987e-06,20.85116966174961,0.01751514332943485,26.40490446111219,0.05645944326225615
2003 BF13,174492,MBO,MBO,21163619965285190,745319372112265246,20.06803,2.9360998,2.8684235,149.94719375638866,2.28661278091105,2025052800164,95,60824.033084296345,r,149.9471910146128,2.2866081929924706,62.275047302246094,16684.1,267.474,False,16067.8,0.375463,16997.1,269.822,False,123.269,5.37907,20.844243064856094,0.017406165832767134,20.885108969899637,2.5370852714394733e-05,20.824062951129164,0.017235617320909762,26.172865342600435,0.04737809967134507
2003 BF13,174492,MBO,MBO,21163619965285190,745319372244910106,20.068016,2.9361,2.8684306,149.94731307462308,2.28659217468654,2025052800165,92,60824.03361075795,r,149.9473130122906,2.2865948614444735,61.04020690917969,16076.4,262.088,False,15293.8,0.165351,16414.0,263.862,False,107.141,5.48732,20.88452796507136,0.01770038300255013,20.938711497524213,1.173858512510376e-05,20.86196392728193,0.017453669180562015,26.325110772898785,0.055606929161227205
2003 BF13,174492,MBO,MBO,21163619965285190,745319372380176395,20.068003,2.9361002,2.8684378,149.94743285224348,2.2865714894234523,2025052800166,94,60824.03413813954,r,149.94743808196108,2.286574992883577,59.18811798095703,15972.7,268.89,False,15317.8,1.13601,16301.0,269.436,False,74.6753,5.25318,20.891554149729316,0.018277662538700182,20.93700902691923,8.052117515706124e-05,20.869464381450147,0.017945918968258718,26.717057551275513,0.0763782361738046
2003 BF13,174492,MBO,MBO,21163619965285190,745319372514394130,20.06799,2.9361005,2.868445,149.94755195514622,2.286550920981905,2025052800167,94,60824.03466371316,r,149.94755259584926,2.286560263105042,54.679168701171875,15332.7,278.79,False,14486.5,0.0431029,15583.4,280.166,False,30.3877,4.864,20.935953390316826,0.01974162423749659,20.99759132312241,3.2304822152706865e-06,20.918344426711116,0.019519895898706025,27.693255455640163,0.17378810774801398
2003 BF13,174492,MBO,MBO,21163619965285190,745319372783353879,20.067965,2.9361007,2.8684592,149.9477890439477,2.2865099779054203,2025052800169,95,60824.03570848347,r,149.94779179589537,2.2865095264432935,58.3792724609375,15404.4,262.801,False,14823.6,0.197939,15523.0,264.427,False,-41.3103,5.15947,20.930888004339835,0.018522795275678093,20.972615809942575,1.44977965756631e-05,20.922560856286886,0.018495005445864614,nan,nan
2003 BF13,174492,MBO,MBO,21163619965285190,745319372917571617,20.067951,2.936101,2.8684664,149.9479081641339,2.286489407397909,2025052800170,95,60824.036233814564,r,149.9479027126545,2.2864882964405076,60.01111602783203,15950.5,264.234,False,15930.3,1.04509,15953.9,264.332,False,-53.7416,5.52113,20.893064246432758,0.017986171585258327,20.8944401269918,7.122854063135918e-05,20.89283280956633,0.017989006841235496,nan,nan
2003 BF13,174492,MBO,MBO,21163619965285190,745319373051789362,20.067938,2.9361012,2.8684735,149.9480275172494,2.286468796983081,2025052800171,95,60824.03675923546,r,149.94802689699574,2.2864706023409544,52.80335235595703,15215.6,286.779,False,15065.0,0.110327,15359.2,288.688,False,-72.532,4.73999,20.944277321226778,0.020463625624061923,20.955077159976558,7.951278859684234e-06,20.93407849718804,0.020407247563021064,nan,nan
2003 BF13,174492,MBO,MBO,21163619965285190,745319373318651939,20.067911,2.9361017,2.8684878,149.94826465248434,2.286427848396844,2025052800173,92,60824.037804515276,r,149.9482723038365,2.28642524078996,49.905033111572266,15589.0,310.613,False,15236.4,1.23903,15845.4,314.762,False,-47.5316,4.61934,20.917954357379262,0.021633445822406144,20.94279405807146,8.829249029587325e-05,20.90024195583518,0.021567677919159603,nan,nan
2003 BF13,174492,MBO,MBO,21163619965285190,745319373452869677,20.067898,2.936102,2.868495,149.94838402328153,2.2864072359005445,2025052800174,92,60824.03833093225,r,149.94838716366476,2.2864022452110717,51.25788497924805,16037.2,312.853,False,15452.2,0.302885,16292.9,316.844,False,-25.4004,4.45683,20.887178623462013,0.021180494181305944,20.927524184667075,2.128196643911954e-05,20.87000399402909,0.02111404277022361,nan,nan
2003 BF13,174492,MBO,MBO,21163619965285190,745319373860765764,20.06786,2.9361024,2.8685167,149.94874217131252,2.2863453942772844,2025052800177,102,60824.039908189545,r,149.94873856465725,2.2863504633634473,53.53350067138672,15441.2,286.629,False,15001.8,0.154666,15598.9,286.425,False,13.4841,4.86222,20.92829736590359,0.02015409918345851,20.95964158596839,1.1193755759932908e-05,20.917265037946454,0.019936147510829214,28.57544506085257,0.39150465733134715
2003 BF13,174492,MBO,MBO,21163619965285190,745319373990789152,20.067846,2.9361026,2.8685238,149.94886156597306,2.286324779020948,2025052800178,94,60824.04043414835,r,149.94887109122027,2.286320668662433,55.17635726928711,16059.9,289.838,False,15390.6,0.86853,16452.0,293.285,False,41.3119,4.72771,20.88564288175543,0.019594618661654132,20.931861149906332,6.127080576188557e-05,20.859453247907155,0.019355102527873373,27.359812047961718,0.12425101550279372
2003 BF13,174492,MBO,MBO,21163619965285190,745319374125006914,20.067833,2.9361029,2.868531,149.9489802857146,2.286304280646964,2025052800179,94,60824.04095713925,r,149.94898475001477,2.286294961608011,59.20416259765625,16443.8,277.34,False,15439.2,0.111156,16654.8,278.755,False,51.2771,4.96407,20.85999448348255,0.018311951054216367,20.928438003485034,7.816861876331346e-06,20.846151394541177,0.018172201819401372,27.125191369568807,0.1051087209079392
2003 BF13,174492,MBO,MBO,21163619965285190,745319374258176059,20.06782,2.936103,2.8685384,149.9491019626149,2.2862832720484736,2025052800180,92,60824.04149341594,r,149.94909464104492,2.286282960429489,57.813323974609375,16054.6,275.605,False,15522.6,0.145816,16391.0,277.761,False,82.626,4.89081,20.886001302417057,0.018638542593480942,20.922588861453683,1.0199174918407953e-05,20.863486374274835,0.018398826131765793,26.607208185534542,0.06426705318921828
2003 BF13,174492,MBO,MBO,21163619965285190,745319374397636679,20.067806,2.9361033,2.8685455,149.94922160262954,2.2862626154998247,2025052800181,102,60824.04202079975,r,149.94922504279333,2.2862616494055312,58.95250701904297,16259.8,277.397,False,15448.9,1.42611,16591.3,278.749,False,99.3573,5.03067,20.872212014667724,0.018522981405367882,20.927756067503836,0.00010022585760427817,20.85029890836087,0.01824135898946827,26.40700054915512,0.05497311968196288
2003 BF13,174492,MBO,MBO,21163619965285190,745319374528184350,20.067793,2.9361036,2.8685527,149.9493412487722,2.2862419582577806,2025052800182,95,60824.04254722603,r,149.94934224750864,2.2862474714357743,57.410579681396484,16594.1,286.551,False,15747.9,0.261248,16931.1,289.236,False,109.177,5.07428,20.85011576824518,0.018748759918697757,20.906943352233526,1.8011696598194655e-05,20.828287088074408,0.01854776098111757,26.304672089443418,0.050462360911704335
2003 BF13,174492,MBO,MBO,21163619965285190,745319374662402051,20.06778,2.9361038,2.8685598,149.9494599928562,2.286221457123385,2025052800183,95,60824.0430702788,r,149.94945092105667,2.2862183429276595,60.120689392089844,17272.2,284.67,False,16950.8,0.303705,17665.7,288.154,False,69.0056,4.84246,20.806630903655257,0.017894452007706875,20.82702445063407,1.9452976041987744e-05,20.782172920645717,0.017709982348242018,26.802789159395623,0.07619141508473405
2003 BF13,174492,MBO,MBO,21163619965285190,745319374798192641,20.067766,2.936104,2.868567,149.94957919714224,2.286200876904644,2025052800184,98,60824.04359566094,r,149.9495784607351,2.286201265726141,57.742469787597656,16991.8,293.497,False,16595.1,0.859331,17336.2,297.903,False,12.5597,4.89548,20.824401481032666,0.01875377030739896,20.850050341164643,5.622182531675701e-05,20.80261527742279,0.018657151141336852,28.652551833941125,0.42319482470268527
2003 BF13,174492,MBO,MBO,21163619965285190,745319374930837520,20.067753,2.9361043,2.8685741,149.9496988617201,2.2861802175944943,2025052800185,95,60824.044122991545,r,149.94970159850538,2.286181171877088,59.25688552856445,17244.3,288.63,False,16536.0,0.578694,17396.8,291.062,False,-44.5133,4.77301,20.808386026581747,0.018172731388536433,20.85392384095192,3.799643275337399e-05,20.798826524522692,0.018165211404465784,nan,nan
2003 BF13,174492,MBO,MBO,21163619965285190,745319375066628113,20.06774,2.9361043,2.8685815,149.94981830536673,2.286159596806935,2025052800186,98,60824.044648688796,r,149.94981608409142,2.286157172041451,59.60456848144531,17178.5,284.991,False,15980.9,0.37353,17498.9,287.982,False,-64.2128,5.39708,20.812536901926006,0.01801234355819359,20.89099688864017,2.5377484067660804e-05,20.792473102468257,0.01786812147662594,nan,nan
2003 BF13,174492,MBO,MBO,21163619965285190,745319375198748716,20.067726,2.9361045,2.8685887,149.94993730112728,2.286139053724211,2025052800187,94,60824.045172979844,r,149.94994328292384,2.286135614944472,56.07802963256836,17027.5,302.375,False,16436.7,0.107345,17285.2,305.204,False,-73.8739,4.7805,20.822122777613384,0.019280545289310783,20.860463480221437,7.0907395244200465e-06,20.805814026693113,0.019170796894577447,nan,nan
2003 BF13,174492,MBO,MBO,21163619965285190,745319375335063579,20.067713,2.9361048,2.8685958,149.950057438565,2.2861183139365315,2025052800188,98,60824.04570146889,r,149.95006001411411,2.286114796033053,60.64356231689453,17348.5,283.751,False,16217.4,0.330605,17598.5,286.506,False,-84.6909,5.61023,20.801845173924093,0.017758235093721136,20.87504690220634,2.213362250469764e-05,20.786310868743705,0.017675935452963382,nan,nan
2003 BF13,174492,MBO,MBO,21163619965285190,745319375467708459,20.0677,2.936105,2.868603,149.95017758221337,2.2860975734734,2025052800189,95,60824.04623003084,r,149.95017409778006,2.2860954613392717,59.21097946166992,17433.1,291.804,False,16960.6,0.636883,17548.8,294.23,False,-103.833,5.03027,20.796563470898533,0.01817359843935023,20.82639699540467,4.077019500317998e-05,20.789381390570966,0.018203874979056192,nan,nan
2003 BF13,174492,MBO,MBO,21163619965285190,745319375599829020,20.06768,2.9361053,2.8686135,149.9503520177351,2.2860674612893024,2025052800190,91,60824.046998932594,r,149.9503447665813,2.2860581925779515,53.20954132080078,17606.8,329.185,False,17444.7,0.356152,17866.1,333.225,False,-136.529,4.62596,20.78579887431685,0.020299432835816263,20.79584128562613,2.2166453764744537e-05,20.76992562251511,0.020250332269920217,nan,nan
2003 BF13,174492,MBO,MBO,21163619965285190,745319375734571027,20.067667,2.9361055,2.8686206,149.9504708141491,2.2860469543768787,2025052800191,92,60824.04752198832,r,149.95047491388522,2.286045912041437,58.53434371948242,18150.8,309.779,False,17849.8,0.0291295,18213.2,313.336,False,-114.983,4.66924,20.75276052475061,0.01853021642487264,20.77091656653866,1.7718378315097347e-06,20.74903440500537,0.018678774320627443,nan,nan
2003 BF13,174492,MBO,MBO,21163619965285190,745319375868788755,20.067654,2.9361057,2.8686278,149.9505900711324,2.2860263683639315,2025052800192,92,60824.0480465993,r,149.9505965242939,2.286025257169322,64.03773498535156,17957.3,278.503,False,16959.6,0.87718,18178.3,280.761,False,-86.5142,5.21884,20.764397357354817,0.016838877058668763,20.82646101249361,5.615616433246448e-05,20.7511167873583,0.016769024311362846,nan,nan
2003 BF13,174492,MBO,MBO,21163619965285190,745319376003006511,20.06764,2.936106,2.8686352,149.95070933442446,2.286005781670996,2025052800193,92,60824.048571769206,r,149.95069968616772,2.286002029769374,63.625221252441406,17911.8,277.412,False,17200.1,0.49235,17823.3,276.562,False,-91.3555,5.34065,20.767151874287862,0.016815519663767854,20.811172594987426,3.1079019636583915e-05,20.772529659511143,0.016847237931353023,nan,nan
2003 BF13,174492,MBO,MBO,21163619965285190,745319376138797105,20.067627,2.9361062,2.8686423,149.95082883117945,2.285985155092937,2025052800194,95,60824.04909724841,r,149.9508250166976,2.285980416980809,65.83135986328125,17937.7,270.608,False,16672.7,0.0584809,18030.8,271.726,False,-97.7938,5.64206,20.765583156390424,0.016379408594697595,20.844985211450897,3.808311380537912e-06,20.759962462567913,0.01636215572825822,nan,nan
2003 BF13,174492,MBO,MBO,21163619965285190,745323760494575653,20.038261,2.9364977,2.8818696,150.1780812116734,2.246898843323479,2025052900092,94,60825.028359943615,r,150.1780817355885,2.2469012796921253,66.49884796142578,16504.3,244.932,False,15870.9,0.840822,16652.1,247.511,False,-89.4982,6.34737,20.85600717549825,0.01611286361358363,20.898496085194218,5.75210507611992e-05,20.846327499796963,0.01613800432394517,nan,nan
2003 BF13,174492,MBO,MBO,21163619965285190,745323760628793403,20.038246,2.936498,2.8818767,150.17820204317627,2.246877357631983,2025052900093,94,60825.028885205786,r,150.1782011402489,2.2468783170486173,65.97348022460938,15832.2,238.988,False,14714.2,0.347135,15944.4,240.537,False,-67.0791,7.74313,20.9011468179791,0.016389252792325917,20.980658348556272,2.5614511183086734e-05,20.89347952077022,0.016379401286279936,nan,nan
2003 BF13,174492,MBO,MBO,21163619965285190,745323760763011117,20.038233,2.9364982,2.8818839,150.17832265041108,2.246855912123187,2025052900094,94,60825.02941036766,r,150.17831504104984,2.2468587591271123,65.69576263427734,15535.2,233.876,False,14724.5,0.404393,15527.7,233.456,False,-49.0366,7.54791,20.921707864526006,0.01634530904775389,20.97989860908182,2.9818608948885794e-05,20.922232156951473,0.016323835554388898,nan,nan
2003 BF13,174492,MBO,MBO,21163619965285190,745323760898801696,20.038218,2.9364984,2.881891,150.17844326338084,2.2468344659030133,2025052900095,97,60825.02993560632,r,150.17844072551736,2.2468308100162093,68.19237518310547,15967.8,231.478,False,15481.9,0.752253,15950.3,231.141,False,-40.8477,6.7168,20.891887302407625,0.015739428401731564,20.92543932772041,5.275504248526625e-05,20.893077873633338,0.015733758123760353,nan,nan
2003 BF13,174492,MBO,MBO,21163619965285190,745323761032495107,20.038202,2.9364986,2.8818982,150.17856365229565,2.2468130598342158,2025052900096,96,60825.03045977649,r,150.17856132756773,2.2468083351853663,62.07845687866211,15963.3,252.374,False,14883.1,0.327934,16274.2,255.546,False,-62.6492,8.02957,20.892193324625058,0.01716509647786416,20.96826652898787,2.3923095495394288e-05,20.87125086470244,0.017048797885630778,nan,nan
2003 BF13,174492,MBO,MBO,21163619965285190,745323761165664306,20.038189,2.9364989,2.8819053,150.17868404675204,2.246791653096034,2025052900097,94,60825.03098396293,r,150.17868286639916,2.2467838310872197,52.00409698486328,16136.3,309.557,False,15313.0,0.0695915,16302.8,313.306,False,-100.517,4.41606,20.880490114344468,0.020828644350094613,20.937349293696517,4.934239596872643e-06,20.869344511181993,0.02086559800636641,nan,nan
2003 BF13,174492,MBO,MBO,21163619965285190,745323761299357734,20.038174,2.936499,2.8819125,150.1788049065414,2.2467701639414632,2025052900098,93,60825.03150921374,r,150.17880491917595,2.246770015004955,64.77265930175781,15701.9,241.022,False,15592.5,0.886179,15644.8,240.112,False,-77.18,6.42029,20.910119455089117,0.01666590084505929,20.917710618192075,6.170637113933417e-05,20.91407497459517,0.016663574754636926,nan,nan
2003 BF13,174492,MBO,MBO,21163619965285190,745323761433575447,20.038158,2.936499,2.8819196,150.17892485279958,2.246748837538362,2025052900099,93,60825.03203120518,r,150.17892915208492,2.2467445294696695,64.29429626464844,15368.0,237.733,False,14305.4,0.0903262,15421.7,237.756,False,-46.9071,9.80856,20.933456620365906,0.016795635542768778,21.01124995579577,6.8554825539076945e-06,20.929669360015748,0.01673877006106373,nan,nan
2003 BF13,174492,MBO,MBO,21163619965285190,745323761569890346,20.038143,2.9364994,2.8819268,150.17904572403356,2.246727347005041,2025052900100,97,60825.03255740818,r,150.1790424009567,2.2467224490369455,65.37987518310547,15604.0,236.062,False,15198.5,1.69037,15765.7,236.375,False,-3.8876,7.9557,20.916910145900616,0.016425343253272558,20.945498180445384,0.0001207550658924285,20.905716840880793,0.016278433068009756,nan,nan
2003 BF13,174492,MBO,MBO,21163619965285190,745323761702535281,20.03813,2.9364996,2.881934,150.1791656816902,2.246706019234984,2025052900101,94,60825.033079287,r,150.17917249781672,2.2467046202819554,64.77770233154297,15250.3,234.931,False,14377.3,0.329126,15284.1,233.297,False,26.0729,7.34955,20.94180404616322,0.01672577557960911,21.005806677448497,2.485473763646102e-05,20.93940035148731,0.016572712992868766,27.85952662046509,0.306052339327235
2003 BF13,174492,MBO,MBO,21163619965285190,745323761836228667,20.038115,2.9364998,2.881941,150.17928610469983,2.246684609064857,2025052900102,93,60825.03360386954,r,150.1792884701209,2.246684987762066,64.66014862060547,15397.2,236.641,False,15159.4,0.337568,15809.1,241.498,False,5.7092,7.0948,20.93139560866726,0.016686781037815183,20.948294940723105,2.4177065441761045e-05,20.90273216037113,0.01658558233221671,29.50856187519033,1.3492400595866394
2003 BF13,174492,MBO,MBO,21163619965285190,745323761972019215,20.0381,2.9365,2.8819482,150.17940676336875,2.2466631573394533,2025052900103,96,60825.034128061634,r,150.17940469219903,2.2466633597502894,62.41393280029297,15504.5,247.516,False,14948.5,1.8615,15613.9,247.45,False,-22.0692,7.80078,20.923855586585383,0.017332844624549617,20.96350596055725,0.00013520406542988692,20.916221488894944,0.017206810203253826,nan,nan
2003 BF13,174492,MBO,MBO,21163619965285190,745323762106236951,20.038084,2.9365003,2.8819554,150.17952742785303,2.24664170492756,2025052900104,96,60825.034653270595,r,150.1795319317319,2.2466417676365493,57.41036605834961,15132.0,261.014,False,14701.3,0.623366,15369.4,262.691,False,-51.5425,5.27691,20.950259168448234,0.018728017312052616,20.981610664311916,4.603749614840849e-05,20.933357688459886,0.018557206686860204,nan,nan
2003 BF13,174492,MBO,MBO,21163619965285190,745323762239406119,20.038069,2.9365005,2.8819625,150.17964832808283,2.246620210956169,2025052900105,94,60825.03517963602,r,150.1796459413734,2.2466293285170242,58.866878509521484,15968.4,268.021,False,16423.3,1.86632,16104.0,269.408,False,-78.1846,5.26266,20.891846466121997,0.01822349715536735,20.861348883111706,0.00012338148316554218,20.882665595298505,0.018163562348073058,nan,nan
2003 BF13,174492,MBO,MBO,21163619965285190,745323762373623832,20.038055,2.9365008,2.8819697,150.17976854453775,2.2465988389027025,2025052900106,94,60825.03570259073,r,150.17976704861402,2.2465897702637396,57.32561111450195,15950.8,275.775,False,16391.9,1.20689,15996.4,276.869,False,-125.682,5.29168,20.893043839188817,0.01877140324664938,20.863426734237585,7.993973382040495e-05,20.88994433497988,0.018792145541868997,nan,nan
2003 BF13,174492,MBO,MBO,21163619965285190,745323762507841544,20.03804,2.9365008,2.8819768,150.1798880771379,2.2465775887792074,2025052900107,94,60825.03622262055,r,150.17988436990223,2.246577142248801,53.98868942260742,16291.2,297.252,False,16503.8,1.6268,16521.3,302.653,False,-164.866,4.89487,20.870117298590174,0.01981052775987736,20.856040068520066,0.00010702235305197578,20.854889405269223,0.01988955593533379,nan,nan
2003 BF13,174492,MBO,MBO,21163619965285190,745323762642059280,20.038025,2.936501,2.881984,150.18000853518672,2.246556174494233,2025052900108,94,60825.03674677969,r,150.17999601543684,2.246552146282963,53.11019515991211,16397.7,307.476,False,16315.2,0.147813,16628.6,313.359,False,-173.062,4.52356,20.86304271017013,0.0203588220002467,20.86851898210582,9.836589901967372e-06,20.84786080923164,0.02046024493473228,nan,nan
2003 BF13,174492,MBO,MBO,21163619965285190,745323762777849886,20.038012,2.9365013,2.8819911,150.18012876906965,2.2465348004264607,2025052900109,97,60825.03726984469,r,150.1801261545832,2.2465377014742947,56.46253967285156,16723.3,292.714,False,15963.8,0.946451,17001.6,298.079,False,-146.097,4.75012,20.84169499762482,0.019004033948412553,20.892159317896663,6.43703966684027e-05,20.823775539371525,0.019035571974510265,nan,nan
2003 BF13,174492,MBO,MBO,21163619965285190,745323762908397629,20.037996,2.9365015,2.8819983,150.1802492389178,2.246513384782368,2025052900110,90,60825.037793897034,r,150.18024709570832,2.2465180132522846,63.608055114746094,16907.3,263.848,False,15648.1,0.640398,17003.0,265.22,False,-101.275,5.78843,20.829814302912474,0.016943527598641154,20.91384599501845,4.4433722887230815e-05,20.82368611295153,0.016935773542981394,nan,nan
2003 BF13,174492,MBO,MBO,21163619965285190,745323763044188161,20.037981,2.9365017,2.8820055,150.1803697145943,2.24649196847799,2025052900111,93,60825.03831789047,r,150.18036567085738,2.2464819651217036,65.38787078857422,16215.3,246.452,False,14930.2,0.259734,16326.3,246.89,False,-67.7644,6.62197,20.87518754311462,0.01650181358666393,20.964835922225177,1.8888066392919136e-05,20.867780581712356,0.016418748530704484,nan,nan
2003 BF13,174492,MBO,MBO,21163619965285190,745323763178930187,20.037958,2.936502,2.8820162,150.18055020944925,2.246459883604047,2025052900112,94,60825.03910224287,r,150.18055359589223,2.2464540745362958,60.97530746459961,16430.2,266.651,False,15802.1,0.29686,16600.1,268.632,False,-76.4242,5.7297,20.860892926610262,0.01762076295854404,20.903213012331534,2.039676169322257e-05,20.849723264889,0.01756998346765753,nan,nan
2003 BF13,174492,MBO,MBO,21163619965285190,745323763313672266,20.037943,2.9365022,2.8820233,150.1806713899491,2.2464383429711403,2025052900113,95,60825.03962907732,r,150.18066568841823,2.2464376470958896,60.64577865600586,16619.2,270.312,False,16856.5,2.59091,16667.9,270.32,False,-69.4121,5.2768,20.848474765347362,0.017659547481260956,20.833081487754104,0.00016688189983359006,20.845297759007494,0.01760846968988766,nan,nan
2003 BF13,174492,MBO,MBO,21163619965285190,745323763447365722,20.03793,2.9365025,2.8820305,150.18079257652337,2.2464168016537003,2025052900114,94,60825.04015647087,r,150.1807910531031,2.246415646661368,68.9210205078125,17700.2,251.66,False,17653.5,2.47051,17767.6,252.583,False,-51.9326,10.873,20.780054613881227,0.015436909714330984,20.7829229452378,0.0001519427964810459,20.77592810280225,0.015434752344206144,nan,nan
2003 BF13,174492,MBO,MBO,21163619965285190,745323763581583372,20.037914,2.9365027,2.8820376,150.18091307921551,2.246395382294469,2025052900115,94,60825.04068076155,r,150.18091180671655,2.2464024346408955,68.46527099609375,17595.6,252.179,False,18575.4,3.1661,17804.2,254.928,False,-34.9454,10.6686,20.786489822554234,0.015560701390452864,20.72765454074687,0.0001850592371056091,20.773693887142095,0.015546026476481367,nan,nan
2003 BF13,174492,MBO,MBO,21163619965285190,745323763717373965,20.037899,2.936503,2.8820448,150.1810333580206,2.246374003129141,2025052900116,97,60825.041203718705,r,150.18103301159755,2.246376513570131,69.01859283447266,17490.2,248.501,False,17775.8,2.3006,17616.9,249.042,False,-66.9083,14.9648,20.79301310936347,0.015426155924882584,20.775427064112293,0.00014051939486344592,20.78517625309943,0.015348552696249127,nan,nan
2003 BF13,174492,MBO,MBO,21163619965285190,745323763850018859,20.037884,2.9365032,2.882052,150.18115410286367,2.246352541531066,2025052900117,94,60825.04172892816,r,150.1811544536924,2.2463471528469476,69.2921142578125,17364.8,245.8,False,17557.7,0.833999,17482.8,246.998,False,-93.3774,12.4382,20.800825486987293,0.015368674009270222,20.78883098788392,5.1572980833883073e-05,20.793472478109205,0.015339342686057862,nan,nan
2003 BF13,174492,MBO,MBO,21163619965285190,745323763985809433,20.037868,2.9365034,2.882059,150.18127508377071,2.246331038384328,2025052900118,97,60825.04225404642,r,150.18126817151372,2.2463254819278022,68.46544647216797,17383.3,248.93,False,18185.7,0.637493,17566.9,249.846,False,-77.7193,15.5293,20.799669388047633,0.015547812748531233,20.75067499044029,3.806008433434127e-05,20.78826215317716,0.015441929664735088,nan,nan
2003 BF13,174492,MBO,MBO,21163619965285190,745323764117930049,20.037855,2.9365036,2.8820662,150.18139630090417,2.246309493666588,2025052900119,93,60825.042781189695,r,150.1813970389047,2.2463087959701515,68.51004028320312,18163.7,259.925,False,18440.3,1.4426,18232.4,260.04,False,-63.1159,15.377,20.751989245995983,0.015537031656900685,20.735579998529754,8.493804306142913e-05,20.747890376116793,0.015485336319621963,nan,nan
2003 BF13,174492,MBO,MBO,21163619965285190,745323764253196319,20.037832,2.936504,2.882077,150.18157503273076,2.2462777272528296,2025052900120,95,60825.04355816226,r,150.18157151475677,2.2462736421451215,58.8686637878418,17222.2,285.094,False,19335.2,5.69366,17296.7,286.564,False,-72.5341,8.62765,20.80977847837564,0.017973132656634368,20.684128372119506,0.00031971806927868406,20.805091916723498,0.017987993015838522,nan,nan
2003 BF13,174492,MBO,MBO,21163619965285190,745323764386889757,20.037817,2.9365041,2.8820841,150.181695805129,2.2462562626242604,2025052900121,94,60825.04408396741,r,150.18169245304395,2.246262829825486,64.00023651123047,17918.6,272.681,False,18997.2,6.41595,18039.7,273.949,False,-97.9373,14.7119,20.766739836808327,0.016522476099621142,20.703276057289308,0.00036668715892648036,20.759426769635706,0.016487877625734233,nan,nan
2003 BF13,174492,MBO,MBO,21163619965285190,745323764521107495,20.037794,2.9365044,2.8820956,150.18189043423595,2.24622167249724,2025052900122,94,60825.044929514916,r,150.18188534588495,2.246227465495106,66.59768676757812,17867.4,266.907,False,18081.8,0.621787,17938.0,267.722,False,-120.911,7.70345,20.769846575945465,0.016218957482156356,20.756895799915018,3.733569893480491e-05,20.765564950802798,0.01620445154285719,nan,nan
2003 BF13,174492,MBO,MBO,21163619965285190,745323764655325250,20.037779,2.9365046,2.8821027,150.18201076269517,2.2462002878894736,2025052900123,94,60825.04545278364,r,150.18201339022934,2.2462037743198944,69.70037841796875,18372.4,257.246,False,20015.8,5.01248,18553.3,259.121,False,-82.4536,11.3579,20.73958524637496,0.015202221385147985,20.646567575485847,0.00027189672971500846,20.72894703674515,0.015163719750778893,nan,nan
2003 BF13,174492,MBO,MBO,21163619965285190,745323764789542956,20.037764,2.9365048,2.8821099,150.18213109735407,2.2461789026151027,2025052900124,94,60825.04597517384,r,150.18212784517024,2.2461781953530053,67.80685424804688,18170.3,261.598,False,19451.0,1.10144,18455.3,263.841,False,-58.6171,9.99281,20.751594708896125,0.0156313543933196,20.677645165367803,6.148132405412077e-05,20.734697180888684,0.015521921485107306,nan,nan
2003 BF13,174492,MBO,MBO,21163619965285190,745323764925333537,20.037748,2.936505,2.882117,150.18225097802272,2.246157598458164,2025052900125,97,60825.04649620871,r,150.18225384330398,2.24615498969677,72.18286895751953,18544.4,251.836,False,19022.9,0.879858,18700.0,253.38,False,-69.5399,14.4421,20.729468011156946,0.014744475718355597,20.701808165445442,5.02180889586847e-05,20.720395983658754,0.01471143555417439,nan,nan
