provid,permid,orbit_class,population,ssObjectId,diaSourceId,phaseAngle,helioRange,topoRange,ephRa,ephDec,visit,detector,midpointMjdTai,band,ra,dec,snr,psfFlux,psfFluxErr,psfFlux_flag,trailFlux,trailFluxErr,scienceFlux,scienceFluxErr,forced_PsfFlux_flag,templateFlux,templateFluxErr,psfMag,psfMagErr,trailMag,trailMagErr,scienceMag,scienceMagErr,templateMag,templateMagErr
2007 TV110,nan,MBO,MBO,21163637448257622,745424942306689098,15.814519,2.440328,1.5794718,226.4937093663724,-41.85501175808651,2025062100291,157,60848.05006643802,g,226.493657930846,-41.854989059515034,8.38147258758545,6223.71,740.516,False,6661.5,11.022,6241.89,746.659,False,60.9175,49.071,21.91487663664754,0.12918420474384662,21.841069919426605,0.0017964399592386108,21.911709699011986,0.12987647770802402,26.93814482823229,0.8745953260769243
2007 TV110,nan,MBO,MBO,21163637448257622,745433742109049404,16.37649,2.4370615,1.5892035,226.28237813522972,-41.62185563476021,2025062300319,64,60850.07467867204,r,226.28235665637393,-41.62185542525364,46.3232536315918,9351.74,200.417,False,9195.17,1.18472,9034.13,188.454,False,-163.281,14.1325,21.47276891296251,0.023268396638506328,21.491100602048768,0.0001398879466255336,21.510284174799832,0.02264870305016406,nan,nan
2007 TV110,nan,MBO,MBO,21163637448257622,745433745197629948,16.379583,2.4370441,1.589258,226.28122558782127,-41.62058959144399,2025062300342,67,60850.08557360824,r,226.28120523841423,-41.62059014897891,51.21484375,9608.38,185.562,False,9390.41,0.343967,9587.97,176.201,False,-126.762,16.0339,21.44337458683037,0.02096829853117819,21.468288595291625,3.977008552775858e-05,21.445683364737285,0.019952900858487426,nan,nan
2007 TV110,nan,MBO,MBO,21163637448257622,745433745466589235,16.379847,2.4370425,1.5892625,226.2811279239784,-41.62048202472135,2025062300344,68,60850.08649710279,r,226.28111676746255,-41.62047960075642,47.006431579589844,9679.58,204.586,False,9314.25,1.61252,10002.0,193.508,False,32.3224,17.1089,21.43535870737697,0.022947940282884684,21.47713027381277,0.0001879669670251429,21.399782874470876,0.021005662541395163,27.626241027669465,0.5747021484908561
2007 TV110,nan,MBO,MBO,21163637448257622,745433747205128563,16.381977,2.4370306,1.5893002,226.2803346083697,-41.61960651601876,2025062300357,56,60850.09400891409,g,226.2803052341472,-41.61960347602303,44.99102783203125,6704.76,148.557,False,6267.41,0.407689,7680.95,143.339,False,1013.87,7.73707,21.83404194622094,0.024056599554725864,21.907279707415,7.06260962858952e-05,21.686462627312192,0.020261600817648783,23.8850443236086,0.008285497301421066
2007 TV110,nan,MBO,MBO,21163637448257622,745464541823893993,18.282824,2.425708,1.6290528,225.84882561023872,-40.788723128318345,2025063000419,2,60857.21840192778,g,225.84880848003797,-40.78870803138175,28.587390899658203,5481.65,191.006,False,5522.73,0.0915334,5445.87,193.654,False,-100.885,2.84089,22.052721762713432,0.03783206327330137,22.04461547489352,1.7994927654361002e-05,22.059831801752622,0.038608553275482516,nan,nan
2007 TV110,nan,MBO,MBO,21163637448257622,745464541958111578,18.282936,2.4257073,1.6290555,225.84881192823136,-40.78867054600252,2025063000420,2,60857.21883607846,g,225.84874872301438,-40.788677565541846,26.74819564819336,5370.36,199.205,False,5723.94,1.59194,5245.77,204.179,False,-99.9762,2.77011,22.0749915290468,0.040273666600200146,22.00576232933721,0.0003019645490241613,22.100476883219432,0.042259674490814296,nan,nan
2007 TV110,nan,MBO,MBO,21163637448257622,745464542116446660,18.283049,2.4257069,1.6290582,225.8487982593224,-40.78861796071245,2025063000421,48,60857.219271350696,g,225.84876568882976,-40.78863721918598,27.74224853515625,5252.9,188.228,False,5290.87,0.0265595,5211.98,190.931,False,-75.4167,2.68719,22.099002187252626,0.03890535793611613,22.091182249014835,5.450258675289298e-06,22.10749315276924,0.03977388628168869,nan,nan
2007 TV110,nan,MBO,MBO,21163637448257622,745464542366531794,18.28328,2.4257054,1.6290638,225.8487703652637,-40.78851048406973,2025063000423,13,60857.22016088512,g,225.84876360147334,-40.78852026196078,26.16869354248047,5304.69,202.728,False,5309.67,0.238729,5319.03,205.893,False,-5.38735,2.69647,22.088349988724033,0.0414933065463796,22.087331190499686,4.8815975821257e-05,22.085418944346703,0.04202749359699058,nan,nan
2007 TV110,nan,MBO,MBO,21163637448257622,745464542782292189,18.283623,2.4257033,1.6290722,225.8487288928391,-40.78835027406184,2025063000426,38,60857.221485952716,g,225.8487168531098,-40.78836135155359,30.743276596069336,5640.89,183.158,False,5903.02,1.21361,5731.35,186.132,False,62.4257,2.80021,22.02163089653009,0.03525352774831301,21.97231435976964,0.0002232180085292948,22.004357654987054,0.03526049742717738,26.91159142780347,0.04870252670526321
2007 TV110,nan,MBO,MBO,21163637448257622,745464542918607212,18.283735,2.4257026,1.6290749,225.84871527281703,-40.78829755003083,2025063000427,42,60857.22192128851,g,225.84870151511828,-40.788296139981234,29.728187561035156,5419.04,181.251,False,5330.93,1.13864,5541.5,184.011,False,74.7644,2.80319,22.06519410038023,0.03631469395265031,22.08299251450521,0.00023190375440969622,22.040931656072786,0.03605294712563714,26.715762917501337,0.040708211391694255
2007 TV110,nan,MBO,MBO,21163637448257622,745464543046533340,18.283848,2.4257019,1.6290777,225.8487017284571,-40.78824506499653,2025063000428,30,60857.22235545619,g,225.84870384260972,-40.78827549629821,22.203895568847656,5442.84,243.839,False,5559.23,0.137729,5396.94,250.814,False,78.3254,2.81284,22.060436111662277,0.04864093799119612,22.037463398019923,2.6898935039760746e-05,22.069631037133142,0.05045782209554757,26.665243428249347,0.03899121049955757
2007 TV110,nan,MBO,MBO,21163637448257622,745464543338037587,18.284077,2.4257004,1.6290833,225.84867421229268,-40.7881382722041,2025063000430,74,60857.223238299455,g,225.84862159319744,-40.78816520665522,26.626605987548828,5290.22,198.145,False,5350.45,0.646591,5542.27,201.677,False,45.5301,2.85364,22.091315623267,0.04066620975945878,22.07902418554777,0.0001312090087963612,22.040780798001332,0.039508725110095504,27.25425344721661,0.06804949316596906
2007 TV110,nan,MBO,MBO,21163637448257622,745464543433982066,18.28419,2.4257,1.629086,225.84866067685525,-40.7880856576814,2025063000431,1,60857.22367359555,g,225.84864738964595,-40.78812398254263,22.849838256835938,5408.47,235.736,False,5578.34,2.31873,5473.35,242.032,False,45.0528,2.62287,22.067313894166347,0.047323381950993115,22.033737577913612,0.00045130438560604815,22.054366929334304,0.04801134550197313,27.265695550550248,0.06320905546550938
2007 TV110,nan,MBO,MBO,21163637448257622,745464543990251653,18.28464,2.425697,1.629097,225.84860666803215,-40.7878751716104,2025063000435,38,60857.22541367485,g,225.84860646230086,-40.7878764795872,32.212459564208984,5417.11,167.645,False,5324.38,0.62376,5358.25,167.978,False,-19.5308,2.97168,22.06558089121799,0.03360062012388098,22.084327415335824,0.00012719580752447703,22.077442568417332,0.034037193627942136,nan,nan
2007 TV110,nan,MBO,MBO,21163637448257622,745464544373506059,18.284985,2.425695,1.6291053,225.8485653440323,-40.78771352724423,2025063000438,1,60857.22674946219,g,225.8485875819079,-40.78772670911344,20.30516815185547,4860.56,237.069,False,5069.77,0.255894,5215.78,245.824,False,-55.314,2.78066,22.18328421555664,0.052955707467453095,22.137529352906256,5.480197031875674e-05,22.106701882967183,0.05117164323627314,nan,nan
2007 TV110,nan,MBO,MBO,21163637448257622,745464544509296701,18.285103,2.4256942,1.6291082,225.84855142258408,-40.78765895442167,2025063000439,4,60857.227200629015,g,225.84854912306056,-40.78765996069958,25.794275283813477,5301.01,205.588,False,5443.22,1.73884,5318.13,212.238,False,-62.9382,2.61535,22.089103489267387,0.0421078892417844,22.060360237991603,0.000346839086116054,22.085602650634506,0.04332998494962346,nan,nan
2007 TV110,nan,MBO,MBO,21163637448257622,745464545203454730,18.285675,2.425691,1.6291221,225.8484832595463,-40.78739088898878,2025063000444,48,60857.229415438866,g,225.8484548671856,-40.787392330172636,30.774765014648438,5128.41,165.954,False,4977.93,0.0208782,5056.94,164.666,False,-44.8317,3.30524,22.125043121031606,0.03513413610371773,22.15737799857006,4.553743478461856e-06,22.14028051055515,0.03535415495573274,nan,nan
2007 TV110,nan,MBO,MBO,21163637448257622,745464545468219623,18.2859,2.4256895,1.6291276,225.8484565515908,-40.78728545964606,2025063000446,41,60857.23028681749,g,225.84844481556414,-40.78728018260054,24.44765853881836,5070.91,206.729,False,5252.32,0.439684,4940.02,210.777,False,-117.279,2.66315,22.137285209969555,0.044262895061936224,22.099122091802734,9.088952259744446e-05,22.16567822771399,0.04632536129527385,nan,nan
2007 TV110,nan,MBO,MBO,21163637448257622,745464546000896127,18.286707,2.4256845,1.6291473,225.8483613571092,-40.78690783996248,2025063000450,33,60857.23340559425,r,225.8483385523722,-40.786905241965016,31.458314895629883,8144.16,259.042,False,7869.92,0.135835,7730.56,257.157,False,-309.393,5.09907,21.62288423612717,0.03453410346489848,21.66007421664514,1.8739832966064265e-05,21.67947260364342,0.03611700538377404,nan,nan
2007 TV110,nan,MBO,MBO,21163637448257622,745464546137211230,18.28682,2.425684,1.62915,225.8483481056646,-40.78685504294259,2025063000451,37,60857.233841860565,r,225.8483280926809,-40.78686149755452,35.4648551940918,8923.92,249.743,False,8679.36,0.323847,8363.63,247.764,False,-336.577,4.91494,21.52361083869905,0.030385191177210426,21.553780700314228,4.051132732518345e-05,21.59401298584848,0.032163828029472076,nan,nan
2007 TV110,nan,MBO,MBO,21163637448257622,745464546401452195,18.287045,2.4256825,1.6291555,225.8483217044925,-40.786749683808274,2025063000453,29,60857.23471153538,r,225.84830676005404,-40.786742277723135,31.68507194519043,8186.35,258.659,False,8221.03,1.12306,7642.05,257.161,False,-334.961,5.0748,21.617274215611857,0.03430532947227895,21.612684381323085,0.00014832044750526176,21.691975340647268,0.036535880680040225,nan,nan
2007 TV110,nan,MBO,MBO,21163637448257622,745468900637409676,18.476746,2.4245021,1.6338034,225.83357534278863,-40.69987470321191,2025070100126,179,60857.98743670322,i,225.83355710348735,-40.69982486732669,18.587858200073242,8826.09,470.701,False,8571.88,3.36616,8531.35,478.217,False,-157.464,6.22797,21.53557914009022,0.057903002821167004,21.567309808318758,0.00042636641456590154,21.57245565140685,0.06085995133271362,nan,nan
2007 TV110,nan,MBO,MBO,21163637448257622,745468900755374352,18.476866,2.4245014,1.6338062,225.83356199990865,-40.69982217696698,2025070100127,148,60857.98789705879,i,225.8335495211044,-40.69982295533273,21.697084426879883,8550.74,391.532,False,8412.13,0.20543,8431.24,393.574,False,-199.198,6.76108,21.569990717334893,0.0497150504071259,21.587735076128908,2.65144253308664e-05,21.58527134003144,0.05068264392180154,nan,nan
2007 TV110,nan,MBO,MBO,21163637448257622,745468901038489835,18.477098,2.4245002,1.6338118,225.8335361156314,-40.69972029611229,2025070100129,176,60857.98879158037,i,225.83350491374566,-40.69972757668388,23.049623489379883,7813.25,334.882,False,7220.96,3.91233,7770.95,331.093,False,-100.623,7.86231,21.667920698446764,0.046535500497669094,21.753512657729345,0.0005882539514963168,21.673814686153897,0.04625941926767098,nan,nan
2007 TV110,nan,MBO,MBO,21163637448257622,745468901426463154,18.477444,2.424498,1.6338199,225.83349781823136,-40.69956959469688,2025070100132,148,60857.990113633656,i,225.83347253778058,-40.6995682285613,25.514892578125,7867.3,304.718,False,7553.36,1.71269,7855.73,300.748,False,49.9153,9.13185,21.660435748881063,0.04205297357494011,21.704649559502194,0.00024618574642120333,21.662033631665224,0.04156621695835317,27.154415819342,0.1986320973799491
2007 TV110,nan,MBO,MBO,21163637448257622,745468901563302548,18.477562,2.4244974,1.6338228,225.8334846605256,-40.699517828498806,2025070100133,153,60857.99056782855,i,225.83346608394555,-40.69951584641661,21.91526985168457,7238.29,324.992,False,6873.62,1.00561,7365.01,322.016,False,95.3169,7.7946,21.75091004663107,0.04874847284701476,21.807036183976813,0.00015884310661482768,21.73206668242193,0.047471005646266246,26.452075202123233,0.08878676541662223
2007 TV110,nan,MBO,MBO,21163637448257622,745468901698568340,18.47768,2.4244967,1.6338257,225.8334715289719,-40.69946616991621,2025070100134,155,60857.99102096536,i,225.83345098596874,-40.69946580284709,22.80122947692871,7928.29,344.086,False,7985.35,2.23566,7893.69,341.329,False,137.936,7.74506,21.652051176308113,0.04712070627074933,21.64426509638821,0.00030397378405630916,21.65679984096885,0.04694803908599326,26.050805894115257,0.06096372035906899
2007 TV110,nan,MBO,MBO,21163637448257622,745468901833834606,18.477793,2.424496,1.6338283,225.83345891657316,-40.6994165579497,2025070100135,157,60857.99145541865,i,225.83342619029727,-40.699423109748416,27.78596305847168,8042.83,287.801,False,7250.74,0.877064,8257.39,284.693,False,144.002,11.3024,21.636477766485662,0.03885149342505099,21.749044134160876,0.00013133281522435626,21.60789305374771,0.03743331768020307,26.004078698480477,0.08521704266835703
2007 TV110,nan,MBO,MBO,21163637448257622,745468901943935437,18.47791,2.4244952,1.633831,225.83344612763807,-40.69936625571657,2025070100136,111,60857.99189614932,i,225.83342423316668,-40.69936421071153,24.78016471862793,7833.7,312.569,False,7435.42,0.47425,7910.1,308.634,False,150.396,8.87324,21.665082633544582,0.04332147919742774,21.721736248217105,6.925101586062029e-05,21.6545450518169,0.042362941884187294,25.95690931390776,0.06405754596525866
2007 TV110,nan,MBO,MBO,21163637448257622,745468902630228176,18.478504,2.4244916,1.6338452,225.83337973548973,-40.69910517973079,2025070100141,140,60857.99418406141,i,225.83335370264604,-40.699104005746584,25.284570693969727,8441.27,329.488,False,8788.68,4.3849,8552.07,326.772,False,99.3509,7.85034,21.583980581020572,0.04237953265986101,21.5401909088747,0.0005417019341453547,21.569821842871313,0.041485649858209524,26.40707049961341,0.08579085187534916
2007 TV110,nan,MBO,MBO,21163637448257622,745468903166574987,18.478983,2.4244888,1.6338565,225.83332644160288,-40.69889567568001,2025070100145,139,60857.996019817365,i,225.83330445732287,-40.698885558345786,20.399028778076172,7813.74,379.37,False,7840.31,5.92189,7847.02,378.965,False,64.1108,7.65481,21.66785257717684,0.05271428616037063,21.66416690512765,0.0008200709013803507,21.663238098513606,0.05243468422865812,26.882671980723533,0.12963656802330345
2007 TV110,nan,MBO,MBO,21163637448257622,745468903321239815,18.479097,2.424488,1.6338593,225.83331368587807,-40.69884553888287,2025070100146,178,60857.99645835719,i,225.83329654239301,-40.69884542057419,16.971120834350586,8035.0,468.958,False,7719.4,1.35128,8213.12,470.165,False,183.666,7.29586,21.63753529725159,0.06336834942044517,21.681041149818228,0.00019005798495726954,21.61372956388318,0.0621536230694315,25.739928078478258,0.043129262513306364
2007 TV110,nan,MBO,MBO,21163637448257622,745468903568179480,18.479342,2.4244866,1.6338651,225.83328642374067,-40.69873839249775,2025070100148,137,60857.99739695183,i,225.83327106001968,-40.69873683213657,20.010936737060547,8386.85,413.919,False,7820.97,0.433542,8286.62,411.765,False,-100.078,9.19714,21.591002861397616,0.05358470366832425,21.666848420158434,6.0185916459214006e-05,21.604056425061252,0.0539506068740009,nan,nan
2007 TV110,nan,MBO,MBO,21163637448257622,745468903840284955,18.479578,2.4244852,1.6338707,225.83326002432543,-40.69863464657582,2025070100150,144,60857.998304681336,i,225.83322725444677,-40.69862761188119,18.986143112182617,8561.71,449.604,False,8696.61,1.89232,8404.57,451.244,False,-100.644,7.19552,21.568598721357613,0.05701563672121625,21.551624969736082,0.0002362484108155467,21.58871121290226,0.058293513740097454,nan,nan
2007 TV110,nan,MBO,MBO,21163637448257622,745468904108720524,18.479813,2.4244838,1.6338763,225.83323381977556,-40.69853167470055,2025070100152,144,60857.99920588362,i,225.83322591634885,-40.69854647147976,20.390758514404297,8529.78,414.186,False,8574.31,4.9283,8333.4,410.394,False,-114.372,7.89817,21.57265539021211,0.05272078838193763,21.5670021015003,0.0006240541689868387,21.59794437837069,0.05346912624472825,nan,nan
2007 TV110,nan,MBO,MBO,21163637448257622,745468904264958275,18.47993,2.424483,1.6338791,225.83322064163295,-40.69847989335912,2025070100153,186,60857.99965874292,i,225.83318107337215,-40.69849891010534,18.21295738220215,8185.59,447.09,False,7798.02,0.581634,8291.76,446.165,False,-152.95,7.21649,21.617375050967276,0.059301993512399696,21.67003913550127,8.098223316903324e-05,21.60338322266071,0.05842155546783721,nan,nan
2007 TV110,nan,MBO,MBO,21163637448257622,745468904629338197,18.480627,2.424479,1.6338958,225.8331428119797,-40.69817410226898,2025070100156,113,60858.00233284449,g,225.8331622486136,-40.69819333788318,19.27333641052246,5000.75,255.615,False,5059.2,0.165635,4937.28,259.146,False,-107.603,3.47791,22.15241214094255,0.05549776852339676,22.139795337454416,3.554631451017604e-05,22.166280653843728,0.05698769413939316,nan,nan
2007 TV110,nan,MBO,MBO,21163637448257622,745468904779808971,18.480747,2.4244783,1.6338985,225.83312944562525,-40.69812158947339,2025070100157,144,60858.00279112785,g,225.83309594637046,-40.698139578197015,18.92770004272461,4962.99,261.982,False,4923.42,3.07007,4811.44,266.42,False,-138.118,3.09311,22.16064144839659,0.05731289467249452,22.169332803430336,0.0006770265859435745,22.194312327245925,0.060119601984701274,nan,nan
2007 TV110,nan,MBO,MBO,21163637448257622,745468905033040143,18.48099,2.4244769,1.6339043,225.83310244522625,-40.69801551372132,2025070100159,115,60858.003718579464,g,225.83307869913241,-40.69803894911921,24.723899841308594,5317.9,214.415,False,5269.92,0.102419,5183.25,216.789,False,-123.61,4.93848,22.085649603891767,0.04377632624320831,22.09548995995347,2.1100892250379224e-05,22.113494609098325,0.04541082673684349,nan,nan
2007 TV110,nan,MBO,MBO,21163637448257622,745468905465577778,18.481361,2.4244745,1.6339132,225.8330607801163,-40.69785182646066,2025070100162,172,60858.0051481855,g,225.83303090087162,-40.69785134598969,22.717164993286133,4982.2,218.265,False,4781.71,1.39906,4818.54,220.95,False,-128.706,3.5903,22.156447063951454,0.04756497185556958,22.20104192489214,0.00031767089992562223,22.19271131987204,0.04978549709728647,nan,nan
2007 TV110,nan,MBO,MBO,21163637448257622,745468905833103371,18.481716,2.4244723,1.6339216,225.8330211688768,-40.69769620571813,2025070100165,105,60858.006507750004,g,225.8329850424754,-40.697706417042085,18.596458435058594,4846.89,254.472,False,4644.5,5.26004,4851.84,255.6,False,-109.225,4.16462,22.18634206053298,0.05700345083884849,22.232652581963222,0.001229629810795666,22.18523385840669,0.057197720761634686,nan,nan
2007 TV110,nan,MBO,MBO,21163637448257622,745468906127229040,18.481949,2.424471,1.6339271,225.8329951620998,-40.69759402950823,2025070100167,154,60858.007399190305,g,225.8329926112717,-40.697582809842366,19.16771697998047,4762.11,248.044,False,4972.54,4.19341,4662.48,249.657,False,-133.539,3.15896,22.20550147378394,0.05655273939424446,22.158554278088555,0.000915615949894021,22.228457549829784,0.05813679464332235,nan,nan
2007 TV110,nan,MBO,MBO,21163637448257622,745468906368401849,18.482176,2.4244697,1.6339326,225.8329697623201,-40.69749423419692,2025070100169,102,60858.0082708691,g,225.83294975622616,-40.69749853581666,20.947423934936523,5197.89,246.425,False,4749.35,0.67197,4924.78,245.454,False,-107.323,3.64525,22.110432260106485,0.05147329792157222,22.208414538207464,0.0001536172640790728,22.169032961255873,0.05411374728000997,nan,nan
2007 TV110,nan,MBO,MBO,21163637448257622,745468906679304534,18.482414,2.4244683,1.6339382,225.8329431032782,-40.69738948591022,2025070100171,183,60858.0091840213,g,225.83291444997496,-40.69738073390592,18.135570526123047,5165.16,286.501,False,5178.63,5.98529,5110.65,294.108,False,-124.9,3.70526,22.117290519389332,0.060223595527838285,22.11446281735587,0.001254858186599026,22.12880967184784,0.06248201533391436,nan,nan
2007 TV110,nan,MBO,MBO,21163637448257622,745468906790977751,18.482533,2.4244676,1.633941,225.8329297718153,-40.69733710168798,2025070100172,140,60858.00964125115,g,225.8329214540517,-40.697348678473254,19.093063354492188,5046.86,260.92,False,5285.38,1.24822,4887.07,264.007,False,-107.401,3.71678,22.1424468855051,0.056131993516516106,22.092309481591407,0.00025641252655459064,22.177378639816375,0.05865313082507541,nan,nan
2007 TV110,nan,MBO,MBO,21163637448257622,745468906946166857,18.482647,2.4244668,1.6339438,225.8329170809666,-40.69728723296296,2025070100173,180,60858.01007654422,g,225.8329112017227,-40.69728279891696,14.761100769042969,4442.25,298.043,False,4512.26,2.42308,4500.19,301.84,False,-119.958,3.31438,22.28099250991839,0.0728450841081682,22.26401476617318,0.0005830394933774777,22.266922888470674,0.07282328442467949,nan,nan
2007 TV110,nan,MBO,MBO,21163637448257622,745468907059413184,18.48276,2.4244661,1.6339465,225.8329043598557,-40.69723724350472,2025070100174,140,60858.01051297934,g,225.8329008497798,-40.69724663676677,19.490676879882812,5328.87,273.241,False,5292.61,4.19053,5256.13,275.315,False,-102.956,4.33844,22.083412162184445,0.05567177223022606,22.09082529547185,0.0008596533777870901,22.098334778953724,0.056870639144814834,nan,nan
2007 TV110,nan,MBO,MBO,21163637448257622,745473291167203705,18.7235,2.4229646,1.6400222,225.81968622855123,-40.58612481331153,2025070200070,178,60858.971113105494,i,225.8196645514128,-40.58612173864646,23.23038673400879,7691.42,323.618,False,7780.88,10.9398,7649.64,321.279,False,20.8151,13.1596,21.68498369298342,0.04568256513605622,21.67242822261468,0.0015265287983693126,21.69089748738175,0.04560008404077079,28.10405376063556,0.6864177753137063
2007 TV110,nan,MBO,MBO,21163637448257622,745473291304043080,18.723612,2.4229639,1.6400249,225.8196778638778,-40.586075536088735,2025070200071,183,60858.97154963976,i,225.81966348790468,-40.586069482990766,22.777244567871094,7406.56,321.528,False,7325.95,1.78838,7474.24,319.137,False,17.0268,11.7953,21.725958627975267,0.047133163589607945,21.737840095414853,0.00026504533763064354,21.716082368307635,0.04635903813037086,28.322167403188207,0.7521427178715981
2007 TV110,nan,MBO,MBO,21163637448257622,745473291419910359,18.723722,2.4229631,1.6400278,225.819669476208,-40.5860261402538,2025070200072,148,60858.97198599988,i,225.81966176326785,-40.586031497780134,25.26292610168457,7756.04,306.072,False,7399.04,3.69763,7662.13,302.802,False,8.1715,13.5601,21.675899894064873,0.04284576152023352,21.727061556342075,0.0005425907501609936,21.689126226121626,0.04290753373043478,29.119245510023372,1.8017121344429092
2007 TV110,nan,MBO,MBO,21163637448257622,745473292090474764,18.72429,2.4229598,1.6400417,225.81962696216303,-40.585776022525664,2025070200077,147,60858.97419810419,i,225.81959381112367,-40.585788562270025,24.632104873657227,8042.68,322.189,False,8036.21,2.00005,8035.48,320.187,False,-60.3779,11.012,21.636498002635985,0.043494488080208026,21.63737181256041,0.0002702177743743775,21.637470441419868,0.043262957752535254,nan,nan
2007 TV110,nan,MBO,MBO,21163637448257622,745473292224168569,18.724407,2.422959,1.6400446,225.8196182632757,-40.58572489562171,2025070200078,146,60858.974650471995,i,225.81958356509452,-40.585729161697714,21.77635955810547,6971.28,312.165,False,7255.01,3.91409,6951.66,310.239,False,-71.2655,11.4916,21.79171871737652,0.04861788108942696,21.748404996606553,0.0005857565006921239,21.794778668165204,0.04845428598363913,nan,nan
2007 TV110,nan,MBO,MBO,21163637448257622,745473292363104648,18.724522,2.4229584,1.6400474,225.8196095798067,-40.58567387580536,2025070200079,155,60858.975101137185,i,225.81958639327445,-40.58567555015977,22.598297119140625,8312.1,356.617,False,9145.17,8.19582,8099.01,350.526,False,-78.1271,8.93826,21.600723152455785,0.04658173158401853,21.497020551754563,0.0009730271192312979,21.62892019342506,0.046990778006546594,nan,nan
2007 TV110,nan,MBO,MBO,21163637448257622,745473292497846453,18.724634,2.4229577,1.6400502,225.8196012008181,-40.58562466033685,2025070200080,156,60858.9755364508,i,225.81958667939148,-40.58563567283262,23.69590950012207,8002.01,333.289,False,8638.16,3.4268,7840.61,329.272,False,-97.5507,10.4432,21.64200230736304,0.04522163133223851,21.558946870387075,0.00043071681617768673,21.66412538858331,0.04559626627174715,nan,nan
2007 TV110,nan,MBO,MBO,21163637448257622,745473292608471468,18.72475,2.422957,1.640053,225.81959247136905,-40.585573402196665,2025070200081,111,60858.97598970612,i,225.8195849701984,-40.585570806120344,23.775588989257812,7853.03,329.387,False,7930.54,2.3052,7844.79,327.433,False,-110.37,9.42886,21.662406888355545,0.045540051916739016,21.65174309475795,0.0003155950534761173,21.663546688859537,0.045317449679529685,nan,nan
2007 TV110,nan,MBO,MBO,21163637448257622,745473297589207148,18.73026,2.4229236,1.6401889,225.8191751385194,-40.583137209131415,2025070200118,139,60858.99745662402,i,225.81914757800712,-40.58314139821378,28.79706573486328,8421.28,287.023,False,8032.71,0.634534,9275.7,283.355,False,685.727,10.9364,21.586554696006807,0.03700521342512264,21.637844784831756,8.576639039208756e-05,21.481633242157567,0.033167177436692605,24.309621891659887,0.017315996097921827
2007 TV110,nan,MBO,MBO,21163637448257622,745473297743872064,18.730373,2.4229228,1.6401917,225.81916646522927,-40.583086784948506,2025070200119,178,60858.99789949492,i,225.81914072274574,-40.58307818580483,24.69307518005371,8225.14,333.276,False,8215.41,1.21827,9567.44,331.321,False,1190.55,7.46129,21.612141799393008,0.0439931522021026,21.613426873588285,0.0001610047167968275,21.448010582920283,0.03759910744985789,23.71063085706732,0.006804411597625249
2007 TV110,nan,MBO,MBO,21163637448257622,745473297990811687,18.730612,2.4229214,1.6401976,225.81914838823155,-40.58298170520808,2025070200121,137,60858.998822746675,i,225.8191261911302,-40.58297365938127,25.43137550354004,7905.2,308.449,False,8192.3,3.42253,7943.67,298.954,False,999.649,7.2092,21.655217818245113,0.042363791417520225,21.616485406686312,0.00045359236744244984,21.649947025231377,0.04086086096445113,23.900381174624346,0.007830037791119505
2007 TV110,nan,MBO,MBO,21163637448257622,745473298262917234,18.730844,2.42292,1.6402034,225.8191305581633,-40.582878079250605,2025070200123,144,60858.999732900775,i,225.81910777976964,-40.582884875237404,26.787189483642578,8507.75,311.781,False,8754.75,0.463418,9389.93,306.659,False,1017.11,8.66851,21.575463200783073,0.03978865458169668,21.544390627712236,5.747162489218946e-05,21.468344149378673,0.03545828203028392,23.881580205085992,0.009253390251138074
2007 TV110,nan,MBO,MBO,21163637448257622,745473298531352805,18.731077,2.4229186,1.6402091,225.819112858009,-40.58277522458751,2025070200125,144,60859.000635239,i,225.81908848892002,-40.5827661216213,23.711261749267578,8023.35,337.227,False,7949.35,2.11003,8872.99,335.761,False,861.29,7.68842,21.63911064252662,0.045634248478810334,21.64917093953462,0.00028819159633401063,21.529824991164716,0.04108511892523488,24.062126515515672,0.009691968985700839
2007 TV110,nan,MBO,MBO,21163637448257622,745473298683920602,18.731195,2.4229178,1.640212,225.81910379943324,-40.5827225913486,2025070200126,179,60859.00109709517,i,225.81908747036155,-40.58273009585426,21.537473678588867,7984.01,368.995,False,8279.63,5.73045,9012.43,367.734,False,912.57,6.81985,21.64444735128491,0.05017920034344017,21.604972691686605,0.0007514535418993038,21.512895276263777,0.04430127511750746,23.999334522306484,0.008113961626834717
2007 TV110,nan,MBO,MBO,21163637448257622,745473299198771321,18.734264,2.4228992,1.6402879,225.81886913245896,-40.58135963189234,2025070200130,137,60859.01304083431,g,225.8188271926428,-40.58135856052997,21.25023078918457,5262.27,246.334,False,5156.74,0.843296,5916.78,249.622,False,539.709,5.59957,22.09706717750163,0.05082478490700952,22.11906186297969,0.00017755344415247156,21.9697864857441,0.045805936041390945,24.56960088075873,0.011264692336507162
2007 TV110,nan,MBO,MBO,21163637448257622,745473299718865214,18.734758,2.4228961,1.6403002,225.8188312451396,-40.58113951958248,2025070200134,105,60859.01496544499,g,225.8188206744418,-40.58114597054775,20.459495544433594,5079.43,248.168,False,5041.0,3.38251,6616.49,249.86,False,1441.83,6.58434,22.135462513283485,0.0530463009319261,22.143708256404622,0.0007285287665582933,21.84843081040861,0.04100089914349773,23.50271488909297,0.004958182756660339
2007 TV110,nan,MBO,MBO,21163637448257622,745473299887685683,18.73488,2.4228954,1.6403033,225.81882181601068,-40.58108473021131,2025070200135,171,60859.015444611985,g,225.81879634322314,-40.58106148919242,22.91710662841797,5904.81,256.422,False,5817.94,1.2577,7889.53,257.747,False,1885.27,6.01901,21.9719851696949,0.04714912810962199,21.98807691571934,0.00023471029299535783,21.65737219977028,0.03547046113788127,23.21156609694239,0.003466377271599168
2007 TV110,nan,MBO,MBO,21163637448257622,745473300029767932,18.734997,2.4228947,1.6403061,225.81881295725583,-40.5810332511974,2025070200136,186,60859.01589429082,g,225.81879197375423,-40.581054464706384,21.987730026245117,5756.19,259.841,False,5948.29,1.07143,7561.71,259.391,False,1843.0,10.0605,21.999662209378712,0.04901137519145994,21.96401965850678,0.00019556717970224774,21.70344996143664,0.03724424657923485,23.236186661952317,0.005926776584566386
2007 TV110,nan,MBO,MBO,21163637448257622,745473300964049082,18.736359,2.4228864,1.6403399,225.81870857862955,-40.58042633595744,2025070200143,176,60859.02119566854,g,225.818775072371,-40.58037030570368,15.388562202453613,5608.94,366.149,False,6562.64,59.6486,96390.8,369.697,False,90687.0,8.10634,22.027798025602657,0.07087635372726231,21.85730352422064,0.009868382982652036,18.939911073365394,0.004164229583072326,19.00613741170232,9.705191779871935e-05
2007 TV110,nan,MBO,MBO,21163637448257622,745473301079392294,18.736477,2.4228857,1.6403428,225.8186995202464,-40.58037362728166,2025070200144,140,60859.02165514418,g,225.81863456583338,-40.58032735501905,16.136110305786133,5350.29,342.142,False,5533.35,1.34703,119720.0,344.871,False,114280.0,41.6753,22.079056685624444,0.06943099383411021,22.04252962725237,0.0002643099137817212,18.70458322957961,0.0031276222273370503,18.755074420723236,0.00039594314581364756
2007 TV110,nan,MBO,MBO,21163637448257622,745473301218853103,18.736591,2.422885,1.6403456,225.81869075730208,-40.58032263087038,2025070200145,150,60859.022100203365,g,225.81869656315953,-40.580320028353164,14.467018127441406,5545.34,367.694,False,5396.19,7.64942,111407.0,369.971,False,105831.0,24.2372,22.040179582875112,0.07199174434500283,22.06978192981464,0.0015390955647699568,18.782718801050613,0.0036056165090436743,18.838467750484178,0.0002486530913126783
2007 TV110,nan,MBO,MBO,21163637448257622,745473301347303468,18.736704,2.4228842,1.6403484,225.81868221105327,-40.58027288883597,2025070200146,139,60859.02253443672,g,225.81867950536352,-40.58023139062871,18.154964447021484,6612.19,376.857,False,6406.4,8.35985,143305.0,379.143,False,136553.0,30.5273,21.849136698504726,0.06188075156805365,21.883464887892455,0.0014168006795545701,18.509346641338684,0.0028725396023321055,18.561746885476055,0.00024272329948291202
2007 TV110,nan,MBO,MBO,21163637448257622,745473301478900068,18.736824,2.4228835,1.6403514,225.8186728969577,-40.58021866992158,2025070200147,134,60859.02300724175,g,225.81868469129532,-40.58020988525422,15.768128395080566,5785.03,371.887,False,6100.66,9.05663,135574.0,375.148,False,129639.0,21.4667,21.99423600167872,0.06979586757841184,21.936557917922304,0.0016118110136238146,18.56955897564144,0.003004350221101686,18.618160819141163,0.00017978519544755372
2007 TV110,nan,MBO,MBO,21163637448257622,745473301751005359,18.737059,2.422882,1.6403573,225.8186549191596,-40.580113994303794,2025070200149,141,60859.02392051439,g,225.8186113970927,-40.58009843232226,15.777283668518066,6565.26,430.217,False,7742.14,4.00115,196276.0,436.55,False,189491.0,26.9233,21.856870214094045,0.07114755559958723,21.67784742998103,0.0005611101686910955,18.16783200322603,0.0024148552392220424,18.206028530772194,0.00015426379792675995
2007 TV110,nan,MBO,MBO,21163637448257622,745477693242343913,18.973549,2.421389,1.6465583,225.8146812189179,-40.4697982092045,2025070300100,182,60859.98260033729,i,225.81465777491172,-40.46979376503082,17.005754470825195,7981.87,462.857,False,7600.26,7.8336,8163.19,461.16,False,52.9197,8.3218,21.644738358583602,0.06296025734771268,21.697928909808027,0.0011190700639082986,21.62035024550726,0.061336085005525405,27.0909565534231,0.17073565598977228
2007 TV110,nan,MBO,MBO,21163637448257622,745477693364502841,18.973663,2.4213884,1.6465613,225.81467668648293,-40.4697468676428,2025070300101,159,60859.98305543576,i,225.81465510137923,-40.469751385601484,18.399534225463867,8286.88,448.679,False,7673.55,4.29468,8569.1,447.92,False,53.1593,8.14758,21.60402239037409,0.05878533608116839,21.687509209441608,0.000607657448151049,21.5676620219782,0.056753100977164316,27.086051830267607,0.16640780548322212
2007 TV110,nan,MBO,MBO,21163637448257622,745477693470933201,18.97378,2.4213877,1.6465642,225.814672101219,-40.469694955527466,2025070300102,106,60859.98351551601,i,225.81466560228168,-40.46967987150935,21.090824127197266,8571.26,400.35,False,7848.36,0.304833,8843.84,400.072,False,53.3568,8.63143,21.567388356787212,0.05071302329967704,21.663052729713044,4.217036741107772e-05,21.53339782703945,0.049115842527303645,27.08202555968312,0.17563751349480844
2007 TV110,nan,MBO,MBO,21163637448257622,745477693778165795,18.97401,2.4213862,1.6465701,225.81466299160516,-40.46959190215453,2025070300104,180,60859.98442810026,i,225.8146548733818,-40.46958789904752,18.413372039794922,7748.89,422.037,False,7535.96,6.67118,8340.11,427.613,False,87.6519,7.74116,21.676901241158646,0.05913373770682711,21.707153544112156,0.0009611438282354288,21.597070507471116,0.055667719407958394,26.54309664811805,0.09588905052997206
2007 TV110,nan,MBO,MBO,21163637448257622,745477694162468950,18.974358,2.421384,1.646579,225.81464926065635,-40.46943676635068,2025070300107,145,60859.985802010786,i,225.8146233423527,-40.46942275624327,20.18863868713379,8908.8,440.903,False,8947.62,3.52494,9061.64,436.755,False,232.011,7.5139,21.52545200065711,0.0537338785039349,21.520731156798217,0.0004277288197924853,21.506983030686392,0.05233056486552626,25.486228552695096,0.035162612977046384
2007 TV110,nan,MBO,MBO,21163637448257622,745477694278861271,18.974474,2.4213834,1.646582,225.81464467805392,-40.46938504165433,2025070300108,111,60859.9862603468,i,225.81462166090898,-40.46936139577345,18.92908477783203,8665.94,457.466,False,7958.22,0.897234,8996.76,458.198,False,337.106,7.48825,21.555460751659062,0.05731488767859044,21.647960118751833,0.00012240921163244627,21.514784690092558,0.055295702940516056,25.0805838340912,0.024117827019849797
2007 TV110,nan,MBO,MBO,21163637448257622,745477694549393575,18.974705,2.421382,1.646588,225.81463550463604,-40.46928157297217,2025070300110,115,60859.98717632402,i,225.81459160155805,-40.46928778932554,18.193700790405273,8146.6,445.13,False,7979.79,4.58961,8678.95,448.004,False,420.756,7.44845,21.622559004805765,0.05932459631404695,21.645021338689645,0.0006244657850238005,21.553832009626746,0.05604527613875725,24.83992417475197,0.019220288481897333
2007 TV110,nan,MBO,MBO,21163637448257622,745477694679941213,18.974821,2.4213812,1.6465908,225.81463093395143,-40.46923005494583,2025070300111,108,60859.98763237131,i,225.8145863244024,-40.46925449424395,20.87548828125,9525.98,451.186,False,9751.58,1.20496,10196.1,453.197,False,457.123,6.57193,21.4527257831588,0.05142452075388897,21.42731252136582,0.0001341596617594569,21.378914826006483,0.04825888328196276,24.7499173505591,0.015609327211595908
2007 TV110,nan,MBO,MBO,21163637448257622,745477694989795844,18.975058,2.4213798,1.6465969,225.81462152381428,-40.46912406149948,2025070300113,187,60859.98857080155,i,225.81459791567892,-40.469097925210704,12.116493225097656,7334.06,595.529,False,7876.9,18.3655,9025.75,599.703,False,580.331,6.95019,21.736638844811917,0.08816227057116895,21.65911168350075,0.002531463896835944,21.511291749919174,0.07214018362827823,24.4908105862858,0.013003050101661556
2007 TV110,nan,MBO,MBO,21163637448257622,745477695366234360,18.97541,2.4213777,1.646606,225.81460754948415,-40.468966829488735,2025070300116,137,60859.989961473344,i,225.81457682715902,-40.46898138239172,20.750385284423828,8447.59,400.857,False,7656.89,0.988669,8926.83,401.335,False,462.457,8.95556,21.58316795154991,0.05152060647465529,21.689868960611474,0.00014019186445170245,21.523256829816496,0.048812840240664346,24.73732160440847,0.021025469217485368
2007 TV110,nan,MBO,MBO,21163637448257622,745477695902056815,18.975876,2.4213748,1.6466179,225.81458895949083,-40.46875796129795,2025070300120,135,60859.991808865634,i,225.8145584232105,-40.46877414040847,20.417402267456055,7961.15,385.495,False,8374.44,1.68443,9221.21,383.636,False,1157.43,10.3199,21.64756049643011,0.05257354503883535,21.592610505927155,0.0002183843391297056,21.488030223157253,0.04517058841182623,23.741263112449403,0.00968066151796579
2007 TV110,nan,MBO,MBO,21163637448257622,745477707642962076,18.99102,2.4212816,1.6470081,225.8139809767296,-40.46192910578328,2025070300208,1,60860.05167614984,g,225.8138835489977,-40.46193387331138,12.579505920410156,5963.01,474.802,False,6866.23,7.01569,9425.71,496.251,False,542.456,2.42819,21.9613361985233,0.08645126268011669,21.808204135549843,0.0011093698424036868,21.464214820178057,0.05716255722565579,24.564088719685433,0.004860069421626875
2007 TV110,nan,MBO,MBO,21163637448257622,745477707857920304,18.991531,2.4212785,1.6470214,225.8139608237877,-40.461696561855376,2025070300209,155,60860.05369743027,r,225.81393137235008,-40.46167708555136,22.97763442993164,8770.94,378.119,False,8700.85,2.80046,9469.67,391.228,False,-17.6044,6.90488,21.542384596537204,0.046806551510579886,21.551095844704065,0.00034945563447772837,21.459162896632947,0.04485588240915884,nan,nan
2007 TV110,nan,MBO,MBO,21163637448257622,745477708208144448,18.991907,2.421276,1.6470311,225.81394605428704,-40.4615256080064,2025070300212,55,60860.05518264557,r,225.81392678324235,-40.46154267889821,31.281810760498047,9346.49,294.274,False,7924.6,0.144032,9420.4,298.661,False,-74.2984,8.0084,21.473378608648346,0.034184374411477036,21.652556611344373,1.9733583618123696e-05,21.464826595527448,0.034421793009472706,nan,nan
2007 TV110,nan,MBO,MBO,21163637448257622,745477708477628958,18.992151,2.4212747,1.6470374,225.81393646493223,-40.46141436343221,2025070300214,57,60860.05614879973,r,225.81390226316876,-40.46141601236619,27.5335693359375,8311.83,296.751,False,7468.51,1.37596,8420.71,300.727,False,-105.061,12.8137,21.600758359514764,0.03876322171614435,21.716915116991395,0.00020003047822645303,21.5866282275694,0.03877466176010051,nan,nan
2007 TV110,nan,MBO,MBO,21163637448257622,745477708630196704,18.992266,2.421274,1.6470404,225.81393196324112,-40.46136207035353,2025070300215,92,60860.05660208196,r,225.81391713330555,-40.461378446617324,27.94647979736328,8487.23,298.909,False,7849.37,0.67987,8445.23,303.036,False,-103.707,11.4948,21.578085011246422,0.03823818861900577,21.6629129809411,9.40406010595323e-05,21.58347123529145,0.03895893302447257,nan,nan
2007 TV110,nan,MBO,MBO,21163637448257622,745477708752355495,18.992386,2.4212732,1.6470436,225.81392721726093,-40.461306890496665,2025070300216,69,60860.05708121207,r,225.8138897080769,-40.46128790765016,27.01060676574707,9194.39,327.762,False,8442.76,0.48786,9200.51,335.666,False,-110.34,10.5111,21.491192738145664,0.03870437042522524,21.583788920441187,6.273863916907965e-05,21.490470273411997,0.039611360894216054,nan,nan
2007 TV110,nan,MBO,MBO,21163637448257622,745477709441269772,18.993032,2.4212692,1.6470603,225.8139019565596,-40.46101231939189,2025070300221,103,60860.059637112165,r,225.81387365466176,-40.461027762954046,27.660558700561523,9753.88,348.168,False,10508.8,7.69113,9693.71,357.59,False,-56.3416,4.90975,21.427056492414984,0.03875571635950995,21.3461172032608,0.0007946234229231384,21.433774946639602,0.04005158056594324,nan,nan
2007 TV110,nan,MBO,MBO,21163637448257622,745477709555040707,18.993156,2.4212685,1.6470636,225.81389710698767,-40.4609555937554,2025070300222,64,60860.06012984189,r,225.81387831546493,-40.46095827690846,24.516443252563477,9620.01,387.322,False,9704.67,4.31785,9617.74,397.827,False,-5.81889,4.51419,21.442061217734235,0.04371404174602012,21.432548078444352,0.0004830711638881868,21.442317392417593,0.044910255641995085,nan,nan
2007 TV110,nan,MBO,MBO,21163637448257622,745477715029131520,19.001545,2.421217,1.6472822,225.8135821357756,-40.45710883091203,2025070300263,9,60860.09333946743,r,225.81358317776466,-40.45710446025853,19.873987197875977,7401.78,368.017,False,7591.34,0.804679,7075.37,375.887,False,-221.18,5.02456,21.726659600018692,0.05398287852501025,21.69920391487468,0.00011508760192733693,21.775627092460446,0.05768095673886728,nan,nan
2007 TV110,nan,MBO,MBO,21163637448257622,745477715204767909,19.00167,2.421216,1.6472856,225.81357762845957,-40.45705076835624,2025070300264,88,60860.0938382693,r,225.81353579609058,-40.45704334337359,20.204010009765625,7257.74,354.838,False,7197.55,1.64715,7354.39,364.919,False,-184.599,4.43403,21.747996449802834,0.05308270408783819,21.75703830315974,0.00024846933765944963,21.733633338353783,0.053873369461031065,nan,nan
2007 TV110,nan,MBO,MBO,21163637448257622,745477715450659141,19.001928,2.4212146,1.6472924,225.81356842150055,-40.45693182688933,2025070300266,45,60860.09486090587,r,225.81356379714026,-40.456934857691216,22.3214054107666,7843.68,347.402,False,7795.78,2.14784,7572.2,354.921,False,-191.517,5.12345,21.66370030724709,0.048088005795723476,21.670351093281322,0.0002991346265942735,21.701944781484613,0.05089017177590508,nan,nan
2007 TV110,nan,MBO,MBO,21163637448257622,745477715608994101,19.002056,2.4212136,1.6472957,225.81356383045295,-40.45687234420828,2025070300267,91,60860.095371542004,r,225.813564166224,-40.45688907733636,22.99601936340332,8203.22,358.456,False,8110.06,0.743323,7926.63,369.057,False,-194.206,4.67162,21.615039138849134,0.047443401870692854,21.627439824083922,9.951254584976626e-05,21.652278549484592,0.05055093524806677,nan,nan
2007 TV110,nan,MBO,MBO,21163637448257622,745477715701792961,19.00218,2.421213,1.6472989,225.8135594359286,-40.456815298544,2025070300268,12,60860.09586159121,r,225.81354906295738,-40.45683005197559,19.196550369262695,7226.62,371.976,False,6890.92,6.92043,7433.11,382.729,False,-184.947,5.72394,21.752661935761182,0.0558861290985079,21.804306992282598,0.0010903858538215904,21.722073620412843,0.05590429090854244,nan,nan
2007 TV110,nan,MBO,MBO,21163637448257622,745477715837059178,19.002296,2.4212122,1.6473019,225.81355533538124,-40.45676197168063,2025070300269,14,60860.09631998818,r,225.81352354729188,-40.45676715799702,20.60434341430664,7877.58,377.133,False,8222.72,2.59886,7733.88,386.838,False,-192.938,4.96119,21.659017933472484,0.0519787730847423,21.61246128130873,0.00034315609853108775,21.67900644341818,0.05430702857092307,nan,nan
2007 TV110,nan,MBO,MBO,21163637448257622,745477715980189977,19.002415,2.4212115,1.6473051,225.81355110767035,-40.456706891628905,2025070300270,31,60860.096792678894,r,225.81352030406242,-40.45671201090174,19.111068725585938,7451.59,387.523,False,7476.28,3.38058,7299.35,400.1,False,-196.665,4.46749,21.71937764473818,0.056464160163407655,21.71578613591766,0.0004909417716512064,21.74178951461886,0.05951256705580104,nan,nan
2007 TV110,nan,MBO,MBO,21163637448257622,745477716244431206,19.002663,2.42121,1.6473116,225.8135423715937,-40.45659275070617,2025070300272,23,60860.09777297561,r,225.81351855623404,-40.45659810559609,20.257627487182617,7559.68,369.894,False,7364.02,3.65064,7337.42,377.585,False,-188.597,5.16594,21.703741444061627,0.05312490897804255,21.732212598776883,0.0005382429732385631,21.73614156365472,0.05587218667611801,nan,nan
2007 TV110,nan,MBO,MBO,21163637448257622,745477716372881796,19.002779,2.4212093,1.6473147,225.8135382197028,-40.45653834887455,2025070300273,12,60860.098239063474,r,225.81351629642722,-40.4565215599254,18.855106353759766,6899.43,365.13,False,6625.41,0.47868,6785.43,372.889,False,-193.502,6.72856,21.802966940451395,0.05745907352412508,21.846968077220406,7.844347898465895e-05,21.82105653543216,0.059665943851036955,nan,nan
2007 TV110,nan,MBO,MBO,21163637448257622,745477716517060979,19.002901,2.4212086,1.6473179,225.81353395089693,-40.45648230918936,2025070300274,31,60860.098720346854,r,225.8135032351229,-40.45649055575169,18.002771377563477,7066.01,388.366,False,7238.65,0.641533,7041.95,399.525,False,-214.143,5.03696,21.777064416703073,0.05967484308224749,21.750856068843653,9.622452151625464e-05,21.780767627083016,0.0615992358008908,nan,nan
2007 TV110,nan,MBO,MBO,21163637448257622,745477716648657047,19.003023,2.4212077,1.647321,225.8135296632529,-40.45642591295409,2025070300275,26,60860.099204957616,r,225.81345683296894,-40.456421055937085,18.22649574279785,7718.23,421.529,False,7854.15,3.92211,7525.32,437.534,False,-248.815,4.11462,21.681205712195805,0.05929718197063042,21.66225203537617,0.0005421817722644564,21.70868759483637,0.06312642013868805,nan,nan
2007 TV110,nan,MBO,MBO,21163637448257622,745477717061796608,19.003693,2.4212036,1.6473386,225.8135062578206,-40.45611607393353,2025070300278,46,60860.10186211521,z,225.8134759704749,-40.456125286434705,14.998680114746094,9101.2,585.303,False,8398.07,5.14544,8820.14,592.755,False,-304.076,23.0112,21.502253331331467,0.06982426722735809,21.5895512339252,0.0006652231286313157,21.53631134667564,0.07296659633579176,nan,nan
2007 TV110,nan,MBO,MBO,21163637448257622,745477717593948171,19.00424,2.4212003,1.647353,225.8134872955497,-40.455862496641856,2025070300282,37,60860.104036669974,z,225.81350589726517,-40.45585772840675,13.988760948181152,8149.69,579.877,False,7513.09,3.40884,7496.04,581.467,False,-383.812,29.6326,21.622147284683138,0.07725367137980788,21.710453544268383,0.000492620348906788,21.712920255975234,0.08422043488912874,nan,nan
2007 TV110,nan,MBO,MBO,21163637448257622,745477717888598591,19.00449,2.4211986,1.6473595,225.8134787589414,-40.45574755892295,2025070300284,87,60860.10502169024,z,225.81347158495694,-40.45571691232788,14.079658508300781,8533.85,598.606,False,7385.06,12.9634,7804.04,600.235,False,-455.085,18.8654,21.572137537273342,0.07615885631342822,21.729114921154352,0.0019058521504895782,21.66920127774938,0.08350762575494747,nan,nan
2007 TV110,nan,MBO,MBO,21163637448257622,745477718160703776,19.004736,2.4211972,1.647366,225.8134702915208,-40.45563305936352,2025070300286,94,60860.106002778644,z,225.81343143328377,-40.45562420196204,14.671258926391602,8626.78,573.911,False,8332.52,8.97592,8184.03,578.802,False,-452.585,25.4218,21.560378158564994,0.07223042003176378,21.598059149222838,0.0011695719377877326,21.617581996777904,0.07678690149036345,nan,nan
2007 TV110,nan,MBO,MBO,21163637448257622,745477718533996672,19.005106,2.4211948,1.6473757,225.81345766861455,-40.45546143171064,2025070300289,38,60860.10747203736,z,225.81346123133636,-40.4554513817098,13.898550033569336,8260.32,584.054,False,8550.97,14.0694,7793.95,585.312,False,-441.16,18.8784,21.607507779019244,0.07676803886999113,21.569961577795365,0.0017864239106345594,21.67060593437797,0.08153688774981722,nan,nan
2007 TV110,nan,MBO,MBO,21163637448257622,745477718920921665,19.005457,2.4211926,1.647385,225.8134457886605,-40.45529885207208,2025070300292,8,60860.1088643528,z,225.81342644415375,-40.45529001470953,14.696456909179688,7820.02,527.881,False,7221.49,11.5084,7466.2,519.055,False,-341.394,29.5554,21.66698033782326,0.073291307685525,21.75343292928133,0.0017302642658989934,21.717250923194833,0.07548107244196035,nan,nan
2007 TV110,nan,MBO,MBO,21163637448257622,745477719211901492,19.005697,2.4211912,1.6473913,225.8134377053883,-40.45518762971198,2025070300294,51,60860.1098161034,z,225.81343353104688,-40.45520276143504,16.80109405517578,8667.89,511.228,False,7749.23,2.27449,8250.8,505.135,False,-284.543,43.7167,21.555216565882777,0.06403620345353675,21.676853624975443,0.0003186763426469937,21.608759875920235,0.06647153989626617,nan,nan
2007 TV110,nan,MBO,MBO,21163637448257622,745477719367090385,19.005814,2.4211905,1.6473943,225.81343378644323,-40.45513352773386,2025070300295,91,60860.11027996723,z,225.81340198826152,-40.45510822018921,16.18008804321289,8668.96,532.422,False,8531.44,2.89628,8763.6,532.403,False,-262.195,22.5246,21.555082507266672,0.06668272099925006,21.57244409328521,0.00036858911875686497,21.54329368167246,0.06596025090397199,nan,nan
2007 TV110,nan,MBO,MBO,21163637448257622,745477719873552415,19.0063,2.4211876,1.6474072,225.81341754658888,-40.45490805491482,2025070300299,33,60860.112208978404,z,225.8134069079107,-40.45489696883839,12.960335731506348,8038.61,611.752,False,8459.71,14.9119,7545.74,611.583,False,-213.206,22.648,21.637047620947648,0.08262638956286797,21.58161131596144,0.0019138232062314321,21.705745374169176,0.08799902901135379,nan,nan
2007 TV110,nan,MBO,MBO,21163637448257622,745477720128880712,19.006535,2.421186,1.6474134,225.8134097097725,-40.45479849378675,2025070300301,8,60860.11314524174,z,225.81339435852104,-40.45480665426122,15.796764373779297,8369.54,522.709,False,7672.18,15.7232,8324.9,521.115,False,-141.222,32.5643,21.59324602167932,0.06780827455744619,21.687703016539274,0.0022250842569571266,21.59905238556333,0.06796398577655083,nan,nan
2007 TV110,nan,MBO,MBO,21163637448257622,745477720418287871,19.006765,2.4211848,1.6474195,225.8134020982276,-40.45469159745685,2025070300303,48,60860.1140599175,z,225.8133800345334,-40.45469002911242,17.31601905822754,9167.97,519.571,False,7979.77,1.28561,8868.71,516.387,False,-158.613,31.0806,21.494317073631656,0.061531292638673116,21.64502406256547,0.0001749214922180611,21.5303488696968,0.06321777237196473,nan,nan
2007 TV110,nan,MBO,MBO,21163637448257622,745477720808882239,19.007118,2.4211824,1.6474288,225.8133904948298,-40.45452769749816,2025070300306,25,60860.11546031776,z,225.81336424185872,-40.454540281203414,14.755635261535645,8543.54,559.038,False,7758.35,2.9187,8428.23,559.173,False,-250.016,32.6598,21.570905352296926,0.07104406612455638,21.67557656659318,0.0004084551739723073,21.585658992953544,0.07203342913396259,nan,nan
2007 TV110,nan,MBO,MBO,21163637448257622,745477720939430158,19.007235,2.4211817,1.6474317,225.8133866525616,-40.45447316858975,2025070300307,18,60860.115926589046,z,225.81339082750665,-40.45448557535982,15.39993953704834,8975.37,563.644,False,7950.87,4.80096,8689.09,568.108,False,-269.177,33.0591,21.517369083465212,0.06818311331890843,21.64896335244215,0.0006555982027354853,21.552564280552183,0.07098734201463794,nan,nan
2007 TV110,nan,MBO,MBO,21163637448257622,745504070906151093,20.36363,2.4121952,1.6879808,225.9802457362903,-39.79903238065375,2025070900021,159,60865.96076368546,i,225.9801820216067,-39.79904511666609,8.014395713806152,7614.34,942.175,False,7729.58,39.8302,7261.98,949.289,False,285.567,5.79585,21.69591935906824,0.13434565785818386,21.679610247968355,0.005594752878904808,21.74736238166713,0.14192788198825976,25.260730005109945,0.022036034527705396
2007 TV110,nan,MBO,MBO,21163637448257622,745504071011532810,20.363733,2.4121945,1.6879841,225.98026644909484,-39.79898357870528,2025070900022,104,60865.96121875044,i,225.98019579238377,-39.79898285647012,8.480401039123535,7205.14,844.786,False,8050.12,76.5407,6946.42,856.796,False,19.7121,5.87593,21.755893919841213,0.12730005797689956,21.63549409850812,0.010323201514929669,21.795597416139024,0.1339185465348204,28.1631678167382,0.3236443633599097
2007 TV110,nan,MBO,MBO,21163637448257622,745504071166722216,20.363836,2.412194,1.6879874,225.9802872950632,-39.798934449102056,2025070900023,144,60865.96167607195,i,225.98027132170427,-39.79892077220567,6.594838619232178,5937.95,883.916,False,5576.06,51.6656,5320.77,884.906,False,-24.2243,5.84281,21.965908623447973,0.16162136571762004,22.03418139297123,0.01006000862238221,22.085063780618583,0.18057057246275704,nan,nan
2007 TV110,nan,MBO,MBO,21163637448257622,745504071273676968,20.36394,2.4121933,1.6879908,225.98030809216868,-39.7988854208316,2025070900024,92,60865.96213329272,i,225.98024204359686,-39.79887613095554,8.737688064575195,6696.19,762.703,False,6636.43,28.7415,6463.44,766.013,False,-59.5662,5.78673,21.835430589547645,0.1236664836279422,21.84516367652842,0.00470217982111675,21.87384070580586,0.12867576019660257,nan,nan
2007 TV110,nan,MBO,MBO,21163637448257622,745504071943716945,20.364458,2.4121897,1.6880074,225.980412255997,-39.79863965382484,2025070900029,90,60865.96442325917,i,225.9804288410318,-39.79866941740344,10.886921882629395,7338.04,659.592,False,7416.25,20.8401,6533.09,649.994,False,-136.482,6.23752,21.736049807255412,0.09759321143257046,21.724539096636224,0.0030509826878082364,21.862203423262432,0.1080227052894724,nan,nan
2007 TV110,nan,MBO,MBO,21163637448257622,745504072062730349,20.364563,2.412189,1.6880107,225.9804331246223,-39.798590375160686,2025070900030,61,60865.96488278034,i,225.98039023030486,-39.79863150116176,10.26860237121582,7633.76,759.027,False,7740.8,15.4097,7145.02,763.483,False,-156.813,6.27035,21.693153778541664,0.1079550700053794,21.67803541069036,0.0021613877175532883,21.76499137506924,0.11601662434435005,nan,nan
2007 TV110,nan,MBO,MBO,21163637448257622,745504072465908033,20.364874,2.4121869,1.6880206,225.98049539376427,-39.798443254962606,2025070900033,62,60865.966252614235,i,225.98046026034794,-39.798447983974185,11.568178176879883,7563.67,645.396,False,7462.55,47.1078,7143.21,645.344,False,-152.406,8.32835,21.703168579999854,0.09264415377756369,21.71778189348264,0.006853775829290107,21.765266461089155,0.09808942237359852,nan,nan
2007 TV110,nan,MBO,MBO,21163637448257622,745504072644690259,20.364977,2.4121861,1.6880239,225.98051620471472,-39.79839405970723,2025070900034,147,60865.96671038775,i,225.98048934594684,-39.7984003961314,10.604602813720703,7166.62,660.486,False,6701.5,26.0282,6382.57,648.625,False,-155.381,8.43811,21.761714039189535,0.1000630110326125,21.834569945184068,0.004216930425582681,21.88751106347652,0.11033731948203836,nan,nan
2007 TV110,nan,MBO,MBO,21163637448257622,745504072795685092,20.36508,2.4121854,1.6880271,225.9805369218145,-39.798345073358085,2025070900035,179,60865.96716664883,i,225.980500788704,-39.7983620049046,10.968276977539062,7826.43,703.888,False,7672.19,7.95478,7212.53,694.919,False,-155.277,6.77259,21.666090712506172,0.09764818302344941,21.687701634548024,0.0011257271813326405,21.754780950880896,0.10460944315529776,nan,nan
2007 TV110,nan,MBO,MBO,21163637448257622,745504073131753733,20.365396,2.4121835,1.6880373,225.98060032732704,-39.79819506919088,2025070900038,52,60865.96856239363,i,225.98061885428928,-39.79822270783028,7.7916951179504395,7138.0,894.817,False,7030.28,103.876,5973.75,906.43,False,-363.273,4.68298,21.766058640950895,0.13610748550826177,21.782568477375193,0.016042310812034933,21.959382391177872,0.16474473490299088,nan,nan
2007 TV110,nan,MBO,MBO,21163637448257622,745504073453666560,20.365604,2.412182,1.688044,225.9806419172114,-39.79809661191572,2025070900040,154,60865.96947800895,i,225.98061123824752,-39.798118518752105,9.36030387878418,7659.01,823.183,False,8805.06,24.5793,6615.02,824.659,False,-306.37,4.75798,21.689568441820732,0.11669388022298208,21.53816925370783,0.003030829672983423,21.848672092841312,0.13535289787861723,nan,nan
2007 TV110,nan,MBO,MBO,21163637448257622,745504073597321361,20.36571,2.4121814,1.6880473,225.98066298037543,-39.79804672909883,2025070900041,172,60865.969942590134,i,225.98064678074903,-39.79805769962894,7.971391677856445,6495.45,806.012,False,6540.18,36.9691,5734.83,805.526,False,-279.95,5.45663,21.868476857218624,0.1347276030964154,21.861025717771245,0.006137245501238973,22.003698614078072,0.15250473531383735,nan,nan
2007 TV110,nan,MBO,MBO,21163637448257622,745504073690644536,20.365814,2.4121807,1.6880506,225.98068381381623,-39.79799737772417,2025070900042,94,60865.970401223625,i,225.98065059599102,-39.79800114807642,10.697041511535645,6946.08,647.988,False,7750.32,20.1001,6344.94,645.596,False,-204.961,7.07563,21.79565053554351,0.10128648071411753,21.676700938886654,0.002815807129306688,21.893931211007235,0.11047337978492115,nan,nan
2007 TV110,nan,MBO,MBO,21163637448257622,745504073847931124,20.365917,2.41218,1.688054,225.9807044630492,-39.79794845041853,2025070900043,138,60865.97085643295,i,225.98066490888527,-39.79793005717895,11.87706184387207,8608.54,715.532,False,8020.82,1.94257,7827.53,715.113,False,-230.3,6.15118,21.562676240628885,0.09024514905577322,21.639453098323983,0.00026295548261962503,21.665938177848556,0.09919145246671388,nan,nan
2007 TV110,nan,MBO,MBO,21163637448257622,745504073995780418,20.36602,2.4121792,1.6880572,225.9807250643165,-39.79789962465056,2025070900044,164,60865.971310373,i,225.98070102175586,-39.79784865001491,10.090213775634766,7151.8,709.556,False,6814.59,10.232,6551.84,708.635,False,-218.753,6.64259,21.763961627356544,0.10771983170829107,21.81640069585228,0.0016302159752601226,21.859091818040387,0.11743124136277765,nan,nan
2007 TV110,nan,MBO,MBO,21163637448257622,745504074095919285,20.366127,2.4121785,1.6880606,225.98074638891117,-39.79784907189739,2025070900045,99,60865.97178081765,i,225.98076155059292,-39.797870618739026,8.407735824584961,6262.02,734.826,False,7058.12,31.2679,5536.23,736.232,False,-262.714,5.29956,21.90821387071901,0.1274073186792515,21.778277387401225,0.0048098772789425545,22.04196469288567,0.14438593311512238,nan,nan
2007 TV110,nan,MBO,MBO,21163637448257622,745504074267361317,20.366236,2.4121778,1.6880641,225.9807681644391,-39.79779743693337,2025070900046,170,60865.97226007635,i,225.98077031092137,-39.797795829872825,8.634435653686523,8501.06,984.462,False,8205.54,51.0519,7619.34,1002.89,False,-360.058,4.74127,21.576317351343313,0.12573326886261657,21.614732077579376,0.0067550575287717764,21.695206638132774,0.14290923106512987,nan,nan
2007 TV110,nan,MBO,MBO,21163637448257622,745504074387947556,20.366343,2.412177,1.6880674,225.98078939290485,-39.797747086413445,2025070900047,144,60865.972728272274,i,225.9807885252629,-39.79774425665326,9.405131340026855,7079.4,754.039,False,6964.67,14.4007,6155.62,756.01,False,-267.331,5.4061,21.775008886194474,0.11564362163225293,21.792748653414172,0.0022449536190169094,21.92682047425372,0.13334601926948048,nan,nan
2007 TV110,nan,MBO,MBO,21163637448257622,745504074657956015,20.366549,2.4121757,1.6880741,225.9808307991448,-39.79764884148294,2025070900049,147,60865.97364172688,i,225.98085488322832,-39.79770462538442,7.574517250061035,6797.45,880.93,False,7729.65,24.0357,5607.4,887.599,False,-361.945,4.66515,21.819134914474432,0.140708289053001,21.679600440147095,0.0033761463788687927,22.02809617565886,0.17186189416310763,nan,nan
2007 TV110,nan,MBO,MBO,21163637448257622,745504074789552208,20.366653,2.412175,1.6880774,225.9808517026833,-39.79759922557692,2025070900050,142,60865.974102140724,i,225.98087338778174,-39.79759948331188,11.32583999633789,7699.41,675.177,False,7837.75,19.1728,7038.4,671.887,False,-209.509,6.35201,21.68385636099667,0.09521042531361872,21.664521483221606,0.002655941204576332,21.78131515348238,0.1036445893249821,nan,nan
2007 TV110,nan,MBO,MBO,21163637448257622,745504075974443135,20.367981,2.412166,1.6881199,225.9811168589297,-39.79696885378818,2025070900059,98,60865.97995476727,y,225.98109163999834,-39.79699968947783,5.278989791870117,10309.3,2028.58,False,11748.4,55.6511,8251.59,2022.07,False,-486.665,78.5702,21.366927076191544,0.21364231754457086,21.225053152377704,0.005143033286908409,21.60865591836836,0.26606200632987703,nan,nan
2007 TV110,nan,MBO,MBO,21163637448257622,745504076134875155,20.368084,2.4121654,1.6881232,225.9811375970033,-39.79691947597797,2025070900060,148,60865.980412069955,y,225.98123895296663,-39.796915048995984,6.021346569061279,12955.0,2103.87,False,13690.1,71.4647,12478.3,2094.81,False,-649.447,75.4305,21.11890645669539,0.17632172569194884,21.058983479802983,0.005667731649442152,21.159611460460788,0.18226931219045928,nan,nan
2007 TV110,nan,MBO,MBO,21163637448257622,745504076915015761,20.368723,2.412161,1.6881436,225.9812651101917,-39.79661563392467,2025070900066,100,60865.98322936396,y,225.9812814847554,-39.796544434212294,5.715175628662109,13209.6,2289.6,False,12527.7,137.228,11865.7,2310.49,False,-599.825,44.0045,21.097775864758972,0.1881890287332303,21.155321621029703,0.011893117023694218,21.214266572401243,0.21141463140285002,nan,nan
2007 TV110,nan,MBO,MBO,21163637448257622,745504077312950367,20.369041,2.412159,1.6881539,225.98132836808796,-39.79646475809597,2025070900069,91,60865.98462757774,y,225.98117378320222,-39.796606853972996,5.298252582550049,8566.51,1631.67,False,10154.4,43.1713,7127.26,1623.57,False,-978.112,82.2954,21.567990214233745,0.20680105310093733,21.383364290626055,0.004615993116941957,21.76769353070453,0.24732768688257106,nan,nan
2007 TV110,nan,MBO,MBO,21163637448257622,745504077446643917,20.369144,2.4121583,1.6881571,225.98134890799383,-39.79641574870647,2025070900070,90,60865.985081576495,y,225.98129296241757,-39.796461067362955,5.5441508293151855,9877.52,1743.17,False,10834.4,93.3797,12115.6,1739.56,False,-504.581,72.3457,21.413380257240632,0.19160912026278057,21.31298779721218,0.009357760199548737,21.191637718653393,0.15589020740706358,nan,nan
2007 TV110,nan,MBO,MBO,21163637448257622,745504078958166193,20.370642,2.4121482,1.688205,225.98164722520545,-39.79570290725606,2025070900081,157,60865.99167894689,z,225.9815901990159,-39.79570802212527,8.03966999053955,8111.79,979.968,False,9297.58,23.0658,8172.41,987.131,False,10.0923,12.1881,21.627208247238585,0.13116547039136492,21.47907518116191,0.0026935367729901253,21.61912461289203,0.13114415758660253,28.89002457606097,1.3112036644027563
2007 TV110,nan,MBO,MBO,21163637448257622,745504079291089009,20.37096,2.412146,1.6882153,225.98171073082324,-39.79555092086486,2025070900084,24,60865.99308354831,z,225.9816888763943,-39.79554496654993,8.285334587097168,6424.59,770.473,False,8098.91,69.8787,6516.98,772.809,False,136.018,13.9452,21.880386482941855,0.1302076047841499,21.62893354693036,0.00936790671164668,21.86488403278233,0.12875085330533612,26.06600899532949,0.11131473693381563
2007 TV110,nan,MBO,MBO,21163637448257622,745504079445754223,20.371063,2.4121454,1.6882186,225.9817312950102,-39.79550168834729,2025070900085,63,60865.99353849355,z,225.98168662299386,-39.79551366591549,9.986464500427246,8362.5,824.404,False,8207.71,3.4819,8169.57,822.525,False,114.268,17.2465,21.5941596730603,0.107035606712701,21.614444996988404,0.000460594353854436,21.619502027544915,0.10931361351224061,26.255188456168888,0.16387046103893382
2007 TV110,nan,MBO,MBO,21163637448257622,745504079576825947,20.371168,2.4121447,1.6882219,225.9817521748057,-39.79545169199413,2025070900086,57,60865.994000396386,z,225.9817371108644,-39.79544734868883,8.872639656066895,8041.31,898.866,False,8252.5,11.3794,8158.6,906.124,False,307.576,11.3731,21.636682979848374,0.1213647257142369,21.608536167494126,0.0014971253369811797,21.62096088437138,0.12058584150114438,25.1801189279626,0.040146783838905006
2007 TV110,nan,MBO,MBO,21163637448257622,745504079708946472,20.371273,2.412144,1.6882253,225.9817731442198,-39.79540147277882,2025070900087,53,60865.99446427022,z,225.98169496578726,-39.79542706225289,9.669551849365234,7436.62,788.897,False,8418.42,47.9442,7277.78,788.865,False,132.353,13.6532,21.72156100722757,0.11517786192377304,21.586923537167113,0.0061834349819008035,21.74500272414788,0.11768689158615982,26.09566555165394,0.11200179873999791
2007 TV110,nan,MBO,MBO,21163637448257622,745504079844212769,20.37138,2.4121432,1.6882287,225.9817942033036,-39.7953510305632,2025070900088,55,60865.99493042477,z,225.98178632695596,-39.79535029503582,10.987373352050781,8743.52,778.736,False,8298.38,34.839,9002.47,778.252,False,225.313,15.6249,21.545784288744912,0.09670040663184164,21.602516719853135,0.004558234852322926,21.5140958259911,0.09386050871200913,25.518034357544426,0.07529312206458671
2007 TV110,nan,MBO,MBO,21163637448257622,745504080121037125,20.371613,2.4121418,1.6882362,225.98184061232612,-39.79523983964838,2025070900090,71,60865.995957523555,z,225.98180759891974,-39.79522216145763,10.54266357421875,7548.23,704.654,False,7316.65,69.5838,8146.72,712.136,False,382.922,16.7003,21.70538719040961,0.10135731854948926,21.73921931305128,0.010325716456492454,21.622542996333976,0.09490835608405818,24.94222421189354,0.047351995221743375
2007 TV110,nan,MBO,MBO,21163637448257622,745504080444522597,20.371834,2.4121404,1.6882433,225.98188475925303,-39.79513403252752,2025070900092,176,60865.9969348686,z,225.98184203697085,-39.795109309507055,11.009889602661133,8158.57,737.213,False,9214.72,7.29029,9515.32,740.757,False,1329.3,14.1856,21.62096491312971,0.09810774139924235,21.488794674188348,0.000858987782539619,21.45394146888649,0.08452334636040748,23.590942448240327,0.011586413334316741
2007 TV110,nan,MBO,MBO,21163637448257622,745504080535224535,20.37194,2.4121397,1.6882467,225.9819060863185,-39.795082905566325,2025070900093,93,60865.99740604441,z,225.98197481545068,-39.795118283571064,9.309615135192871,6473.8,697.847,False,6962.64,63.8018,8085.66,701.357,False,1964.67,13.4814,21.872101837041612,0.11703756058362343,21.79306512676593,0.0099490886478862,21.630711290503317,0.09417767588715015,23.16677594162626,0.007450229931635421
2007 TV110,nan,MBO,MBO,21163637448257622,745504080699326715,20.372046,2.412139,1.6882501,225.98192668997785,-39.795033505332384,2025070900094,150,60865.99786223304,z,225.98188478675075,-39.79502048792328,11.241037368774414,7552.03,661.205,False,7385.5,19.545,8785.01,662.935,False,1267.21,14.6402,21.704840764630006,0.09505977151112467,21.7290502438082,0.002873294185205164,21.540644378490953,0.08193189847858978,23.642878554894683,0.01254361574411275
2007 TV110,nan,MBO,MBO,21163637448257622,745504080826204441,20.372149,2.4121382,1.6882534,225.9819475191563,-39.794983556998574,2025070900095,136,60865.99832314386,z,225.98195722597978,-39.795018794692176,9.16568660736084,6422.45,704.705,False,6700.41,40.1765,9090.72,705.647,False,2680.08,13.9656,21.880748137266657,0.11913268728616597,21.83474652938822,0.006510210254338851,21.50350432910108,0.08427786677354375,22.829630573726305,0.0056576509335827556
2007 TV110,nan,MBO,MBO,21163637448257622,745504081055318178,20.372368,2.4121368,1.6882604,225.9819911643989,-39.79487887210553,2025070900097,61,60865.99928914566,z,225.98192245878482,-39.79491094416547,9.512090682983398,7012.45,747.585,False,7321.88,3.406,11415.4,751.842,False,4495.89,13.7529,21.785325525561476,0.11574843341250185,21.738443500251762,0.0005050639265921952,21.25627212800127,0.07150884156391282,22.26796077473615,0.003321260335669328
2007 TV110,nan,MBO,MBO,21163637448257622,745504081479467337,20.372679,2.4121346,1.6882703,225.9820527897174,-39.79473100806167,2025070900100,102,60866.000653441,z,225.98202285919243,-39.79472324652355,13.57215404510498,9304.88,674.668,False,9641.58,10.1319,13826.3,670.936,False,4684.14,14.3586,21.478223072068772,0.07872337046323813,21.43962946841247,0.0011409510042204264,21.048235075651576,0.0526865096568329,22.22342530124232,0.0033281778615678916
2007 TV110,nan,MBO,MBO,21163637448257622,745504081634132028,20.372786,2.412134,1.6882738,225.98207397867228,-39.79468015317447,2025070900101,141,60866.001122084046,z,225.9820561845558,-39.794670384978026,12.347329139709473,7927.08,633.78,False,9410.39,28.7352,11208.2,630.283,False,3475.45,21.1043,21.65221688652352,0.0868059760818067,21.465980984295083,0.003315361968430265,21.276160301250957,0.061055395349352795,22.547472403108404,0.006593017426320183
2007 TV110,nan,MBO,MBO,21163637448257622,745504081764155425,20.372889,2.4121332,1.6882771,225.98209458017385,-39.79463070148892,2025070900102,133,60866.001578424475,z,225.98204106897015,-39.79466034313689,11.723723411560059,7478.55,632.187,False,8240.77,7.88265,10644.2,625.183,False,3574.84,22.0503,21.715456524350415,0.09178093945040995,21.610080578897097,0.0010385532991562495,21.332217414665134,0.06377029623825634,22.516858451440456,0.006697029544426951
2007 TV110,nan,MBO,MBO,21163637448257622,745504082055659561,20.373142,2.4121315,1.6882852,225.9821452703556,-39.79450899748945,2025070900104,177,60866.0027008749,z,225.98212115876882,-39.79454886707283,13.187471389770508,8699.47,648.747,False,8401.38,11.6292,15602.8,643.992,False,6855.14,15.0551,21.55126804714496,0.08096678738363672,21.589123443692166,0.0015028773402240173,20.916993659462555,0.04481281843633211,21.80995915671513,0.002384468776573402
2007 TV110,nan,MBO,MBO,21163637448257622,745504082165235845,20.373247,2.4121308,1.6882886,225.9821658716992,-39.79445952392015,2025070900105,130,60866.00315603626,z,225.98212165983782,-39.79447970109449,10.316073417663574,7311.06,702.076,False,8419.6,35.6258,16647.4,701.483,False,9194.58,14.6155,21.740049121141535,0.10426248907672919,21.58677140176559,0.004594069060003111,20.84663393754917,0.045750413936864506,21.49117025114294,0.0017258621769060184
2007 TV110,nan,MBO,MBO,21163637448257622,745504082277957863,20.37335,2.41213,1.6882919,225.98218656341697,-39.794409827038216,2025070900106,89,60866.003614421774,z,225.98213034326307,-39.79440518411347,10.641061782836914,8005.64,730.31,False,8584.23,10.3681,17259.3,729.916,False,9218.54,11.8459,21.641509839646066,0.09904567173952186,21.56574657745302,0.001311360612475783,20.807442006632535,0.045917053920156936,21.488344634238075,0.0013951799308251382
2007 TV110,nan,MBO,MBO,21163637448257622,745504082424758500,20.373474,2.4121294,1.6882958,225.98221105023805,-39.794351007168544,2025070900107,113,60866.004156021045,z,225.98216483295946,-39.79433690094715,11.70116138458252,7979.16,672.446,False,8718.51,17.8158,14642.1,671.351,False,6883.24,13.8842,21.64510704439914,0.09150072641142974,21.548894354146473,0.002218642782455295,20.98599160747939,0.04978180182900652,21.805517681795337,0.0021900410569999263
2007 TV110,nan,MBO,MBO,21163637448257622,745504082566316315,20.3736,2.4121284,1.6882999,225.9822362149371,-39.79429055008023,2025070900108,127,60866.004713727394,z,225.9822031791811,-39.79425536249399,11.861138343811035,8174.82,683.107,False,8267.67,3.01287,13819.3,682.348,False,5882.68,15.4586,21.618804526396982,0.09072664740510054,21.606542176135644,0.0003956594965383298,21.048784903016738,0.05360980387585608,21.97606190574779,0.002853114777855381
2007 TV110,nan,MBO,MBO,21163637448257622,745504082961105178,20.374022,2.4121256,1.6883135,225.982320069313,-39.79408903067068,2025070900111,112,60866.006569111545,z,225.98233986706066,-39.79412231120261,12.881653785705566,9008.37,705.586,False,9699.54,20.9489,15701.6,708.559,False,6869.9,18.2303,21.513384446842924,0.08504094017167371,21.433122149703806,0.002344954433935659,20.91014025335,0.048995529209909384,21.807623976920432,0.0028811624617146123
2007 TV110,nan,MBO,MBO,21163637448257622,745504083066487036,20.37413,2.4121249,1.688317,225.98234171139333,-39.79403700507007,2025070900112,57,60866.007048502346,z,225.98228371920868,-39.79403871130197,12.2077054977417,8567.55,703.146,False,8673.29,7.99282,11357.2,707.691,False,3105.56,12.9128,21.56785840564965,0.08910728068041253,21.554540325867208,0.0010005538591193331,21.26182179691287,0.06765450150314306,22.66965016873192,0.004514449574749298
2007 TV110,nan,MBO,MBO,21163637448257622,745504083224821990,20.374233,2.4121242,1.6883203,225.9823623146704,-39.793987471051146,2025070900113,103,60866.00750468912,z,225.98235035435553,-39.79402560745977,8.932855606079102,6259.05,692.585,False,7456.09,15.8906,9846.91,692.799,False,3867.28,13.9827,21.908728981631658,0.12014038179816998,21.718722168745643,0.0023139474334244736,21.41675006147298,0.07638913701635855,22.4314859489386,0.003925633492529827
2007 TV110,nan,MBO,MBO,21163637448257622,745504083332301152,20.374338,2.4121234,1.6883236,225.9823830538944,-39.79393760475926,2025070900114,52,60866.00796311707,z,225.9823456429463,-39.7939074664182,14.37454605102539,8929.37,618.182,False,8857.38,7.38396,9814.06,614.752,False,897.193,32.4207,21.52294793852271,0.07516572581753599,21.531736821332693,0.0009051246037830385,21.42037827556284,0.06801044093320198,24.017785316997266,0.03923384168325396
2007 TV110,nan,MBO,MBO,21163637448257622,745530475631608070,21.605358,2.4031124,1.7342161,226.47231620899444,-39.16149760094278,2025071500144,40,60872.004909892494,r,226.47231955100213,-39.16154194478165,6.372777462005615,5594.2,884.159,False,6547.54,115.544,5644.77,898.225,False,-96.22,11.3297,22.030654989814778,0.17159976401203952,21.859804592817824,0.019159913784796964,22.02088436875105,0.17276795558317967,nan,nan
2007 TV110,nan,MBO,MBO,21163637448257622,745530475748524235,21.60545,2.403112,1.7342198,226.47236102291728,-39.16145109867473,2025071500145,7,60872.005368304235,r,226.47228558219982,-39.1614859204942,9.685590744018555,6823.06,700.177,False,8113.89,68.7133,6533.01,710.609,False,-111.108,13.1991,21.8150520147868,0.1114173866609921,21.62692719250967,0.009194667309711756,21.862216731552145,0.11809777666783601,nan,nan
2007 TV110,nan,MBO,MBO,21163637448257622,745530475879596214,21.60555,2.403111,1.7342237,226.4724103296232,-39.16139992896304,2025071500146,1,60872.00587382018,r,226.47240067670063,-39.1613903928328,13.187370300292969,6320.64,458.402,False,6627.07,13.1406,6643.9,459.551,False,-136.864,9.42238,21.898097338405503,0.07874260291921897,21.846696133914154,0.0021528708422692182,21.843942298237955,0.07509913761498285,nan,nan
2007 TV110,nan,MBO,MBO,21163637448257622,745530476015911064,21.605642,2.4031105,1.7342274,226.47245495128007,-39.16135361648789,2025071500147,5,60872.00633001484,r,226.47241549631846,-39.161354740540865,13.508159637451172,6375.11,466.428,False,6588.55,2.41025,6176.84,469.391,False,-133.953,6.63603,21.88878081640926,0.07943671359099508,21.85302541690278,0.0003971884115898721,21.923084147812204,0.08250736723580275,nan,nan
2007 TV110,nan,MBO,MBO,21163637448257622,745530476336775361,21.605837,2.4031088,1.7342353,226.4725511321396,-39.16125377568765,2025071500149,105,60872.007315739786,r,226.47250465159888,-39.16123457186217,13.26500415802002,5501.65,410.65,False,5674.53,6.68714,5509.65,412.36,False,-106.479,11.1083,22.048767623523524,0.08104070120259357,22.015175300170853,0.0012794839865305971,22.04718999121483,0.08126000261818273,nan,nan
2007 TV110,nan,MBO,MBO,21163637448257622,745530477276823690,21.606518,2.4031038,1.7342626,226.47288562718236,-39.16090639316276,2025071500156,106,60872.01074066723,r,226.47285486829438,-39.16089882033406,15.986103057861328,6039.19,367.321,False,6035.19,5.40932,6104.05,368.791,False,-117.157,14.103,21.947553277441624,0.06603761894833897,21.948272642745692,0.0009731416063578382,21.935954828764693,0.06559738818186842,nan,nan
2007 TV110,nan,MBO,MBO,21163637448257622,745530477376962805,21.606604,2.403103,1.734266,226.47292841062963,-39.16086194409046,2025071500157,41,60872.011178079,r,226.47289204559124,-39.16087353510694,20.42702865600586,5810.46,278.675,False,5983.2,2.55109,5810.78,281.947,False,-89.9268,11.325,21.989473717823522,0.05207290397687166,21.957666164019336,0.0004629313221046748,21.989413957463846,0.052681407183465166,nan,nan
2007 TV110,nan,MBO,MBO,21163637448257622,745534870085697899,21.78794,2.4016774,1.741993,226.5806967946972,-39.0638835167014,2025071600117,100,60872.973562362706,r,226.58067999469932,-39.06389535335815,23.265893936157227,5416.33,230.901,False,4978.31,0.122238,5224.09,231.138,False,-132.754,4.88009,22.06573719262957,0.04628550565772229,22.157295145502317,2.6659292728986135e-05,22.104973406711217,0.04803801292310597,nan,nan
2007 TV110,nan,MBO,MBO,21163637448257622,745534870215196836,21.788027,2.4016767,1.7419965,226.5807453605408,-39.06383815437983,2025071600118,91,60872.97402084846,r,226.5807210307355,-39.06383821144879,23.155027389526367,5424.15,231.757,False,5249.7,0.871171,5300.85,232.543,False,-181.255,4.84952,22.064170791924603,0.04639012089360286,22.099663744932368,0.0001801744590091939,22.089136192452802,0.047630162863780266,nan,nan
2007 TV110,nan,MBO,MBO,21163637448257622,745534870349414919,21.788116,2.401676,1.7420002,226.58079403149256,-39.06379268703825,2025071600119,91,60872.974479547614,r,226.58076728456905,-39.06380046468739,24.69053840637207,5755.35,230.867,False,5521.42,0.142748,5413.63,230.7,False,-212.092,4.88829,21.999820632798034,0.043552635530768706,22.04487305525323,2.8070074733727423e-05,22.066278598116202,0.04626827924079785,nan,nan
2007 TV110,nan,MBO,MBO,21163637448257622,745534870456369319,21.788204,2.4016752,1.7420039,226.5808427015255,-39.06374721373538,2025071600120,39,60872.974938034095,r,226.5807990711276,-39.06376967764999,26.730300903320312,5999.89,222.86,False,5767.21,1.16976,5861.17,222.187,False,-223.175,6.33031,21.954641754646573,0.040328600314572714,21.99758559346135,0.00022021927054909136,21.980039219382096,0.04115841538439375,nan,nan
2007 TV110,nan,MBO,MBO,21163637448257622,745534870731620579,21.788383,2.401674,1.7420114,226.58094046310293,-39.06365585281411,2025071600122,52,60872.97586007262,r,226.58088678357706,-39.06364915454499,25.296043395996094,5463.75,212.951,False,4959.7,0.577092,5189.56,212.089,False,-229.52,6.26482,22.05627295125573,0.042316836405974216,22.16136143753289,0.00012633216614091203,22.11217364402217,0.04437229904555402,nan,nan
2007 TV110,nan,MBO,MBO,21163637448257622,745534871125885207,21.78865,2.401672,1.7420224,226.5810861452352,-39.06351965849897,2025071600125,36,60872.9772348688,r,226.58106652772867,-39.06351373758724,28.890972137451172,5602.38,191.902,False,5315.72,1.28906,5441.41,189.749,False,-179.275,7.89326,22.029068615336087,0.037190434369699175,22.086094713956044,0.0002632905893939137,22.060721342797017,0.03786102232946394,nan,nan
2007 TV110,nan,MBO,MBO,21163637448257622,745534871830004212,21.789112,2.4016683,1.7420416,226.5813392191316,-39.06328292561825,2025071600130,99,60872.9796210153,r,226.5813305689431,-39.063290099576314,29.439367294311523,5321.43,179.482,False,4835.24,0.275565,5138.47,179.043,False,-169.515,17.5806,22.084929079987287,0.036619873461404266,22.18895485882755,6.187715211898995e-05,22.122915391295194,0.03783099996410195,nan,nan
2007 TV110,nan,MBO,MBO,21163637448257622,745534871966319036,21.789202,2.4016678,1.7420453,226.581387669353,-39.063237583733255,2025071600131,103,60872.98007815458,r,226.58135635140536,-39.063245579200306,29.281259536743164,5580.88,187.977,False,5355.95,2.7872,5443.26,189.409,False,-195.612,8.01599,22.033243311739657,0.03657011874137451,22.077908675304627,0.0005650097202894843,22.060352348992552,0.0377803400812725,nan,nan
2007 TV110,nan,MBO,MBO,21163637448257622,745534872126751173,21.78929,2.401667,1.742049,226.5814361191107,-39.06319223589696,2025071600132,153,60872.98053552857,r,226.58142055720958,-39.06318622124061,28.72186851501465,5685.38,193.888,False,5589.03,1.0592,5531.47,193.57,False,-210.295,11.4798,22.01310127884901,0.03702676446206987,22.03165893982026,0.00020576233888292794,22.042898554499672,0.037994594012857257,nan,nan
2007 TV110,nan,MBO,MBO,21163637448257622,745534872240521411,21.78938,2.4016664,1.7420527,226.581484780474,-39.063146683606725,2025071600133,114,60872.98099402989,r,226.5814746806774,-39.06313757037229,30.511211395263672,5800.01,188.739,False,5692.16,0.783371,5681.57,187.781,False,-211.493,7.98502,21.99142818800926,0.03533110668905789,22.011807222454493,0.00014942204758158537,22.01382912912002,0.0358845605942116,nan,nan
2007 TV110,nan,MBO,MBO,21163637448257622,745534872339611807,21.789469,2.4016657,1.7420564,226.58153428956905,-39.06310033120358,2025071600134,47,60872.98146106364,r,226.58152635295167,-39.06311695344169,26.40479850769043,5572.45,208.788,False,5386.42,2.93711,5246.21,209.435,False,-279.856,6.08334,22.034884511021335,0.040680253152027404,22.071749480707,0.0005920308207097978,22.10038583075576,0.0433438922738351,nan,nan
2007 TV110,nan,MBO,MBO,21163637448257622,745534872793120807,21.789743,2.4016635,1.7420678,226.5816849350239,-39.06295925061618,2025071600137,144,60872.98288288189,r,226.581668984785,-39.06295685054213,27.23691177368164,5521.47,202.16,False,4978.83,0.483535,5096.39,201.594,False,-304.801,6.7852,22.044863165650717,0.03975253448617933,22.157181738635483,0.00010544474074490438,22.131843333678063,0.042947633958258284,nan,nan
2007 TV110,nan,MBO,MBO,21163637448257622,745534873034818169,21.789925,2.401662,1.7420754,226.5817839505108,-39.06286648921173,2025071600139,93,60872.98381629876,r,226.58175442629332,-39.062869630612674,26.685976028442383,5405.66,201.766,False,5199.59,0.404934,4986.18,201.459,False,-311.878,6.1702,22.06787815265347,0.04052505184965494,22.11007728303873,8.455503331190996e-05,22.155580080759023,0.04386751420239001,nan,nan
2007 TV110,nan,MBO,MBO,21163637448257622,745534873195774129,21.790014,2.4016616,1.7420791,226.58183292789323,-39.062820595894166,2025071600140,144,60872.984278112024,r,226.581806687347,-39.06283224651658,29.305580139160156,5861.26,197.477,False,5646.67,1.09806,5664.5,197.673,False,-289.823,6.0213,21.98002257665277,0.03658052065845281,22.02051899590396,0.00021113391191134002,22.01709604716887,0.03788873462960245,nan,nan
2007 TV110,nan,MBO,MBO,21163637448257622,745534873261834573,21.79011,2.4016607,1.7420831,226.5818851915476,-39.06277161636999,2025071600141,14,60872.98477130302,r,226.58185864181252,-39.062761520543255,25.212337493896484,5237.42,206.988,False,4890.76,2.4869,5004.2,206.34,False,-275.901,7.07989,22.10220651042387,0.04290936683705383,22.17655917305607,0.0005520854828280206,22.151663311205343,0.044768553568971976,nan,nan
2007 TV110,nan,MBO,MBO,21163637448257622,745534873467355166,21.790207,2.40166,1.7420871,226.58193851517228,-39.06272163621314,2025071600142,150,60872.98527456897,r,226.58192331088702,-39.06272191213789,29.24774169921875,5604.85,188.604,False,5301.22,1.29891,5417.07,189.544,False,-243.608,11.0516,22.02858999542064,0.0365351778969055,22.089060386573614,0.00026602811809683886,22.06558891616515,0.03799005675844963,nan,nan
2007 TV110,nan,MBO,MBO,21163637448257622,745534873533939758,21.790308,2.4016593,1.7420913,226.58199300489687,-39.06267055553173,2025071600143,21,60872.9857888799,r,226.58197148359582,-39.06266830475713,29.628196716308594,5782.86,191.713,False,5460.53,2.54373,5576.98,190.67,False,-210.853,11.3871,21.994643329694533,0.035994256675870716,22.056913049095215,0.0005057787224088936,22.034002286201414,0.037119968315860834,nan,nan
2007 TV110,nan,MBO,MBO,21163637448257622,745534873803423928,21.790487,2.4016578,1.7420988,226.5820918072777,-39.06257791523936,2025071600145,23,60872.98672005556,r,226.5820772549432,-39.062584494994375,27.8104248046875,5733.66,203.971,False,5457.97,1.72712,5601.31,205.586,False,-221.631,7.30604,22.00392012999078,0.038624314282868236,22.057422096713076,0.00034357035410289335,22.02927596611009,0.039849992138626576,nan,nan
2007 TV110,nan,MBO,MBO,21163637448257622,745534873980633329,21.790583,2.401657,1.7421026,226.58214311675653,-39.062529796086096,2025071600146,105,60872.987204540565,r,226.58211850414955,-39.06253900742199,30.349401473999023,5570.37,179.041,False,5030.85,1.86732,5352.96,178.059,False,-187.134,30.5171,22.03528986910698,0.03489737524512242,22.145896557476036,0.000402996874687316,22.07851501259921,0.03611555298806473,nan,nan
2007 TV110,nan,MBO,MBO,21163637448257622,745534874070810739,21.79096,2.4016542,1.7421184,226.58234973450783,-39.06233595897153,2025071600147,21,60872.98915330385,g,226.58231666975743,-39.06234270086919,29.890993118286133,3829.49,125.898,False,3625.28,0.0142239,3908.24,126.462,False,-90.0785,7.85181,22.44214765331313,0.03569457549301505,22.501646103435025,4.259919990724166e-06,22.420046939382672,0.03513202108426353,nan,nan
2007 TV110,nan,MBO,MBO,21163637448257622,745534874201358375,21.791048,2.4016535,1.742122,226.5823978646648,-39.062290790864495,2025071600148,14,60872.989607222815,g,226.58237908422225,-39.062290753941156,32.11351776123047,4199.55,130.07,False,3832.09,0.386313,4110.25,128.677,False,-94.4953,5.89751,22.341993159612052,0.03362782266504589,22.441410724313915,0.00010945306386085237,22.36532940497011,0.033990457938140095,nan,nan
2007 TV110,nan,MBO,MBO,21163637448257622,745534874479231156,21.791231,2.4016523,1.7421297,226.58249857849836,-39.062196256992806,2025071600150,32,60872.99055789673,g,226.58248010396312,-39.06219573856556,30.231264114379883,4010.73,131.343,False,4107.58,1.68742,4037.96,132.434,False,-107.474,5.32677,22.3919414389999,0.03555558553035956,22.366034902873572,0.0004460273356233447,22.3845949792252,0.03560916803562211,nan,nan
2007 TV110,nan,MBO,MBO,21163637448257622,745534874632323640,21.791325,2.4016516,1.7421335,226.58254936010704,-39.06214858214968,2025071600151,68,60872.991036094056,g,226.58253413733752,-39.062147775967404,30.427127838134766,3849.2,124.273,False,3849.15,0.549772,3880.73,125.131,False,-103.946,8.36627,22.436573820967656,0.03505343965889747,22.436587938233234,0.00015507512207420688,22.42771643558236,0.03500868500072837,nan,nan
2007 TV110,nan,MBO,MBO,21163637448257622,745534874923303175,21.791534,2.40165,1.7421423,226.582664177054,-39.0620407669046,2025071600153,111,60872.99211911431,g,226.58263539547528,-39.06205690142012,33.344383239746094,4059.3,119.767,False,4063.26,0.879948,4028.74,120.048,False,-121.467,8.07854,22.378872115033815,0.03203393802271415,22.37781346523156,0.00023512928567279335,22.387076901304592,0.03235266024798507,nan,nan
2007 TV110,nan,MBO,MBO,21163637448257622,745534875160281203,21.79172,2.4016485,1.74215,226.58276510802267,-39.06194596516166,2025071600155,51,60872.99307118384,g,226.5827436195217,-39.06194784580724,32.551151275634766,3958.62,119.972,False,3898.22,0.78588,3891.32,120.332,False,-132.091,5.76531,22.40614043160399,0.032904886105192495,22.4228341448526,0.00021888410780127163,22.42475761548262,0.033574418832438835,nan,nan
2007 TV110,nan,MBO,MBO,21163637448257622,745534875317567778,21.791807,2.4016478,1.7421536,226.58281356001956,-39.06190044705848,2025071600156,95,60872.993528617706,g,226.5827834297147,-39.06190980694593,31.69631576538086,3945.88,122.727,False,3950.15,1.13244,3917.57,123.187,False,-139.526,5.38082,22.409640348283382,0.03376918413868385,22.408466058069642,0.00031126187780064273,22.417458067856984,0.034140699382054246,nan,nan
2007 TV110,nan,MBO,MBO,21163637448257622,745534875538817165,21.791985,2.4016466,1.742161,226.58291014786832,-39.061809691679954,2025071600158,5,60872.994439461094,g,226.5828888942362,-39.061816919596396,32.13672637939453,4076.2,125.173,False,4056.62,1.23234,4048.69,125.833,False,-136.148,9.19284,22.3743613013839,0.033341066632866546,22.379589149912114,0.0003298302755176051,22.381713703233554,0.0337446052993331,nan,nan
2007 TV110,nan,MBO,MBO,21163637448257622,745534875691909134,21.792074,2.401646,1.7421647,226.58295934401204,-39.06176345803786,2025071600159,41,60872.99490321306,g,226.58294489669012,-39.06176971266062,35.105140686035156,3982.0,111.395,False,3939.59,1.66593,3876.42,112.261,False,-132.607,10.1376,22.399746860771522,0.030373074054316294,22.411372409794197,0.00045912404863863196,22.42892295787479,0.03144288706120543,nan,nan
2007 TV110,nan,MBO,MBO,21163637448257622,745534876078309817,21.79236,2.4016435,1.7421767,226.58311594999768,-39.061616246151566,2025071600162,10,60872.99638014336,g,226.58309440804558,-39.06162079101227,33.591827392578125,4251.32,125.156,False,4134.27,0.302024,4223.4,125.166,False,-126.867,9.82832,22.328690555231773,0.03196334412358767,22.35900290480472,7.931712185875986e-05,22.33584448613788,0.032177217726161604,nan,nan
2007 TV110,nan,MBO,MBO,21163637448257622,745534876390785151,21.792553,2.401642,1.7421846,226.58322124247903,-39.06151723896053,2025071600164,94,60872.997373475504,g,226.58320001550956,-39.06151774547415,37.603546142578125,4043.72,107.331,False,3841.6,0.0425317,3934.63,106.368,False,-88.5344,13.9312,22.38304731778497,0.028818304637514645,22.43871961561742,1.2020565446043144e-05,22.41274028495357,0.02935157510584973,nan,nan
2007 TV110,nan,MBO,MBO,21163637448257622,745534876500361419,21.792645,2.4016414,1.7421885,226.58327192862552,-39.06146956976325,2025071600165,47,60872.99785148266,g,226.58325074083817,-39.06147176335198,38.50170135498047,4087.05,105.646,False,3773.3,0.187389,4050.88,105.181,False,-73.3986,18.9966,22.371475110029316,0.028065154514836196,22.458196646970222,5.391965133916885e-05,22.38112658594693,0.02819111471858923,nan,nan
2007 TV110,nan,MBO,MBO,21163637448257622,745534876633530796,21.79273,2.401641,1.742192,226.5833185862895,-39.06142568431946,2025071600166,45,60872.99829147222,g,226.5832916936455,-39.06142982840747,39.16880798339844,4119.29,104.146,False,4099.39,0.0922941,4124.72,104.195,False,-69.7891,20.4622,22.36294407077066,0.027450139648051455,22.368201870370367,2.444437811442722e-05,22.36151376219147,0.027426898706078263,nan,nan
2007 TV110,nan,MBO,MBO,21163637448257622,745534876772467107,21.792822,2.4016402,1.7421958,226.5833686382556,-39.06137860101376,2025071600167,54,60872.99876336702,g,226.583351014817,-39.06137917690171,38.10928726196289,4180.7,107.726,False,3859.0,0.896866,4173.95,107.772,False,-74.3552,26.7167,22.34687743820951,0.02797665718096699,22.433813053571505,0.0002523347791073786,22.34863184339323,0.028033867255182386,nan,nan
2007 TV110,nan,MBO,MBO,21163637448257622,745534876906160249,21.792912,2.4016395,1.7421995,226.58341741882964,-39.06133270851267,2025071600168,53,60872.99922374837,g,226.58339107659336,-39.06133418271826,39.63678741455078,4214.6,105.158,False,4045.42,0.269145,4170.25,105.544,False,-77.4486,29.9885,22.338109067794136,0.02709007783890292,22.382590977905746,7.223489511478495e-05,22.349594772418122,0.027478674085093784,nan,nan
2007 TV110,nan,MBO,MBO,21163637448257622,745534877067641099,21.793001,2.4016387,1.7422034,226.5834667307253,-39.06128631098712,2025071600169,105,60872.999688804106,g,226.583448336644,-39.06128526020097,37.03268814086914,4177.28,111.487,False,3930.19,0.390379,4076.93,111.836,False,-96.9933,25.7941,22.347766089141373,0.028977104229372865,22.413966150453764,0.00010784431104462816,22.37416688126863,0.029783291506320555,nan,nan
2007 TV110,nan,MBO,MBO,21163637448257622,745534877172498624,21.793085,2.401638,1.7422068,226.58351296826504,-39.06124280144123,2025071600170,49,60873.00012422761,g,226.58349304299057,-39.06124574876333,40.40398406982422,4275.6,104.323,False,4022.07,0.285725,4229.58,104.237,False,-85.7608,31.0525,22.32250730420479,0.026491545837154733,22.388875919606292,7.712992790772467e-05,22.334256870454755,0.026757711676994474,nan,nan
2007 TV110,nan,MBO,MBO,21163637448257622,745534877364912903,21.793182,2.4016373,1.7422109,226.58356546407725,-39.06119339740299,2025071600171,160,60873.000619886574,g,226.58353346690632,-39.061184230706566,34.9600830078125,4202.59,117.678,False,4193.46,2.6322,4071.92,116.16,False,-122.481,15.0225,22.341207483401902,0.030402030980421667,22.343568748151966,0.0006815076017620216,22.375501928489253,0.03097288845079126,nan,nan
2007 TV110,nan,MBO,MBO,21163637448257622,745534877472391602,21.79327,2.4016366,1.7422146,226.5836137190148,-39.06114797939271,2025071600172,109,60873.00107401906,g,226.58360323971868,-39.06114615538778,38.31902313232422,4449.42,114.357,False,4238.02,1.93331,4368.87,114.096,False,-129.263,20.6618,22.27924151251956,0.027905106687957256,22.332092490257363,0.0004952937189943193,22.29907716576512,0.028354735989903974,nan,nan
2007 TV110,nan,MBO,MBO,21163637448257622,745534882424291933,21.82003,2.4014316,1.7433459,226.5985552531975,-39.04703335600757,2025071600209,82,60873.13983114339,i,226.5985515196638,-39.04704370759563,22.281774520874023,7275.83,321.544,False,7087.9,1.63595,7032.36,321.901,False,-173.465,5.9629,21.745293630327865,0.04798242473587223,21.773706060818427,0.0002505975162326427,21.78224728360191,0.04969876085736343,nan,nan
2007 TV110,nan,MBO,MBO,21163637448257622,745534882565849451,21.820118,2.4014308,1.7433497,226.5986058395037,-39.04698600503665,2025071600210,96,60873.14028966846,i,226.59858228489136,-39.04699237880778,20.38131332397461,6305.49,305.754,False,6211.83,2.48343,6070.72,306.513,False,-191.526,6.24076,21.900702856467433,0.05264748224558482,21.91695108178802,0.00043406689011132426,21.941899455681845,0.05481923891755876,nan,nan
2007 TV110,nan,MBO,MBO,21163637448257622,745534882700066894,21.820206,2.4014304,1.7433535,226.59865654767296,-39.046938546748265,2025071600211,96,60873.140748109836,i,226.59863466101973,-39.04696647464737,21.340845108032227,6832.0,316.807,False,6732.57,5.23284,6915.93,322.256,False,-199.55,6.1457,21.813630355797628,0.05034672676270983,21.829547834443687,0.0008438804284958991,21.80037350018773,0.05059117291472002,nan,nan
2007 TV110,nan,MBO,MBO,21163637448257622,745534883123167553,21.820467,2.4014282,1.7433648,226.59880851999807,-39.046796355117245,2025071600214,135,60873.142123648184,i,226.59882158486508,-39.0467806422566,18.690340042114258,6558.97,347.835,False,6626.5,4.13649,6580.59,351.973,False,40.337,5.53942,21.85791085320625,0.057578709939836124,21.846789494237935,0.0006777539893580176,21.854337942862948,0.05807227460208577,27.385740963738535,0.14910252913524222
2007 TV110,nan,MBO,MBO,21163637448257622,745534884171218960,21.821167,2.4014227,1.7433949,226.59921377111985,-39.04641749015877,2025071600222,86,60873.1457857793,i,226.59918818356948,-39.04643070183875,22.52050018310547,6889.18,302.92,False,6364.3,0.526493,7860.63,302.875,False,1028.99,7.79212,21.804581142008324,0.04774025607292421,21.89062342530774,8.981860427792135e-05,21.661356629917613,0.041834097002218865,23.868972124821614,0.008221835833431631
2007 TV110,nan,MBO,MBO,21163637448257622,745534884282892584,21.821255,2.401422,1.7433987,226.5992646183116,-39.04636998554681,2025071600223,43,60873.14624410936,i,226.5992415137621,-39.04638109369773,22.592552185058594,6634.0,290.694,False,6306.83,0.383824,7937.41,290.48,False,1078.77,7.94422,21.845561332041342,0.04757567087293216,21.90047217458852,6.607623765470384e-05,21.650802943656434,0.03973395080737493,23.81767782919698,0.007995520072060143
2007 TV110,nan,MBO,MBO,21163637448257622,745534884398236191,21.82134,2.4014215,1.7434025,226.59931547727237,-39.04632247715746,2025071600224,7,60873.14670360522,i,226.5992885839352,-39.04632699673413,20.480724334716797,7043.4,340.167,False,6578.45,6.85867,10043.5,344.35,False,2620.04,6.5267,21.78054413254369,0.05243655396575542,21.854691022386625,0.001131984946180087,21.395287290237796,0.037225396399190494,22.85423017951453,0.0027046435945565213
2007 TV110,nan,MBO,MBO,21163637448257622,745534884549230739,21.821428,2.4014208,1.7434062,226.59936623720964,-39.04627506849848,2025071600225,39,60873.14716102631,i,226.59934695407443,-39.046291789931765,19.340612411499023,6501.83,333.002,False,5936.03,1.38911,9845.7,338.407,False,3152.44,7.15661,21.867410961867865,0.0556077809919212,21.966259821421396,0.0002540767213898116,21.41688348191592,0.03731788888588591,22.65338294655359,0.00246481796254487
2007 TV110,nan,MBO,MBO,21163637448257622,745534885092392981,21.821777,2.401418,1.7434213,226.599568839994,-39.04608591454826,2025071600229,51,60873.14898896945,i,226.59953161852496,-39.0460837519867,19.599702835083008,6442.4,326.096,False,5927.03,1.42152,9046.88,330.084,False,2347.77,5.95241,21.877380801247057,0.05495688684436688,21.9679072257288,0.0002603995221919518,21.508752939643763,0.039614117819963685,22.973361118795616,0.0027527173568349717
2007 TV110,nan,MBO,MBO,21163637448257622,745534885270126890,21.821865,2.4014175,1.743425,226.59961965886785,-39.04603848740973,2025071600230,134,60873.14944626219,i,226.59957861914557,-39.04603225603035,23.992332458496094,6875.13,284.321,False,6205.88,0.400256,8016.7,285.797,False,1003.33,7.88069,21.80679773216027,0.04490062360625829,21.917991586517303,7.002591851047088e-05,21.640010894086245,0.03870671714926162,23.896390486424085,0.008527952330667443
2007 TV110,nan,MBO,MBO,21163637448257622,745534885383897434,21.82195,2.4014168,1.7434288,226.59967026757724,-39.045991263788906,2025071600231,95,60873.14990233266,i,226.59964340551878,-39.04599283101624,22.716968536376953,6286.88,275.121,False,5668.11,0.585359,7161.74,274.623,False,697.435,9.66032,21.903912093012735,0.047513049134522624,22.016404351356783,0.00011212652008940135,21.76245358865917,0.041633472958701685,24.29124065836935,0.015038762775632578
2007 TV110,nan,MBO,MBO,21163637448257622,745534885495570472,21.822039,2.401416,1.7434325,226.5997208881428,-39.04594403650545,2025071600232,52,60873.150358841165,i,226.5997055398109,-39.045955014527,23.344074249267578,6391.45,270.394,False,6083.72,0.942475,7113.04,276.245,False,588.877,10.0684,21.88600147730918,0.045932700701222275,21.939576917490843,0.00016819959105923604,21.769861866665693,0.04216610491925389,24.47493849328994,0.018563514209175572
2007 TV110,nan,MBO,MBO,21163637448257622,745534885668061198,21.822124,2.4014153,1.7434363,226.5997715204814,-39.04589680566892,2025071600233,125,60873.150814840985,i,226.5997493260292,-39.04590468047911,22.17630386352539,6750.16,300.299,False,6343.5,4.46145,7841.48,304.003,False,1009.89,9.06358,21.826714807125967,0.04830189228089665,21.894177639493545,0.0007636096633139648,21.66400490493053,0.04209244354438903,23.889314804732095,0.009744285347441406
2007 TV110,nan,MBO,MBO,21163637448257622,745534885760860411,21.822212,2.4014146,1.74344,226.599822164722,-39.04584957119825,2025071600234,46,60873.15127007482,i,226.59981112602088,-39.04584637084517,23.282705307006836,7120.78,302.734,False,7078.89,5.48035,7561.73,303.09,False,429.331,7.92208,21.76868111216948,0.04615916847183311,21.77508706950527,0.0008405575328728533,21.703447086967607,0.04351858413009048,24.818019396048552,0.020034167678471583
2007 TV110,nan,MBO,MBO,21163637448257622,745534885934399792,21.8223,2.401414,1.7434438,226.59987304298505,-39.04580212600926,2025071600235,121,60873.15172848817,i,226.5998574028961,-39.04579151514694,19.214181900024414,6798.25,349.935,False,6770.82,9.50418,7237.9,352.648,False,573.974,5.58236,21.81900717160066,0.05588748518535106,21.823396857246465,0.001524044730337963,21.750968568322506,0.05289969707160476,24.50276945165492,0.010559659746211359
2007 TV110,nan,MBO,MBO,21163637448257622,745534886200737976,21.822474,2.4014127,1.7434514,226.59997472445528,-39.045707328419255,2025071600237,117,60873.152643929774,i,226.59992427167512,-39.04570474001802,16.403676986694336,6622.48,395.416,False,7113.54,4.77508,7591.04,403.032,False,1078.71,5.31731,21.847448364715405,0.06482729313450358,21.76978554922332,0.0007288182015772796,21.69924679468748,0.05764512449850724,23.817738277303338,0.005351944481915552
2007 TV110,nan,MBO,MBO,21163637448257622,745534886296682691,21.822561,2.401412,1.7434552,226.60002563875835,-39.04565987251472,2025071600238,44,60873.15310129379,i,226.60002577496758,-39.04567963052118,17.161592483520508,5926.88,344.577,False,5808.73,2.95507,6216.39,346.759,False,337.068,5.75981,21.967934685766267,0.06312254122200642,21.9897970282181,0.000552345610444975,21.916154343261084,0.06056389564703944,25.080706211638663,0.018553034831880512
2007 TV110,nan,MBO,MBO,21163637448257622,745534886472843389,21.82295,2.401409,1.743472,226.6002532334502,-39.04544783195775,2025071600239,124,60873.15514737979,g,226.60026621252013,-39.04542012463568,20.721385955810547,4210.16,200.93,False,4263.61,4.94147,4292.02,209.414,False,-65.3548,2.47961,22.339253457766738,0.051816785959086745,22.32555635445174,0.0012583545902366466,22.31834565248768,0.052974674428122696,nan,nan
2007 TV110,nan,MBO,MBO,21163637448257622,745534887235158041,21.823473,2.4014049,1.7434946,226.60055952315145,-39.04516272208967,2025071600245,42,60873.157897838835,g,226.60054665690078,-39.04515824509062,26.324281692504883,4050.21,152.569,False,3804.51,0.811008,3924.32,154.201,False,-203.055,4.03296,22.38130615646145,0.04089903705892633,22.44925317230438,0.0002314465516474354,22.415588946748596,0.04266257847658048,nan,nan
2007 TV110,nan,MBO,MBO,21163637448257622,745534887434911861,21.82356,2.4014041,1.7434984,226.60061080020589,-39.04511501898724,2025071600246,167,60873.15835732306,g,226.6006037509502,-39.04513601399345,24.642290115356445,4045.92,162.353,False,3784.12,0.687253,3964.83,164.211,False,-208.292,3.38118,22.38245679293427,0.043567972181581524,22.455087716217523,0.0001971859875034797,22.404438551580945,0.04496783539672348,nan,nan
2007 TV110,nan,MBO,MBO,21163637448257622,745534887552352815,21.823648,2.4014037,1.7435023,226.60066153220237,-39.0450678309785,2025071600247,135,60873.15881231543,g,226.60065152372533,-39.04507569151708,24.701210021972656,4105.92,165.692,False,3933.1,0.970083,4039.17,168.163,False,-233.638,3.0277,22.36647381241779,0.043814250672119776,22.413162501566163,0.00026779237921657414,22.3842696908059,0.04520251805086807,nan,nan
2007 TV110,nan,MBO,MBO,21163637448257622,745534887662977548,21.823734,2.401403,1.743506,226.60071227632983,-39.04502063970197,2025071600248,90,60873.15926730494,g,226.60069713252574,-39.04502312829165,24.60640525817871,3938.26,157.17,False,3827.81,1.58689,3793.52,159.409,False,-212.763,3.29879,22.411739036214172,0.0433300891486716,22.44262405168367,0.000450112173878612,22.45239404923241,0.04562414803722653,nan,nan
2007 TV110,nan,MBO,MBO,21163637448257622,745534887795622358,21.823822,2.4014022,1.7435098,226.60076325579507,-39.044973237666206,2025071600249,87,60873.15972467338,g,226.60073910153443,-39.04496939716199,26.018823623657227,4246.14,162.08,False,4024.61,0.706605,4250.46,165.225,False,-210.669,3.33413,22.330014191935085,0.04144378668369325,22.388190466126595,0.00019062384408540287,22.328910176234054,0.04220502550467564,nan,nan
2007 TV110,nan,MBO,MBO,21163637448257622,745534887971258836,21.823908,2.4014015,1.7435135,226.6008144707797,-39.04492562484202,2025071600250,166,60873.16018395635,g,226.60080098949493,-39.04493339592463,25.65854263305664,4267.52,164.657,False,4172.28,1.72115,4054.31,166.557,False,-185.738,3.49748,22.324561082181248,0.041891792640801506,22.349066440765192,0.0004478882072044845,22.380207602854945,0.04460363659030273,nan,nan
2007 TV110,nan,MBO,MBO,21163637448257622,745534888092369087,21.823996,2.4014008,1.7435173,226.6008655865812,-39.044878112456274,2025071600251,141,60873.16064105592,g,226.60082801162463,-39.04489231365444,26.88474464416504,4385.62,162.054,False,4199.92,0.0660554,4204.32,165.3,False,-195.28,3.11438,22.294922474141888,0.04011927416241023,22.341897475088196,1.707621644667377e-05,22.340760636099116,0.04268757027619144,nan,nan
2007 TV110,nan,MBO,MBO,21163637448257622,745534888889811496,21.824516,2.4013968,1.7435399,226.60117176083543,-39.0445936957009,2025071600257,126,60873.163382654515,g,226.60115641841813,-39.044602317351355,25.804214477539062,4241.42,162.727,False,4118.54,0.713934,4178.61,164.868,False,-150.293,3.33868,22.33122182019175,0.04165553142107996,22.36314176898684,0.00018820844011031566,22.34742043737994,0.042837967255665334,nan,nan
2007 TV110,nan,MBO,MBO,21163637448257622,745534889026650898,21.824604,2.401396,1.7435436,226.60122285210764,-39.04454626435111,2025071600258,131,60873.16383988669,g,226.60119423682747,-39.044552718548275,27.3421630859375,4168.59,150.422,False,3914.25,0.0719886,4051.28,151.204,False,-120.854,4.38258,22.35002708477902,0.03917838269843804,22.4183785993821,1.9968225496277855e-05,22.38101934206867,0.04052241519174515,nan,nan
2007 TV110,nan,MBO,MBO,21163637448257622,745534889137799706,21.82469,2.4013956,1.7435474,226.6012739559012,-39.04449882982175,2025071600259,87,60873.16429620897,g,226.6012302106566,-39.04450832846561,22.881546020507812,4228.88,181.866,False,4197.25,1.30504,4169.09,185.342,False,-170.074,2.76084,22.334436625967324,0.046692860324853404,22.342587905547077,0.00033758512804503166,22.34989686435238,0.04826773277506706,nan,nan
2007 TV110,nan,MBO,MBO,21163637448257622,745534889273065934,21.824778,2.4013948,1.7435511,226.6013249603431,-39.04445149595861,2025071600260,89,60873.16475253175,g,226.6013135878304,-39.04446798418656,23.36223602294922,3948.52,166.063,False,3871.89,0.392656,4027.73,170.006,False,-137.085,3.33523,22.408914139283738,0.04566283425750549,22.430192503748508,0.00011010665214674395,22.387349130749854,0.045827715994544535,nan,nan
2007 TV110,nan,MBO,MBO,21163637448257622,745534889387360706,21.824863,2.4013941,1.743555,226.60137597734385,-39.04440415891177,2025071600261,51,60873.1652086689,g,226.60136728115828,-39.04441178787309,23.571996688842773,4279.41,178.373,False,4400.75,1.50121,4328.17,183.499,False,-159.816,3.07177,22.321540217384737,0.04525530813196336,22.29118325588437,0.0003703727819188827,22.30923924343437,0.046031348987219535,nan,nan
2007 TV110,nan,MBO,MBO,21163637448257622,745534889563521074,21.824951,2.4013934,1.7435588,226.6014274545062,-39.04435640351191,2025071600262,131,60873.16566817125,g,226.60139876226697,-39.04434520257363,25.926876068115234,3909.53,149.773,False,3683.56,0.673269,4067.33,152.228,False,-98.9032,5.49507,22.41968861670884,0.04159424839882936,22.484330611995784,0.00019844728708014794,22.37672645410569,0.04063585800938306,nan,nan
2007 TV110,nan,MBO,MBO,21163637448257622,745534889629581594,21.825037,2.4013927,1.7435625,226.6014779369725,-39.04430957932439,2025071600263,1,60873.16611992644,g,226.60147825155613,-39.04429766558409,23.74979019165039,4489.24,187.465,False,4323.88,0.821557,4652.37,191.066,False,-124.996,3.34486,22.269567883537643,0.045338971189461154,22.31031594808052,0.00020629485264908045,22.23081435617334,0.044589588154806035,nan,nan
2007 TV110,nan,MBO,MBO,21163637448257622,745534889780052362,21.825125,2.401392,1.7435663,226.60152955139145,-39.04426171387247,2025071600264,32,60873.16658076435,g,226.60151885649785,-39.04425526659432,23.168657302856445,4143.95,175.347,False,4166.38,0.453688,4145.79,177.416,False,-114.784,3.58297,22.356463682162207,0.04594181335567501,22.350602836038085,0.00011822865327224246,22.3559817406425,0.04646327312430325,nan,nan
2007 TV110,nan,MBO,MBO,21163637448257622,745534890036429166,21.825298,2.4013908,1.7435738,226.60163181068356,-39.044166908065165,2025071600266,9,60873.16749333593,g,226.6016145548764,-39.04416072895253,22.99065589904785,4071.3,175.749,False,3867.38,1.50954,4088.5,179.949,False,-110.453,3.99742,22.375667223940702,0.046868823784644346,22.43145791549477,0.00042379136230074883,22.371089994779688,0.04778700009209716,nan,nan
2007 TV110,nan,MBO,MBO,21163637448257622,745534890500423801,21.825884,2.4013863,1.7435993,226.60197827825192,-39.04384595309992,2025071600269,126,60873.1705832555,r,226.60195665970193,-39.043863782949536,24.539813995361328,5990.69,244.145,False,5964.17,0.138113,5709.44,244.644,False,-222.77,4.64768,21.95630789373856,0.044248170568349426,21.961124979495704,2.5142525105297356e-05,22.008516227759316,0.04652274964873236,nan,nan
2007 TV110,nan,MBO,MBO,21163637448257622,745534890925621357,21.826145,2.401384,1.7436106,226.6021326386809,-39.04370308967657,2025071600272,169,60873.17195827359,r,226.60213274636652,-39.04368660574723,22.7122802734375,6527.07,285.119,False,6571.61,1.63658,7712.02,288.252,False,-32.0308,4.18313,21.863204353386948,0.04742771508698278,21.855820568073206,0.000270389476020815,21.682079629311083,0.040581539865758444,nan,nan
2007 TV110,nan,MBO,MBO,21163637448257622,745534891327226057,21.826406,2.4013822,1.743622,226.60228722798985,-39.04356009605687,2025071600275,167,60873.17333449959,r,226.6023038339731,-39.0435647416496,21.740161895751953,5671.14,259.329,False,5311.75,3.50443,6309.73,262.602,False,343.1,4.81894,22.015824052367037,0.04964837551600243,22.08690593358027,0.0007163150728907268,21.899973064053523,0.045186796993122,25.061448185545057,0.0152494832704346
2007 TV110,nan,MBO,MBO,21163637448257622,745534891523834130,21.82658,2.4013808,1.7436296,226.60239065248376,-39.04346447536617,2025071600277,30,60873.17425442111,r,226.6023970845448,-39.04344919609952,18.7647705078125,5658.49,300.266,False,5537.31,0.220273,7185.05,301.782,False,926.656,4.18557,22.018248573241724,0.05761424765475627,22.04175289432372,4.3190352669043205e-05,21.7589255427889,0.0456024197882928,23.982703637893565,0.004904111774697738
2007 TV110,nan,MBO,MBO,21163637448257622,745534892117328312,21.826927,2.401378,1.7436447,226.60259709641164,-39.043273719629525,2025071600281,138,60873.17608912877,r,226.60255906415318,-39.04328232205326,24.565261840820312,6627.82,270.088,False,6535.54,0.439983,8195.29,273.168,False,1595.86,4.37704,21.846573265723464,0.044244463734956774,21.861796300891605,7.3093498149707e-05,21.61608917932297,0.03619010253114604,23.39251303662462,0.0029778995293371605
2007 TV110,nan,MBO,MBO,21163637448257622,745534892359549185,21.8271,2.4013767,1.7436522,226.60270000302927,-39.043178688870505,2025071600283,88,60873.177003637626,r,226.60268713770677,-39.043183069159674,28.84554100036621,6681.33,229.16,False,6377.78,0.729083,8192.25,230.602,False,1366.14,7.55046,21.83784268060406,0.037239188866460125,21.88832620087257,0.00012411714386376235,21.616492007386732,0.03056217104258496,23.56126196965775,0.006000708233841237
2007 TV110,nan,MBO,MBO,21163637448257622,745534892492718235,21.827188,2.401376,1.743656,226.60275158853491,-39.04313106545321,2025071600284,86,60873.177461051535,r,226.6027375259038,-39.043133751721804,27.27667808532715,6608.4,239.404,False,5997.11,0.1492,7884.33,241.17,False,1128.04,9.24181,21.8497592097223,0.039333212541554724,21.955144987718885,2.70116528444375e-05,21.65808800559477,0.033211064975573225,23.769188712682887,0.008895222863289568
2007 TV110,nan,MBO,MBO,21163637448257622,745534892917391985,21.82745,2.4013739,1.7436675,226.60290755140943,-39.04298713884052,2025071600287,128,60873.178845682254,r,226.6028680326807,-39.04298666325585,26.221797943115234,6481.16,243.558,False,5924.72,1.27818,7135.33,239.057,False,346.854,5.16478,21.870868116357777,0.04080129648479287,21.968330384188512,0.0002342332220445622,21.76646482939627,0.03637573097264387,25.04963321965212,0.016167000306693644
2007 TV110,nan,MBO,MBO,21163637448257622,745534893053706755,21.827538,2.4013734,1.7436713,226.60295930269567,-39.04293940053034,2025071600288,132,60873.179304019664,r,226.60293577111005,-39.04293434089347,25.392793655395508,6868.8,267.809,False,6248.55,2.34007,7194.74,271.812,False,242.644,5.09712,21.80779785303421,0.04233198305238396,21.910551910600297,0.00040660614224206654,21.75746220404536,0.041018317881885875,25.437576120736473,0.022807601176144193
2007 TV110,nan,MBO,MBO,21163637448257622,745534893166953010,21.827623,2.4013727,1.743675,226.6030105033258,-39.04289217959698,2025071600289,92,60873.179758114464,r,226.60298775958935,-39.04288278547458,26.71211814880371,6791.4,251.369,False,6581.22,0.0333761,6633.83,251.592,False,27.7747,5.37447,21.82010173985148,0.04018618128173193,21.85423394246841,5.506219285404508e-06,21.84558914221536,0.04117719851754243,27.79087655171282,0.21009252592239178
2007 TV110,nan,MBO,MBO,21163637448257622,745534893539721533,21.827883,2.4013705,1.7436863,226.60316519915375,-39.04274956506584,2025071600292,35,60873.181129060584,r,226.60315337513447,-39.04275602223237,24.542173385620117,6793.08,274.455,False,6684.75,1.87098,6827.59,278.231,False,-195.141,4.66438,21.819833164582057,0.043866068421228435,21.83728707521243,0.0003038843263850946,21.814331440754117,0.04424481601569858,nan,nan
2007 TV110,nan,MBO,MBO,21163637448257622,745534893702775334,21.827969,2.4013698,1.7436901,226.60321690380303,-39.04270191763927,2025071600293,90,60873.181587626226,r,226.60321584620638,-39.04268983618164,25.562999725341797,6699.75,261.902,False,6183.28,1.43987,6378.27,262.357,False,-248.31,5.19407,21.834853506548736,0.04244285118787268,21.921952754527364,0.0002528300583735158,21.88824274788859,0.04465952158937789,nan,nan
2007 TV110,nan,MBO,MBO,21163637448257622,745534893834895501,21.828056,2.4013693,1.743694,226.60326850879656,-39.04265437170196,2025071600294,86,60873.182044864414,r,226.60323567539476,-39.04265338046234,26.041013717651367,6283.19,238.555,False,5637.5,1.64409,6211.5,239.846,False,-229.069,6.50952,21.904549528309325,0.041222340051673995,22.022283612784957,0.0003166382435720352,21.91700877610485,0.04192376691811274,nan,nan
2007 TV110,nan,MBO,MBO,21163637448257622,745534894346600774,21.8284,2.4013665,1.743709,226.60347460937464,-39.04246457886877,2025071600298,38,60873.18386844436,r,226.6034504320956,-39.04248314333171,22.53318977355957,6723.14,296.928,False,6877.03,0.672352,6433.8,301.835,False,-440.228,4.01944,21.831069590608774,0.047951624249712395,21.806497736694386,0.0001061500311746112,21.878831142029398,0.05093617893532771,nan,nan
2007 TV110,nan,MBO,MBO,21163637448257622,745534898691899404,21.832277,2.4013362,1.7438788,226.60581130716812,-39.0403240106842,2025071600330,134,60873.2044163522,z,226.60578194245468,-39.04032479239353,12.26132583618164,7361.18,598.13,False,7595.86,5.81087,7790.87,601.78,False,500.042,17.5731,21.732631380344884,0.08822109851216942,21.69855764050009,0.0008305935389698943,21.67103508945455,0.08386410699706194,24.65248380811222,0.03815629539166275
2007 TV110,nan,MBO,MBO,21163637448257622,745534900300939432,21.83331,2.401328,1.7439241,226.6064402412991,-39.03975154424752,2025071600342,131,60873.2099059027,z,226.60641396758277,-39.03975829294597,13.385340690612793,9338.37,676.423,False,9030.29,4.76565,12950.1,682.654,False,3203.75,16.5656,21.474322293065192,0.07864508506164107,21.510745751474957,0.0005729869693913719,21.11931722767583,0.05723370294186242,22.635853452019248,0.005614005795454809
2007 TV110,nan,MBO,MBO,21163637448257622,745534900384301362,21.833395,2.4013274,1.7439281,226.60649338497743,-39.039703246012685,2025071600343,34,60873.21036872236,z,226.6064865432569,-39.0397064419083,11.26203441619873,8192.28,713.713,False,9596.01,14.7266,11257.7,719.639,False,3122.48,13.364,21.6164879951915,0.09458954428144188,21.444773296832707,0.0016662344923064566,21.271375803129658,0.06940476990713189,22.663750843473295,0.0046468765465445296
2007 TV110,nan,MBO,MBO,21163637448257622,745534901367341459,21.833998,2.4013226,1.7439545,226.606862116953,-39.03936845481565,2025071600350,117,60873.21357783287,z,226.6068154640901,-39.039352052299584,13.659560203552246,9742.15,700.697,False,9538.97,10.199,11318.9,704.634,False,1051.61,16.0514,21.428362926154506,0.07809078019611275,21.45124632378255,0.0011608616296178967,21.265489404927628,0.06759018882425662,23.845363246975012,0.016572289655704106
2007 TV110,nan,MBO,MBO,21163637448257622,745565649663164788,22.980448,2.3914094,1.8012742,227.5981247137008,-38.39670484090294,2025072300067,29,60880.02287779793,g,227.59809588789798,-38.39670476870967,27.984329223632812,4358.45,155.538,False,4143.84,0.0825279,4306.76,155.621,False,-137.353,4.10636,22.30166978100119,0.03874616529991081,22.356492595222527,2.1623308432141375e-05,22.314623382105715,0.039232129373669766,nan,nan
2007 TV110,nan,MBO,MBO,21163637448257622,745565649955717131,22.980595,2.3914082,1.8012823,227.59827555912284,-38.39662173137355,2025072300069,75,60880.023801056974,g,227.5982315120532,-38.39662091526922,23.383651733398438,4026.79,169.804,False,3907.82,0.194672,3977.84,170.877,False,-160.515,3.476,22.387602535898086,0.045783949411831004,22.420163602862708,5.4087045573806304e-05,22.400881699548954,0.046640221871264605,nan,nan
2007 TV110,nan,MBO,MBO,21163637448257622,745565650201608389,22.98074,2.3914068,1.8012903,227.5984252785563,-38.39653922896871,2025072300071,32,60880.02471878973,g,227.5984054018637,-38.39655053655616,27.728378295898438,4370.27,156.994,False,4159.37,0.348145,4179.82,156.644,False,-140.051,3.79115,22.2987293226943,0.03900309878943286,22.35243108169145,9.087761587363442e-05,22.3471060964201,0.04068932780890605,nan,nan
2007 TV110,nan,MBO,MBO,21163637448257622,745565651144802677,22.981266,2.391402,1.8013192,227.59896552257743,-38.39624142247074,2025072300078,39,60880.02802696478,g,227.59895589557672,-38.39624844885033,29.777280807495117,4407.01,147.21,False,4218.03,0.432642,4329.33,146.94,False,-11.683,3.86257,22.289639967807144,0.03626750166033855,22.337225894656733,0.00011136362732358006,22.30894825327524,0.03685052368355739,nan,nan
2007 TV110,nan,MBO,MBO,21163637448257622,745565651408519462,22.98142,2.3914006,1.8013278,227.5991247983914,-38.3961535915437,2025072300080,30,60880.029001963616,g,227.5991028329795,-38.39613705795964,17.980377197265625,4539.61,250.423,False,4946.21,0.290177,5132.21,257.84,False,9.92362,3.16754,22.257453672650506,0.0598935437843658,22.164318630702475,6.369637839178624e-05,22.12423896189469,0.054546914718900864,28.908324661225677,0.3465582982901612
2007 TV110,nan,MBO,MBO,21163637448257622,745565651799638248,22.981642,2.3913987,1.80134,227.5993514141753,-38.39602860313975,2025072300083,8,60880.03038881032,g,227.5993456262892,-38.39602037081361,27.6087703704834,4249.75,152.752,False,4100.27,0.243682,4299.4,152.646,False,59.6469,3.87434,22.329091543588305,0.03902544280402103,22.367968855681724,6.452608374482002e-05,22.316480394358063,0.03854800396213562,26.961030303747883,0.07052355205973486
2007 TV110,nan,MBO,MBO,21163637448257622,745565651944341828,22.981714,2.391398,1.801344,227.59942674440995,-38.39598704922427,2025072300084,28,60880.03084929055,g,227.59943087855228,-38.396000522003135,25.606889724731445,4166.34,163.198,False,4199.96,0.971842,4331.54,162.843,False,43.2507,3.77895,22.350613270052712,0.04252892986858585,22.341887124497383,0.00025123192713499956,22.308394166995097,0.040817940435772096,27.31001710022685,0.09486419004150445
2007 TV110,nan,MBO,MBO,21163637448257622,745565654098117138,22.984474,2.3913732,1.8014964,227.60226907064435,-38.39441720909383,2025072300100,40,60880.04822017721,r,227.60223419890173,-38.39443990364468,30.99270248413086,6939.87,221.172,False,6746.25,0.593525,6752.19,217.702,False,18.7925,6.63814,21.796621643717547,0.03460215258253504,21.82734392231682,9.552144861947048e-05,21.826388373396625,0.03500596707041061,28.21503862915195,0.383518388967101
2007 TV110,nan,MBO,MBO,21163637448257622,745565654364455073,22.98462,2.3913717,1.8015045,227.60241950273888,-38.39433403207739,2025072300102,36,60880.04913893725,r,227.60241341266337,-38.39433560085523,30.792255401611328,7285.55,235.235,False,7253.63,0.0658069,7455.62,235.857,False,-21.8339,6.07132,21.743844171460438,0.03505612666660157,21.748611520273645,9.850094119047153e-06,21.718790571247666,0.03434703943991291,nan,nan
2007 TV110,nan,MBO,MBO,21163637448257622,745565654636560618,22.984766,2.3913705,1.8015126,227.60257225402904,-38.394249564696,2025072300104,43,60880.05007087181,r,227.6025685390217,-38.39424148033655,32.348480224609375,6590.87,202.295,False,6578.34,1.31946,6703.31,199.601,False,-51.6704,7.01039,21.852643116721353,0.033324735527822724,21.85470923544411,0.00021777311055287837,21.834276730114055,0.03232940563072744,nan,nan
2007 TV110,nan,MBO,MBO,21163637448257622,745565655032397921,22.984993,2.3913684,1.8015252,227.6028061833742,-38.394120192811386,2025072300107,30,60880.051497877124,r,227.6027809163542,-38.39413161354309,29.884933471679688,7129.67,239.023,False,6938.22,1.80876,6938.62,241.834,False,-98.3078,7.25212,21.767326439895776,0.03639942974634525,21.796879800088416,0.000283046113829286,21.796817222665503,0.037841519568634095,nan,nan
2007 TV110,nan,MBO,MBO,21163637448257622,745565655304503744,22.985138,2.391367,1.8015332,227.60295555605336,-38.39403757468246,2025072300109,37,60880.0524085095,r,227.60294490588797,-38.39403368328029,32.040924072265625,6618.33,204.858,False,6313.51,0.597696,6449.98,199.691,False,-96.0547,7.14592,21.848128942315782,0.03360692903864052,21.899322858591923,0.00010278596494938834,21.87610408332867,0.03361432793461159,nan,nan
2007 TV110,nan,MBO,MBO,21163637448257622,745565655440818717,22.985212,2.3913665,1.8015373,227.6030321377125,-38.39399521457869,2025072300110,41,60880.05287571541,r,227.60301518539478,-38.394001462895574,34.31242752075195,7180.01,207.552,False,6693.09,0.164934,6876.83,200.598,False,-89.8981,7.46224,21.75968741266926,0.0313852947623285,21.835933363166216,2.675517784901119e-05,21.80652926662945,0.03167106305483817,nan,nan
2007 TV110,nan,MBO,MBO,21163637448257622,745565655694573857,22.985369,2.391365,1.8015461,227.60319532632343,-38.39390494298214,2025072300112,13,60880.05387034979,r,227.60318076350302,-38.39389916615578,32.55099868774414,6706.57,204.439,False,6313.64,0.823376,6602.06,200.137,False,-56.2118,7.3793,21.833748873688982,0.0330969220847604,21.899300438866547,0.00014159329861882804,21.850801323084088,0.032913360030991545,nan,nan
2007 TV110,nan,MBO,MBO,21163637448257622,745565655843471544,22.985445,2.3913643,1.8015503,227.60327324102784,-38.39386183980331,2025072300113,41,60880.05434525187,r,227.60325471764344,-38.393861090634125,32.45682907104492,6440.72,196.328,False,6379.24,1.81608,6429.38,193.045,False,-28.0877,6.89282,21.87766391551211,0.03309574297255715,21.8880776063581,0.0003090938272041179,21.879577282487254,0.03259971373285911,nan,nan
2007 TV110,nan,MBO,MBO,21163637448257622,745565655975068064,22.985518,2.3913636,1.8015542,227.60334820978784,-38.39382036465565,2025072300114,36,60880.05480261124,r,227.60331748226875,-38.39382330731595,33.727439880371094,6851.0,200.941,False,6511.96,0.93985,6757.76,196.36,False,-11.9894,7.4383,21.81061508120154,0.03184482739616171,21.8657206959718,0.0001567007703593855,21.825493127998648,0.03154820076816824,nan,nan
2007 TV110,nan,MBO,MBO,21163637448257622,745565656290689234,22.985716,2.3913617,1.8015653,227.60355461248477,-38.39370616761556,2025072300116,126,60880.05606065408,r,227.60354441793214,-38.39371369285022,26.854806900024414,6491.25,240.718,False,6560.18,0.182931,6636.75,240.632,False,43.3099,5.9119,21.869179160992218,0.040262853881017434,21.857710581334857,3.0275817251351002e-05,21.84511135376493,0.03936608709563854,27.308532088273658,0.1482054716529566
2007 TV110,nan,MBO,MBO,21163637448257622,745565656530813347,22.985954,2.3913596,1.8015784,227.60379980070053,-38.39357049620961,2025072300118,72,60880.05755417685,r,227.60378974749173,-38.39355452519369,25.725997924804688,6631.59,254.639,False,6747.01,3.6047,6764.55,256.304,False,-127.333,5.94733,21.845955855610868,0.041689971209725736,21.82722165311555,0.0005800722882187496,21.824402753336962,0.04113777333596209,nan,nan
2007 TV110,nan,MBO,MBO,21163637448257622,745565656693342609,22.986488,2.3913548,1.8016081,227.60435378952383,-38.39326389735922,2025072300119,126,60880.06092800721,r,227.60433150025145,-38.39326370759647,33.45705795288086,6936.81,207.216,False,6783.35,1.41408,6581.47,202.767,False,-293.018,6.60158,21.797100492608735,0.03243305139045164,21.821389419612053,0.00022633622857796832,21.85419269952455,0.03345019638289315,nan,nan
2007 TV110,nan,MBO,MBO,21163637448257622,745565656981176412,22.986633,2.3913536,1.8016162,227.60450425515012,-38.39318061122358,2025072300121,163,60880.061844772805,r,227.60447992961562,-38.39318562743439,34.723876953125,6787.72,194.054,False,6290.6,0.155351,6422.44,192.606,False,-221.035,8.70239,21.820690168262786,0.031040091184833425,21.903269806629545,2.6813054462727394e-05,21.880749870724422,0.032560726516686955,nan,nan
2007 TV110,nan,MBO,MBO,21163637448257622,745587644390965477,23.688292,2.3842068,1.8465544,228.57158233107975,-37.96572731427699,2025072800100,155,60885.103549030246,i,228.57158429823184,-37.96570782703182,10.274629592895508,6611.13,643.962,False,7222.71,15.4857,7335.88,635.075,False,706.728,25.714,21.849310776423458,0.10575693463061066,21.75324956138639,0.002327849915181871,21.73636947096872,0.09399335110514767,24.276869212850276,0.03950405311667925
