provid,permid,orbit_class,population,ssObjectId,diaSourceId,phaseAngle,helioRange,topoRange,ephRa,ephDec,visit,detector,midpointMjdTai,band,ra,dec,snr,psfFlux,psfFluxErr,psfFlux_flag,trailFlux,trailFluxErr,scienceFlux,scienceFluxErr,forced_PsfFlux_flag,templateFlux,templateFluxErr,psfMag,psfMagErr,trailMag,trailMagErr,scienceMag,scienceMagErr,templateMag,templateMagErr
2012 RN49,nan,MBO,MBO,21164715450579278,745262193330618416,17.860577,3.286568,3.0500982,148.35534642198257,2.6784068129584786,2025051500133,64,60811.04731837158,i,148.35534552868538,2.6784106918144186,6.096092224121094,3426.69,551.277,False,3480.67,87.878,3491.66,549.423,False,-87.1987,20.5069,22.56281297559607,0.17467042060950633,22.54584289920467,0.027412057607892663,22.542420158039693,0.170843790407595,nan,nan
2012 RN49,nan,MBO,MBO,21164715450579278,745262193464836177,17.860588,3.2865684,3.0501053,148.3554153273048,2.6784136430247845,2025051500134,64,60811.04779119583,i,148.35542584853238,2.6784536192788218,6.912217617034912,3110.63,438.18,False,3458.24,50.3214,2932.39,433.944,False,-105.775,19.7551,22.667879150478477,0.15294261939597795,22.552862178596584,0.015798720062931697,22.73194571524634,0.1606705551315365,nan,nan
2012 RN49,nan,MBO,MBO,21164715450579278,745262195077546010,17.860722,3.286573,3.0501904,148.35625096555034,2.678496389684074,2025051500146,68,60811.05352545515,i,148.35623451901566,2.6785244601030134,6.391638278961182,3783.42,577.255,False,3879.72,33.0842,3901.82,576.19,False,-77.9215,19.5119,22.455288634190715,0.1656561183059202,22.42799904913771,0.009258584636228502,22.42183190470408,0.1603329562896415,nan,nan
2012 RN49,nan,MBO,MBO,21164715450579278,745284180471447578,17.912298,3.2904556,3.1231081,149.1370249088147,2.727475421521448,2025052000110,55,60815.997173178526,g,149.13718282490044,2.7275123124375886,7.144686222076416,1403.83,217.127,False,1718.08,155.166,1438.03,214.275,False,-21.4405,16.9023,23.531713736248385,0.16792820435334074,23.312391572063266,0.09805675443183268,23.505580112035553,0.16178112689447288,nan,nan
2012 RN49,nan,MBO,MBO,21164715450579278,745284180605665307,17.912302,3.290456,3.1231167,149.13712039391626,2.7274785145095595,2025052000111,55,60815.99776202555,g,149.13706684939046,2.727470613760323,7.977108955383301,1858.94,231.579,False,2187.8,10.0821,1853.99,230.314,False,-10.9813,15.9423,23.226836602946797,0.1352564939093318,23.049980930776456,0.00500342839972054,23.22973153739589,0.1348768032963749,nan,nan
2012 RN49,nan,MBO,MBO,21164715450579278,745284180739883030,17.912306,3.2904568,3.1231282,149.13724457909743,2.727482535414324,2025052000112,55,60815.99852844935,g,149.1372086658428,2.72750884591833,7.656035423278809,1614.47,198.867,False,1550.18,18.2989,1595.38,197.536,False,-24.9737,17.9061,23.379925071227166,0.1337386947549737,23.424044638781254,0.012816433062560398,23.39283963830799,0.13443316412569548,nan,nan
2012 RN49,nan,MBO,MBO,21164715450579278,745284180874625116,17.912308,3.290457,3.1231353,149.13732175250857,2.72748503316256,2025052000113,56,60815.999004494544,g,149.137274477443,2.7274927802321183,10.862475395202637,1638.37,147.727,False,1746.79,1.90124,1597.08,145.615,False,-26.3443,9.88393,23.363970035602144,0.09789764108980419,23.294398233187316,0.0011817362397342098,23.39168335210196,0.09899284179268006,nan,nan
2012 RN49,nan,MBO,MBO,21164715450579278,745284181009891388,17.91231,3.2904575,3.1231432,149.13740817029006,2.7274878292027567,2025052000114,58,60815.99953748862,g,149.13740593497033,2.727509329279426,9.150777816772461,1319.34,144.825,False,1293.68,3.40105,1320.6,143.179,False,-18.8778,12.5224,23.599108203977828,0.11918212637705215,23.620432794656587,0.002854371300828215,23.598071787729634,0.11771515058512974,nan,nan
2012 RN49,nan,MBO,MBO,21164715450579278,745284181143060539,17.912313,3.2904582,3.1231544,149.13753220925037,2.727491840799875,2025052000115,56,60816.000302056374,g,149.1375178183488,2.7275203124377563,9.81961727142334,1432.88,142.784,False,1469.3,4.61526,1392.62,140.736,False,-1.93793,10.68,23.509475444103067,0.10819172158233238,23.482223767426913,0.0034104368370668405,23.540418433882856,0.10972279791425814,nan,nan
2012 RN49,nan,MBO,MBO,21164715450579278,745284181278326805,17.912317,3.2904584,3.1231625,149.13761863529086,2.727494634775238,2025052000116,58,60816.00083512574,g,149.13765253490604,2.7274090300738725,7.750629425048828,1092.86,145.89,False,1152.39,13.9885,1074.21,144.466,False,-10.9712,9.5192,23.803588688182234,0.14493901906247172,23.746001283740846,0.013179410024276821,23.822277062036527,0.1460161197264548,nan,nan
2012 RN49,nan,MBO,MBO,21164715450579278,745284181412544577,17.912321,3.2904592,3.1231728,149.13773263204496,2.7274983185893595,2025052000117,58,60816.00153897185,g,149.13770589113466,2.727496453876728,11.162199020385742,1759.11,154.514,False,1846.09,10.8798,1735.3,152.024,False,5.39393,9.99208,23.286767515429688,0.09536723317826648,23.23436784561646,0.006398709060009571,23.3015635524942,0.09511782308582929,29.570236743198,2.0112909905557057
2012 RN49,nan,MBO,MBO,21164715450579278,745284181547286538,17.912323,3.2904594,3.1231809,149.1378190660116,2.7275011105983538,2025052000118,59,60816.002071902825,g,149.1378250041673,2.7275071506947026,7.899410247802734,1221.19,148.001,False,1390.71,8.24159,1207.84,145.526,False,7.1142,9.13167,23.683041953796508,0.13158481435120886,23.541908586771296,0.006434261928373091,23.69497651065585,0.13081438970816975,29.269684806792366,1.39363309526914
2012 RN49,nan,MBO,MBO,21164715450579278,745284181681504324,17.912325,3.2904599,3.1231887,149.13790566557466,2.727503906994833,2025052000119,59,60816.00260581951,g,149.13791543583733,2.7275340798933394,8.152311325073242,1138.52,135.949,False,1042.82,14.0175,1128.96,134.658,False,10.1304,9.77554,23.759148321064096,0.12964616724785674,23.854476676401127,0.014594376739264336,23.768303650617717,0.12950244126268376,28.88593354706127,1.0477037818090662
2012 RN49,nan,MBO,MBO,21164715450579278,745284181815722077,17.912329,3.2904603,3.1231983,149.13801124396514,2.727507314936433,2025052000120,59,60816.003256159864,g,149.1379887784933,2.7274877141249734,10.340970039367676,1199.6,117.17,False,1150.66,3.64575,1215.88,115.302,False,15.1986,12.5037,23.702408879377998,0.10604844257464234,23.747632427434556,0.003440045452712644,23.68777320860535,0.10296045456695048,28.445491049952,0.8932217590223369
2012 RN49,nan,MBO,MBO,21164715450579278,745284181951512594,17.912333,3.2904608,3.1232064,149.13809801354606,2.7275101146808813,2025052000121,62,60816.003791225885,g,149.13809856372197,2.7275342194645438,11.39033031463623,1332.06,114.026,False,1241.83,5.04138,1355.26,112.013,False,11.9409,21.4513,23.588690484220894,0.0929403721291194,23.664844670227474,0.0044076958231863105,23.56994344098925,0.08973670672592857,28.707407360423886,1.950477182005547
2012 RN49,nan,MBO,MBO,21164715450579278,745284182085730321,17.912334,3.290461,3.1232135,149.1381758658926,2.7275126258749194,2025052000122,62,60816.00427132496,g,149.13815570088394,2.72751576804205,11.349079132080078,1492.07,128.688,False,1360.22,10.4341,1491.32,126.35,False,12.5388,8.93195,23.465527043071017,0.09364254330634053,23.56597713286572,0.00832856489544428,23.466072933618378,0.09198748273691872,28.6543600411924,0.7734185800330183
2012 RN49,nan,MBO,MBO,21164715450579278,745284182352592904,17.912338,3.290462,3.1232276,149.1383306060067,2.727517614837444,2025052000124,59,60816.00522575411,g,149.13833677832153,2.7275220756817733,11.686980247497559,1662.18,142.559,False,1881.54,6.66755,1608.86,140.598,False,-2.77685,6.53427,23.3483048339043,0.09311955915831906,23.213716338711226,0.0038474868332188652,23.383704374269335,0.09488230680487694,nan,nan
2012 RN49,nan,MBO,MBO,21164715450579278,745284182486286365,17.912344,3.2904625,3.1232407,149.13847351575836,2.7275222196444786,2025052000125,58,60816.00610655401,g,149.13845004329713,2.7275502629656425,12.154156684875488,1662.75,136.967,False,1596.54,1.22567,1680.04,136.748,False,1.17996,10.8716,23.347932608734528,0.08943619040035877,23.39205046367595,0.0008335238953392905,23.336700919886685,0.08837423648780475,31.220331775532753,10.003466018559731
2012 RN49,nan,MBO,MBO,21164715450579278,745284182621028415,17.912346,3.2904632,3.1232512,149.1385885319483,2.727525923764137,2025052000126,59,60816.00681531953,g,149.13857741580293,2.727513506171816,10.633745193481445,1486.17,135.749,False,1476.99,3.10352,1532.09,135.641,False,-4.64761,18.0633,23.469828742047373,0.09917276759350269,23.476556119879753,0.002281399303887394,23.43678932939539,0.09612382749022329,nan,nan
2012 RN49,nan,MBO,MBO,21164715450579278,745284182758916206,17.91235,3.2904637,3.123259,149.13867500121253,2.727528707403847,2025052000127,66,60816.0073481772,g,149.1386749883972,2.7275639818343334,11.151947021484375,1484.89,131.385,False,1467.04,3.24221,1509.38,129.073,False,-7.44536,9.52674,23.47076428303904,0.09606734767611283,23.483895082626606,0.0023995150714659534,23.453003518772935,0.09284555683977531,nan,nan
2012 RN49,nan,MBO,MBO,21164715450579278,745284182890512411,17.912354,3.2904642,3.1232688,149.1387802942842,2.727532095725512,2025052000128,61,60816.00799732409,g,149.1387339632369,2.7275323758350876,9.644954681396484,1448.18,146.861,False,1447.21,7.57792,1468.61,146.187,False,-10.6182,7.70851,23.497943596259145,0.11010529812308073,23.498671142379134,0.0056851612961710775,23.482733808173666,0.10807533402643511,nan,nan
2012 RN49,nan,MBO,MBO,21164715450579278,745284183025254473,17.912355,3.2904644,3.123276,149.1388576857935,2.7275345852678603,2025052000129,62,60816.0084747443,g,149.1388406134248,2.72759572010591,9.27165412902832,1407.21,158.99,False,1581.62,17.9671,1371.1,157.585,False,4.34358,7.9439,23.52910274846418,0.12266911829107563,23.402244633081796,0.012333892578788747,23.5573271922343,0.12478721476395693,29.80538049582595,1.9856847146892647
2012 RN49,nan,MBO,MBO,21164715450579278,745284183157899278,17.912357,3.2904649,3.1232846,149.13895357753466,2.7275376688592408,2025052000130,59,60816.00906569423,g,149.1390153049897,2.7275706064461356,6.472902774810791,1342.78,202.984,False,1450.68,29.2282,1392.33,201.659,False,18.3892,5.3911,23.579987816219173,0.16412745643648713,23.49607090072763,0.021875337604209368,23.54064458222851,0.15725329520649012,28.238592897090893,0.3183016286862983
2012 RN49,nan,MBO,MBO,21164715450579278,745284183297359879,17.912361,3.2904654,3.1232917,149.13903065118,2.7275401464590696,2025052000131,69,60816.00954093928,g,149.13908894480238,2.7275665087579393,9.197809219360352,1594.15,170.502,False,1715.24,3.49625,1598.58,170.839,False,16.1423,13.4499,23.393677024618828,0.11612469990638866,23.314187766104535,0.002213104366915692,23.390664091935648,0.11603178914259227,28.380086487685134,0.9046445265277145
2012 RN49,nan,MBO,MBO,21164715450579278,745284183427907597,17.912363,3.2904658,3.1233006,149.13912655131057,2.727543228184983,2025052000132,62,60816.01013182878,g,149.13906312644954,2.7275712148903817,9.203919410705566,1523.5,167.753,False,1430.3,6.81454,1580.99,166.856,False,15.6193,12.4476,23.442893853603266,0.11955071352219378,23.51143211633523,0.005172895508481841,23.402677199299358,0.11458744479628087,28.41584609153209,0.8652635185110753
2012 RN49,nan,MBO,MBO,21164715450579278,745284183560552482,17.912367,3.2904663,3.1233094,149.1392224561375,2.727546308877484,2025052000133,59,60816.010722717605,g,149.1392344724944,2.727601210343136,8.60738468170166,1440.13,167.788,False,1517.48,13.5456,1416.24,167.315,False,6.64071,9.9829,23.50399575265298,0.1264979547746578,23.44719257423852,0.009691691789373034,23.522157866610137,0.1282691895458809,29.344463732607277,1.6321742398623817
2012 RN49,nan,MBO,MBO,21164715450579278,745284183700013147,17.912369,3.2904665,3.1233172,149.1393091152949,2.727549091558164,2025052000134,69,60816.01125654897,g,149.13930973745235,2.727580240411238,11.526150703430176,1748.91,150.672,False,1813.0,0.341876,1713.51,149.464,False,8.64421,8.17531,23.29308132630938,0.09353828331094213,23.254005489761226,0.00020473643183566275,23.315283385550593,0.09470530086602963,29.05818674494632,1.0268411272434275
2012 RN49,nan,MBO,MBO,21164715450579278,745284183830560772,17.91237,3.290467,3.1233242,149.13938587846422,2.7275515556644674,2025052000135,62,60816.011729216334,g,149.13936631754518,2.727585387251897,12.266571044921875,1604.99,134.25,False,1521.37,6.27123,1583.37,132.41,False,5.83343,10.4758,23.386319179486605,0.09081681903043748,23.444412883183197,0.004475506760974095,23.401043973011582,0.09079516176979759,29.485190057765895,1.9497885841665745
2012 RN49,nan,MBO,MBO,21164715450579278,745284183968448601,17.912373,3.2904673,3.1233313,149.13946248235894,2.72755401390131,2025052000136,69,60816.01220191838,g,149.13943706195525,2.7275325732633275,9.022941589355469,1385.13,151.817,False,1448.12,1.65236,1346.52,150.633,False,17.7803,9.5741,23.546273657196437,0.11900198123973801,23.49798862459775,0.0012388662822061887,23.576967963211345,0.12145953612851873,28.275152280488328,0.5846327911922892
2012 RN49,nan,MBO,MBO,21164715450579278,745284184098996282,17.912376,3.2904677,3.12334,149.1395575923825,2.727557064952021,2025052000137,62,60816.01278751195,g,149.1395815128633,2.727603100102809,9.998213768005371,1649.43,169.447,False,1660.64,12.3264,1730.19,169.2,False,21.551,10.4079,23.356665241417318,0.11153837595785457,23.349311253904318,0.0080590726602775,23.304765542789973,0.10617710699575562,28.066331402755885,0.5243484468347723
2012 RN49,nan,MBO,MBO,21164715450579278,745284184257331204,17.912378,3.2904682,3.1233487,149.13965351871394,2.727560141008486,2025052000138,108,60816.013378554475,g,149.1396415202156,2.727585340642666,10.745311737060547,1698.24,153.488,False,1910.65,4.85294,1665.7,152.074,False,28.8834,12.9328,23.32500234137023,0.09812952628083453,23.197047139485996,0.002757706895464719,23.34600806747648,0.09912484721677782,27.74837921452679,0.4861480824551815
2012 RN49,nan,MBO,MBO,21164715450579278,745284184371101724,17.912382,3.2904687,3.1233559,149.13973029568274,2.7275626021505497,2025052000139,69,60816.013851595686,g,149.13971558512804,2.727624620247783,10.970712661743164,1724.99,159.832,False,1928.95,4.27219,1750.76,159.634,False,30.6569,8.54231,23.308033551764574,0.10060080977660629,23.186697601201146,0.002404661383692465,23.291933454862395,0.09899724420216634,27.683679392512794,0.3025320517415339
2012 RN49,nan,MBO,MBO,21164715450579278,745284184497979456,17.912384,3.2904692,3.1233652,149.139832399443,2.7275658739842936,2025052000140,55,60816.014480708174,g,149.13978688976437,2.727672006817383,8.135733604431152,1280.33,160.78,False,1413.28,135.437,1345.14,160.997,False,22.7338,9.93179,23.631695232857993,0.13634349868183057,23.524429444760933,0.10404792218951604,23.578081269777755,0.1299494947437559,28.00831987013409,0.4743291461109341
2012 RN49,nan,MBO,MBO,21164715450579278,745284184632721486,17.912388,3.2904694,3.1233723,149.1399098331056,2.727568354388435,2025052000141,56,60816.01495770269,g,149.1399143099583,2.727550716153029,10.540725708007812,1478.56,140.917,False,1566.83,3.49447,1518.59,138.007,False,7.09362,7.50115,23.47540257472307,0.1034781752430964,23.41244533453738,0.0024214959968309386,23.446398685192513,0.0986699529768958,29.27283022721292,1.148112032712539
2012 RN49,nan,MBO,MBO,21164715450579278,745297377834827780,17.899931,3.2927992,3.167883,149.65526536075305,2.7351608576872537,2025052300134,60,60819.02753780842,g,149.6552446236785,2.7351590843365567,6.386859893798828,730.703,113.915,False,749.725,0.595412,767.234,112.201,False,49.6967,23.4417,24.2406477696378,0.16926390101471206,24.212745053155214,0.0008622633678724874,24.18768038665398,0.1587790460338453,27.15918109876113,0.512136657636317
2012 RN49,nan,MBO,MBO,21164715450579278,745297378392670234,17.899918,3.292801,3.1679142,149.65562612671786,2.7351601583918685,2025052300138,100,60819.029631473495,g,149.65560730824626,2.735197175632198,6.206617832183838,686.821,105.854,False,880.018,6.65081,726.924,105.056,False,52.5707,31.0202,24.30789111164983,0.16733547586989594,24.03877110498448,0.00820554228276797,24.2462774640083,0.15691200276755532,27.09814056731728,0.6406563729654455
2012 RN49,nan,MBO,MBO,21164715450579278,745297378506440734,17.899914,3.2928011,3.167922,149.65571658833693,2.7351599811241862,2025052300139,61,60819.03015675932,g,149.65568302319892,2.7351868788252545,5.888071060180664,623.463,104.275,False,585.163,11.8949,718.224,103.341,False,82.132,18.3345,24.412973265482847,0.18159079544817258,24.481807809358124,0.022070300722942793,24.259350218195724,0.1562201611189281,26.613718953774388,0.24237116876670534
2012 RN49,nan,MBO,MBO,21164715450579278,745297378660581400,17.89991,3.2928016,3.16793,149.65580705467872,2.735159803078846,2025052300140,99,60819.030681123004,g,149.65578729622055,2.7351995425585054,6.071720123291016,604.396,98.7024,False,597.433,0.2432,720.66,97.3321,False,127.674,30.1609,24.44669605342084,0.1773088671904563,24.45927701077218,0.0004419760153641597,24.255673997075633,0.1466391761724353,26.13474380699697,0.2564874626029452
2012 RN49,nan,MBO,MBO,21164715450579278,745297378794799158,17.899908,3.292802,3.1679375,149.65589735347197,2.735159624597673,2025052300141,99,60819.03120546072,g,149.655865948046,2.735215749087347,5.840676307678223,610.361,105.763,False,628.142,1.67553,738.446,104.603,False,140.356,32.7797,24.43603301945859,0.18813573350264937,24.40485536775159,0.0028961340793008153,24.229203167799174,0.15379765515495972,26.031922521334543,0.2535702620322396
2012 RN49,nan,MBO,MBO,21164715450579278,745297378930065435,17.899904,3.2928026,3.1679454,149.65598731224893,2.7351594460287454,2025052300142,101,60819.03172731136,g,149.65598607256908,2.7351505879357365,5.058251857757568,545.392,112.504,False,561.751,27.8169,679.399,112.444,False,137.427,27.619,24.558228034475796,0.2239667196113832,24.5261404097984,0.053763708421054615,24.319687762815594,0.1796948839222898,26.054819819444553,0.2182027349047777
2012 RN49,nan,MBO,MBO,21164715450579278,745297379333767217,17.899895,3.2928038,3.1679688,149.65625825132358,2.7351589036387183,2025052300145,103,60819.03329943505,g,149.65628800245466,2.7352043932745627,5.9679975509643555,603.17,103.24,False,598.336,4.30317,745.432,101.781,False,123.014,25.9879,24.44890069876768,0.1858371713377236,24.457637168246457,0.007808501740383327,24.21897990937601,0.14824600194425847,26.175113649242043,0.22937229657655617
2012 RN49,nan,MBO,MBO,21164715450579278,745297379467984961,17.89989,3.292804,3.1679766,149.65634840160948,2.735158721647796,2025052300146,103,60819.033822497426,g,149.65632894104166,2.7352205213902976,5.259214401245117,566.382,104.488,False,nan,nan,722.73,103.51,False,134.545,25.871,24.517226356667777,0.20030015011405833,nan,nan,24.25255982348559,0.1555000621407819,26.077831107218124,0.20877090973534426
2012 RN49,nan,MBO,MBO,21164715450579278,745297379734847552,17.899885,3.292805,3.167992,149.65652837189205,2.735158356067287,2025052300148,100,60819.03486655337,g,149.6564747359525,2.735137446553903,5.7393293380737305,656.577,112.132,False,630.684,8.66827,809.802,111.043,False,165.019,18.7289,24.35678579326628,0.18542497122412827,24.400470430369612,0.014922614778415236,24.129052884811454,0.1488801019248638,25.856165140966617,0.12322608995728125
2012 RN49,nan,MBO,MBO,21164715450579278,745297380541726763,17.899864,3.2928073,3.168039,149.65707098648227,2.7351572356202776,2025052300154,103,60819.03801396572,g,149.6570932973723,2.735203085215584,5.576670169830322,654.283,116.274,False,708.716,10.005,697.737,115.114,False,44.1501,16.6063,24.360585875960147,0.19294844870250935,24.273819400960452,0.01532742424394126,24.290770616739753,0.17912685702352252,27.287670753608886,0.4083809828809642
2012 RN49,nan,MBO,MBO,21164715450579278,745297380811735085,17.899858,3.292808,3.1680546,149.6572520704018,2.7351568556333543,2025052300156,106,60819.039063642136,g,149.6572653523258,2.735174984398339,5.245710849761963,656.823,126.485,False,654.075,6.97841,710.453,125.366,False,54.3335,6.1942,24.356379123011763,0.2090812059411356,24.36093110503238,0.011583858111728683,24.27116161433908,0.1915881860849608,27.062330797144693,0.12377754521779157
2012 RN49,nan,MBO,MBO,21164715450579278,745297381100617748,17.89985,3.292809,3.1680703,149.65743282959335,2.735156473311158,2025052300158,145,60819.040111307746,g,149.6574504969945,2.735213727987528,5.851979732513428,671.271,115.144,False,685.302,2.8066,747.702,114.477,False,95.9014,27.2365,24.332755292914207,0.18623775977188,24.31029499872178,0.004446546669171658,24.21567860589669,0.16623175580579577,26.445437658007144,0.30835477497311437
2012 RN49,nan,MBO,MBO,21164715450579278,745297381369053235,17.899845,3.2928097,3.168086,149.65761412661027,2.735156086830749,2025052300160,145,60819.04116299786,g,149.65761394142746,2.735161030574891,6.524714946746826,830.768,125.11,False,844.598,3.61398,907.439,124.259,False,89.2896,7.03632,24.101300593529473,0.1635070878533579,24.083374849414017,0.00464579466738178,24.005456367834245,0.14867389889052376,26.522997848322376,0.0855596608592491
2012 RN49,nan,MBO,MBO,21164715450579278,745297381502746631,17.899841,3.2928102,3.168094,149.6577050416373,2.7351558918856163,2025052300161,144,60819.04168941305,g,149.65768851159933,2.735171323376423,6.131812572479248,649.417,104.549,False,626.091,6.68077,740.962,103.706,False,68.1297,28.5953,24.36869088029475,0.17479160500361668,24.408406341854906,0.011585462398570457,24.22551019674868,0.15196105066988935,26.816658813203638,0.45570365584597233
2012 RN49,nan,MBO,MBO,21164715450579278,745297381771706400,17.899834,3.292811,3.1681094,149.65788619715315,2.7351555011819264,2025052300163,145,60819.04273919154,g,149.65792847546356,2.73520203261205,6.263696193695068,658.493,106.83,False,642.524,4.5014,664.706,106.032,False,15.727,32.8982,24.353622124830192,0.1761434124533546,24.380276636343613,0.0076064599077262695,24.343426012939766,0.17319353194359607,28.408385266704386,2.2711748806357477
2012 RN49,nan,MBO,MBO,21164715450579278,745297381861359631,17.89983,3.2928116,3.1681209,149.65801784985723,2.73515521535757,2025052300164,60,60819.04350260107,g,149.658015032533,2.7352102693307154,7.650518417358398,923.204,116.624,False,930.69,2.86565,910.221,115.311,False,-9.8418,9.49808,23.986755830369653,0.13715592929936707,23.977987378234534,0.0033430464282641313,24.00213286251624,0.13754607190779924,nan,nan
2012 RN49,nan,MBO,MBO,21164715450579278,745297381995577370,17.899807,3.292814,3.168171,149.65859773708385,2.735153937578946,2025052300165,60,60819.04686286381,r,149.6585860435172,2.7351745564171046,7.569631576538086,1187.32,152.08,False,1175.88,5.20626,1214.22,152.538,False,29.878,31.9929,23.71358059059865,0.13906846635882186,23.72409248620276,0.0048071445825629035,23.689256571025403,0.13639705086453824,27.711621183253634,1.1625895456442066
2012 RN49,nan,MBO,MBO,21164715450579278,745297382130319375,17.899805,3.2928145,3.1681788,149.6586878462951,2.735153736280078,2025052300166,61,60819.04738498699,r,149.65869236550944,2.735120007787412,8.281553268432617,1420.23,167.328,False,1295.31,0.815005,1437.44,167.699,False,9.66561,35.9223,23.519103309533076,0.12791876903674018,23.619065654982606,0.000683141796415365,23.506025729484083,0.12666747049628108,28.93692679553186,4.035145086592175
2012 RN49,nan,MBO,MBO,21164715450579278,745297382264537110,17.899801,3.292815,3.1681867,149.65877830601383,2.735153533458409,2025052300167,61,60819.04790885035,r,149.65879824410186,2.7351379038956507,6.670409202575684,1056.65,162.648,False,1054.76,3.53469,1078.83,161.847,False,22.6018,37.2264,23.84017208148046,0.1671251717383366,23.84211586108386,0.0036384966864778843,23.81761750730763,0.1628830815067926,28.014642386883676,1.78826672861519
2012 RN49,nan,MBO,MBO,21164715450579278,745297382398754896,17.899797,3.2928152,3.1681943,149.65886894379113,2.7351533294947976,2025052300168,61,60819.04843320498,r,149.65884895250792,2.7351650507591825,8.78243637084961,1494.16,164.689,False,1455.6,4.3512,1543.03,163.588,False,51.6007,34.3779,23.464007210720947,0.11967178929879879,23.49239490092502,0.003245572661470817,23.429064054850187,0.11510690531515326,27.118361009090016,0.7233492859317849
2012 RN49,nan,MBO,MBO,21164715450579278,745297382553419850,17.899794,3.2928157,3.1682022,149.65895941427587,2.7351531251672645,2025052300169,100,60819.0489575571,r,149.6589370287846,2.735159407651032,7.801987648010254,1249.75,160.941,False,1218.48,0.355278,1350.66,160.44,False,88.7758,36.6921,23.65794213643843,0.13981953534769248,23.685454004612946,0.00031657325324515234,23.57363487663007,0.1289706624420213,26.529263481499424,0.44874775328687977
2012 RN49,nan,MBO,MBO,21164715450579278,745297382667190349,17.899792,3.2928162,3.16821,149.65905023558824,2.735152919304238,2025052300170,61,60819.04948372305,r,149.65903038649913,2.7351903991775184,6.513896942138672,1061.19,161.441,False,1078.55,17.4577,1176.85,160.843,False,121.365,33.3973,23.83551718793343,0.16517526746520045,23.817899242941472,0.017574017779058183,23.723197243333118,0.14839025748643228,26.189766368540216,0.2987736099483483
2012 RN49,nan,MBO,MBO,21164715450579278,745297382821855292,17.899788,3.2928164,3.168218,149.6591405442837,2.7351527138657983,2025052300171,100,60819.05000675553,r,149.65914761166275,2.735173193043265,7.583663463592529,1362.7,174.403,False,1393.3,2.74399,1440.7,175.067,False,85.2743,22.0916,23.563999399106525,0.138956232458258,23.539888369173056,0.0021382682292275025,23.50356614636707,0.13193349625762088,26.572954597178466,0.2812764279672901
2012 RN49,nan,MBO,MBO,21164715450579278,745297382955548766,17.899784,3.2928169,3.1682258,149.65923172181826,2.735152505705783,2025052300172,99,60819.05053419755,r,149.65923788385132,2.7351727888042,7.643333911895752,1245.13,165.27,False,1291.11,18.5821,1306.59,164.576,False,51.5502,29.8429,23.661963253035893,0.14411316609146355,23.622591900149786,0.01562628967830894,23.609651703429194,0.13675761385155222,27.11942408377399,0.6285429612178817
2012 RN49,nan,MBO,MBO,21164715450579278,745297383090815056,17.89978,3.2928174,3.1682336,149.6593223868332,2.735152297974372,2025052300173,101,60819.05105965396,r,149.6593272811289,2.735173350495192,8.888933181762695,1477.07,165.723,False,1451.51,6.7111,1522.01,166.02,False,33.2122,15.6765,23.476497345728074,0.12181648494901555,23.495449912203938,0.005019933934247901,23.44395622835566,0.11843150057894006,27.596755883288026,0.5124786637845233
2012 RN49,nan,MBO,MBO,21164715450579278,745297383226081292,17.899776,3.2928178,3.1682413,149.65941288459717,2.735152089889797,2025052300174,103,60819.051583761844,r,149.65940510273805,2.735147806975257,9.648183822631836,1584.71,167.608,False,1575.72,7.38129,1529.38,165.488,False,6.22641,25.712,23.400125530604072,0.11483367944185205,23.406302401735754,0.005086013946169474,23.438711480192204,0.1174831105652734,29.41440572796325,4.483554660684778
2012 RN49,nan,MBO,MBO,21164715450579278,745297383360299049,17.899773,3.292818,3.1682491,149.65950338794067,2.7351518810575888,2025052300175,103,60819.05210794845,r,149.65946958030105,2.7351538843400434,9.464808464050293,1706.82,178.395,False,1650.84,2.03029,1727.18,178.784,False,13.7496,19.9869,23.319530726295554,0.1134799926071342,23.35573756416258,0.0013352955365817506,23.306655965205426,0.11238681080377494,28.554274807684894,1.5782641430231668
2012 RN49,nan,MBO,MBO,21164715450579278,745297383496089601,17.89977,3.2928185,3.168257,149.65959406949491,2.7351516710778743,2025052300176,106,60819.05263225407,r,149.65964015470027,2.735176125053154,9.118522644042969,1569.01,169.034,False,1552.64,2.18253,1624.13,167.927,False,35.7803,25.4316,23.41093571437219,0.11696950865946862,23.42232306347048,0.0015262080949836993,23.37344802557046,0.11225974843691922,27.515890051766185,0.7717098340762959
2012 RN49,nan,MBO,MBO,21164715450579278,745297383630307354,17.899767,3.292819,3.1682649,149.65968458382224,2.7351514607513767,2025052300177,106,60819.053156911876,r,149.65966224061228,2.7351484769433783,10.050302505493164,1708.74,166.482,False,1716.46,1.31262,1723.27,165.461,False,18.0667,26.8832,23.318310041263242,0.10578293364817844,23.31341580676323,0.0008302897457725423,23.309116668822504,0.1042477351482718,28.257802918352095,1.6155724750331804
2012 RN49,nan,MBO,MBO,21164715450579278,745297383897169936,17.89976,3.2928197,3.1682806,149.65986597476856,2.735151037053197,2025052300179,103,60819.05420634805,r,149.65989452486667,2.73516866279972,9.83171272277832,1669.58,168.106,False,1683.15,2.66802,1665.48,166.959,False,-14.9664,24.8234,23.343481944456258,0.1093201753072695,23.334692930691205,0.0017210384563780064,23.34615145820386,0.10884155483008842,nan,nan
2012 RN49,nan,MBO,MBO,21164715450579278,745297384031387671,17.899755,3.2928202,3.1682882,149.659956333099,2.735150824896286,2025052300180,103,60819.05472985945,r,149.65995601433798,2.735167348925642,9.22681999206543,1591.9,171.142,False,1515.9,9.553,1549.91,170.438,False,-36.7272,22.9543,23.39521052649694,0.11672533503955647,23.44832360011913,0.006842165238958007,23.42423377520858,0.11939448550512509,nan,nan
2012 RN49,nan,MBO,MBO,21164715450579278,745297384165605444,17.899752,3.2928205,3.168296,149.66004704259026,2.735150611183607,2025052300181,103,60819.05525411703,r,149.66006377536536,2.735171268635832,9.244115829467773,1736.52,185.379,False,1605.37,6.14895,1678.47,184.842,False,-59.1211,19.1344,23.300800513863415,0.11590576973050805,23.386062145968207,0.004158628705573969,23.337716060637163,0.11956701632673322,nan,nan
2012 RN49,nan,MBO,MBO,21164715450579278,745297384301920318,17.89975,3.292821,3.168304,149.66013689370294,2.735150398771706,2025052300182,107,60819.05577405935,r,149.6601100635008,2.735153325905212,9.011171340942383,1697.97,182.522,False,1708.81,7.77374,1644.73,182.259,False,-70.6788,18.8838,23.325174986751442,0.11671039560772761,23.31826552062506,0.004939244546698569,23.359763477747016,0.12031470223605327,nan,nan
2012 RN49,nan,MBO,MBO,21164715450579278,745297384435089453,17.899746,3.2928214,3.1683118,149.6602276144555,2.73515018357639,2025052300183,105,60819.05629904333,r,149.6602131025957,2.7351766343699757,8.690362930297852,1501.53,171.374,False,1381.33,10.3089,1481.72,171.525,False,-44.0381,21.7802,23.45866494466397,0.12391823342637545,23.549256424520536,0.008102876348472166,23.473084664086173,0.1256856218290407,nan,nan
2012 RN49,nan,MBO,MBO,21164715450579278,745297384569307287,17.899742,3.2928216,3.1683195,149.6603183408928,2.735149967637325,2025052300184,105,60819.056824495594,r,149.66033235956942,2.735148497382873,10.852590560913086,1826.15,167.987,False,1864.7,7.0616,1767.95,167.057,False,-43.8787,22.959,23.246158866430967,0.09987655168533083,23.223477601372615,0.0041116722316861,23.281325083937368,0.10259331179600255,nan,nan
2012 RN49,nan,MBO,MBO,21164715450579278,745297384814149689,17.89972,3.2928245,3.168372,149.6609252321607,2.73514850445643,2025052300186,60,60819.060335375776,i,149.66090308440562,2.7351847636202367,9.291937828063965,2373.77,251.569,False,2333.75,3.53261,2392.42,250.405,False,8.87201,16.3135,22.961403398886088,0.11506488383984512,22.97986417260716,0.0016434847385903449,22.95290647459862,0.11363965436887996,29.02994491509806,1.9964085386178094
2012 RN49,nan,MBO,MBO,21164715450579278,745297384948891681,17.899715,3.2928247,3.1683798,149.66101565709238,2.735148283670682,2025052300187,61,60819.06085855108,i,149.66100301563662,2.7351516792432973,8.863122940063477,2250.72,249.949,False,1983.78,11.416,2239.56,248.011,False,6.73844,18.8004,23.019196338846577,0.12057416637434003,23.1562662152314,0.006248054082649699,23.024593216318923,0.12023545542704471,29.328601579816944,3.029228514904602
2012 RN49,nan,MBO,MBO,21164715450579278,745297385083109420,17.899712,3.2928252,3.1683877,149.6611066066035,2.735148060880504,2025052300188,61,60819.06138473396,i,149.66108925815863,2.735172090399052,8.97484302520752,2179.75,238.667,False,2045.81,3.34095,2244.46,237.725,False,8.30944,51.8756,23.053983284161085,0.11888033529795347,23.122836726087847,0.0017730826824821097,23.02222034399955,0.11499721554182873,29.101070653884406,6.778220696932791
2012 RN49,nan,MBO,MBO,21164715450579278,745297385371992153,17.899704,3.2928262,3.1684034,149.66128800435055,2.7351476143651774,2025052300190,100,60819.06243327331,i,149.6612905642842,2.7351588113122585,8.548697471618652,2016.69,233.758,False,2247.31,6.67047,2102.31,234.158,False,62.392,49.3703,23.138402169549007,0.1258495486934264,23.02084251093405,0.0032226843875735717,23.09325807946837,0.12093069828754137,26.9121777614064,0.8591345675103316
2012 RN49,nan,MBO,MBO,21164715450579278,745297385640427709,17.899696,3.292827,3.1684191,149.66147046337989,2.735147162336929,2025052300192,100,60819.063488538115,i,149.6614169786866,2.7351971910934503,8.016453742980957,1936.14,238.597,False,1905.72,4.71123,2004.37,237.155,False,41.8071,42.7953,23.18265809821155,0.1337988985400161,23.199852287199533,0.0026841051375387083,23.14505526788288,0.12846319239527346,27.346874933761953,1.111399926903596
2012 RN49,nan,MBO,MBO,21164715450579278,745297385775693827,17.899693,3.2928274,3.168427,149.66156161539644,2.7351469354276694,2025052300193,102,60819.064015990574,i,149.66156829355643,2.7351574804710475,7.978674411773682,2080.94,259.762,False,2063.21,6.17192,2124.96,259.078,False,66.3807,16.2595,23.104351134757152,0.1355315428627111,23.113641435354644,0.0032478889358003725,23.081623121572672,0.13237443189898665,26.84489544419265,0.26594369435659587
2012 RN49,nan,MBO,MBO,21164715450579278,745297385909387368,17.89969,3.2928276,3.1684349,149.66165294634504,2.735146707347844,2025052300194,101,60819.06454344802,i,149.66164433748528,2.735159682056441,10.038869857788086,2339.52,229.459,False,2206.93,13.2022,2440.34,228.028,False,60.6505,40.9538,22.977183085375106,0.10648848538594836,23.040528637853562,0.006495043747138978,22.931374114478892,0.10145235756056101,26.942914013797328,0.733135302821808
2012 RN49,nan,MBO,MBO,21164715450579278,745297386044653625,17.899687,3.292828,3.1684427,149.66174376438303,2.7351464798301994,2025052300195,103,60819.06506858168,i,149.66173899836147,2.7351502068466473,10.461946487426758,2574.97,239.852,False,2449.62,3.26007,2664.57,238.601,False,69.1429,37.6799,22.87306957833753,0.10113360877234609,22.927253150110158,0.0014449489931393524,22.835932137326928,0.09722309239099364,26.800631045566593,0.5916794593988848
2012 RN49,nan,MBO,MBO,21164715450579278,745297386178871375,17.899683,3.2928286,3.1684506,149.6618349344109,2.7351462507107085,2025052300196,103,60819.06559514809,i,149.66184814905978,2.735153990568228,10.734684944152832,2615.01,235.16,False,2516.11,8.13289,2676.26,233.773,False,51.8065,39.2721,22.856316610990184,0.0976369990682713,22.89817589415653,0.003509454066517243,22.831179238358338,0.09483974032222967,27.11403937902733,0.823046136103964
2012 RN49,nan,MBO,MBO,21164715450579278,745297386314661918,17.89968,3.2928288,3.1684585,149.66192559147143,2.735146022166096,2025052300197,106,60819.06611941331,i,149.66191989952907,2.7351485767500936,9.122712135314941,2165.31,232.84,False,2440.36,1.40832,2238.42,231.652,False,39.6148,28.0171,23.06119976664273,0.11675132295094018,22.93136520758889,0.0006265730836446913,23.025146094065615,0.11236182855016696,27.405356344514257,0.7678741160884311
2012 RN49,nan,MBO,MBO,21164715450579278,745297386448879661,17.899675,3.2928293,3.168466,149.66201642751057,2.7351457924568265,2025052300198,106,60819.06664482081,i,149.6620109733332,2.7351551410634025,9.800731658935547,2417.42,237.641,False,2422.18,4.65508,2528.4,236.167,False,47.3774,33.6201,22.9416197580181,0.10673174408988115,22.939483996070635,0.0020866281047322664,22.892885587795874,0.10141396941050732,27.211071953686197,0.7704635154701595
2012 RN49,nan,MBO,MBO,21164715450579278,745297386581524499,17.899672,3.2928298,3.168474,149.66210657742232,2.735145563777641,2025052300199,103,60819.067165975925,i,149.66211496474813,2.7351667128904538,10.561086654663086,2328.81,220.494,False,2449.02,3.44855,2358.51,218.887,False,37.999,46.3794,22.982164829402407,0.10279856076153146,22.92751916179375,0.0015288627874552078,22.96840569055677,0.10076426748663948,27.45056956514383,1.325187273642652
2012 RN49,nan,MBO,MBO,21164715450579278,745297386715742273,17.899668,3.29283,3.1684818,149.66219725240245,2.73514533305891,2025052300200,103,60819.06768914743,i,149.6621855041406,2.7351574607634754,9.193153381347656,2210.52,232.167,False,2265.66,2.44378,2272.1,229.968,False,30.2375,40.0839,23.038763868902073,0.11403295301900916,23.012013198867855,0.0011710938384762322,23.008931349103506,0.10989154320778508,27.69863532396998,1.4392903859902304
2012 RN49,nan,MBO,MBO,21164715450579278,745297386849959985,17.899664,3.2928305,3.1684897,149.66228776040157,2.735145102058511,2025052300201,103,60819.06821238123,i,149.66227857358237,2.7351500466699705,10.667947769165039,2725.95,248.869,False,2649.78,21.2237,2727.63,247.923,False,-4.80103,29.6083,22.811205305341236,0.09912364201854354,22.841975443486017,0.008696321493467423,22.810536400615547,0.09868603628910408,nan,nan
2012 RN49,nan,MBO,MBO,21164715450579278,745297386984177774,17.89966,3.292831,3.1684976,149.66237862058378,2.735144869450019,2025052300202,103,60819.068737992246,i,149.66238082765156,2.7351521413830926,9.458453178405762,2269.06,235.821,False,2192.78,7.73091,2225.17,234.759,False,-71.6491,30.6619,23.01038502210932,0.1128394092720464,23.047512331948553,0.0038278936235714264,23.031592047870625,0.11454691441893736,nan,nan
2012 RN49,nan,MBO,MBO,21164715450579278,745301777491951619,17.88913,3.2935307,3.1819572,149.82450446692314,2.734123228072183,2025052400146,60,60819.9807832778,i,149.82454015395666,2.73415510438021,5.443521976470947,1257.15,223.448,False,1668.02,23.4121,1324.61,224.346,False,74.0638,42.7236,23.651532229636857,0.19298061221713816,23.344496853190876,0.015239244209401507,23.594779938550587,0.1838885179273792,26.725985067314973,0.6263054224638811
2012 RN49,nan,MBO,MBO,21164715450579278,745301777760911380,17.88912,3.2935314,3.1819727,149.82468730206296,2.734121125137391,2025052400148,61,60819.98182965605,i,149.82465473779584,2.7341576228287217,6.281491756439209,1378.63,223.272,False,1543.93,19.0893,1432.41,225.289,False,69.491,71.8478,23.551380684085885,0.175837241679143,23.428430947137144,0.013424147196731347,23.509831613429856,0.17076425017105396,26.795178638521342,1.12255920937984
2012 RN49,nan,MBO,MBO,21164715450579278,745301777915052077,17.889116,3.293532,3.1819806,149.82477889850682,2.7341200704440274,2025052400149,99,60819.98235309965,i,149.82477377864177,2.7341107541252523,5.7996296882629395,1210.02,212.573,False,nan,nan,1272.58,212.493,False,56.5922,62.5268,23.693018610779063,0.19073915836771055,nan,nan,23.638287303651964,0.18129417971057038,27.01810853311035,1.1995930030425808
2012 RN49,nan,MBO,MBO,21164715450579278,745301778028822557,17.88911,3.2935324,3.1819882,149.8248703229592,2.7341190169540663,2025052400150,60,60819.98287619607,i,149.82488085704435,2.7341007252982523,6.179949760437012,1337.07,209.075,False,1558.04,33.5038,1408.57,206.107,False,68.8196,67.7097,23.5846146821203,0.16977443425934766,23.418553464668147,0.023347466775755867,23.5280539552363,0.15886880641749104,26.80571959309325,1.0682257845814243
2012 RN49,nan,MBO,MBO,21164715450579278,745301778183487516,17.889107,3.2935326,3.181996,149.82496209983807,2.7341179586230417,2025052400151,99,60819.98340187362,i,149.82497334063467,2.7341548181834052,6.2030744552612305,1366.78,225.693,False,1483.5,3.40433,1397.85,223.553,False,8.64138,57.1844,23.560753438799242,0.1792849241179734,23.471781123367847,0.0024915432089170388,23.536348591989835,0.17363778893454512,29.058542202494177,7.18486743264575
2012 RN49,nan,MBO,MBO,21164715450579278,745301778317705288,17.889101,3.293533,3.182004,149.82505318026364,2.7341169075510363,2025052400152,99,60819.98392289992,i,149.82506674021644,2.7341793597033095,5.16503381729126,1259.43,238.639,False,1181.0,37.0746,1291.1,238.124,False,-0.630306,50.8917,23.649564868411694,0.20572719351985946,23.719375255966213,0.034084026871711116,23.622600317718536,0.20024773079047967,nan,nan
2012 RN49,nan,MBO,MBO,21164715450579278,745301778586665017,17.889053,3.2935371,3.1820807,149.82596082046223,2.7341063914689965,2025052400154,100,60819.98911337381,i,149.82595362791199,2.734127908021315,6.284761905670166,1320.31,203.719,False,1676.9,22.8062,1389.22,203.757,False,69.6993,62.2137,23.59831017023565,0.16752510979956325,23.338732072375024,0.014766245275372085,23.54307245531251,0.15924501565403923,26.79192891725984,0.9691297217540561
2012 RN49,nan,MBO,MBO,21164715450579278,745301778856673312,17.889044,3.2935379,3.1820965,149.82614409792055,2.734104258782296,2025052400156,103,60819.99016198833,i,149.82611894900614,2.734129732655185,5.816451072692871,1451.96,248.236,False,1454.26,19.14,1594.14,247.769,False,140.179,46.5275,23.495113398799965,0.18562412983693752,23.493394845605806,0.014289735093340677,23.393683842044346,0.16875040347551382,26.03329259959083,0.36037203236304277
2012 RN49,nan,MBO,MBO,21164715450579278,745301779123535899,17.889034,3.2935386,3.182112,149.82632721291642,2.734102124911565,2025052400158,100,60819.99120829157,i,149.8263066664232,2.734086783512773,6.961268901824951,1796.03,257.762,False,1866.25,3.73137,1987.4,257.507,False,143.326,42.4782,23.264216015707277,0.15582229912017392,23.222575448167294,0.002170814988450832,23.154286772952144,0.140678603696144,26.009187518049764,0.3217847234733066
2012 RN49,nan,MBO,MBO,21164715450579278,745301779257229392,17.88903,3.293539,3.1821196,149.82641851284072,2.734101059831366,2025052400159,99,60819.991730077396,i,149.82643354639723,2.734106973749812,6.304834365844727,1684.99,263.783,False,1594.84,0.552947,1768.94,263.242,False,90.2701,32.2621,23.33350668683159,0.1699705894761827,23.393207224225655,0.0003764356133159549,23.280717279736198,0.16157211903815705,26.511140149535482,0.3880368905050956
2012 RN49,nan,MBO,MBO,21164715450579278,745301779661979701,17.889015,3.2935402,3.182143,149.82669278137536,2.734097855710085,2025052400162,103,60819.993298227986,i,149.8266927020762,2.7341195037945507,6.280795574188232,1473.12,230.572,False,1624.58,20.972,1599.84,230.402,False,143.286,42.9445,23.479404689080262,0.16993888874810958,23.373147273403184,0.0140159674713832,23.389808645605854,0.1563630054089708,26.009490636733403,0.3254079245832767
2012 RN49,nan,MBO,MBO,21164715450579278,745301779797245954,17.889011,3.2935407,3.1821506,149.82678426899292,2.7340967853871683,2025052400163,105,60819.99382186806,i,149.82676426467222,2.734095894003097,5.980684757232666,1465.02,245.203,False,1372.14,15.6136,1563.89,246.502,False,120.049,30.4945,23.485391101563845,0.18172159714333283,23.55650392622575,0.01235460695246648,23.414484483227,0.1711348894395413,26.201603600519903,0.27579555715875587
2012 RN49,nan,MBO,MBO,21164715450579278,745301780064632856,17.889002,3.2935414,3.182166,149.82696620437287,2.7340946546430307,2025052400165,103,60819.994861739484,i,149.82696011737056,2.7341075803469543,6.335899353027344,1580.65,252.062,False,1658.31,42.8107,1684.68,251.757,False,87.827,25.2752,23.402910694067394,0.17313942439702545,23.350835662529825,0.02802921330483627,23.333706415173673,0.16225139794811988,26.540929836121318,0.3124574278545267
2012 RN49,nan,MBO,MBO,21164715450579278,745301780334641174,17.888992,3.2935424,3.1821816,149.82714885267336,2.734092512523944,2025052400167,106,60819.995905787044,i,149.82718675630943,2.7340263398837807,6.203128814697266,1704.94,272.852,False,2359.1,22.3026,1770.02,271.719,False,86.4515,15.1438,23.320727287390227,0.17375702018176784,22.968134078543237,0.010264397529666397,23.280054553978555,0.1666733405292595,26.558068668220244,0.1901895480392593
2012 RN49,nan,MBO,MBO,21164715450579278,745301780467286064,17.888987,3.2935426,3.1821895,149.8272403567891,2.7340914382158648,2025052400168,103,60819.99642804626,i,149.82722634764488,2.734044182648289,5.167690277099609,1533.52,298.614,False,1690.56,12.7637,1626.38,298.019,False,160.824,11.7252,23.43577637523047,0.2114195066007659,23.32992348985195,0.008197289778389339,23.371944934151863,0.1989510634372412,25.88412281626871,0.07915779619846179
2012 RN49,nan,MBO,MBO,21164715450579278,745301780603076684,17.888983,3.293543,3.182197,149.8273309893854,2.734090373392064,2025052400169,106,60819.99694684725,i,149.8273200232616,2.7340941754998944,6.389492034912109,1641.62,253.029,False,1903.38,15.2897,1850.04,251.779,False,228.665,26.4255,23.3618184169504,0.1673485669798354,23.2011862432232,0.008721632214033615,23.23204718094417,0.14776198227087287,25.502000792968765,0.12547230168832327
2012 RN49,nan,MBO,MBO,21164715450579278,745301780736770063,17.888977,3.2935436,3.182205,149.82742250024378,2.7340892974954265,2025052400170,105,60819.997469902744,i,149.827427963756,2.7341065335516173,6.582956314086914,1646.13,246.597,False,1554.42,17.3349,1950.9,246.164,False,302.788,29.9968,23.35883967224185,0.16264771933146122,23.421079030572407,0.012108135444562587,23.174412464593914,0.13699788064679852,25.1971533717725,0.10756242590308929
2012 RN49,nan,MBO,MBO,21164715450579278,745301780891959307,17.888973,3.2935438,3.1822126,149.82751331458635,2.734088229039201,2025052400171,145,60819.99798851295,i,149.8274931887974,2.734099824693887,5.876463890075684,1434.87,241.649,False,1525.2,1.7614,1842.77,241.571,False,395.076,22.2977,23.5079686148527,0.18285076089787777,23.44168304325494,0.0012538787013534748,23.236322155008207,0.1423305008286332,24.908298410748138,0.06127788531469504
2012 RN49,nan,MBO,MBO,21164715450579278,745301781005205590,17.888968,3.2935443,3.1822205,149.8276050073133,2.7340871494926566,2025052400172,105,60819.998512696766,i,149.82760075780672,2.734117050492083,7.259397983551025,1753.29,237.382,False,1725.67,10.5392,2461.69,236.127,False,686.732,32.0271,23.29036558634123,0.1470003422846844,23.30760559946711,0.006630926267616711,22.921916622232533,0.104144566428071,24.3080317962258,0.05063544709036584
2012 RN49,nan,MBO,MBO,21164715450579278,745301781519007805,17.888922,3.293548,3.1822925,149.82845438268288,2.734077113389572,2025052400176,61,60820.00336581418,z,149.82844829230902,2.7341355832414487,5.322762489318848,3024.59,547.267,False,3199.39,46.6446,2879.52,541.261,False,-75.5454,30.7436,22.698333688586636,0.19645228265040438,22.637332078847848,0.015829183870702337,22.751699744353047,0.20408493259067706,nan,nan
2012 RN49,nan,MBO,MBO,21164715450579278,745301783421648918,17.888855,3.2935536,3.1824012,149.8297349111106,2.734061861183026,2025052400190,106,60820.010678378465,z,149.8297503947976,2.7340575163734364,6.057492733001709,2804.35,469.042,False,2599.32,39.0141,2954.99,463.996,False,251.806,84.9406,22.780419423991432,0.18159497021982443,22.862850600435806,0.016296192387930796,22.723609964785357,0.17048357527892904,25.397334815536436,0.36624656317190074
2012 RN49,nan,MBO,MBO,21164715450579278,745301783822729279,17.88884,3.2935548,3.1824245,149.8300095716989,2.7340585708665723,2025052400193,103,60820.012246618,z,149.83001073470308,2.7340453322586047,5.17482328414917,2617.96,493.872,False,2355.45,45.7919,2906.58,491.699,False,316.372,73.4734,22.855092499578582,0.2048215897072141,22.969815298147047,0.021107612318027102,22.741544268635717,0.18367132415435455,25.14950486819928,0.25214849642687115
2012 RN49,nan,MBO,MBO,21164715450579278,745301784494866482,17.888815,3.2935567,3.1824634,149.83046753706128,2.7340530699393133,2025052400198,105,60820.01486095751,z,149.83050947344523,2.7340520482279285,5.136197566986084,2203.21,424.857,False,2389.5,55.2002,2728.2,421.513,False,471.487,116.519,23.04236028398239,0.20936843473467717,22.954232412857966,0.025081755472800237,22.81030950796015,0.1677486744363358,24.71632569431643,0.26831894394733247
2012 RN49,nan,MBO,MBO,21164715450579278,745301784783749124,17.888805,3.2935576,3.182479,149.8306515230676,2.734050854807053,2025052400200,144,60820.0159104199,z,149.83065916002514,2.7340887596045063,5.530248641967773,2397.49,424.2,False,2313.32,33.3271,2878.1,424.902,False,350.248,96.0619,22.95060799344335,0.19210479008798267,22.989410686441747,0.01564177750932246,22.75223526444207,0.16029028802618972,25.039060883796807,0.2977829537611972
2012 RN49,nan,MBO,MBO,21164715450579278,745301785052184589,17.888794,3.2935584,3.1824946,149.83083552593433,2.7340486365278576,2025052400202,144,60820.01696019084,z,149.83081539858642,2.7341014232031857,5.342131614685059,2059.35,396.189,False,nan,nan,2546.99,393.034,False,405.567,122.603,23.115674538317307,0.20887984839494103,nan,nan,22.884931904566344,0.1675433517312827,24.87984351156042,0.3282183141959578
2012 RN49,nan,MBO,MBO,21164715450579278,745301785142362167,17.888788,3.293559,3.1825058,149.83096836907714,2.7340470331878985,2025052400203,60,60820.01771853029,z,149.83098802741134,2.7340534853764904,5.282181262969971,2445.68,455.607,False,2276.22,20.722,3039.14,448.594,False,615.463,139.927,22.929000950237985,0.20226236590076177,23.006964426599318,0.009884205418241842,22.69312327186625,0.1602607177987982,24.426995104049347,0.24684474762901762
2012 RN49,nan,MBO,MBO,21164715450579278,745301785410797632,17.888777,3.2935598,3.1825213,149.83115240137343,2.7340448095001517,2025052400205,60,60820.01876831184,z,149.8311799977834,2.7340762314672755,5.287551403045654,2473.74,472.081,False,2787.21,72.271,3084.56,468.616,False,544.6,136.507,22.91661487528855,0.20719858530401983,22.787075786467547,0.028152613687572537,22.677016923282597,0.16494843502742457,24.559805956162982,0.27214580032266517
2012 RN49,nan,MBO,MBO,21164715450579278,745301785701777414,17.888767,3.2935605,3.182537,149.8313362756551,2.7340425848003256,2025052400207,103,60820.01981795414,z,149.8313828380067,2.734070479803105,6.605415344238281,3142.77,465.935,False,2823.24,26.6216,3325.68,456.053,False,191.511,119.33,22.656718496153868,0.16096707451368306,22.773130507427176,0.010237894821957475,22.595298875622774,0.14888782846639295,25.694515680984487,0.6765193760580428
2012 RN49,nan,MBO,MBO,21164715450579278,745301785813450834,17.888735,3.2935631,3.1825886,149.83194481640857,2.7340352013159688,2025052400208,60,60820.023288582335,r,149.83195164770154,2.734058800233707,13.075777053833008,2377.15,181.154,False,2242.11,2.73299,2393.57,181.015,False,15.9111,16.7835,22.95985857732866,0.0827400341044514,23.023357658800037,0.001323443576282568,22.952384636606716,0.08210937337477765,28.395749460417566,1.1452667557637237
2012 RN49,nan,MBO,MBO,21164715450579278,745301785947668549,17.88873,3.2935636,3.1825964,149.83203670178992,2.7340340837058035,2025052400209,60,60820.02381293694,r,149.83202383855368,2.73403302107529,11.37679672241211,2231.47,193.94,False,2239.84,12.3651,2195.23,192.378,False,-12.3383,7.49555,23.028522382909713,0.09436276757744849,23.024457466916562,0.005993837112290983,23.04629993682745,0.09514801089252184,nan,nan
2012 RN49,nan,MBO,MBO,21164715450579278,745301786081886277,17.888723,3.293564,3.1826043,149.83212789029463,2.734032973859544,2025052400210,60,60820.024332603716,r,149.8321264031647,2.734052375172238,12.252209663391113,2341.94,188.88,False,2330.09,1.1844,2342.95,188.613,False,-27.316,8.32617,22.97606061629567,0.08756580646257836,22.981568218982762,0.0005518867818897845,22.975592471168746,0.08740432967531835,nan,nan
2012 RN49,nan,MBO,MBO,21164715450579278,745301786237075481,17.88872,3.2935646,3.182612,149.8322196092717,2.734031856842243,2025052400211,100,60820.02485572451,r,149.83223202333266,2.734048757691854,10.851861000061035,2160.16,196.832,False,1946.51,0.744147,2136.22,197.736,False,-60.296,8.20221,23.063785244372617,0.09893139311222827,23.176858396542176,0.0004150748459740269,23.07588507299468,0.10049954073603569,nan,nan
2012 RN49,nan,MBO,MBO,21164715450579278,745301786372866062,17.888714,3.2935648,3.1826198,149.83231080675245,2.734030745466267,2025052400212,103,60820.025375670215,r,149.83230549654283,2.7340378386192157,10.485879898071289,2220.8,209.932,False,2265.14,0.92187,2109.8,210.778,False,-77.6601,6.70607,23.03372635419131,0.10263453500894117,23.012262428169116,0.00044187453101134745,23.089396754890103,0.10846966553114155,nan,nan
2012 RN49,nan,MBO,MBO,21164715450579278,745301786505510934,17.888708,3.2935653,3.1826277,149.83240288566816,2.7340296226315486,2025052400213,100,60820.02590084262,r,149.83242419701287,2.734078384129553,9.579179763793945,2243.97,228.193,False,2218.56,4.95396,2105.13,229.886,False,-104.149,6.38001,23.022457398001798,0.11041029852672883,23.034822025028237,0.002424407509261913,23.091802759489298,0.11856539443377821,nan,nan
2012 RN49,nan,MBO,MBO,21164715450579278,745301786640777234,17.888704,3.2935658,3.1826353,149.8324944429473,2.734028505444205,2025052400214,102,60820.026422853975,r,149.83248308392103,2.734050768111604,10.522415161132812,2478.33,233.936,False,2200.67,9.39545,2338.99,232.816,False,-100.742,6.37269,22.91460213073352,0.10248545666880336,23.043612730802398,0.004635397490081124,22.977429091902167,0.1080709002916426,nan,nan
2012 RN49,nan,MBO,MBO,21164715450579278,745301786774995001,17.888699,3.293566,3.1826432,149.8325861802593,2.734027385347458,2025052400215,102,60820.026945783255,r,149.83261257455416,2.734063321888981,9.192178726196289,2008.63,219.2,False,2024.21,2.24135,1989.98,219.741,False,-79.176,7.51005,23.142750135277577,0.11848542150173795,23.13436110588082,0.0012022047215951392,23.152878231608504,0.11989103347550346,nan,nan
2012 RN49,nan,MBO,MBO,21164715450579278,745301786909736972,17.888693,3.2935665,3.1826508,149.83267739596897,2.734026270912993,2025052400216,103,60820.02746558065,r,149.83264305376008,2.7340248805872274,11.601033210754395,2277.92,195.772,False,2195.25,1.06418,2215.15,196.808,False,-63.8298,13.4915,23.00615386800301,0.0933117752220583,23.046290035436268,0.0005263267383274364,23.03649219780329,0.09646370627200145,nan,nan
2012 RN49,nan,MBO,MBO,21164715450579278,745301787043954746,17.888689,3.293567,3.1826587,149.83276966875843,2.7340251428479125,2025052400217,103,60820.027991999144,r,149.83277493671727,2.734051869429785,10.178943634033203,2131.81,207.746,False,1981.46,18.7584,2095.14,208.459,False,-43.3186,7.09814,23.07812873243848,0.10580555949160042,23.15753674741051,0.01027861999994077,23.096967434672138,0.10802690737350218,nan,nan
2012 RN49,nan,MBO,MBO,21164715450579278,745301787178172487,17.888683,3.2935672,3.1826665,149.83286124458834,2.734024022592632,2025052400218,103,60820.0285134994,r,149.83283524175275,2.7340272111574375,10.999103546142578,2262.43,205.569,False,2186.26,0.841718,2236.67,204.997,False,-40.3538,7.35407,23.013562155470485,0.09865220708919147,23.0507454727414,0.00041801236921380677,23.02599525621499,0.09951073070538181,nan,nan
2012 RN49,nan,MBO,MBO,21164715450579278,745301787313963046,17.888678,3.2935677,3.1826742,149.8329533513804,2.7340228951287973,2025052400219,106,60820.0290386908,r,149.83295685812865,2.734028889889353,10.791769027709961,2273.32,209.016,False,2153.74,13.2488,2243.09,209.401,False,-35.2728,7.16982,23.00834853548252,0.09982591046315727,23.06701681993765,0.006678940910389971,23.022883209390656,0.10135760899672447,nan,nan
2012 RN49,nan,MBO,MBO,21164715450579278,745301787448180781,17.888674,3.2935681,3.182682,149.83304563832272,2.7340217647433622,2025052400220,106,60820.029564888915,r,149.8330617361661,2.734023619097307,11.694377899169922,2399.48,201.365,False,2245.11,0.149428,2339.58,200.249,False,-27.4074,7.9103,22.94970717289133,0.09111527439897103,23.02190588734973,7.226344210586899e-05,22.977155213438927,0.09293017307351906,nan,nan
2012 RN49,nan,MBO,MBO,21164715450579278,745301787580825632,17.888668,3.2935684,3.18269,149.83313757910727,2.734020637885808,2025052400221,103,60820.030088322615,r,149.8331462996358,2.7340507383048704,10.266921997070312,2257.13,219.878,False,2396.5,2.00947,2223.46,220.844,False,-21.5866,6.89038,23.01610862361065,0.10576684733206866,22.95105641668048,0.0009103919533209513,23.032426716808658,0.1078401789348024,nan,nan
2012 RN49,nan,MBO,MBO,21164715450579278,745301787848736830,17.888659,3.2935693,3.1827054,149.83332112408266,2.734018386173926,2025052400223,102,60820.031134837554,r,149.8333171288513,2.7340451517157476,12.811119079589844,2319.43,178.407,False,2291.13,1.07634,2294.3,178.173,False,-13.5586,22.4561,22.986546856700592,0.08351316585238804,22.999875725531652,0.0005100632976215453,22.998374464093594,0.0843171674147018,nan,nan
2012 RN49,nan,MBO,MBO,21164715450579278,745306226004328501,17.874716,3.2942877,3.1965764,150.00315572264387,2.731302830497748,2025052500522,60,60820.97117170756,g,150.00317763084067,2.7313286072430376,10.313336372375488,1455.78,138.416,False,1418.59,1.76298,1299.87,136.179,False,-79.4524,4.9239,23.49226060665036,0.10323212291076339,23.52035779098095,0.0013493195661324116,23.61525020236087,0.1137455838744711,nan,nan
2012 RN49,nan,MBO,MBO,21164715450579278,745306226138546227,17.874708,3.2942882,3.196584,150.00324888678207,2.731300846886191,2025052500523,60,60820.97169588203,g,150.00320019755137,2.731341819084585,9.5126371383667,1226.88,131.893,False,1280.56,5.71187,1125.26,130.153,False,-73.924,4.99254,23.677994778524045,0.11671965515440363,23.631500120489473,0.004842868731008142,23.771867787749667,0.12558148596676943,nan,nan
2012 RN49,nan,MBO,MBO,21164715450579278,745306226273288258,17.874702,3.2942886,3.1965919,150.00334223106736,2.7312988586763693,2025052500524,61,60820.972220035575,g,150.00330153063936,2.731316116068403,10.243476867675781,1387.87,132.855,False,1486.04,2.4979,1306.48,130.512,False,-68.3548,5.87692,23.54412803327555,0.10393299037507912,23.46992372255293,0.0018250251705980306,23.609743101731354,0.10846059527647685,nan,nan
2012 RN49,nan,MBO,MBO,21164715450579278,745306226427428933,17.874695,3.2942889,3.1965997,150.0034352221581,2.731296877231236,2025052500525,99,60820.97274321155,g,150.00342054999106,2.7313589496175883,10.465797424316406,1358.98,128.245,False,1509.55,1.24702,1283.63,127.764,False,-57.267,4.90933,23.566967352348293,0.10245937120407922,23.45288120864005,0.0008969128051224238,23.628900349534323,0.10806696623698327,nan,nan
2012 RN49,nan,MBO,MBO,21164715450579278,745306226831654950,17.874676,3.29429,3.1966228,150.00371332091672,2.731290947022464,2025052500528,102,60820.9743077991,g,150.00363399363053,2.731215678789497,11.383014678955078,1478.42,135.061,False,1701.88,5.85916,1386.85,134.462,False,-64.2923,4.76027,23.47550539514651,0.09918738804155175,23.322677660355943,0.0037379263315091595,23.54492629198001,0.10526752729628933,nan,nan
2012 RN49,nan,MBO,MBO,21164715450579278,745306226964824102,17.87467,3.2942905,3.1966305,150.00380578838002,2.731288973742027,2025052500529,100,60820.97482747467,g,150.0037856395322,2.7313153162606505,9.444867134094238,1346.26,142.707,False,1376.64,1.92254,1312.93,141.827,False,-38.7361,3.82492,23.57717763649616,0.11509081176273647,23.55294902751861,0.0015162796417109018,23.60439602578264,0.11728477367911977,nan,nan
2012 RN49,nan,MBO,MBO,21164715450579278,745306227100614671,17.874662,3.294291,3.196638,150.00389879169694,2.7312869882757305,2025052500530,103,60820.97535075101,g,150.00388653691533,2.7312929869030307,10.791722297668457,1330.95,123.204,False,1345.65,1.82367,1305.13,121.375,False,-18.9408,4.86233,23.58959568839549,0.10050494072876026,23.57766969097308,0.0014714261069291455,23.610865564509453,0.10097172799605551,nan,nan
2012 RN49,nan,MBO,MBO,21164715450579278,745306227771179027,17.87463,3.294293,3.196677,150.0043643808342,2.7312770374322617,2025052500535,102,60820.97796848843,g,150.0043856933483,2.7313042793263884,11.398885726928711,1341.56,115.895,False,1276.68,0.498102,1355.21,114.818,False,-0.719167,6.49282,23.580974700450646,0.09379482714892245,23.634794816977518,0.0004236044759874808,23.56998353722739,0.09198726692738139,nan,nan
2012 RN49,nan,MBO,MBO,21164715450579278,745306227905396769,17.874624,3.2942934,3.1966846,150.00445633265932,2.731275069964616,2025052500536,102,60820.9784858992,g,150.00445422897832,2.7312543217130085,11.667783737182617,1371.78,119.905,False,1361.33,6.09056,1383.92,118.65,False,4.2869,5.72013,23.5567888099872,0.0949023863344112,23.56509149682582,0.004857559642886278,23.547222501353552,0.09308529269075652,29.819641606751688,1.4487280174031083
2012 RN49,nan,MBO,MBO,21164715450579278,745306228039614522,17.874617,3.2942936,3.1966925,150.00454953211624,2.731273075056712,2025052500537,102,60820.979009012066,g,150.00454533848347,2.7313048318496884,12.699481010437012,1451.66,113.565,False,1347.64,0.990372,1467.87,112.479,False,23.6843,7.07313,23.495337699046857,0.08493836837889948,23.576065255649432,0.0007979005722579316,23.48328101722054,0.08319709438769961,27.963848640623734,0.32424659526002747
2012 RN49,nan,MBO,MBO,21164715450579278,745306228175929346,17.87461,3.294294,3.1967,150.00464166714,2.731271102196354,2025052500538,106,60820.97952775342,g,150.00462321574204,2.731296414944878,12.603166580200195,1502.77,118.552,False,1448.97,1.49081,1609.61,117.853,False,84.9238,5.80459,23.457768694392307,0.08565262747736606,23.49735153751783,0.0011170876304857301,23.383198356083227,0.07949581989296119,26.57742648341915,0.07421069168903274
2012 RN49,nan,MBO,MBO,21164715450579278,745306228309622816,17.874605,3.2942946,3.196708,150.00473558350924,2.7312690904397785,2025052500539,105,60820.98005534505,g,150.004720321413,2.731272238988269,9.529613494873047,1299.03,135.739,False,1368.54,1.00233,1441.19,134.335,False,159.533,5.47964,23.615952023381347,0.11345137652781143,23.559356230034474,0.0007952020985501271,23.50319694409884,0.1012027465396793,25.892873637274803,0.03729286960766692
2012 RN49,nan,MBO,MBO,21164715450579278,745306230856613897,17.87439,3.2943075,3.1969607,150.00776886567564,2.7312037124089694,2025052500558,99,60820.99709920843,r,150.00771426614963,2.731223892896075,6.36802864074707,2339.74,368.373,False,2686.11,34.9943,2568.39,373.297,False,123.425,4.14247,22.977081005064953,0.17094031356069952,22.82719047240575,0.014144833184494453,22.87584761959383,0.15780394792002914,26.171492133425595,0.036440181631345006
2012 RN49,nan,MBO,MBO,21164715450579278,745306230990831618,17.874382,3.294308,3.1969683,150.00786181918605,2.7312016967656625,2025052500559,99,60820.99762132482,r,150.00784546233677,2.731168543902313,5.321633338928223,2639.26,497.259,False,3107.02,55.1312,2697.75,508.953,False,69.4807,4.60346,22.846294556617355,0.20456192279651988,22.66913987109177,0.01926538556648444,22.82249574697447,0.204833176462286,26.79533957400306,0.07193570560489355
2012 RN49,nan,MBO,MBO,21164715450579278,745306231125049346,17.874376,3.2943082,3.1969762,150.00795477609554,2.7311996803362195,2025052500560,99,60820.99814325482,r,150.00796036041152,2.7312629652537908,6.038820743560791,2565.12,421.625,False,3159.5,77.0094,2727.81,427.278,False,74.8309,4.27115,22.877230733290453,0.1784608542359675,22.65095410074998,0.02646364711205163,22.8104646838077,0.17006727028871088,26.714797548123723,0.06197095294330932
2012 RN49,nan,MBO,MBO,21164715450579278,745306231259791379,17.874369,3.2943087,3.1969838,150.00804791464031,2.731197659253195,2025052500561,100,60820.998666450614,r,150.00806954950755,2.731195226283131,9.790060997009277,2450.56,243.378,False,2570.91,5.99883,2519.67,244.994,False,25.4065,4.90812,22.92683662321073,0.10783017196792635,22.87478285327739,0.0025334013901248103,22.89664087076182,0.10556893068320936,27.887637903984768,0.20974647349119419
2012 RN49,nan,MBO,MBO,21164715450579278,745306231528226850,17.874355,3.2943096,3.1969995,150.00823473672125,2.731193603111922,2025052500563,100,60820.99971589072,r,150.00831057117696,2.731161872127503,8.108840942382812,2261.77,279.454,False,2372.84,3.66326,2235.55,279.728,False,-29.4892,4.46205,23.013878892344152,0.13414862413612033,22.961828822689704,0.0016761913334786035,23.026539007079258,0.13585507235583794,nan,nan
2012 RN49,nan,MBO,MBO,21164715450579278,745306231663493141,17.87435,3.2943099,3.1970072,150.0083280640385,2.731191575786704,2025052500564,102,60821.000239021814,r,150.00834407853847,2.7311769319260604,9.135760307312012,2468.84,269.186,False,2536.01,3.78812,2480.06,271.596,False,-34.1582,4.30496,22.918767598373712,0.11838149926514956,22.889622591509085,0.0016217992240471085,22.913844504789264,0.11890099929561875,nan,nan
2012 RN49,nan,MBO,MBO,21164715450579278,745306231797710913,17.874342,3.2943103,3.197015,150.00842157313326,2.731189543797576,2025052500565,102,60821.000764293705,r,150.00843692852305,2.7312122583988705,8.005496978759766,1909.45,233.128,False,2218.47,5.76876,1842.56,234.231,False,-34.3967,4.88584,23.197729301219248,0.13255938773455772,23.03486611383712,0.002823275452499267,23.236445868318462,0.13802159600655076,nan,nan
2012 RN49,nan,MBO,MBO,21164715450579278,745306231932452875,17.874336,3.2943108,3.197023,150.0085150858823,2.7311875110142463,2025052500566,103,60821.00128955838,r,150.00840504720668,2.7312371337868786,5.452183246612549,2035.35,378.724,False,2510.29,70.317,1891.88,381.777,False,-34.0416,4.66228,23.12840225922027,0.20202636513759936,22.90069024302325,0.030413104852372915,23.207766031978657,0.21909905423256823,nan,nan
2012 RN49,nan,MBO,MBO,21164715450579278,745306232066670628,17.874329,3.294311,3.1970305,150.00860788978247,2.731185492933996,2025052500567,103,60821.00181050827,r,150.00864810852693,2.731217258237079,10.645263671875,2425.81,225.846,False,2319.69,0.822023,2462.28,231.157,False,8.17864,4.90127,22.937858018704574,0.10108341767178262,22.98642515171165,0.00038474974116882286,22.921656393273494,0.10192809850175981,29.118297220893762,0.6506565829589145
2012 RN49,nan,MBO,MBO,21164715450579278,745306232336678944,17.874315,3.294312,3.197046,150.00879422111225,2.73118143892088,2025052500569,106,60821.002856651525,r,150.00878853634163,2.7311870690025586,12.284320831298828,2654.25,215.876,False,2492.97,1.4568,2709.76,214.851,False,40.9197,5.35577,22.84014543492696,0.08830532038258004,22.908207381996156,0.0006344643153684536,22.817672926918945,0.08608567040427705,27.370168880853164,0.14210645301641403
2012 RN49,nan,MBO,MBO,21164715450579278,745306232470896682,17.87431,3.2943122,3.197054,150.00888667972632,2.731179426249444,2025052500570,106,60821.003375144894,r,150.0088957227018,2.731191805796239,9.780776023864746,2118.73,215.333,False,2215.74,2.40886,2181.44,216.033,False,57.2539,5.41271,23.08481097002653,0.11034668327237793,23.036203009939832,0.0011803670517201719,23.053141848367105,0.10752294859890525,27.005487338331825,0.10264410914429974
2012 RN49,nan,MBO,MBO,21164715450579278,745306232603017265,17.874302,3.2943127,3.1970615,150.00898003277518,2.731177393403664,2025052500571,102,60821.00389933289,r,150.00898346162577,2.731203041677135,11.555740356445312,2259.82,193.272,False,2188.35,6.08857,2343.37,192.509,False,49.469,5.92052,23.014815347296903,0.09285801739264067,23.049707993189656,0.0030208059575783965,22.975397781326933,0.08919376091064764,27.164167132829498,0.12994243868103225
2012 RN49,nan,MBO,MBO,21164715450579278,745306232737234994,17.874296,3.2943132,3.1970694,150.00907321146946,2.731175363650184,2025052500572,102,60821.00442242049,r,150.00900004545673,2.731224392576674,6.759347915649414,1891.66,288.912,False,2574.48,46.7755,1935.13,290.756,False,50.4009,6.01309,23.20789227890834,0.16582377326661002,22.873276202401883,0.01972664599819985,23.183224632805647,0.16313339576289362,27.14390423225709,0.12953398507082253
2012 RN49,nan,MBO,MBO,21164715450579278,745306232871452750,17.874289,3.2943134,3.1970773,150.00916657215754,2.731173329227456,2025052500573,102,60821.00494649089,r,150.00914206922184,2.731213033329704,10.161840438842773,2277.4,221.546,False,2395.86,13.6955,2357.38,223.487,False,49.5288,5.50797,23.00640175577226,0.10562067675108393,22.95134635922561,0.006206414369559272,22.968926067325704,0.10293119426010433,27.16285546415789,0.12074191523360514
2012 RN49,nan,MBO,MBO,21164715450579278,745306233007243270,17.874283,3.294314,3.197085,150.0092597583539,2.7311712979046523,2025052500574,105,60821.00546957778,r,150.00922896802612,2.7311962401307066,8.112217903137207,2130.44,259.012,False,1996.6,20.3357,2425.09,259.299,False,32.0554,5.92282,23.078826760891282,0.13200029404454117,23.14927234633348,0.011058401788914062,22.938180308688242,0.11609066638665926,27.635246969883486,0.20060957084115108
2012 RN49,nan,MBO,MBO,21164715450579278,745306233141985312,17.874275,3.2943144,3.1970925,150.0093518794047,2.7311692891116355,2025052500575,106,60821.00598691785,r,150.0093666087833,2.7311811803221677,9.295443534851074,2497.17,264.605,False,2420.22,6.12261,2483.24,267.201,False,-13.0429,4.83748,22.906379761841038,0.11504673265188395,22.940362899386706,0.0027466674621099496,22.912453266157982,0.11682712448057389,nan,nan
2012 RN49,nan,MBO,MBO,21164715450579278,745306233272008743,17.87427,3.2943146,3.1971004,150.0094454296125,2.7311672484546,2025052500576,98,60821.00651108364,r,150.00937842650598,2.731285174782162,6.239742755889893,2344.6,378.151,False,2897.05,34.6462,2341.9,384.305,False,-2.62275,4.58202,22.97482805315226,0.1751139706239047,22.745110004877954,0.012984460464230031,22.976079178783376,0.1781689489801934,nan,nan
2012 RN49,nan,MBO,MBO,21164715450579278,745306233426673684,17.874262,3.294315,3.1971083,150.00953862739,2.731165214785095,2025052500577,137,60821.00703421028,r,150.00954465691296,2.731159116653245,8.817248344421387,2515.82,281.95,False,2420.07,6.62489,2420.8,282.922,False,-55.8447,4.93878,22.89830105722529,0.12167934425644379,22.94043014924179,0.002972179548596786,22.940102701402658,0.12689137853017335,nan,nan
2012 RN49,nan,MBO,MBO,21164715450579278,745306233544114180,17.874256,3.2943156,3.197116,150.00963182905238,2.7311631803328904,2025052500578,105,60821.00755743646,r,150.0095986559592,2.731149410537796,5.337360382080078,1759.68,327.069,False,2291.2,8.66429,1716.65,329.099,False,-61.3795,4.91926,23.28641572185547,0.20180410312103414,22.99984252156889,0.004105767286518551,23.31329558993429,0.20814650226179163,nan,nan
2012 RN49,nan,MBO,MBO,21164715450579278,745306233699303427,17.874249,3.2943158,3.1971238,150.0097246781845,2.7311611528830824,2025052500579,145,60821.00807812068,r,150.00972412632908,2.7311907148990535,9.733433723449707,2628.5,266.796,False,2715.14,10.0672,2579.57,268.264,False,-64.8785,4.47703,22.85073004661389,0.11020356310317099,22.815519473190065,0.004025694304861588,22.871131677435063,0.11291181775718252,nan,nan
2012 RN49,nan,MBO,MBO,21164715450579278,745319361514307604,17.810907,3.2965624,3.2407799,150.56209960924457,2.712054180286573,2025052800085,105,60823.970929467236,i,150.56207086263225,2.7121037311088267,7.020251274108887,2376.67,335.372,False,2561.01,27.6937,2355.34,333.613,False,-28.244,8.36212,22.960077825088796,0.15320828912061368,22.878971810196084,0.011740701315975549,22.969865940413445,0.15378489140365134,nan,nan
2012 RN49,nan,MBO,MBO,21164715450579278,745319361649049609,17.810896,3.296563,3.2407875,150.5621967216435,2.712049434612368,2025052800086,106,60823.971449116994,i,150.5622066145381,2.7120421419776948,6.089456558227539,2013.77,334.309,False,nan,nan,1971.82,335.956,False,-38.6995,8.14021,23.139975322727608,0.1802447007445045,nan,nan,23.162831861295317,0.18498625404429767,nan,nan
2012 RN49,nan,MBO,MBO,21164715450579278,745319361917485098,17.810871,3.2965636,3.240803,150.56239244820446,2.71203986789242,2025052800088,106,60823.9724977966,i,150.56239825174578,2.712042458994944,6.094211578369141,1837.55,298.148,False,1768.07,3.68749,1808.28,297.807,False,-50.1652,12.2938,23.23940205831844,0.17616395771952234,23.281251394847963,0.002264413459061393,23.256835785092335,0.17881071742973093,nan,nan
2012 RN49,nan,MBO,MBO,21164715450579278,745319362185920564,17.810848,3.2965643,3.2408185,150.56258893237293,2.7120302614850176,2025052800090,106,60823.97354942407,i,150.5626034143848,2.712061784905831,6.373640537261963,2052.26,330.369,False,2297.3,41.5749,2024.58,331.318,False,-13.6352,8.35282,23.119419043533917,0.17477978888365076,22.996955695468937,0.019648881250217198,23.134162667777748,0.17767830773501558,nan,nan
2012 RN49,nan,MBO,MBO,21164715450579278,745319362340061234,17.810837,3.2965648,3.2408261,150.5626864314643,2.71202549362266,2025052800091,144,60823.97407135773,i,150.5626693655841,2.7120556159875897,6.839359760284424,2261.29,326.979,False,2338.16,17.7311,2232.45,327.161,False,-8.84246,8.50073,23.014109325797477,0.1569957575561377,22.977814474411332,0.008233524666104289,23.028045671718388,0.1591124378674632,nan,nan
2012 RN49,nan,MBO,MBO,21164715450579278,745319362609020943,17.810812,3.2965655,3.2408416,150.56288181124697,2.712015937278875,2025052800093,145,60823.975117617665,i,150.56287551784314,2.7120476042781023,6.781485557556152,2229.14,327.291,False,2197.94,2.69112,2220.49,325.744,False,-35.4824,7.82248,23.02965668987126,0.1594120105271175,23.04496044706091,0.0013293567589423563,23.03387795061416,0.15927657537283388,nan,nan
2012 RN49,nan,MBO,MBO,21164715450579278,745319362742714433,17.8108,3.296566,3.2408493,150.56297894480653,2.712011185348547,2025052800094,144,60823.97563737584,i,150.56295929147788,2.7120692076067665,7.483573913574219,2311.87,306.407,False,2549.45,25.2331,2324.11,306.525,False,-40.7232,10.018,22.99009142149084,0.1438996009623908,22.88388377336485,0.010746040016672337,22.984358251469136,0.14319686596340186,nan,nan
2012 RN49,nan,MBO,MBO,21164715450579278,745319362878504962,17.81079,3.2965665,3.2408571,150.56307682841003,2.7120063960755685,2025052800095,147,60823.97616159748,i,150.56308730242588,2.7120115067641937,6.512301445007324,2333.8,347.193,False,2444.06,14.5584,2216.94,348.592,False,-59.6028,7.90861,22.97984088851845,0.16152197910264332,22.929720315636533,0.0064673460355848846,23.035615180237187,0.1707213440554815,nan,nan
2012 RN49,nan,MBO,MBO,21164715450579278,745319363146940453,17.810766,3.2965672,3.2408724,150.5632720434706,2.71199684260457,2025052800097,147,60823.97720658222,i,150.56328107595388,2.7120161981365443,6.982181072235107,2300.24,317.92,False,2668.21,34.1973,2195.16,317.848,False,-91.3834,9.46082,22.99556712626341,0.15006141544409513,22.834449997150323,0.013915414158615096,23.046334592407682,0.15720908101449546,nan,nan
2012 RN49,nan,MBO,MBO,21164715450579278,745319363410133035,17.810741,3.296568,3.240888,150.5634683908147,2.7119872311242066,2025052800099,137,60823.9782570753,i,150.563391512691,2.7119692900914587,5.222718715667725,1887.38,363.618,False,2002.32,20.9764,1815.66,366.31,False,-102.476,7.60207,23.210351625569892,0.20917527934956215,23.1461663158856,0.011374224871128186,23.252413664732202,0.21904762952714038,nan,nan
2012 RN49,nan,MBO,MBO,21164715450579278,745319363544350771,17.81073,3.2965684,3.2408957,150.56356591499235,2.711982456213149,2025052800100,137,60823.978779000485,i,150.56343809612582,2.7119502562927993,5.412657260894775,1818.92,351.34,False,2165.26,60.2608,1615.8,352.572,False,-95.6999,7.75458,23.25046597806496,0.20971925372608927,23.061224862564902,0.030216847560940445,23.379030957702074,0.2369106101054627,nan,nan
2012 RN49,nan,MBO,MBO,21164715450579278,745319363678568515,17.810719,3.2965689,3.2409034,150.56366288150616,2.7119777079733103,2025052800101,137,60823.979298783684,i,150.56372002286673,2.7119424656423337,5.902321815490723,1934.63,326.775,False,1903.29,5.54788,1839.85,328.039,False,-77.5035,8.88714,23.183505202197047,0.1833898165476457,23.201237563220573,0.0031648010758040827,23.23804397159507,0.19358307752764367,nan,nan
2012 RN49,nan,MBO,MBO,21164715450579278,745319363818029079,17.810707,3.296569,3.2409112,150.5637605982739,2.711972922358276,2025052800102,147,60823.97982178057,i,150.56378373603889,2.7119813294332715,7.035868167877197,2271.62,316.891,False,2225.89,56.0298,2150.29,316.181,False,-91.2612,9.70638,23.00916073478299,0.1514601933290619,23.031240806459298,0.02733000543235308,23.068757392223937,0.1596478393404211,nan,nan
2012 RN49,nan,MBO,MBO,21164715450579278,745319363948052536,17.810694,3.2965696,3.2409189,150.56385813109708,2.711968145115996,2025052800103,139,60823.980343354226,i,150.56384388429834,2.7119440379479087,5.9510087966918945,1962.89,329.068,False,2188.41,36.6728,1893.8,329.864,False,-99.712,8.72396,23.1677600856529,0.18201785700627449,23.04967831702867,0.018194481969869603,23.206664691466344,0.18911463357074257,nan,nan
2012 RN49,nan,MBO,MBO,21164715450579278,745319364083843076,17.810682,3.2965698,3.2409265,150.56395510635906,2.711963394555041,2025052800104,142,60823.980862001554,i,150.56394186163232,2.7119686603925586,6.037013053894043,2051.37,335.43,False,2429.94,195.26,2003.17,336.693,False,-116.855,8.82948,23.119889938120256,0.1775342655908262,22.936011150817173,0.08724530255437364,23.14570545750419,0.18249063461762907,nan,nan
2012 RN49,nan,MBO,MBO,21164715450579278,745319364484923416,17.810646,3.296571,3.2409499,150.56424941360206,2.711948973402035,2025052800107,139,60823.98243712131,i,150.56430953162257,2.7119789625962856,6.260013103485107,2382.94,367.931,False,2712.27,27.4544,2335.84,370.049,False,-55.0931,7.457,22.957217258217522,0.16763998132997313,22.81666769136813,0.010990142897921816,22.97889223108647,0.17200475799295406,nan,nan
2012 RN49,nan,MBO,MBO,21164715450579278,745319364753358897,17.810623,3.296572,3.2409654,150.564445820644,2.7119393462083448,2025052800109,139,60823.983488194426,i,150.56437565199255,2.711915318222278,5.9114580154418945,2071.0,348.983,False,2267.37,8.03345,1910.15,348.773,False,-44.4155,7.61662,23.109549752766366,0.18295677440879404,23.011193953618218,0.003846838937102908,23.197331304110442,0.19824384453326005,nan,nan
2012 RN49,nan,MBO,MBO,21164715450579278,745319365155487759,17.810587,3.2965732,3.2409885,150.5647384923977,2.71192499575428,2025052800112,138,60823.98505448804,i,150.5647902633933,2.7119029570972395,5.141061305999756,1790.33,341.482,False,1737.99,13.3108,1643.68,341.716,False,-151.651,7.52271,23.26766730399138,0.20708996327060247,23.29988182288077,0.008315362642930398,23.36045678759596,0.2257212015309817,nan,nan
2012 RN49,nan,MBO,MBO,21164715450579278,745319365540839484,17.810547,3.2965744,3.2410152,150.56507586639003,2.711908446505972,2025052800115,105,60823.9868594163,i,150.56506708703125,2.7118940412294967,5.148338794708252,1764.69,336.546,False,2372.1,85.1321,1601.35,336.473,False,-94.2218,7.84318,23.283328974366505,0.2070619644419708,22.96216747150875,0.03896589628281053,23.388784356248657,0.22813308448861963,nan,nan
2012 RN49,nan,MBO,MBO,21164715450579278,745319371601084425,17.809528,3.2966077,3.2416692,150.5733380056355,2.7115010233715955,2025052800160,144,60824.030987239064,r,150.5733860777583,2.7113865768027368,6.980450630187988,1628.03,256.506,False,1920.11,287.402,1495.56,258.041,False,-103.216,4.58384,23.37084397183932,0.17106432861469503,23.191684734669238,0.16251296428217307,23.4629903547894,0.18733078503448075,nan,nan
2012 RN49,nan,MBO,MBO,21164715450579278,745319371735302149,17.809517,3.2966082,3.2416768,150.5734359288208,2.711496171956401,2025052800161,144,60824.03150921826,r,150.57347291771273,2.7114621553798965,6.841958522796631,1762.28,257.207,False,2050.25,42.8529,1697.57,257.916,False,-93.9736,5.02507,23.284812700769827,0.15846457326300267,23.12048294857931,0.022693304032526142,23.325430805267352,0.16495857707020403,nan,nan
2012 RN49,nan,MBO,MBO,21164715450579278,745319371869519877,17.809504,3.2966084,3.2416847,150.5735344197557,2.71149129192587,2025052800162,144,60824.032034955926,r,150.5735536349668,2.711479999534501,7.294911861419678,1806.36,247.731,False,1863.23,6.04506,1741.7,249.195,False,-83.9729,4.883,23.257989239607184,0.14890194699309586,23.224333840907313,0.0035225606833499752,23.297566650838334,0.15534250966409544,nan,nan
2012 RN49,nan,MBO,MBO,21164715450579278,745319372004261932,17.809492,3.296609,3.2416925,150.57363310330982,2.711486401863143,2025052800163,145,60824.03256016,r,150.57359534693,2.7115309413030886,7.602579116821289,1864.71,243.475,False,2033.03,15.9138,1808.98,244.417,False,-66.4735,5.13779,23.223471773123535,0.1417644752363468,23.129640516191902,0.008498737759106197,23.256415598356355,0.146697253097466,nan,nan
2012 RN49,nan,MBO,MBO,21164715450579278,745319372139528229,17.80948,3.2966094,3.2417002,150.57373141669328,2.7114815296590176,2025052800164,147,60824.033084296345,r,150.57370310008508,2.7115008613596485,9.325674057006836,2267.12,245.579,False,2332.31,15.416,2296.08,247.073,False,-52.8933,5.51802,23.01131367338271,0.11760912168165909,22.980534286813793,0.007176451376388473,22.99753242387184,0.11683220535439129,nan,nan
2012 RN49,nan,MBO,MBO,21164715450579278,745319372272173084,17.809467,3.2966096,3.241708,150.57383011050177,2.711476638117219,2025052800165,144,60824.03361075795,r,150.57381948305388,2.71152884161209,10.02517318725586,2436.87,242.712,False,2598.3,2.68026,2400.37,243.205,False,-43.4311,5.77984,22.93291904418218,0.10813921101796753,22.863276746296364,0.0011199842988109424,22.949304471284343,0.11000656681047033,nan,nan
2012 RN49,nan,MBO,MBO,21164715450579278,745319372404293642,17.809456,3.29661,3.241716,150.5739291846379,2.7114717272385427,2025052800166,140,60824.03413813954,r,150.5739069441898,2.7114400349766217,8.793416976928711,2166.23,242.678,False,2437.84,4.01735,2171.36,244.267,False,-75.1565,5.84892,23.060738594638664,0.12163264580150163,22.932486964210437,0.0017891996187796382,23.058170363407832,0.12213981585350184,nan,nan
2012 RN49,nan,MBO,MBO,21164715450579278,745319372538511390,17.809443,3.2966106,3.2417238,150.57402770102777,2.7114668435242453,2025052800167,140,60824.03466371316,r,150.57402113562355,2.711460347425127,8.691280364990234,2243.42,256.054,False,2391.93,16.4484,2149.13,257.78,False,-88.6353,5.21478,23.022723569626894,0.12392110804718154,22.95312886642012,0.007466198609831027,23.06934334274622,0.13022995016518837,nan,nan
2012 RN49,nan,MBO,MBO,21164715450579278,745319372676399117,17.809431,3.2966108,3.2417314,150.57412603493412,2.711461968378653,2025052800168,147,60824.03518783525,r,150.5741118168842,2.711450389139946,7.547513008117676,1791.04,233.783,False,1708.98,10.3338,1682.65,233.462,False,-107.632,6.07369,23.26723676325355,0.1417202668784237,23.31815756178048,0.006565191672163083,23.335015509631425,0.15064222996708576,nan,nan
2012 RN49,nan,MBO,MBO,21164715450579278,745319372806946850,17.809418,3.2966113,3.2417393,150.5742238109071,2.711457120422689,2025052800169,140,60824.03570848347,r,150.57422515493286,2.71146426371503,8.57905101776123,2142.88,245.242,False,2215.12,5.69338,2036.29,246.579,False,-116.539,5.19008,23.07250543064759,0.12425713883184233,23.03650679683331,0.0027905975003820233,23.12790090793885,0.13147426780973556,nan,nan
2012 RN49,nan,MBO,MBO,21164715450579278,745319372941164591,17.809406,3.2966115,3.241747,150.57432234263482,2.711452234520835,2025052800170,140,60824.036233814564,r,150.57432829963636,2.7114242146132437,7.014348030090332,1789.35,248.407,False,1735.02,48.7613,1668.3,249.371,False,-127.704,5.82111,23.268261770715657,0.15072762432002643,23.30173877434157,0.030513715844252425,23.344314593731056,0.16229162475453732,nan,nan
2012 RN49,nan,MBO,MBO,21164715450579278,745319373076955145,17.809393,3.296612,3.2417548,150.57442106738446,2.711447338572276,2025052800171,143,60824.03675923546,r,150.5743287873161,2.7114763225401823,7.049153804779053,1956.62,273.44,False,2647.37,8.30144,1882.96,274.87,False,-134.641,4.70296,23.171233781599376,0.15173294314719749,22.842963344125266,0.0034045765495918745,23.212897286693305,0.15849317643049263,nan,nan
2012 RN49,nan,MBO,MBO,21164715450579278,745319373211172873,17.809381,3.2966125,3.2417626,150.5745194218688,2.711442460514442,2025052800172,143,60824.0372834039,r,150.57447422373133,2.7114574575110795,7.9760541915893555,1980.39,251.674,False,2103.19,14.5289,1895.2,252.035,False,-127.359,5.30015,23.15812318024294,0.13797866440520928,23.09280375982057,0.0075002987575180586,23.205862408686244,0.14438768224592638,nan,nan
2012 RN49,nan,MBO,MBO,21164715450579278,745319373342244927,17.809368,3.2966127,3.2417703,150.57461721846144,2.711437609661261,2025052800173,137,60824.037804515276,r,150.57464818352452,2.711464157217637,7.748623371124268,2269.31,289.135,False,2961.83,24.7586,2146.49,292.896,False,-139.564,4.55412,23.010265404694053,0.1383347096959362,22.721099652053475,0.00907591183329263,23.070677831082847,0.14815246688057315,nan,nan
2012 RN49,nan,MBO,MBO,21164715450579278,745319373475938358,17.809357,3.2966132,3.2417781,150.57471595889766,2.711432711523418,2025052800174,136,60824.03833093225,r,150.57464686977562,2.7115007359244236,5.193257808685303,1540.01,293.5,False,1581.18,4.64236,1439.56,296.683,False,-140.276,4.38758,23.431191140811684,0.20692305509430328,23.402546682094346,0.0031877321903667306,23.504425528993657,0.22376245271770323,nan,nan
2012 RN49,nan,MBO,MBO,21164715450579278,745319373610156088,17.809343,3.2966137,3.241786,150.57481489231472,2.711427803341963,2025052800175,136,60824.038857291715,r,150.57484094812034,2.711443366570356,8.673463821411133,2402.88,275.968,False,2561.4,16.7624,2286.21,279.2,False,-94.1989,4.63672,22.948169846331442,0.12469555263626099,22.878806528425933,0.007105311508542799,23.00220971843744,0.1325939291672838,nan,nan
2012 RN49,nan,MBO,MBO,21164715450579278,745319373745946631,17.809332,3.296614,3.2417939,150.57491345548002,2.711422913062287,2025052800176,139,60824.03938280088,r,150.57494580446155,2.711393656618294,7.23653507232666,2005.06,272.994,False,1967.97,14.6666,1915.38,275.972,False,-78.4866,4.84376,23.144681535508234,0.14782572483194206,23.164953831907816,0.008091616795283089,23.19436262649489,0.15643515892469553,nan,nan
2012 RN49,nan,MBO,MBO,21164715450579278,745319373880688705,17.809319,3.2966144,3.2418015,150.5750122118379,2.711418012731771,2025052800177,140,60824.039908189545,r,150.57501228641107,2.71139407145739,7.123809337615967,1934.8,267.678,False,1918.27,10.9694,1933.05,270.828,False,-68.4538,4.95591,23.183409775808467,0.15021071857060908,23.19272565175254,0.006208654174800092,23.18439225363982,0.15211596214043363,nan,nan
2012 RN49,nan,MBO,MBO,21164715450579278,745319374013857824,17.809307,3.296615,3.2418094,150.57511097345252,2.7114131116759896,2025052800178,138,60824.04043414835,r,150.57510118704627,2.7114199257894547,6.502216815948486,1761.5,264.132,False,1796.81,32.9277,1704.11,265.501,False,-77.7959,4.9487,23.285293381206845,0.1628031012073661,23.263744574707413,0.019896814304224127,23.32125594691361,0.16915812844504613,nan,nan
2012 RN49,nan,MBO,MBO,21164715450579278,745319374148075597,17.809294,3.2966151,3.2418172,150.5752091771435,2.7114082378484663,2025052800179,138,60824.04095713925,r,150.57518204280984,2.7114336220270387,7.1290364265441895,1832.48,255.007,False,1757.85,12.4987,1749.02,256.438,False,-84.5763,4.95858,23.242401903135153,0.15109051090672954,23.287545481795306,0.007719823332454968,23.293013048741567,0.15918857705637565,nan,nan
2012 RN49,nan,MBO,MBO,21164715450579278,745319374281244731,17.809282,3.2966156,3.241825,150.57530982733817,2.711403242128616,2025052800180,136,60824.04149341594,r,150.575294894717,2.711410717979723,9.464070320129395,2415.32,253.345,False,2363.2,10.9624,2373.69,254.465,False,-90.8896,5.05156,22.94256327541597,0.11388380518307475,22.966248827513652,0.005036507824467042,22.961440026354353,0.11639340696873596,nan,nan
2012 RN49,nan,MBO,MBO,21164715450579278,745319374417035322,17.809269,3.296616,3.241833,150.57540879300686,2.711398329554253,2025052800181,139,60824.04202079975,r,150.57541042602398,2.7114263650437667,8.711036682128906,2255.08,258.366,False,2342.15,1.22986,2142.43,261.017,False,-102.735,5.02993,23.017095079176443,0.12439350605943057,22.97596328161628,0.0005701187063907259,23.07273343202934,0.13227765394634328,nan,nan
2012 RN49,nan,MBO,MBO,21164715450579278,745319374550728718,17.809258,3.2966163,3.2418408,150.57550776411344,2.7113934162504005,2025052800182,138,60824.04254722603,r,150.57557196058735,2.7114202851539564,6.248724937438965,1721.34,273.339,False,1713.89,24.3668,1584.43,276.719,False,-113.589,4.8451,23.31033336936004,0.17240872965368662,23.315042628674824,0.015436181471762043,23.400317321064097,0.18962265312946536,nan,nan
2012 RN49,nan,MBO,MBO,21164715450579278,745319374683373623,17.809244,3.2966168,3.2418485,150.57560598940418,2.7113885395190955,2025052800183,135,60824.0430702788,r,150.57556519527347,2.711402303528346,8.701750755310059,2264.37,256.881,False,2283.51,0.520342,2210.96,259.091,False,-102.451,5.39985,23.012631462796428,0.12317112511157641,23.003492700807605,0.0002474060273723144,23.038547805359357,0.12723183038498856,nan,nan
2012 RN49,nan,MBO,MBO,21164715450579278,745319374819164202,17.809233,3.2966173,3.2418563,150.57570459574237,2.7113836434174976,2025052800184,138,60824.04359566094,r,150.57573260151713,2.7114003882010578,8.144554138183594,2231.32,270.165,False,2350.51,9.485,2156.05,272.693,False,-98.9757,4.68819,23.028595321318388,0.13145937026044255,22.972094737516997,0.004381265123988888,23.065852905005457,0.1373217915896747,nan,nan
2012 RN49,nan,MBO,MBO,21164715450579278,745319374951809077,17.80922,3.2966175,3.2418642,150.57580358320777,2.7113787279381047,2025052800185,135,60824.044122991545,r,150.575814310728,2.711404616254442,7.392202854156494,1963.4,265.889,False,2031.59,33.2404,1881.91,267.69,False,-82.5587,4.96075,23.167478019852908,0.14703336985560467,23.130409852130292,0.017764561067061962,23.2135028552916,0.15443922505525895,nan,nan
2012 RN49,nan,MBO,MBO,21164715450579278,745319375087599670,17.809208,3.296618,3.241872,150.57590238829033,2.711373821063729,2025052800186,138,60824.044648688796,r,150.5758696569755,2.711387101661278,9.265458106994629,2418.75,261.557,False,2565.79,4.06977,2330.97,263.76,False,-72.5128,5.17186,22.941022544092533,0.11740854239997804,22.876947213050954,0.0017221582491235698,22.98115830337352,0.12285606231276916,nan,nan
2012 RN49,nan,MBO,MBO,21164715450579278,745319375216574507,17.809195,3.2966185,3.2418797,150.57600082324785,2.711368932123547,2025052800187,128,60824.045172979844,r,150.57598280899282,2.711320467001208,6.799550533294678,1922.14,283.163,False,1968.76,53.9357,1814.68,288.052,False,-82.9747,4.63033,23.190537450390792,0.15994688862845108,23.16451805194368,0.02974458102833231,23.25299983587593,0.17234359673156208,nan,nan
2012 RN49,nan,MBO,MBO,21164715450579278,745319375352365091,17.809183,3.2966187,3.2418876,150.5761002029949,2.711363995807899,2025052800188,131,60824.04570146889,r,150.5761261789527,2.711345409098562,8.341387748718262,2252.54,268.179,False,2352.24,28.663,2211.68,270.53,False,-69.4526,5.26026,23.01831870166097,0.1292636885325903,22.971295927240806,0.013230136840693107,23.038194306867666,0.1328059317922962,nan,nan
2012 RN49,nan,MBO,MBO,21164715450579278,745319375488679980,17.80917,3.2966192,3.2418954,150.5761995882598,2.711359058766836,2025052800189,135,60824.04623003084,r,150.57625201146305,2.7113467518707104,8.143890380859375,2221.4,274.765,False,2589.19,23.6302,2145.34,277.024,False,-73.6842,4.96768,23.033433128901777,0.13429474084785592,22.86709022204065,0.009908953622555767,23.07125962980912,0.14019920373964748,nan,nan
2012 RN49,nan,MBO,MBO,21164715450579278,745319375627616267,17.809153,3.2966197,3.241907,150.5763438855447,2.7113518898859703,2025052800190,144,60824.046998932594,r,150.5762899583885,2.7113872375816674,7.651113033294678,2358.67,301.155,False,2374.47,13.421,2304.67,305.439,False,-90.1437,4.41898,22.9683320777757,0.1386268092818378,22.96108329613815,0.0061368074855738435,22.993478165244692,0.14389313300836792,nan,nan
2012 RN49,nan,MBO,MBO,21164715450579278,745319375761833993,17.80914,3.2966201,3.2419147,150.5764421572767,2.711347007075771,2025052800191,144,60824.04752198832,r,150.57637376028418,2.711392184191863,8.923192024230957,2618.13,292.763,False,2948.88,14.6446,2575.85,296.932,False,-79.1527,4.53766,22.855022030836743,0.12140856384950897,22.72585729318319,0.0053919362480986405,22.87269853617554,0.12515861480705193,nan,nan
2012 RN49,nan,MBO,MBO,21164715450579278,745319375896051733,17.809128,3.2966206,3.2419226,150.5765408103829,2.7113421048782342,2025052800192,144,60824.0480465993,r,150.57652080660623,2.711311917297731,7.836058139801025,1983.5,250.449,False,1991.11,7.68271,1973.87,252.54,False,-52.8716,5.73098,23.156419487974574,0.1370917833687862,23.15226187415047,0.004189319848933142,23.16170363659061,0.13891077656502432,nan,nan
2012 RN49,nan,MBO,MBO,21164715450579278,745319376166060075,17.809101,3.2966213,3.241938,150.5767383213061,2.71133228899863,2025052800194,147,60824.04909724841,r,150.57676333917328,2.711306471825982,7.76054048538208,1936.06,245.51,False,1828.43,10.32,1896.54,248.051,False,-68.8409,5.65673,23.18270293638196,0.13768120905280978,23.24480412217921,0.006128097314426939,23.20509496049373,0.1420048826878813,nan,nan
2012 RN49,nan,MBO,MBO,21164715450579278,745323760651862063,17.781515,3.297358,3.2563365,150.76526250366416,2.701468297541759,2025052900093,138,60825.028885205786,r,150.7652450488051,2.7014800081322257,8.942853927612305,1945.47,216.167,False,1958.43,9.4811,1897.01,215.406,False,-6.4324,8.46632,23.177438670899733,0.12063940836559486,23.17022983719842,0.005256237566865682,23.204825943766075,0.12328564323851947,nan,nan
2012 RN49,nan,MBO,MBO,21164715450579278,745323760786079767,17.7815,3.2973585,3.2563443,150.76536248837084,2.70146250221322,2025052900094,138,60825.02941036766,r,150.76537053308692,2.701485998569936,8.380002975463867,1816.13,208.668,False,1905.38,16.1523,1935.27,208.646,False,88.1612,10.0418,23.252132665993333,0.12474789853707158,23.200045991485872,0.009204010079853112,23.18314607814871,0.11705576464811743,26.536806249517426,0.12366829336010227
2012 RN49,nan,MBO,MBO,21164715450579278,745323760916627544,17.781487,3.297359,3.2563522,150.76546247816225,2.701456706148351,2025052900095,131,60825.02993560632,r,150.76545958729028,2.701493750400085,9.72054672241211,2094.23,210.26,False,2123.27,28.755,2390.0,209.07,False,270.683,9.03723,23.097439068624624,0.10900755436478847,23.082486931052813,0.014703896993528113,22.954005247629652,0.09497693568240652,25.3188474912904,0.03624921696461278
2012 RN49,nan,MBO,MBO,21164715450579278,745323761050320932,17.781473,3.2973592,3.2563598,150.76556228253992,2.701450920392872,2025052900096,130,60825.03045977649,r,150.76557145287822,2.701476341994349,6.8044233322143555,1563.93,225.16,False,1893.09,31.2432,2421.91,224.694,False,937.732,6.67884,23.414456686321287,0.15631413135092145,23.207071866132637,0.017918785864900602,22.939605038409166,0.10072976283602497,23.969803164939584,0.007732975529725656
2012 RN49,nan,MBO,MBO,21164715450579278,745323761185062921,17.781458,3.2973597,3.2563677,150.76566209184315,2.7014451339155565,2025052900097,131,60825.03098396293,r,150.7657029981385,2.701327888148712,6.070717811584473,1614.92,288.718,False,2050.54,93.2547,4967.36,292.625,False,3369.63,4.54217,23.379622437717565,0.19410965433972918,23.120329365533856,0.04937723809678074,22.159685940370302,0.06396024561576218,22.58104449758399,0.0014635430716517712
2012 RN49,nan,MBO,MBO,21164715450579278,745323761317183547,17.781445,3.2973602,3.2563756,150.76576228725145,2.701439324616571,2025052900098,127,60825.03150921374,r,150.7657679477733,2.701455513483888,7.964524269104004,1801.4,221.268,False,2178.46,4.31335,5083.83,221.008,False,3294.93,7.67486,23.260974589265857,0.1333622077995445,23.05462604445449,0.0021497574252566883,22.13452243432238,0.04719992184679446,22.605384541161563,0.00252899865611513
2012 RN49,nan,MBO,MBO,21164715450579278,745323761451401239,17.781431,3.2973604,3.2563832,150.76586172565578,2.701433558777282,2025052900099,127,60825.03203120518,r,150.7658726310312,2.701478021139887,9.75838851928711,2203.27,221.833,False,2506.16,13.7403,7930.37,221.087,False,5801.8,11.542,23.042330687665178,0.10931574854209028,22.90247805289681,0.005952669379152204,21.651766358281904,0.030268721743236186,21.991093152302675,0.0021599447582437005
2012 RN49,nan,MBO,MBO,21164715450579278,745323761587716126,17.781416,3.297361,3.256391,150.76596193122438,2.7014277480221063,2025052900100,131,60825.03255740818,r,150.76592536852317,2.701443513660092,10.503875732421875,2364.97,223.267,False,2205.43,1.15718,9368.76,222.966,False,6998.45,10.2008,22.965435923404986,0.10249984835966304,23.041266838916187,0.0005696812902196098,21.47079474279,0.025839307271955003,21.78749530930152,0.0015825472076603818
2012 RN49,nan,MBO,MBO,21164715450579278,745323761719836750,17.781403,3.2973614,3.2563987,150.76606137974852,2.701421980738941,2025052900101,127,60825.033079287,r,150.76605882153913,2.7014642996068976,8.158653259277344,1873.61,225.422,False,1853.82,6.4079,13427.4,224.978,False,11545.5,8.15915,23.218302019263383,0.13062954696102072,23.22983112333536,0.00375294746648216,21.080020151740186,0.018191664009563697,21.243968135962096,0.0007672846294439524
2012 RN49,nan,MBO,MBO,21164715450579278,745323761854054451,17.781387,3.2973616,3.2564065,150.76616121440162,2.701416190636557,2025052900102,127,60825.03360386954,r,150.76608675995251,2.7014340415002214,7.0577802658081055,1660.26,232.799,False,nan,nan,12883.9,233.187,False,11235.9,8.22037,23.349559731761538,0.15224018941073925,nan,nan,21.12488160375713,0.019650847713756935,21.273480298986236,0.0007943425389130349
2012 RN49,nan,MBO,MBO,21164715450579278,745323761987747897,17.781374,3.297362,3.2564142,150.76626124476485,2.70141038875661,2025052900103,126,60825.034128061634,r,150.76626217867172,2.70139294786589,8.278541564941406,1948.41,232.545,False,1798.92,40.7985,10174.0,232.309,False,8225.65,7.36504,23.175799106268364,0.12958387573370103,23.262470347952167,0.024623889630438316,21.381270666761658,0.024791261865574572,21.612074382413866,0.0009721408044619703
2012 RN49,nan,MBO,MBO,21164715450579278,745323762121965615,17.78136,3.2973626,3.256422,150.76636128029173,2.7014045861514484,2025052900104,126,60825.034653270595,r,150.7663841309638,2.701434124659943,7.765186309814453,1923.76,247.337,False,2005.92,3.34011,10069.7,248.984,False,8080.84,5.82156,23.189622768551367,0.13959264170671776,23.144215954915865,0.0018078878242542662,21.39245864870525,0.02684597663661548,21.63135875135812,0.000782180872326968
2012 RN49,nan,MBO,MBO,21164715450579278,745323762236260407,17.781345,3.2973628,3.25643,150.76646151160466,2.70139877176463,2025052900105,88,60825.03517963602,r,150.76646880533377,2.7015099251409374,7.132864475250244,1671.86,248.541,False,1796.64,42.4989,8791.0,249.574,False,7096.82,5.92138,23.342000241487995,0.1614070345775122,23.263847329922708,0.025682716348622184,21.539904299863952,0.030823743957777726,21.772340551511714,0.000905906709496803
2012 RN49,nan,MBO,MBO,21164715450579278,745323762370478110,17.781332,3.2973633,3.2564375,150.76656117638314,2.7013929898223217,2025052900106,88,60825.03570259073,r,150.7665638185264,2.701421731162547,7.970517635345459,2126.26,258.026,False,2060.4,10.0217,5836.98,259.493,False,3705.73,5.55826,23.08095907213069,0.13175630907910021,23.115121198439006,0.005280975993122372,21.984529490549704,0.04826827544079984,22.47781557227345,0.00162850615402836
2012 RN49,nan,MBO,MBO,21164715450579278,745323762905251857,17.781277,3.2973647,3.2564685,150.7669596968114,2.7013698659481986,2025052900110,84,60825.037793897034,r,150.7669766491271,2.701401779831713,9.386767387390137,2293.42,239.003,False,2262.61,30.7743,2613.07,239.145,False,292.931,5.7969,22.998791048242417,0.11314727589351706,23.013475692868013,0.01476735702966434,22.857122361738092,0.09936526098922006,25.233086665448486,0.02148596081879327
2012 RN49,nan,MBO,MBO,21164715450579278,745323763039469599,17.781261,3.2973652,3.2564764,150.7670595782293,2.7013640693659022,2025052900111,84,60825.03831789047,r,150.76701876558383,2.701375748266082,6.990137577056885,1536.94,220.803,False,1753.19,2.84527,1669.62,221.051,False,126.853,7.8512,23.433357757446913,0.1559812442902073,23.290427574232243,0.0017620524107522292,23.343455907165648,0.143747121460788,26.141748170934243,0.06719850864172922
2012 RN49,nan,MBO,MBO,21164715450579278,745323763202523171,17.78124,3.297366,3.256488,150.76720921973228,2.7013553842083464,2025052900112,139,60825.03910224287,r,150.76720505097555,2.701445619237461,6.779482364654541,1692.04,245.159,False,1643.91,1.32966,1674.79,245.015,False,26.9961,7.03934,23.328973410957964,0.15731187936827173,23.36030488415603,0.0008781867833388915,23.34009907692911,0.158838809248617,27.821747450726434,0.28311002203820673
2012 RN49,nan,MBO,MBO,21164715450579278,745323763338838026,17.781227,3.2973661,3.256496,150.76730968637574,2.7013495526349427,2025052900113,143,60825.03962907732,r,150.76729553352556,2.701378991972116,6.639462947845459,1712.67,245.529,False,2273.62,4.04963,1604.96,245.842,False,-9.78731,6.30068,23.315815745967058,0.1556515413549978,23.00820524181114,0.0019338455236615152,23.386339493756495,0.16630916744198593,nan,nan
2012 RN49,nan,MBO,MBO,21164715450579278,745323763470958673,17.781212,3.2973666,3.2565038,150.7674101584142,2.701343720338152,2025052900114,139,60825.04015647087,r,150.76738728986425,2.701358132878043,6.947956562042236,1678.43,227.413,False,1959.22,14.3403,1652.35,227.873,False,-24.7403,12.251,23.337741881676394,0.1471080197176454,23.169792002535576,0.00794692923841329,23.354744904088314,0.1497321820650864,nan,nan
2012 RN49,nan,MBO,MBO,21164715450579278,745323763605176348,17.781199,3.297367,3.2565114,150.76751006382378,2.7013379205286068,2025052900115,139,60825.04068076155,r,150.76752487685886,2.701354557433027,7.104346752166748,1723.97,229.08,False,2001.37,47.5757,1723.15,227.859,False,-13.5696,9.86007,23.30867575821491,0.144271916565109,23.146681538799715,0.025809649808328863,23.309192273677116,0.14357122441482714,nan,nan
2012 RN49,nan,MBO,MBO,21164715450579278,745323763740966932,17.781185,3.2973673,3.2565193,150.7676097839705,2.701332131073372,2025052900116,142,60825.041203718705,r,150.7676078183903,2.701409771717201,6.137666702270508,1384.34,225.703,False,1626.12,11.8977,1382.08,224.941,False,-29.6361,13.4398,23.546893107160273,0.1770185993714205,23.372118524938475,0.007943918049375175,23.548667078604105,0.1767094445841418,nan,nan
2012 RN49,nan,MBO,MBO,21164715450579278,745323763873087538,17.78117,3.2973678,3.256527,150.76770989085634,2.701326318764227,2025052900117,138,60825.04172892816,r,150.7677124438669,2.7013033504719246,6.758090019226074,1583.96,219.0,False,1741.03,29.9307,1543.26,218.802,False,-49.4824,13.0942,23.400639501569085,0.15011505006812007,23.297984345260293,0.01866529836070959,23.428902243666787,0.15393469259282186,nan,nan
2012 RN49,nan,MBO,MBO,21164715450579278,745323764008878106,17.781157,3.2973683,3.2565348,150.7678101938199,2.701320494669378,2025052900118,141,60825.04225404642,r,150.76775149196754,2.7013759982460264,6.028469085693359,1498.97,229.652,False,nan,nan,1454.39,229.679,False,-61.9084,16.1452,23.46051766852733,0.1663418800568243,nan,nan,23.493297789578456,0.17146075274772474,nan,nan
2012 RN49,nan,MBO,MBO,21164715450579278,745323764137852998,17.781141,3.2973685,3.2565427,150.76791069299844,2.7013146587804697,2025052900119,131,60825.042781189695,r,150.76791309786137,2.701297198699518,6.48523473739624,1490.42,226.939,False,1648.39,51.2702,1420.26,225.673,False,-85.3797,12.6999,23.466728293635157,0.16531975971216342,23.35735006234663,0.0337698667133024,23.519080353004497,0.172518658103346,nan,nan
2012 RN49,nan,MBO,MBO,21164715450579278,745323764259487793,17.78112,3.2973692,3.2565541,150.76805887735372,2.701306053131812,2025052900120,107,60825.04355816226,r,150.7680522891395,2.7012627803292273,5.438490390777588,1420.99,249.046,False,1891.53,13.2055,1319.77,249.338,False,-89.9356,9.96873,23.518522453318706,0.19028864834202594,23.207966899007122,0.0075799426119719975,23.59875435370961,0.20512307980361197,nan,nan
2012 RN49,nan,MBO,MBO,21164715450579278,745323764393181235,17.781107,3.2973695,3.256562,150.76815900871327,2.7013002376210413,2025052900121,106,60825.04408396741,r,150.76813876671702,2.7012919092413052,7.1748504638671875,1840.58,248.405,False,2156.35,9.22413,1672.2,247.712,False,-74.2187,15.0709,23.237613279393997,0.14653115162445468,23.065701817970233,0.004644408882579624,23.34177948396105,0.16083596501795694,nan,nan
2012 RN49,nan,MBO,MBO,21164715450579278,745323764540506124,17.781084,3.2973702,3.2565746,150.7683203748085,2.701290864845077,2025052900122,131,60825.044929514916,r,150.76829372985185,2.7013229795772333,6.807760238647461,1661.22,246.977,False,2096.45,13.2492,1636.34,244.891,False,-48.8373,8.14695,23.348932141422203,0.1614186446139541,23.09628875276626,0.0068616643921822805,23.365316155785592,0.1624888699766908,nan,nan
2012 RN49,nan,MBO,MBO,21164715450579278,745323764674723864,17.78107,3.2973707,3.2565823,150.7684201390573,2.7012850696400434,2025052900123,131,60825.04545278364,r,150.7684604070739,2.701247419409486,7.348807334899902,1725.97,229.178,False,1910.65,27.0676,1699.93,226.752,False,-30.5829,11.9478,23.307416911574297,0.1441663814541035,23.197047139485996,0.01538129599460411,23.323922369954786,0.14482528511749784,nan,nan
2012 RN49,nan,MBO,MBO,21164715450579278,745323764808941578,17.781055,3.297371,3.2565901,150.76851990881343,2.701279273730574,2025052900124,131,60825.04597517384,r,150.76854027314,2.7012735921409714,6.416570663452148,1526.51,242.041,False,1973.4,3.24911,1473.54,240.18,False,-22.2775,9.71515,23.44075085890507,0.1721526065681149,23.161962176901987,0.001787613407633305,23.479095147486177,0.17696981879945878,nan,nan
2012 RN49,nan,MBO,MBO,21164715450579278,745323765076852761,17.781027,3.2973719,3.2566056,150.76871965566392,2.7012676687183017,2025052900126,130,60825.047022808765,r,150.76869039481684,2.70124458733742,6.286684036254883,1541.71,229.934,False,1563.26,2.47135,1507.71,229.623,False,-65.157,11.6003,23.429993304059234,0.16192907943738433,23.414921954479965,0.0017164349523304246,23.454205489798454,0.16535674114866192,nan,nan
