provid,permid,orbit_class,population,ssObjectId,diaSourceId,phaseAngle,helioRange,topoRange,ephRa,ephDec,visit,detector,midpointMjdTai,band,ra,dec,snr,psfFlux,psfFluxErr,psfFlux_flag,trailFlux,trailFluxErr,scienceFlux,scienceFluxErr,forced_PsfFlux_flag,templateFlux,templateFluxErr,psfMag,psfMagErr,trailMag,trailMagErr,scienceMag,scienceMagErr,templateMag,templateMagErr
2016 FV145,nan,MBO,MBO,21164732430234966,745284208263431499,7.8538437,2.6986723,1.7308066,228.3895375626229,-39.908638861217206,2025052000317,72,60816.28475189184,i,228.3894399148717,-39.908707375343624,8.928380966186523,3043.89,338.222,False,3130.73,14.9848,3069.02,304.369,False,-10.4912,48.8201,22.69142765366185,0.12064163526631091,22.66088596961098,0.005196724198620122,22.682500696529114,0.10767750872083183,nan,nan
2016 FV145,nan,MBO,MBO,21164732430234966,745288582396117544,7.911665,2.6998343,1.7325007,228.13866118747777,-39.83033756594105,2025052100139,28,60817.223832008545,g,228.13860488298752,-39.83038434748273,9.58153247833252,1569.12,162.347,False,1605.4,0.803688,1939.71,158.089,False,193.413,5.45327,23.41085960848872,0.11233431242665416,23.386041836886818,0.0005435362741306901,23.18065800994415,0.08848897991681567,25.68378587837271,0.0306122794235868
2016 FV145,nan,MBO,MBO,21164732430234966,745288582530859352,7.9117,2.699835,1.7325016,228.1385283892764,-39.83029565789709,2025052100140,29,60817.224314639956,g,228.138523050604,-39.83031779648564,10.588855743408203,1787.58,167.168,False,1989.93,11.8104,2073.76,165.013,False,206.731,5.21885,23.269336309206373,0.10153411514099422,23.15290547206775,0.00644393447835143,23.108103761701074,0.08639408033822893,25.611485971728612,0.027409021688544047
2016 FV145,nan,MBO,MBO,21164732430234966,745288582689194312,7.911761,2.699836,1.7325033,228.13829889978064,-39.830223214064446,2025052100141,75,60817.22514724822,g,228.1382082928796,-39.830278284007726,7.68619966506958,1464.12,185.924,False,1600.92,1.7781,1883.8,185.128,False,104.915,4.50673,23.48605832069122,0.1378742278180554,23.389075894655946,0.0012058988004379656,23.21241299045421,0.10669931701815857,26.347906028108444,0.0466388978682768
2016 FV145,nan,MBO,MBO,21164732430234966,745288582935085331,7.911832,2.6998372,1.7325052,228.1380311396084,-39.83013865351109,2025052100143,32,60817.22611979296,g,228.13795624917282,-39.83017186891643,8.912793159484863,1507.95,168.441,False,1612.2,3.66667,1651.29,167.399,False,30.295,4.52681,23.45403268113011,0.12127888309180353,23.381452740841272,0.002469319303854463,23.355441597125463,0.11006616214835754,27.696572605184343,0.16223540783666668
2016 FV145,nan,MBO,MBO,21164732430234966,745288583360282778,7.911997,2.69984,1.7325097,228.1374086691204,-39.82994192421424,2025052100146,75,60817.228379524175,g,228.1372482216957,-39.83002653782634,7.447957992553711,1428.48,188.631,False,1500.64,11.2607,1502.25,187.943,False,51.4426,4.55966,23.512814604221425,0.14337162946732301,23.45930869311308,0.008147290360623925,23.458144468286807,0.13583392385344134,27.12169271851287,0.09623518005661043
2016 FV145,nan,MBO,MBO,21164732430234966,745288583993622748,7.9121904,2.6998434,1.7325151,228.13667703567347,-39.82971042785066,2025052100151,3,60817.23103663155,g,228.13659741396674,-39.8297678607562,9.048715591430664,1601.05,176.248,False,1905.44,5.1467,1549.49,175.309,False,-138.007,4.43605,23.388987729555055,0.11952083318638271,23.20001183859783,0.002932634244136357,23.424528062437215,0.12283998977002213,nan,nan
2016 FV145,nan,MBO,MBO,21164732430234966,745288584566669450,7.9123573,2.6998463,1.7325196,228.13604689833687,-39.829510814355466,2025052100155,72,60817.2333252631,g,228.13592922869836,-39.829441647918436,9.565614700317383,1698.56,177.366,False,1770.6,5.0058,1832.85,176.596,False,46.7635,4.49773,23.32479773126554,0.11337408047659334,23.279698865261754,0.003069568575276876,23.242182704808947,0.10461121521940714,27.225232474176984,0.10442648726464188
2016 FV145,nan,MBO,MBO,21164732430234966,745288585083617569,7.9125733,2.6998498,1.7325256,228.1352325484758,-39.82925252806788,2025052100159,34,60817.23628496645,g,228.1351527292811,-39.82936353316507,8.412933349609375,1352.91,159.128,False,1454.81,4.15436,1526.69,156.727,False,147.554,5.06221,23.571827705398746,0.1277032714076808,23.492984262209625,0.00310043145138645,23.440622889364946,0.11145955637879544,25.977622525805305,0.03724890366499275
2016 FV145,nan,MBO,MBO,21164732430234966,745288585350480374,7.9134884,2.6998653,1.732551,228.1317740610781,-39.82815158145611,2025052100161,31,60817.24886228235,r,228.1317030138687,-39.82820904626193,8.221999168395996,2346.83,282.033,False,2325.19,0.760868,2630.07,276.958,False,312.578,8.1981,22.973795885722524,0.1304795905305122,22.983853911090698,0.00035528364110927116,22.850081703018496,0.11433282325717405,25.16260396968196,0.028476009170662137
2016 FV145,nan,MBO,MBO,21164732430234966,745288585484697966,7.9135237,2.699866,1.7325519,228.1316405362505,-39.8281089451113,2025052100162,31,60817.24934808076,r,228.13157886134493,-39.8281317584126,9.581552505493164,2477.27,252.746,False,2716.39,12.84,2477.49,241.316,False,-43.9301,9.90088,22.915066633110335,0.11077334445979127,22.815019735424244,0.00513212520516829,22.91497022878155,0.10575441789511617,nan,nan
2016 FV145,nan,MBO,MBO,21164732430234966,745288585888924138,7.913651,2.6998682,1.7325555,228.13116035582112,-39.82795553593055,2025052100165,34,60817.25109657977,r,228.13104572620193,-39.828016287193556,8.89584732055664,2466.98,274.139,False,2437.62,5.83009,1990.38,260.549,False,-355.299,8.12812,22.91958593698424,0.12065061249377292,22.932584936564425,0.0025967704299915562,23.15265999959321,0.14212737965256436,nan,nan
2016 FV145,nan,MBO,MBO,21164732430234966,745288586314645846,7.9137993,2.6998706,1.7325597,228.13060010115683,-39.82777638438044,2025052100168,78,60817.25313642433,r,228.1304854324099,-39.827795442791036,8.061037063598633,2298.88,285.081,False,2590.39,15.6984,1915.81,277.924,False,-397.584,8.9205,22.996209300398505,0.13464068236488075,22.866587157894017,0.006579828307026595,23.194118877227336,0.15750630382743586,nan,nan
2016 FV145,nan,MBO,MBO,21164732430234966,745288587521032480,7.9141846,2.6998773,1.7325704,228.12914251380968,-39.82730948564944,2025052100177,75,60817.258446173575,r,228.12907938660467,-39.82735759656833,9.163744926452637,2866.49,311.658,False,3121.97,19.7381,6032.48,305.118,False,3160.47,8.07936,22.756623926100872,0.11804623907887167,22.663928196506113,0.006864374110119255,21.9487602766919,0.054915668656068714,22.6506208294455,0.002775553558026457
2016 FV145,nan,MBO,MBO,21164732430234966,745288588056854845,7.914334,2.69988,1.7325747,228.12857788432095,-39.82712830743792,2025052100181,73,60817.26050490688,r,228.12835844390682,-39.827155845625356,8.527624130249023,2611.12,304.011,False,2750.76,6.47085,8448.71,297.567,False,5697.91,7.95371,22.85793287307399,0.12641154741521676,22.801368245019056,0.002554070906104797,21.583023996743254,0.038240068794631724,22.010711007323874,0.001515578652228703
2016 FV145,nan,MBO,MBO,21164732430234966,745288588841189657,7.9148736,2.699889,1.7325898,228.126535046794,-39.82647133330696,2025052100187,33,60817.26795555525,i,228.12642109720076,-39.82646416056906,7.627683639526367,3480.02,455.197,False,nan,nan,54407.3,438.015,False,51013.2,11.3823,22.54604564419465,0.1420175316854014,nan,nan,19.560857048720194,0.008740899710197769,19.63079359866657,0.00024225447142867235
2016 FV145,nan,MBO,MBO,21164732430234966,745288588975931462,7.9149094,2.6998897,1.7325909,228.1264005089506,-39.82642798527566,2025052100188,34,60817.26844634924,i,228.12638757741263,-39.82644756792371,6.33380651473999,2810.52,426.3,False,2820.54,26.6405,56053.9,417.514,False,53177.4,12.149,22.778033292124917,0.16468458776962233,22.774169327135528,0.010254970325323173,19.5284854442462,0.00808703920060203,19.585682282962185,0.0002480491660258033
2016 FV145,nan,MBO,MBO,21164732430234966,745288589399031897,7.9150195,2.6998916,1.732594,228.1259840811264,-39.826293749107016,2025052100191,73,60817.26996681998,i,228.12590035084855,-39.82634521954857,6.980217456817627,3699.47,519.859,False,3848.34,59.2677,125268.0,505.547,False,121522.0,14.3047,22.47965123394593,0.15257043621972788,22.4368163879942,0.01672125810223614,18.655399640917143,0.004381730992160729,18.68836272875076,0.000127805093540302
2016 FV145,nan,MBO,MBO,21164732430234966,745288589824753906,7.9151344,2.6998935,1.7325972,228.1255488538397,-39.82615335061548,2025052100194,117,60817.2715550652,i,228.12549817095498,-39.82629827424775,8.992532730102539,3948.22,442.238,False,4293.24,62.1497,50607.8,434.713,False,46712.6,12.5114,22.408996647730632,0.12161273141812035,22.318037023185088,0.015717308116955035,19.63945633758754,0.009326302452914518,19.726414862246433,0.0002908011915353135
2016 FV145,nan,MBO,MBO,21164732430234966,745288591012266237,7.9154677,2.6998992,1.7326068,228.12428733515844,-39.82574581102886,2025052100203,78,60817.27616330091,i,228.12417582041337,-39.82580770567317,8.979247093200684,3566.6,389.762,False,3545.23,2.6934,3475.73,379.072,False,45.0178,12.6109,22.519363957182172,0.11865045025935834,22.525888966781373,0.0008248609563043695,22.54738492502579,0.11841316417418932,27.266539346505834,0.30414882141633665
2016 FV145,nan,MBO,MBO,21164732430234966,745288591548088453,7.915613,2.6999016,1.732611,228.1237359867,-39.82556741964097,2025052100207,76,60817.27817853546,i,228.12361306960645,-39.825632806922016,6.782434940338135,2735.85,394.408,False,2665.2,2.94992,2356.32,390.899,False,-291.087,11.1705,22.807269255267418,0.15652284239366226,22.835675508401117,0.0012017240498397078,22.969414294812985,0.18011694934353606,nan,nan
2016 FV145,nan,MBO,MBO,21164732430234966,745288595440402853,7.9171376,2.6999278,1.7326547,228.1179621872267,-39.82368924331645,2025052100236,76,60817.29932161764,z,228.1179708618224,-39.823804907550034,5.344316482543945,3675.17,678.747,False,nan,nan,23400.6,656.032,False,19992.9,34.2661,22.486806441159224,0.20051867464885584,nan,nan,20.476932535565822,0.030438436906946524,20.647810494410567,0.0018608579362490725
2016 FV145,nan,MBO,MBO,21164732430234966,745297387906924708,8.077137,2.7021275,1.736522,227.6518855409135,-39.66662527124406,2025052300209,71,60819.07979429125,i,227.6518292679408,-39.66667417123258,11.30593490600586,2573.03,222.916,False,2365.5,4.89023,2769.92,218.905,False,142.76,27.7666,22.873887862999368,0.0940634075240894,22.96519261903854,0.0022445571569477143,22.793831965416956,0.08580503743094937,26.01348369356824,0.2111740241568786
2016 FV145,nan,MBO,MBO,21164732430234966,745297388040093989,8.077191,2.7021282,1.7365232,227.65175537128053,-39.66658217008135,2025052300210,69,60819.0802794506,i,227.65168322899805,-39.66663806642876,12.957256317138672,2552.79,196.628,False,2571.45,1.26309,2722.98,194.486,False,178.447,49.2721,22.88246225854983,0.08362855608832404,22.874554810129933,0.0005333110053105342,22.812388879026063,0.07754757097589728,25.771226834325642,0.2997892898411963
2016 FV145,nan,MBO,MBO,21164732430234966,745297388194758744,8.077248,2.7021286,1.7365243,227.65162251136704,-39.66653817279062,2025052300211,108,60819.08077430007,i,227.65154155773928,-39.66658541662705,12.814925193786621,2414.65,184.633,False,2425.86,1.32226,2522.43,181.439,False,104.288,51.3687,22.942864570668505,0.08301937590506572,22.937835618243355,0.0005918006457894295,22.895452222018488,0.07809726793505337,26.354414132068072,0.5347964699978555
2016 FV145,nan,MBO,MBO,21164732430234966,745297388283364221,8.077303,2.7021294,1.7365254,227.65149125588104,-39.666494701499,2025052300212,21,60819.08126372041,i,227.65143628858104,-39.66653858607694,14.819028854370117,2944.82,198.247,False,2825.09,0.937301,3029.97,195.902,False,8.69242,36.3214,22.72735308980333,0.07309239067035099,22.77241924655829,0.0003602227104906326,22.696404189158883,0.07019801787525168,29.05214824332882,4.536764056871276
2016 FV145,nan,MBO,MBO,21164732430234966,745297388573295199,8.077414,2.7021306,1.7365277,227.6512279212562,-39.66640747009705,2025052300214,62,60819.08224434325,i,227.65117878165933,-39.66647380039296,14.697518348693848,3146.94,214.64,False,3137.93,1.46254,3134.47,213.305,False,-15.0077,41.6497,22.655278863534193,0.07405365932165395,22.65839189553234,0.0005060446525551789,22.659589716237782,0.07388584206209906,nan,nan
2016 FV145,nan,MBO,MBO,21164732430234966,745297388956549478,8.0775795,2.7021325,1.7365311,227.6508327403454,-39.66627652321314,2025052300217,25,60819.08371626666,i,227.65074718471197,-39.66633581448404,14.150445938110352,3233.49,225.021,False,2961.94,0.20712,3304.07,222.599,False,57.6428,29.4188,22.62582119785038,0.07555719764947015,22.721059379544027,7.592243212454986e-05,22.602376878273837,0.07314729632918253,26.99813734043563,0.5541204970935797
2016 FV145,nan,MBO,MBO,21164732430234966,745297389696319518,8.077858,2.7021353,1.7365369,227.65017246630796,-39.666057625231936,2025052300222,156,60819.086175326986,i,227.65010637999603,-39.666088528637395,12.879239082336426,2778.34,212.722,False,2924.64,1.82768,3477.97,210.362,False,688.755,42.3836,22.790536486799958,0.08312876385714346,22.73481900112889,0.0006785034775599203,22.54668543019657,0.06566981339663806,24.30483808074934,0.0668124469020314
2016 FV145,nan,MBO,MBO,21164732430234966,745297390186004767,8.078079,2.7021377,1.7365414,227.6496466152716,-39.66588319182276,2025052300226,66,60819.08813322199,i,227.64957962609896,-39.66592204292532,13.121731758117676,2821.82,211.814,False,2836.56,0.785335,4955.56,207.739,False,2142.06,38.4168,22.77367670555585,0.08149850729921732,22.768020041670965,0.00030059883431036343,22.162268140226377,0.04551448253081685,23.072920891708357,0.01947214880404198
2016 FV145,nan,MBO,MBO,21164732430234966,745297394541789779,8.080539,2.7021646,1.7365923,227.64379815766267,-39.663936742865545,2025052300258,182,60819.10989085356,z,227.64375637716563,-39.6639592744318,6.307241439819336,2466.44,381.998,False,2448.32,34.0526,20435.3,367.49,False,17798.3,163.695,22.919823638203177,0.16815696032498195,22.927829518975567,0.015101024616157194,20.624047414127872,0.019524899171034674,20.77405364542895,0.009985762021579301
2016 FV145,nan,MBO,MBO,21164732430234966,745297394613092588,8.080596,2.7021654,1.7365935,227.6436617731604,-39.663891203061006,2025052300259,62,60819.110397827186,z,227.64358305115798,-39.663930403123196,5.420796871185303,2070.16,383.43,False,nan,nan,12507.0,360.429,False,10497.8,203.435,23.109990264057842,0.20109742373189432,nan,nan,21.1571171253851,0.03128894210486137,21.34725428394649,0.02104028903900611
2016 FV145,nan,MBO,MBO,21164732430234966,745297394945491073,8.080707,2.7021666,1.7365959,227.64339840889957,-39.663803243500375,2025052300261,184,60819.111376135515,z,227.64331873497534,-39.663803732662664,6.2605085372924805,2209.17,347.297,False,2160.85,1.50804,5693.55,328.038,False,3450.21,183.285,23.039427195954595,0.17068534194190968,23.0634383997965,0.0007577265887858571,22.011542189947406,0.06255547755928212,22.55538618832985,0.05767740703267401
2016 FV145,nan,MBO,MBO,21164732430234966,745297395685261848,8.081357,2.7021737,1.7366095,227.6418513162323,-39.66328599119569,2025052300267,59,60819.11712660639,r,227.6417897718365,-39.66333311701183,13.115744590759277,2164.57,164.431,False,2083.89,0.109729,2886.06,160.268,False,627.696,13.1484,23.061570878162165,0.08247766714931366,23.102813079444996,5.717036577784368e-05,22.7492365888197,0.06029284642834275,24.405626625089077,0.022743007146936344
2016 FV145,nan,MBO,MBO,21164732430234966,745297395795362224,8.081413,2.7021742,1.7366105,227.64171918837096,-39.663241771779845,2025052300268,13,60819.11761797484,r,227.6416698277907,-39.66328952904005,12.056421279907227,1908.83,158.22,False,1990.19,2.90316,2426.23,153.483,False,558.227,59.9556,23.198081895145187,0.08999501663168115,23.152763682633903,0.0015838016050651895,22.937670087698102,0.06868353499539347,24.53297292403252,0.11661200120303887
2016 FV145,nan,MBO,MBO,21164732430234966,745297396087390691,8.081524,2.7021754,1.7366129,227.64145465516543,-39.66315321896349,2025052300270,58,60819.11860076864,r,227.64138766057846,-39.66320703602419,11.37202262878418,1658.99,144.694,False,1756.78,2.37727,2616.67,140.443,False,1003.04,51.1908,23.350390585872024,0.09469587857739319,23.288206535423967,0.0014692152951997716,22.855627644249907,0.05827408383001445,23.896704392546994,0.05541125559958222
2016 FV145,nan,MBO,MBO,21164732430234966,745297396654145629,8.082833,2.7021897,1.7366405,227.63833952974343,-39.66210825417168,2025052300274,115,60819.13017313418,r,227.6382631924613,-39.66214628278057,19.488908767700195,2356.51,120.561,False,2207.41,0.985449,2371.29,116.413,False,-47.9329,57.1628,22.96932677786107,0.055547160331276435,23.04029252908396,0.00048470275903325,22.96253830752536,0.0533017087362814,nan,nan
2016 FV145,nan,MBO,MBO,21164732430234966,745297397143831203,8.0830555,2.702192,1.7366451,227.6378099585318,-39.66193020110868,2025052300278,25,60819.13214026288,r,227.63774756633177,-39.66196112713032,15.015921592712402,2118.54,139.316,False,2048.99,0.382626,2260.15,133.367,False,164.528,48.5269,23.084908309238212,0.07139842348215433,23.12115040804361,0.0002027491104772333,23.01465688929769,0.06406715989993482,25.859400454654455,0.3202337208598969
2016 FV145,nan,MBO,MBO,21164732430234966,745297397616738869,8.083236,2.7021942,1.7366489,227.6373805222934,-39.66178572591846,2025052300281,159,60819.133735245785,r,227.63731404907148,-39.661845886771445,16.725086212158203,2230.26,133.274,False,2166.94,1.24772,2279.79,125.956,False,18.6212,64.5056,23.029111256926807,0.06488051104913815,23.060382813390937,0.0006251648949337812,23.005262870520085,0.05998578310061451,28.2249808056428,3.761092904388382
2016 FV145,nan,MBO,MBO,21164732430234966,745297397698527675,8.083294,2.7021947,1.7366501,227.6372434765441,-39.66173960261944,2025052300282,59,60819.13424434215,r,227.63716181136454,-39.66177876484339,19.259681701660156,2548.89,130.839,False,2353.63,0.194003,2530.87,124.858,False,-80.6056,59.7418,22.88412231214928,0.05573275040708044,22.970654576426874,8.949413983849391e-05,22.89182535503812,0.053563733669527346,nan,nan
2016 FV145,nan,MBO,MBO,21164732430234966,745297398031450461,8.083406,2.702196,1.7366525,227.636974496636,-39.6616490522928,2025052300284,182,60819.13524325666,r,227.6369367527178,-39.66169266169646,15.621363639831543,2492.18,159.764,False,2435.64,1.3308,2388.17,155.82,False,-66.0823,31.9288,22.908551513682188,0.06960234493182368,22.93346730346706,0.0005932312929316768,22.954836939347402,0.07084061390604696,nan,nan
2016 FV145,nan,MBO,MBO,21164732430234966,745297398107472772,8.0834675,2.7021966,1.7366538,227.6368309847148,-39.66160072686071,2025052300285,71,60819.13577654648,r,227.63676901924183,-39.66165470570038,16.220857620239258,2241.27,133.37,False,2213.84,4.644,2368.22,127.779,False,10.2483,53.6819,23.02376454548949,0.06460829398745563,23.03713438169527,0.0022775624221736605,22.963944902227425,0.05858167209765142,28.873370467292492,5.687224679120528
2016 FV145,nan,MBO,MBO,21164732430234966,745297398885516101,8.083852,2.702201,1.7366619,227.635915225142,-39.661292142812975,2025052300291,19,60819.13917746057,r,227.63579540656434,-39.66133786164322,11.59256362915039,3000.22,264.035,False,2923.04,12.8364,56464.2,256.198,False,53469.3,28.7716,22.707117256067225,0.0955504481667101,22.735413089364865,0.004767962144650594,19.520567066725143,0.004926368316823225,19.579738737842952,0.000584229980898685
2016 FV145,nan,MBO,MBO,21164732430234966,745297399019209050,8.084181,2.7022045,1.736669,227.63513110196672,-39.66102761617859,2025052300292,18,60819.14208991717,g,227.6351056198435,-39.66107294985086,12.774556159973145,1306.68,99.9598,False,1216.37,1.12703,2052.26,99.8876,False,713.004,24.4598,23.609576845734605,0.08305780313560514,23.68733575345507,0.001005991019211027,23.119419043533917,0.05284495497278502,24.267270041175593,0.0372464812936172
2016 FV145,nan,MBO,MBO,21164732430234966,745297399152902471,8.084236,2.702205,1.73667,227.63500050227051,-39.66098353073518,2025052300293,17,60819.142574563484,g,227.63492534210047,-39.66103926612288,14.140960693359375,1288.77,90.3921,False,1276.61,1.31338,1547.23,88.8977,False,228.479,30.3974,23.62456143850109,0.07615165728817538,23.63485440735185,0.0011170085117602323,23.426112819783377,0.06238209565360119,25.502884258204325,0.14444897360471654
2016 FV145,nan,MBO,MBO,21164732430234966,745297399306518588,8.084291,2.7022057,1.7366712,227.63486801716104,-39.66093880086872,2025052300294,54,60819.143066219345,g,227.6347955833,-39.6609803684154,12.214213371276855,1050.52,86.2214,False,1054.06,0.245348,1283.79,84.9991,False,241.232,31.7934,23.846489167309496,0.08911176468934268,23.84283660759816,0.00025272109614270065,23.628764995832835,0.07188605390463253,25.443912730453988,0.14309563414267648
2016 FV145,nan,MBO,MBO,21164732430234966,745297399416095157,8.084347,2.7022061,1.7366724,227.6347363394856,-39.66089433562816,2025052300295,7,60819.14355531035,g,227.63463176008398,-39.660934994240016,9.775094985961914,988.873,100.418,False,920.51,1.14409,1115.85,100.947,False,105.323,36.6675,23.912148717648343,0.11025425810534054,23.989928711375363,0.0013494475699124234,23.780985479345034,0.09822271231399247,26.34369196770806,0.37799182067756704
2016 FV145,nan,MBO,MBO,21164732430234966,745297399705501953,8.084471,2.7022076,1.736675,227.63444039964295,-39.660794372808,2025052300297,47,60819.14465413257,g,227.6343768183925,-39.6608462490545,16.584575653076172,1439.82,85.795,False,1428.7,2.57586,1413.55,84.8099,False,-59.0555,34.3818,23.504229535772716,0.06469610032786706,23.512647425280967,0.0019575170305056147,23.524222025160984,0.06514178770360739,nan,nan
2016 FV145,nan,MBO,MBO,21164732430234966,745297400086135481,8.084646,2.7022095,1.7366788,227.63402328083,-39.66065340927017,2025052300300,5,60819.146203793265,g,227.6339813339728,-39.660700813728894,16.229909896850586,1464.37,89.6235,False,1444.35,1.12058,1372.89,87.7247,False,-98.1132,37.1462,23.485872945939896,0.06645006099856425,23.500818903948677,0.0008423541740236181,23.555910634228844,0.06937619389213079,nan,nan
2016 FV145,nan,MBO,MBO,21164732430234966,745297400790777932,8.084932,2.7022126,1.7366849,227.6333430697495,-39.66042336090248,2025052300305,69,60819.14872900977,g,227.63329222677626,-39.660491195563345,16.846086502075195,1581.86,92.5903,False,1630.01,0.307781,1471.05,91.9731,False,-115.328,31.5336,23.40207989925174,0.06355091063291728,23.369524321547424,0.00020501038928129038,23.4809313780722,0.06788247841160869,nan,nan
2016 FV145,nan,MBO,MBO,21164732430234966,745297400924471570,8.084988,2.7022133,1.7366861,227.63321031286625,-39.66037843702133,2025052300306,68,60819.14922298054,g,227.63316857321414,-39.66042051764357,13.684951782226562,1430.31,104.134,False,1386.14,0.655473,1290.0,102.685,False,-76.3409,15.5567,23.51142451798066,0.07904723607497992,23.545482248051513,0.000513419101349163,23.623525724251877,0.08642544149989563,nan,nan
2016 FV145,nan,MBO,MBO,21164732430234966,745297401298289036,8.085155,2.702215,1.7366896,227.63281231219145,-39.660243706877566,2025052300309,13,60819.15070086936,g,227.6327419046399,-39.66030699566162,11.774189949035645,1196.97,100.361,False,1276.61,1.99216,1326.66,100.049,False,73.2397,22.131,23.70479186233301,0.09103450711298135,23.63485440735185,0.0016942999208388002,23.593100884616877,0.08187992602553212,26.738133603538266,0.3280792849595794
2016 FV145,nan,MBO,MBO,21164732430234966,745297401754943667,8.085345,2.702217,1.7366937,227.63235884200893,-39.660090107745965,2025052300312,116,60819.152384209025,g,227.63231028624958,-39.660146471731004,13.805438041687012,1427.08,102.69,False,1385.57,0.16978,1598.34,101.075,False,199.302,16.4502,23.513879234171053,0.07812754502247586,23.54592886322728,0.00013304004931064212,23.390827102641644,0.06865922515189186,25.65122084716714,0.08961564155326139
2016 FV145,nan,MBO,MBO,21164732430234966,745297401998213159,8.085458,2.7022183,1.7366961,227.6320906398635,-39.65999921630819,2025052300314,68,60819.15338005674,g,227.63200934592422,-39.66003910629622,14.171012878417969,1346.72,94.0166,False,1285.64,3.44779,1340.82,92.5517,False,-11.6626,14.9966,23.57680674903981,0.07579692169518452,23.627201547304047,0.002911694009421213,23.581573845048887,0.0749442371297293,nan,nan
2016 FV145,nan,MBO,MBO,21164732430234966,745297402177519829,8.085514,2.702219,1.7366973,227.6319557315919,-39.659953484005854,2025052300315,154,60819.15388122112,g,227.63189789039518,-39.66001670610969,16.723583221435547,1552.83,90.8749,False,1567.75,0.300317,1475.88,89.1078,False,-40.682,22.0134,23.422190248622,0.06353958431639889,23.41180797638153,0.00020798279593000206,23.477372377515,0.06555246219052822,nan,nan
2016 FV145,nan,MBO,MBO,21164732430234966,745306290755469393,8.357686,2.704847,1.7424476,227.08699963351987,-39.4578378206135,2025052501004,171,60821.28659021382,g,227.0869425354283,-39.45788645162491,6.690089702606201,1087.71,159.756,False,1173.85,9.94773,1317.21,160.856,False,121.265,3.61145,23.80871723576024,0.1594661038126046,23.725968511849135,0.009201014533974148,23.600862484370726,0.13258872251209167,26.190661327705612,0.03233482034888487
2016 FV145,nan,MBO,MBO,21164732430234966,745306290980913378,8.357829,2.7048483,1.7424506,227.0867487198872,-39.457738682511575,2025052501006,89,60821.287567510604,g,227.08671294668653,-39.45775365845887,10.259601593017578,1495.59,143.942,False,1469.91,8.88465,1661.77,144.958,False,71.0306,5.09747,23.46296864316785,0.10449591520057644,23.48177311356321,0.006562569271220514,23.348572701318986,0.09470994110786676,26.77138626904769,0.07791722729041152
2016 FV145,nan,MBO,MBO,21164732430234966,745306291532464395,8.358115,2.704851,1.7424567,227.086245758214,-39.45753983364179,2025052501010,117,60821.28952667971,g,227.08617074132488,-39.45755715685102,9.176887512207031,1404.61,155.465,False,1651.98,8.6041,1524.71,155.969,False,-13.5535,3.21877,23.531110621289308,0.12017141901094351,23.354988049961356,0.005654900928979345,23.44203190611145,0.11106452249715881,nan,nan
2016 FV145,nan,MBO,MBO,21164732430234966,745306292028965347,8.3584,2.7048533,1.7424628,227.0857437673844,-39.457341203154655,2025052501014,40,60821.29148228136,g,227.08576564174416,-39.457365539750256,7.083797454833984,1142.02,160.301,False,1519.68,15.9396,1144.71,161.861,False,-94.5915,2.95543,23.755815707178698,0.1524006504403067,23.44561959187138,0.011388055503631903,23.753261345146015,0.15352215462263188,nan,nan
2016 FV145,nan,MBO,MBO,21164732430234966,745306292612497667,8.358686,2.7048557,1.7424688,227.08523992704212,-39.457141674821344,2025052501018,129,60821.29344660387,g,227.08518195828768,-39.45715266912378,8.38129997253418,1363.08,157.905,False,1486.35,7.941,1286.73,160.22,False,-125.917,3.14611,23.56369667102431,0.12577631512035264,23.469697299166878,0.005800673681861806,23.62628144994159,0.135192821098594,nan,nan
2016 FV145,nan,MBO,MBO,21164732430234966,745306292955382147,8.358901,2.7048573,1.7424734,227.0848626946969,-39.45699217638939,2025052501021,15,60821.29491702103,g,227.0847772751934,-39.4570275412914,9.100715637207031,1506.4,166.137,False,1632.4,3.57319,1486.92,168.175,False,-139.612,3.20234,23.45514921488207,0.119743060123164,23.36793351850872,0.0023765876396992787,23.46928096034768,0.12279993822944119,nan,nan
2016 FV145,nan,MBO,MBO,21164732430234966,745306293147795516,8.358973,2.704858,1.7424749,227.08473731815025,-39.456942468643945,2025052501022,126,60821.295406075245,g,227.08466691452492,-39.45696243178224,8.885361671447754,1370.6,156.068,False,1706.94,2.9188,1254.51,158.542,False,-145.51,2.91674,23.55772320063643,0.12363101824055327,23.319454398113454,0.0018565661761552115,23.6538146727235,0.13721277320985922,nan,nan
2016 FV145,nan,MBO,MBO,21164732430234966,745306293236400195,8.359043,2.7048585,1.7424765,227.0846127236109,-39.45689306076182,2025052501023,39,60821.29589210797,g,227.08453315362038,-39.45695324529689,7.637526035308838,1267.95,165.214,False,1333.81,12.2187,1180.39,167.691,False,-158.182,2.85197,23.64224472173283,0.14147153526916456,23.587265029455487,0.009946157868280786,23.719936182531654,0.15424409002402692,nan,nan
2016 FV145,nan,MBO,MBO,21164732430234966,745306293358559591,8.359115,2.7048593,1.742478,227.0844876291614,-39.45684344443767,2025052501024,16,60821.29638096117,g,227.08440884995096,-39.45679669227475,6.451938152313232,1248.43,191.509,False,1447.74,42.5778,1358.76,194.246,False,-191.571,2.60825,23.659089462553375,0.16655178809157692,23.498273572809133,0.03193132752143162,23.567143108791328,0.1552149869729217,nan,nan
2016 FV145,nan,MBO,MBO,21164732430234966,745306293621227957,8.359257,2.7048604,1.742481,227.08423696638587,-39.45674399308266,2025052501026,5,60821.29735805776,g,227.0842492911213,-39.4567585159635,9.512882232666016,1659.61,172.866,False,1828.68,6.0512,1597.77,174.626,False,-156.938,3.41549,23.34998490205458,0.11309095119487654,23.244655680352942,0.0035927590583535243,23.39121433044682,0.11866399786047681,nan,nan
2016 FV145,nan,MBO,MBO,21164732430234966,745306293770650173,8.359327,2.704861,1.7424825,227.0841126794128,-39.45669466657265,2025052501027,34,60821.29784368894,g,227.0840895916243,-39.456750211123115,7.58493709564209,1257.52,166.079,False,1392.13,11.9486,1030.87,166.837,False,-153.112,3.35124,23.65121273078397,0.14339173504226632,23.540800514962257,0.00931883327721544,23.866990252317972,0.17571660650507487,nan,nan
2016 FV145,nan,MBO,MBO,21164732430234966,745306294039085328,8.359469,2.7048624,1.7424855,227.08386260684924,-39.45659538825613,2025052501029,34,60821.29881961666,g,227.08381094883592,-39.45662217870648,8.79818344116211,1470.12,167.477,False,1554.98,5.99299,1451.2,168.824,False,-148.455,3.5389,23.481618038826188,0.12368775909599476,23.42068799477279,0.004184495181848793,23.495681862241415,0.1263081179479008,nan,nan
2016 FV145,nan,MBO,MBO,21164732430234966,745306294179594556,8.359541,2.7048628,1.7424871,227.08373733397275,-39.45654563984365,2025052501030,46,60821.299308234506,g,227.0837329846324,-39.45655342447982,7.859571933746338,1160.13,151.545,False,1316.32,5.12328,1073.46,152.016,False,-149.787,3.71668,23.738733351847326,0.14182711460742603,23.60159634439693,0.004225819605113813,23.823035374269125,0.1537544835699166,nan,nan
2016 FV145,nan,MBO,MBO,21164732430234966,745315055911305254,8.659079,2.707168,1.7484792,226.6235812934294,-39.26854189085963,2025052700774,43,60823.17480608987,i,226.62360185974845,-39.26856961764541,8.060787200927734,2741.44,335.861,False,3030.8,66.4092,2890.15,345.741,False,465.783,4.45505,22.805053160153935,0.13301638811827263,22.696106786064618,0.023790046985585688,22.747699078167123,0.12988375376276154,24.729540940106244,0.010384683809659736
2016 FV145,nan,MBO,MBO,21164732430234966,745315056070165008,8.659166,2.7071688,1.7484809,226.623458338408,-39.26849100696855,2025052700775,90,60823.17529632947,i,226.6234334795346,-39.26850476436589,8.592313766479492,2602.55,305.288,False,2827.38,24.1702,2468.65,307.171,False,134.173,4.50745,22.86150227488854,0.12736055874536867,22.771539590975145,0.009281547822243339,22.918851240602606,0.13509678491355187,26.080837140520032,0.036474563566507995
2016 FV145,nan,MBO,MBO,21164732430234966,745315056204382524,8.659253,2.7071693,1.7484826,226.62333563849413,-39.26844021918226,2025052700776,90,60823.175785560736,i,226.6232657628903,-39.268450327458275,8.895341873168945,2794.9,309.827,False,2967.13,51.5309,2619.71,313.63,False,5.70675,4.56201,22.784084353735672,0.12035865267420741,22.719158606272135,0.01885625670924639,22.854366971449714,0.129983645623838,29.509027897236184,0.8679439771395325
2016 FV145,nan,MBO,MBO,21164732430234966,745315056608608728,8.659518,2.7071712,1.7484877,226.6229630475985,-39.26828593872256,2025052700779,93,60823.17727072349,i,226.62280360116452,-39.26835193432593,8.115250587463379,2428.62,302.027,False,2716.46,23.7631,1897.46,308.045,False,-335.19,4.76448,22.936601029693293,0.13502385784468612,22.81499172958693,0.009497823645645073,23.204568448893937,0.17626491765783925,nan,nan
2016 FV145,nan,MBO,MBO,21164732430234966,745315056708747720,8.659609,2.707172,1.7484895,226.6228353470941,-39.26823304099857,2025052700780,28,60823.17777963197,i,226.62281135765684,-39.268308590478995,7.134429931640625,2236.62,316.094,False,2522.89,21.0728,1927.8,318.512,False,-336.145,4.81437,23.02601943294036,0.1534434439303176,22.89525425786105,0.009068767375992251,23.187345032662115,0.17938582536253517,nan,nan
2016 FV145,nan,MBO,MBO,21164732430234966,745315057030135994,8.659803,2.707173,1.7484933,226.62256039304867,-39.26811911096347,2025052700782,129,60823.17887512216,i,226.62260050048906,-39.268107642560025,9.374592781066895,2635.52,282.664,False,2998.49,13.2708,2295.06,284.445,False,-360.988,4.89008,22.8478342012891,0.11644705329416179,22.707743491538764,0.004805281217791518,22.99801486270833,0.13456390457329734,nan,nan
2016 FV145,nan,MBO,MBO,21164732430234966,745315057248763935,8.659978,2.7071743,1.7484968,226.62231506053365,-39.26801741435995,2025052700784,34,60823.179853692534,i,226.6223255240294,-39.26802095506928,6.757747173309326,2166.11,316.835,False,2760.84,18.5731,1639.71,321.329,False,-450.94,4.71081,23.06079867787514,0.1588096652974128,22.79739686909357,0.007304112344408548,23.36308241266141,0.2127684457117157,nan,nan
2016 FV145,nan,MBO,MBO,21164732430234966,745315057661378711,8.66024,2.7071762,1.7485019,226.62194609264907,-39.267864395456485,2025052700787,53,60823.181324098354,i,226.62189960232504,-39.26788195526363,8.227034568786621,2349.81,283.353,False,2407.77,2.55175,1870.04,286.379,False,-367.255,4.8036,22.97241810372331,0.13092403203218989,22.94596249372075,0.0011506611005047244,23.220372736923792,0.16627026143924484,nan,nan
2016 FV145,nan,MBO,MBO,21164732430234966,745315057791926410,8.660326,2.7071767,1.7485036,226.62182470109468,-39.267814032734265,2025052700788,46,60823.18180886337,i,226.62186206477492,-39.267784305256654,8.346863746643066,2500.71,298.863,False,2778.9,17.2885,2076.77,300.512,False,-377.761,4.72923,22.904841689974845,0.12975770544694976,22.790317741227398,0.0067547413916896675,23.106528985887344,0.1571077914929486,nan,nan
2016 FV145,nan,MBO,MBO,21164732430234966,745315057909366873,8.660413,2.7071774,1.7485052,226.62170306329645,-39.26776355837292,2025052700789,14,60823.18229364473,i,226.62165788935238,-39.267782462397065,9.255874633789062,2878.05,306.47,False,2933.43,5.50203,2328.25,306.044,False,-331.227,4.74454,22.752254145056135,0.11561493731947843,22.731560702371688,0.0020364396616665025,22.9824259709326,0.14271794607146018,nan,nan
2016 FV145,nan,MBO,MBO,21164732430234966,745315058044108918,8.6605,2.7071779,1.7485069,226.62158017629935,-39.26771255600014,2025052700790,15,60823.18278390881,i,226.62151428455024,-39.2677507119836,7.981906890869141,2326.56,291.66,False,2814.84,14.5938,1935.0,293.082,False,-303.46,4.79409,22.983214329910176,0.13610902683820855,22.776365681356065,0.005629100086064549,23.183297576612674,0.16444947760110545,nan,nan
2016 FV145,nan,MBO,MBO,21164732430234966,745315058212405514,8.660592,2.7071786,1.7485088,226.6214495201027,-39.267658318487065,2025052700791,80,60823.18330405966,i,226.62140188318173,-39.26762983878059,8.04311466217041,2311.1,283.108,False,2571.65,15.169,2148.32,285.597,False,-181.061,4.98595,22.990453110211433,0.1330018581297685,22.874470388581535,0.006404266816713714,23.06975253651987,0.14433742485710124,nan,nan
2016 FV145,nan,MBO,MBO,21164732430234966,745315058603524500,8.660866,2.7071805,1.748514,226.621064354764,-39.267498366039966,2025052700794,58,60823.18484059785,i,226.62093272177088,-39.26751382567676,10.172515869140625,2859.89,282.633,False,3256.69,6.73862,3543.57,283.663,False,686.934,4.76204,22.759126717847195,0.10729954212029859,22.61805896799236,0.0022465643408960206,22.526397438368775,0.08691324766049681,24.3077124357113,0.007526660827056346
2016 FV145,nan,MBO,MBO,21164732430234966,745315058751373822,8.660955,2.707181,1.7485158,226.6209389859484,-39.26744628187233,2025052700795,84,60823.18534069705,i,226.62089406661997,-39.267494603478845,10.221870422363281,2721.07,265.291,False,2773.63,6.85947,3299.01,264.925,False,567.464,5.12682,22.813150687162114,0.10585395454397258,22.792378730702247,0.002685136489124774,22.60404091682065,0.0871893840699097,24.515154232970744,0.00980921131486664
2016 FV145,nan,MBO,MBO,21164732430234966,745315058865144216,8.661043,2.7071817,1.7485176,226.6208143746206,-39.267394502309294,2025052700796,45,60823.18583763073,i,226.62077805016045,-39.26745385748975,10.323421478271484,2963.87,286.034,False,2930.68,2.03025,4385.64,287.551,False,1528.6,4.86954,22.72035207985651,0.10478106448722224,22.73257902394191,0.0007521517394666627,22.294917517971562,0.07118790327413219,23.439265379218465,0.003458744076862615
2016 FV145,nan,MBO,MBO,21164732430234966,745315059007750387,8.661131,2.7071824,1.7485193,226.6206910220404,-39.267343235868566,2025052700797,61,60823.18632997041,i,226.62063158239755,-39.26738580792101,9.082014083862305,2707.82,298.695,False,3128.91,2.67434,5960.66,297.996,False,3565.65,4.72201,22.818450493537075,0.11976570652602096,22.661517352311105,0.0009279997999032877,21.961764096312358,0.05428006965294002,22.519653251993343,0.0014378465367956587
2016 FV145,nan,MBO,MBO,21164732430234966,745315059130957988,8.66122,2.707183,1.748521,226.620565919784,-39.26729123214798,2025052700798,40,60823.186828730555,i,226.62052601111503,-39.26733019576806,7.986283302307129,2284.25,288.208,False,2367.61,45.4637,7274.4,289.932,False,4835.89,4.84646,23.00314091604048,0.1369893262923257,22.96422453668945,0.02084869642253617,21.745507069377553,0.0432736281983255,22.188808935346394,0.001088109281268122
2016 FV145,nan,MBO,MBO,21164732430234966,745315059272515845,8.661306,2.7071836,1.7485228,226.62044408183897,-39.26724057557961,2025052700799,54,60823.187314538976,i,226.62041033093823,-39.26726744999719,8.992782592773438,2869.93,310.965,False,2985.87,22.2555,12148.4,314.156,False,9383.12,4.75486,22.75532176572016,0.11764257768604114,22.712322719102485,0.008092650389374656,21.188702257275132,0.028076992734529252,21.469131810140063,0.0005501926335705098
2016 FV145,nan,MBO,MBO,21164732430234966,745315059665731750,8.661573,2.7071853,1.748528,226.6200683220621,-39.26708428494496,2025052700802,36,60823.18881304751,i,226.62002869795367,-39.26719339898956,6.942656993865967,2079.28,302.418,False,2425.07,40.5439,12985.7,303.957,False,10884.5,4.86077,23.10521754412117,0.15791339605486418,22.93818927166232,0.01815204442246752,21.11633657008054,0.025413887231434104,21.3079787907484,0.0004848651032994372
2016 FV145,nan,MBO,MBO,21164732430234966,745315059812532670,8.661661,2.707186,1.7485297,226.6199447508041,-39.26703286749743,2025052700803,60,60823.18930601212,i,226.6198655947067,-39.26702309170638,7.742489814758301,2525.69,323.52,False,2798.71,7.40961,18257.5,330.082,False,15757.8,4.6979,22.894049913352504,0.13907382663111975,22.782605266241784,0.0028744963677661537,20.74639672671628,0.019629301861382436,20.906261053313607,0.0003236923924917724
2016 FV145,nan,MBO,MBO,21164732430234966,745315059937837419,8.661813,2.707187,1.7485327,226.61973095809205,-39.26694388567033,2025052700804,43,60823.19015996641,i,226.6197694585524,-39.26701403238015,7.684177398681641,2592.63,334.536,False,2674.17,53.7519,15892.9,339.004,False,13562.4,4.56502,22.865648693927994,0.14009630185397948,22.83202750073665,0.021823737946609547,20.89699209639334,0.023159329318473094,21.069158596204804,0.0003654520909504109
2016 FV145,nan,MBO,MBO,21164732430234966,745315060098269276,8.6619,2.7071877,1.7485343,226.619608905592,-39.26689307322217,2025052700805,93,60823.19064699408,i,226.61949216364675,-39.266905545316924,9.32813835144043,2949.59,314.428,False,3385.9,1.92616,8982.1,316.281,False,6056.29,4.54804,22.725595837119606,0.11574010727758584,22.57581471280806,0.0006176501622887729,21.516555332556997,0.03823134388093655,21.944483336020568,0.0008153459564473249
2016 FV145,nan,MBO,MBO,21164732430234966,745315060230914496,8.661986,2.7071881,1.7485361,226.6194858562462,-39.266841835854606,2025052700806,90,60823.19113763813,i,226.61944419489512,-39.26686222256818,8.603372573852539,2621.87,301.243,False,3048.88,9.14093,6881.72,304.533,False,4367.89,4.74869,22.85347206573564,0.12474700475979449,22.68964921315944,0.0032551754147351368,21.805757470387512,0.04804648865734294,22.299320734376003,0.0011803925089962726
2016 FV145,nan,MBO,MBO,21164732430234966,745315060388200723,8.662074,2.7071888,1.7485378,226.6193628123796,-39.266790590799545,2025052700807,134,60823.191628176886,i,226.61930309594678,-39.26681154661097,8.196187019348145,2408.3,289.694,False,2398.11,10.1007,5637.94,294.069,False,3138.56,4.78525,22.94572351380918,0.13060302204425245,22.950327201187243,0.0045730577842618084,22.022198886988807,0.05663085516701222,22.658173890994785,0.0016553831310440854
2016 FV145,nan,MBO,MBO,21164732430234966,745319428190634503,8.857014,2.7085104,1.7523962,226.3618490774699,-39.1542176132208,2025052800582,48,60824.26899681099,g,226.36187364330667,-39.15424327672137,12.113849639892578,1830.64,152.281,False,2005.54,2.0224,1763.07,154.588,False,-63.455,2.4333,23.24349262234572,0.09031650135226622,23.14442165810221,0.0010948636036707347,23.284326143975484,0.09519859719188477,nan,nan
2016 FV145,nan,MBO,MBO,21164732430234966,745319428348969053,8.857107,2.708511,1.752398,226.36173009506484,-39.15416403657496,2025052800583,94,60824.269487192854,g,226.36174932083728,-39.154171990679984,10.156325340270996,1538.96,152.691,False,1738.56,5.55133,1441.82,154.23,False,-58.3566,2.34344,23.431931697611205,0.10772349172133974,23.29952575502395,0.0034668230372688837,23.50272242673818,0.11614008437882231,nan,nan
2016 FV145,nan,MBO,MBO,21164732430234966,745319428483186827,8.8572,2.7085118,1.7523999,226.36161136700005,-39.15411056344113,2025052800584,94,60824.26997758447,g,226.36162487974607,-39.15417220812838,8.906167030334473,1412.52,156.323,False,1417.54,2.96241,1405.02,159.182,False,-52.6673,2.30701,23.525013470611416,0.12015797034306855,23.521161663542088,0.0022689981746877226,23.530793719094742,0.12300868711144324,nan,nan
2016 FV145,nan,MBO,MBO,21164732430234966,745319428636279063,8.857292,2.7085123,1.7524018,226.3614928932329,-39.154057193869576,2025052800585,130,60824.27046670513,g,226.36148451949748,-39.154060684236654,11.795052528381348,1780.06,149.124,False,1802.68,0.283588,1588.25,150.477,False,-37.478,2.46294,23.273913361256085,0.0909572221058444,23.260203366552112,0.0001708022173557308,23.39770283998175,0.10286688639532283,nan,nan
2016 FV145,nan,MBO,MBO,21164732430234966,745319428718067970,8.857385,2.708513,1.7524037,226.36137467383315,-39.15400392796136,2025052800586,30,60824.270954676,g,226.36130140966375,-39.153944792033094,9.63538646697998,1743.81,179.057,False,1947.53,5.82618,1611.89,181.648,False,-37.9549,2.83046,23.296252053951605,0.11148500611022796,23.176289592858154,0.003248060079127035,23.38166148768722,0.1223543808173149,nan,nan
2016 FV145,nan,MBO,MBO,21164732430234966,745319428887412980,8.857478,2.7085135,1.7524056,226.3612550131785,-39.153950001556815,2025052800587,97,60824.27144834303,g,226.3612569687947,-39.153978006312684,10.244889259338379,1535.7,148.916,False,1573.36,2.19904,1469.67,150.676,False,-42.2012,2.45289,23.434234073846596,0.10528325728081925,23.40792974816985,0.0015175022223296263,23.48195039472576,0.11131368125490945,nan,nan
2016 FV145,nan,MBO,MBO,21164732430234966,745319428974444708,8.857571,2.7085142,1.7524074,226.36113657592415,-39.153896615481,2025052800588,7,60824.271937048456,g,226.36104962993153,-39.15389605287319,8.330607414245605,1444.18,171.457,False,2174.71,53.2573,1297.95,174.318,False,-48.8237,2.40137,23.500946643892533,0.12890156790082086,23.05649664075468,0.026589007849755767,23.61685513391798,0.14581714506643595,nan,nan
2016 FV145,nan,MBO,MBO,21164732430234966,745319429305270704,8.857756,2.7085154,1.7524112,226.36089997990496,-39.15378993606077,2025052800590,126,60824.27291429491,g,226.36088985556668,-39.15379389593784,9.64262580871582,1555.3,159.816,False,1660.02,4.24114,1555.93,162.95,False,-53.6923,2.28889,23.42046453591782,0.11156561796623535,23.349716686045156,0.0027739178277949882,23.420024826158496,0.1137073680336544,nan,nan
2016 FV145,nan,MBO,MBO,21164732430234966,745319429393875289,8.857848,2.708516,1.7524132,226.36078206343865,-39.15373675206187,2025052800591,39,60824.27340115506,g,226.36079408042607,-39.153773742677686,10.623969078063965,1695.4,158.127,False,2017.44,9.59902,1540.2,159.635,False,-48.7751,2.26526,23.326819537311977,0.10126471934922739,23.137998463081143,0.0051659547999091966,23.431057236782788,0.11253181312631758,nan,nan
2016 FV145,nan,MBO,MBO,21164732430234966,745319429526520138,8.857941,2.7085166,1.752415,226.36066367482897,-39.15368334418612,2025052800592,36,60824.27389020525,g,226.36064381120548,-39.153735719861615,10.340604782104492,1549.77,148.807,False,1554.14,7.25927,1492.14,149.312,False,-33.8911,2.68977,23.424331862088824,0.10425105196726898,23.421274643937505,0.005071391504247585,23.465476057546812,0.10864492525488148,nan,nan
2016 FV145,nan,MBO,MBO,21164732430234966,745319429958533641,8.858216,2.7085183,1.7524205,226.36030979308123,-39.15352363456647,2025052800595,92,60824.27535262045,g,226.36023567305514,-39.153567085232474,12.301596641540527,1593.08,129.671,False,1647.48,1.27538,1743.54,130.002,False,71.8933,3.12012,23.394406066457737,0.08837504016742094,23.357949635195695,0.0008405117354577538,23.296420187332796,0.08095476658742864,26.7582789090027,0.047120206784231275
2016 FV145,nan,MBO,MBO,21164732430234966,745319430074401211,8.85831,2.708519,1.7524225,226.36019072774624,-39.1534698774493,2025052800596,57,60824.27584403583,g,226.36016867795357,-39.15346081401166,10.978011131286621,1672.88,150.507,False,1616.93,1.73783,1697.24,151.027,False,69.4232,2.37188,23.341338024291915,0.09768238164195156,23.37827191675286,0.0011669181303769866,23.325641859931608,0.096613015790259,26.79623839014611,0.037094745779591376
2016 FV145,nan,MBO,MBO,21164732430234966,745319430207570010,8.858401,2.7085195,1.7524244,226.36007385272185,-39.153417098471,2025052800597,55,60824.276327648055,g,226.36008474430267,-39.15343730524565,9.381423950195312,1335.48,142.26,False,1454.26,2.69723,1380.92,142.583,False,66.0081,2.61035,23.585906544728232,0.11565641475999545,23.493394845605806,0.002013725436410255,23.549578666476318,0.1121046203051952,26.85100688012205,0.0429364166330865
2016 FV145,nan,MBO,MBO,21164732430234966,745319430341263714,8.858494,2.7085202,1.7524263,226.35995553806887,-39.15336365850976,2025052800598,54,60824.276816953745,g,226.35988033020107,-39.15338328747219,11.221923828125,1456.45,128.575,False,1442.93,1.39277,1419.73,128.836,False,19.6863,3.08047,23.491761086727994,0.09584849043460099,23.501886802244833,0.0010479931902607786,23.519485616407437,0.0985271213612041,28.164589737073292,0.16989367488731144
2016 FV145,nan,MBO,MBO,21164732430234966,745319430487540185,8.858586,2.7085207,1.7524282,226.35983675216292,-39.15330999469402,2025052800599,77,60824.27730721195,g,226.35984549065248,-39.15337059618203,11.464238166809082,1715.53,148.229,False,1774.59,1.34806,1669.79,149.503,False,9.7615,2.68987,23.314004188709426,0.09381217080893157,23.277254946174313,0.0008247750687525884,23.343345335019016,0.0972103213679254,28.926208563575464,0.29918447647557317
2016 FV145,nan,MBO,MBO,21164732430234966,745319430875513134,8.858925,2.7085228,1.752435,226.35940332677168,-39.15311409296526,2025052800602,49,60824.27909988936,g,226.35937206721255,-39.15310197084597,11.094499588012695,1403.57,126.324,False,1463.01,1.05283,1329.61,124.882,False,0.242546,3.2767,23.53191484904083,0.09771834882579339,23.48688175616467,0.0007813313784825136,23.590689330006256,0.10197645499433769,32.93801467660016,14.667863994656443
2016 FV145,nan,MBO,MBO,21164732430234966,745323767899095392,9.009867,2.7094905,1.7554349,226.1769553362516,-39.06914695433264,2025052900147,137,60825.0687759901,r,226.1769226530633,-39.069176163598655,12.72961139678955,2249.27,176.256,False,2369.28,6.26337,2140.53,175.313,False,-104.621,13.1612,23.019896013530445,0.08507983268600795,22.963459015572603,0.0028702253549454473,23.07369668777501,0.08892361821750987,nan,nan
2016 FV145,nan,MBO,MBO,21164732430234966,745323768010768547,9.009966,2.709491,1.7554367,226.1768381753441,-39.06909546360191,2025052900148,94,60825.069263064004,r,226.17681059066237,-39.06912650451822,13.866592407226562,2448.19,178.512,False,2459.76,0.854759,2356.2,176.815,False,-108.241,13.8238,22.927887226830336,0.07916744160606325,22.922768158581835,0.0003772899652619646,22.969469643364828,0.08147629813825935,nan,nan
2016 FV145,nan,MBO,MBO,21164732430234966,745323768144462020,9.010066,2.7094917,1.7554386,226.17672052945392,-39.06904375470074,2025052900149,93,60825.06975335929,r,226.17670520240887,-39.06904488938063,12.061933517456055,2224.62,184.942,False,2346.59,3.0195,2171.72,183.156,False,-127.039,6.53172,23.031860349454547,0.09026180474000974,22.973906920352817,0.0013970827311607884,23.057990437370513,0.09156756366523262,nan,nan
2016 FV145,nan,MBO,MBO,21164732430234966,745323768258232386,9.010165,2.7094922,1.7554405,226.1766031188395,-39.06899214416141,2025052900150,54,60825.07024256581,r,226.17658395085513,-39.06898689288822,12.619043350219727,2333.28,185.032,False,2202.7,1.74924,2245.13,184.762,False,-145.774,6.2579,22.980082840242073,0.08610022646152696,23.04261164457797,0.0008622205861838131,23.021896324004516,0.08935019173824882,nan,nan
2016 FV145,nan,MBO,MBO,21164732430234966,745323768424956069,9.010265,2.709493,1.7554423,226.17648570361945,-39.06894052652662,2025052900151,116,60825.07073159126,r,226.17643535761405,-39.068941583212386,12.613814353942871,2235.28,175.179,False,2259.63,3.52683,2080.28,174.272,False,-147.725,9.40626,23.02667015497632,0.08508919734808608,23.01490672626391,0.0016946168939042637,23.104695500342316,0.09095574665757959,nan,nan
2016 FV145,nan,MBO,MBO,21164732430234966,745323768525619663,9.010365,2.7094934,1.7554442,226.17636876386945,-39.06888911284964,2025052900152,52,60825.07121841946,r,226.1763447486299,-39.06892600530119,10.371788024902344,1970.53,187.895,False,2365.37,2.90667,1929.48,184.937,False,-178.693,6.58924,23.163542356121095,0.10352768331299532,22.96525223533256,0.0013342000615077442,23.186399307848145,0.10406575589710175,nan,nan
2016 FV145,nan,MBO,MBO,21164732430234966,745323768712265943,9.010464,2.709494,1.7554461,226.17625109916287,-39.06883737530831,2025052900153,152,60825.0717086016,r,226.1762622779225,-39.068869266667015,13.6104154586792,2482.4,179.489,False,2492.38,1.93254,2377.66,178.597,False,-170.101,13.42,22.91282063627199,0.07850375104706887,22.90846440700289,0.0008418575048564969,22.9596256611486,0.08155465300405154,nan,nan
2016 FV145,nan,MBO,MBO,21164732430234966,745323768929845505,9.010663,2.7094953,1.7554498,226.17601695679696,-39.0687344067602,2025052900155,55,60825.072683834296,r,226.17594813000855,-39.06877260735971,12.250297546386719,2362.07,189.997,False,2391.42,1.0751,2203.49,188.24,False,-163.746,6.91401,22.966768059089826,0.08733297879873617,22.953360392896908,0.000488109563450901,23.042222295033838,0.09275240189589358,nan,nan
2016 FV145,nan,MBO,MBO,21164732430234966,745323769091326240,9.010761,2.7094958,1.7554517,226.17590047920248,-39.0686831758335,2025052900156,107,60825.07316885106,r,226.1758895058555,-39.068717571329415,11.25855541229248,2218.6,194.652,False,2453.62,4.84753,2137.86,191.894,False,-162.533,9.62194,23.03480243057673,0.09525858947369939,22.92548169059569,0.0021450503549212316,23.07505179150666,0.09745551615104384,nan,nan
2016 FV145,nan,MBO,MBO,21164732430234966,745323769249661294,9.01086,2.7094965,1.7554536,226.17578327674164,-39.06863162089025,2025052900157,153,60825.0736560118,r,226.17577724450467,-39.06866201660421,11.988724708557129,2263.5,185.215,False,2364.59,0.712341,2187.35,183.903,False,-132.19,15.6096,23.01304875292182,0.08884233584634071,22.965610338157678,0.0003270818182276793,23.05020425032575,0.0912840360329355,nan,nan
2016 FV145,nan,MBO,MBO,21164732430234966,745323769620857528,9.011163,2.7094982,1.7554592,226.1754265988801,-39.06847469333016,2025052900160,93,60825.075141544185,r,226.1753726641847,-39.06850949580195,12.629849433898926,2335.3,183.317,False,2555.54,0.701683,2037.2,181.118,False,-128.343,11.1853,22.97914327898809,0.08522840797499266,22.881293275807582,0.00029811413996511717,23.127415857262847,0.0965277687698959,nan,nan
2016 FV145,nan,MBO,MBO,21164732430234966,745323769777095328,9.011262,2.709499,1.7554611,226.17530985927223,-39.06842332074415,2025052900161,135,60825.07562739395,r,226.17527636127073,-39.06843285207339,13.299131393432617,2333.18,177.325,False,2489.71,26.7723,2354.74,177.53,False,-126.824,13.2669,22.980129419297857,0.08251749750819735,22.90962810786417,0.01167511743643584,22.970142601423234,0.08185648857399495,nan,nan
2016 FV145,nan,MBO,MBO,21164732430234966,745323769910264233,9.011362,2.7094994,1.755463,226.1751923947443,-39.06837162379821,2025052900162,133,60825.07611650105,r,226.17518056723426,-39.06838666251375,13.608638763427734,2286.39,166.585,False,2251.73,1.52354,2185.66,165.265,False,-122.76,11.4307,23.002124271075783,0.07910609364843556,23.018709224408887,0.0007346185259547168,23.05104353298382,0.08209611761763062,nan,nan
2016 FV145,nan,MBO,MBO,21164732430234966,745323770048675857,9.011461,2.7095,1.7554648,226.17507492611227,-39.06831991965253,2025052900163,141,60825.07660592788,r,226.17506081628278,-39.068332849517624,15.518277168273926,2634.98,168.452,False,2701.94,0.371767,2586.86,169.899,False,-127.494,9.93701,22.848056700089668,0.06941017845044539,22.820810771709972,0.00014938929653348601,22.86806764121353,0.07130864834015269,nan,nan
2016 FV145,nan,MBO,MBO,21164732430234966,745323770584498406,9.012555,2.7095065,1.7554855,226.1737839462529,-39.06775132844794,2025052900167,139,60825.081978404385,r,226.17378460357037,-39.0677864503625,12.453289031982422,2285.87,179.997,False,2367.0,2.96702,2192.12,177.313,False,-164.627,9.26535,23.00237112447483,0.08549446956068986,22.96450435517729,0.001360963697513422,23.047839130940815,0.08782144099148388,nan,nan
2016 FV145,nan,MBO,MBO,21164732430234966,745323770668384516,9.01272,2.7095077,1.7554886,226.17359024726247,-39.06766595824349,2025052900168,43,60825.082784705184,r,226.173564961848,-39.067732038964095,11.406776428222656,2537.32,220.839,False,3055.19,6.80977,2245.2,219.143,False,-243.183,9.75648,22.889061863917817,0.09449848508133031,22.68740446114739,0.0024200177708554402,23.021862439743266,0.10597340999705353,nan,nan
2016 FV145,nan,MBO,MBO,21164732430234966,745328180689109030,9.24601,2.710907,1.7601229,225.91157197563135,-38.943131160299245,2025053000257,98,60826.22647301195,r,225.91151347818618,-38.94315004260601,7.741669654846191,2744.92,346.388,False,3285.06,18.7793,3656.9,349.411,False,784.643,6.13937,22.80367580198289,0.1370116446847042,22.60864171527768,0.006206695249149203,22.492217317814116,0.10374037978474147,24.16331973094599,0.008495247137031316
2016 FV145,nan,MBO,MBO,21164732430234966,745328180821754270,9.246102,2.7109077,1.7601247,225.91147050274108,-38.9430820247138,2025053000258,95,60826.22690972403,r,225.9114618839167,-38.94309776411153,8.672477722167969,2485.08,284.904,False,2886.38,25.1993,3078.45,285.522,False,656.62,6.02031,22.911649030478053,0.12447509494395939,22.74911627756923,0.009478930108661384,22.67916975672142,0.10070054118725635,24.356714741128936,0.009954720383373
2016 FV145,nan,MBO,MBO,21164732430234966,745328180996341835,9.246196,2.7109082,1.7601266,225.9113688045352,-38.94303277118099,2025053000259,172,60826.2273462717,r,225.91122615370196,-38.94300574458237,6.429867267608643,2021.17,315.624,False,2200.38,6.44155,2188.11,316.224,False,210.336,5.14334,23.135992867819205,0.16954753373178075,23.043755835709355,0.0031784619843779737,23.049827069371915,0.15690976582420635,25.59271598106071,0.02654947612652173
2016 FV145,nan,MBO,MBO,21164732430234966,745328181102248204,9.246288,2.7109087,1.7601285,225.91126757944508,-38.94298373798518,2025053000260,118,60826.22778179536,r,225.9113113300606,-38.94294939956253,6.957109451293945,1915.7,286.246,False,2068.23,93.4074,2484.32,286.645,False,439.324,5.99327,23.19418127957736,0.1622319026853505,23.11100292688625,0.04903506821939267,22.91198113097333,0.12527405242520442,24.793037664444576,0.014811642572389202
2016 FV145,nan,MBO,MBO,21164732430234966,745328181245902860,9.246381,2.7109091,1.7601304,225.91116589646745,-38.942934474146455,2025053000261,136,60826.22821837552,r,225.91119874808564,-38.942930740772546,5.775722026824951,2155.9,368.315,False,2093.76,8.19281,2795.51,370.537,False,253.55,4.98203,23.06592851788409,0.18548770862296377,23.097682748390284,0.0042484479872731615,22.783847370856147,0.14391127948507393,25.38984094972222,0.021333741615625165
2016 FV145,nan,MBO,MBO,21164732430234966,745328181780676750,9.246757,2.7109113,1.7601379,225.91075482241655,-38.94273522462207,2025053000265,132,60826.22998533427,r,225.9107137983974,-38.942693177091115,5.4564032554626465,2147.72,391.595,False,1997.44,27.5089,2158.48,395.909,False,-178.355,5.69624,23.07005586132602,0.19796289843523157,23.148815675226395,0.014952844251265078,23.064629937489485,0.19914603576041698,nan,nan
2016 FV145,nan,MBO,MBO,21164732430234966,745328182540894220,9.247314,2.7109146,1.7601492,225.91014530886412,-38.942439522891725,2025053000271,46,60826.23260624358,r,225.9100823272206,-38.94244465233889,7.1222968101501465,2701.72,376.882,False,3074.08,12.6754,2173.91,379.056,False,-195.789,6.00814,22.820899167412286,0.15145700675883197,22.68071205888083,0.0044768321258632175,23.056896143131723,0.18931549107588722,nan,nan
2016 FV145,nan,MBO,MBO,21164732430234966,745328182676160707,9.247409,2.710915,1.7601511,225.9100420847707,-38.94238941263122,2025053000272,48,60826.23305088536,r,225.91002500402942,-38.94241747951433,6.383641242980957,2124.48,328.02,False,2105.36,49.575,1995.35,330.312,False,-198.997,8.43835,23.081868392564566,0.16763781312635723,23.091684025947856,0.02556587492538142,23.14995229989848,0.17973373812993665,nan,nan
2016 FV145,nan,MBO,MBO,21164732430234966,745328182853894278,9.247502,2.7109156,1.7601529,225.90993956633656,-38.942339635821554,2025053000273,131,60826.23349138747,r,225.90991227632935,-38.94233335734806,6.0805182456970215,2142.76,336.786,False,2059.87,45.0064,2006.65,339.811,False,-181.217,9.59527,23.072566168605167,0.17064942571839822,23.115400406804152,0.023722407869875853,23.143820913224914,0.1838612144731964,nan,nan
2016 FV145,nan,MBO,MBO,21164732430234966,745328182935683247,9.247596,2.7109163,1.7601548,225.9098377533117,-38.94229019252391,2025053000274,31,60826.23392916375,r,225.90977789621897,-38.94229797108986,6.149503231048584,2256.63,374.252,False,2555.46,16.104,2010.44,379.298,False,-205.012,5.7531,23.01634916282088,0.1800645132691863,22.881327298002663,0.006842093481446124,23.141772240505446,0.20483953139655728,nan,nan
2016 FV145,nan,MBO,MBO,21164732430234966,745328183091921183,9.247688,2.7109168,1.7601568,225.90973641319087,-38.94224096997669,2025053000275,73,60826.234365937315,r,225.90974012950747,-38.942305023492054,7.895897388458252,2642.23,351.278,False,2842.08,17.4831,2532.08,351.564,False,-177.923,6.88897,22.845073459894532,0.14434597358623852,22.765909224010585,0.0066789235655329545,22.89130640921779,0.15074790143914615,nan,nan
2016 FV145,nan,MBO,MBO,21164732430234966,745328183215653238,9.247782,2.7109172,1.7601587,225.9096346163729,-38.94219151665467,2025053000276,53,60826.23480361281,r,225.90966187079394,-38.94219969433139,5.758636474609375,1667.11,290.916,False,1775.71,28.6337,1470.21,295.861,False,-181.861,8.46968,23.345089368073072,0.18946441467531377,23.276569922760345,0.017507726383935586,23.48155159788262,0.21849055549444665,nan,nan
2016 FV145,nan,MBO,MBO,21164732430234966,745328183412261112,9.247876,2.7109177,1.7601606,225.9095314332325,-38.94214138069194,2025053000277,172,60826.2352479729,r,225.90950904920953,-38.942167542760366,6.374365329742432,1954.72,296.926,False,2060.05,9.89739,1836.07,298.925,False,-171.059,7.96929,23.172288624940315,0.16492556867443803,23.11530557084187,0.00521635630098879,23.240276945216102,0.17676542356660946,nan,nan
2016 FV145,nan,MBO,MBO,21164732430234966,745328183511875772,9.247969,2.7109184,1.7601624,225.90943011739452,-38.94209214306044,2025053000278,106,60826.23568348658,r,225.90942340625847,-38.94206162809872,6.942957878112793,2244.0,318.194,False,2187.58,2.74243,2230.04,322.248,False,-241.63,7.01437,23.02244286853969,0.15395487798657778,23.050090100791238,0.0013611184061591529,23.029218348447085,0.15689238713569914,nan,nan
2016 FV145,nan,MBO,MBO,21164732430234966,745328183638753319,9.248061,2.710919,1.7601643,225.9093285773439,-38.94204278753535,2025053000279,92,60826.23612006681,r,225.90934440316818,-38.942075264796685,7.127952575683594,2422.79,342.851,False,2328.82,10.0509,2165.45,344.554,False,-225.309,6.32604,22.93921055135406,0.15364342425457353,22.982160162666474,0.004685903676001293,23.06112962355627,0.17275612232576298,nan,nan
2016 FV145,nan,MBO,MBO,21164732430234966,745328183810195746,9.248157,2.7109194,1.7601662,225.90922472202791,-38.94199229737574,2025053000280,163,60826.23656755632,r,225.90927599851477,-38.9419858170375,7.565611362457275,2614.57,337.48,False,2761.91,3.77524,2772.72,341.763,False,-195.217,7.98629,22.85649928734535,0.1401432192406112,22.796976228325278,0.0014840870338948284,22.792734973837014,0.13382688010242888,nan,nan
2016 FV145,nan,MBO,MBO,21164732430234966,745328184078106950,9.248351,2.7109206,1.7601701,225.90901239145973,-38.941889041887336,2025053000282,162,60826.23748155938,r,225.90898771858116,-38.94188585279998,10.344012260437012,3138.78,299.93,False,2905.73,10.886,3076.86,301.899,False,-188.939,10.5028,22.65809779820608,0.10374886067243289,22.741861864152902,0.004067591984298176,22.679730622361408,0.10653154473149613,nan,nan
2016 FV145,nan,MBO,MBO,21164732430234966,745328188449620155,9.255904,2.7109642,1.7603241,225.9007661666038,-38.93784826988575,2025053000315,52,60826.27310868216,g,225.9007654239314,-38.93786225919542,7.405599594116211,1445.86,200.193,False,1489.84,11.289,1336.25,202.813,False,-119.363,4.3484,23.49968440338062,0.15033044888109884,23.467150949261036,0.008226974585369147,23.58528070445791,0.16479058614717235,nan,nan
2016 FV145,nan,MBO,MBO,21164732430234966,745328188606382620,9.255997,2.7109647,1.760326,225.90066518145855,-38.937798411710375,2025053000316,95,60826.27354665327,g,225.90057366819994,-38.937794959426334,7.433812141418457,1519.61,202.683,False,nan,nan,1376.37,204.922,False,-142.048,3.41256,23.44566965340129,0.144813650773809,nan,nan,23.55316200893239,0.16165074228578644,nan,nan
2016 FV145,nan,MBO,MBO,21164732430234966,745328188744270210,9.256089,2.7109652,1.7603278,225.9005644368688,-38.937748663236384,2025053000317,102,60826.273983190695,g,225.90051896558666,-38.937746539132924,7.87450647354126,1474.32,184.33,False,1747.01,7.10235,1333.1,186.626,False,-121.3,3.71815,23.47852064697652,0.13574648916258314,23.29426151663036,0.004413986609058142,23.58784319882626,0.15199656165864628,nan,nan
2016 FV145,nan,MBO,MBO,21164732430234966,745328188915712051,9.256182,2.7109656,1.7603297,225.9004639329988,-38.93769902460939,2025053000318,173,60826.27441981307,g,225.90042581879592,-38.93767691412851,6.878007411956787,1697.1,240.995,False,2207.89,7.48985,1423.56,241.58,False,-124.214,4.43553,23.325731431968954,0.1541788905358389,23.040056471648406,0.0036831553007185503,23.516560514187475,0.18425085246674736,nan,nan
2016 FV145,nan,MBO,MBO,21164732430234966,745328189400154173,9.256556,2.7109678,1.7603375,225.90005625901253,-38.93749758295406,2025053000322,73,60826.27618827946,g,225.89998794226076,-38.93755203869229,6.802557945251465,1537.38,220.34,False,1790.41,25.9364,1512.68,222.246,False,-113.415,4.02008,23.433046929126824,0.15560961546300128,23.26761874211882,0.01572828982022454,23.450632299243967,0.15951855143218335,nan,nan
2016 FV145,nan,MBO,MBO,21164732430234966,745328189715775587,9.256741,2.710969,1.7603413,225.8998549037317,-38.93739803368613,2025053000324,163,60826.277062799374,g,225.89985119800926,-38.93744086131202,8.042430877685547,1566.61,193.16,False,1714.1,1.04097,1516.98,195.118,False,-91.8938,5.27013,23.41259777413171,0.13386918968226902,23.31490962817461,0.0006593657302665376,23.447550376360994,0.1396502758236234,nan,nan
2016 FV145,nan,MBO,MBO,21164732430234966,745328189829546439,9.256835,2.7109694,1.7603432,225.89975124714783,-38.93734677216655,2025053000325,124,60826.277512789675,g,225.899789790064,-38.937342746339795,5.252762317657471,1125.22,215.161,False,1251.31,15.1907,1051.67,217.937,False,-118.13,4.18416,23.771906421161333,0.2076110349358175,23.656587660914635,0.01318066005578839,23.845301241166226,0.2249965079590385,nan,nan
2016 FV145,nan,MBO,MBO,21164732430234966,745328190119477408,9.25702,2.7109706,1.760347,225.89955018472023,-38.93724731298042,2025053000327,165,60826.27838593195,g,225.8995976164446,-38.937224454792734,7.714587211608887,1779.57,223.216,False,1683.74,21.5415,1468.8,225.441,False,-136.056,3.41251,23.274212343271763,0.136186665153389,23.334312432810698,0.013890735321279457,23.482593304263357,0.16664586149964125,nan,nan
2016 FV145,nan,MBO,MBO,21164732430234966,745328190216470618,9.2571125,2.710971,1.7603489,225.8994495539033,-38.93719752056936,2025053000328,94,60826.278822858694,g,225.89942498829205,-38.937215817551966,9.033693313598633,1805.55,196.848,False,2096.47,22.5939,1689.47,196.567,False,-143.517,4.11854,23.258476171681053,0.11837113481987262,23.096278384845917,0.011701105342971566,23.330623807849122,0.12632358888851258,nan,nan
2016 FV145,nan,MBO,MBO,21164732430234966,745328190328668515,9.257204,2.7109716,1.7603508,225.899349163662,-38.93714783819029,2025053000329,52,60826.27925855903,g,225.89930916166597,-38.93719492881625,6.660149574279785,1348.38,209.02,False,nan,nan,1199.9,211.822,False,-167.012,3.32525,23.575469240632493,0.16830610461109077,nan,nan,23.702137344576926,0.19166831939679824,nan,nan
2016 FV145,nan,MBO,MBO,21164732430234966,745328190459215995,9.257297,2.710972,1.7603527,225.89924855361048,-38.93709803800534,2025053000330,45,60826.279695253674,g,225.89916404448468,-38.93707232443159,8.253220558166504,1502.81,178.582,False,1524.14,4.75351,1412.0,180.105,False,-150.274,4.17616,23.457739766958248,0.12902025948293688,23.442437837090647,0.00338620983325335,23.525413258210534,0.1384890329456072,nan,nan
2016 FV145,nan,MBO,MBO,21164732430234966,745328190595006918,9.25739,2.7109728,1.7603546,225.899146802958,-38.93704766405472,2025053000331,48,60826.28013738383,g,225.89914542706035,-38.93699141950243,8.913592338562012,1688.09,190.19,False,1693.64,1.38759,1618.08,192.263,False,-159.605,4.49668,23.331511029023908,0.12232533550623102,23.327947235110194,0.0008895377662159121,23.37750005474603,0.1290090144707915,nan,nan
2016 FV145,nan,MBO,MBO,21164732430234966,745328190776410650,9.257482,2.7109733,1.7603565,225.89904667423863,-38.93699808405885,2025053000332,138,60826.28057292808,g,225.89903492334727,-38.9370117721264,8.641511917114258,1540.07,174.628,False,1529.8,5.73312,1303.0,175.071,False,-142.169,4.85112,23.43114888525052,0.12311125797606305,23.438413323879807,0.004068934313707025,23.612638960718535,0.14587944909858586,nan,nan
2016 FV145,nan,MBO,MBO,21164732430234966,745328190856102421,9.257574,2.7109737,1.7603585,225.8989458653928,-38.93694815825123,2025053000333,34,60826.28101074509,g,225.89898006309136,-38.93694395305263,7.548915863037109,1415.67,184.495,False,1342.4,10.8294,1297.89,186.329,False,-143.07,4.3075,23.52259489414398,0.14149688103673885,23.580295121542285,0.008758843496642963,23.61690527202692,0.15587155561260813,nan,nan
2016 FV145,nan,MBO,MBO,21164732430234966,745328191134499324,9.257758,2.710975,1.7603621,225.8987454297556,-38.93684886510975,2025053000335,53,60826.28188199347,g,225.89874490170766,-38.93687101058605,9.574925422668457,1793.15,187.776,False,1784.17,7.98638,1654.65,189.264,False,-164.028,3.47701,23.26595843386154,0.11369667895555528,23.27140939167686,0.004860019956745407,23.353234624869643,0.12418987836860056,nan,nan
2016 FV145,nan,MBO,MBO,21164732430234966,745328191331631451,9.257853,2.7109754,1.7603642,225.89864304197383,-38.93679812973425,2025053000336,173,60826.282326506625,g,225.89873647654863,-38.93685897113886,9.034087181091309,1933.92,211.583,False,1831.44,11.5852,1802.68,212.94,False,-162.122,3.4525,23.183903713418424,0.1187863562642354,23.243018296571105,0.006868077478978725,23.260203366552112,0.12825163822941593,nan,nan
2016 FV145,nan,MBO,MBO,21164732430234966,745328191429149332,9.257945,2.710976,1.760366,225.89854250552196,-38.936748302631294,2025053000337,103,60826.282763064504,g,225.8985586374815,-38.9367211050462,9.992697715759277,1808.88,177.681,False,1737.7,15.5814,1553.51,179.83,False,-158.178,3.18288,23.25647560461072,0.10664869632690466,23.300063027716064,0.009735449437026042,23.421714860251722,0.12568180601498244,nan,nan
2016 FV145,nan,MBO,MBO,21164732430234966,745328191537152617,9.258037,2.7109764,1.7603679,225.8984424395765,-38.93669869976177,2025053000338,53,60826.283198795936,g,225.89842404884814,-38.93673240656295,7.700922012329102,1400.99,179.835,False,1447.67,6.86116,1298.83,181.753,False,-162.19,2.94124,23.533912419104453,0.13936814612037482,23.498326030469734,0.005145792464420692,23.616119258539747,0.15193352909498736,nan,nan
2016 FV145,nan,MBO,MBO,21164732430234966,745328191734808748,9.258131,2.710977,1.7603699,225.89833916419715,-38.936647496601935,2025053000339,174,60826.28364791499,g,225.8983612815181,-38.936696064225934,8.887678146362305,1521.43,170.032,False,1589.14,7.70004,1357.5,171.29,False,-120.964,3.67374,23.444370022798942,0.12133971942973201,23.39709459160973,0.005260840442574939,23.568150404347787,0.1369987088202809,nan,nan
2016 FV145,nan,MBO,MBO,21164732430234966,745328191804014832,9.258226,2.7109776,1.7603718,225.8982359000064,-38.93659628947567,2025053000340,50,60826.284096664924,g,225.89820501806003,-38.93658628142909,8.51424503326416,1369.09,162.007,False,1336.94,0.959179,1377.67,163.035,False,-119.864,3.84481,23.55892003128016,0.12847721758553662,23.584720254660496,0.0007789544748404093,23.552136961971943,0.12848722877932664,nan,nan
2016 FV145,nan,MBO,MBO,21164732430234966,745328191999574369,9.258321,2.710978,1.7603737,225.89813264702565,-38.93654507839707,2025053000341,167,60826.284545205956,g,225.89815271463706,-38.936524051803715,7.404504776000977,1428.31,186.851,False,1621.36,23.5901,1392.55,189.185,False,-117.094,3.43981,23.51294376340314,0.14203561203082482,23.375301373590204,0.01579700076043819,23.540472967873416,0.14750277838796413,nan,nan
2016 FV145,nan,MBO,MBO,21164732430234966,745328192267485366,9.258509,2.7109792,1.7603776,225.89792778403103,-38.93644344296182,2025053000343,166,60826.28543690847,g,225.89790265842132,-38.93643859918502,8.688777923583984,1585.86,177.558,False,1531.21,8.66224,1611.3,179.179,False,-83.636,4.98921,23.39933789732765,0.12156252718855845,23.43741313588562,0.006142141086491142,23.38205894936042,0.1207355070221694,nan,nan
2016 FV145,nan,MBO,MBO,21164732430234966,745328192363954360,9.258602,2.7109797,1.7603796,225.89782686339348,-38.93639336104162,2025053000344,94,60826.28587507611,g,225.89778090748226,-38.936383802137726,9.625061988830566,1730.24,177.276,False,1650.26,14.1377,1804.4,179.803,False,-38.0074,3.77693,23.30473413638916,0.1112417777772661,23.35611906081332,0.00930145112829477,23.259167939245486,0.10819032222534726,nan,nan
2016 FV145,nan,MBO,MBO,21164732430234966,745337014248276414,9.645417,2.7131531,1.7682354,225.50991599898109,-38.7373409703422,2025060100536,135,60828.06578333706,i,225.50992917399375,-38.7373391736486,13.513087272644043,2504.37,179.87,False,2292.7,6.15919,2585.29,177.23,False,74.0637,51.8156,22.90325371743412,0.0779802332363388,22.999131945683743,0.0029167601127821348,22.86872681779031,0.07443072925012953,26.72598652127365,0.759590406846261
2016 FV145,nan,MBO,MBO,21164732430234966,745337014356279681,9.645519,2.7131538,1.7682374,225.50981876296197,-38.73729205947169,2025060100537,85,60828.06622010711,i,225.50984280966432,-38.737288035250835,11.547956466674805,2304.13,189.731,False,2650.43,1.6641,2476.8,187.826,False,117.941,31.9256,22.993732608913184,0.08940373563570482,22.841709181389646,0.0006816907898832973,22.915272631088584,0.08233587239514185,26.220837968181225,0.29389931642829964
2016 FV145,nan,MBO,MBO,21164732430234966,745337014490497821,9.64562,2.7131543,1.7682394,225.5097215238668,-38.73724314302516,2025060100538,85,60828.066657298594,i,225.50972523205942,-38.73722198978553,13.171544075012207,2226.05,165.03,False,2101.63,5.36906,2385.88,162.714,False,105.547,46.9377,23.031162688856,0.08049192094319665,23.093609412497884,0.0027737438062243906,22.95587856170699,0.07404584237350549,26.341385295856348,0.48283664999148845
2016 FV145,nan,MBO,MBO,21164732430234966,745337015793877349,9.646653,2.7131598,1.7682598,225.50873182485077,-38.73674503782415,2025060100548,11,60828.071104922434,i,225.5087452898553,-38.73674889437838,12.708822250366211,2154.11,166.561,False,2229.4,0.587508,2275.35,165.238,False,48.2337,39.4065,23.066830253728355,0.08395174991938127,23.029530055578675,0.0002861212697879571,23.007379427426656,0.07884715690283192,27.191623559870692,0.8870367782948214
2016 FV145,nan,MBO,MBO,21164732430234966,745337016482791893,9.647174,2.7131624,1.76827,225.50823296695253,-38.73649380209736,2025060100553,45,60828.07334546283,i,225.50823150449037,-38.73648728804464,12.544227600097656,2280.56,176.184,False,2195.78,0.654875,2463.09,170.988,False,152.242,84.5726,23.004896215296913,0.08387823552704832,23.04602792290406,0.0003238127072738551,22.921299258710928,0.07537193635297491,25.943663767074625,0.603141922277636
2016 FV145,nan,MBO,MBO,21164732430234966,745337019299266575,9.654948,2.7132032,1.7684237,225.50078181392772,-38.73272613144229,2025060100574,41,60828.10679039168,i,225.50080152516642,-38.732705492644484,14.744282722473145,2732.33,183.125,False,2858.07,3.44644,2563.51,181.912,False,-122.432,18.1938,22.808667092592295,0.0727677245469449,22.759817820660366,0.0013092487503449013,22.87791245606462,0.07704609949281135,nan,nan
2016 FV145,nan,MBO,MBO,21164732430234966,745337019613315307,9.656664,2.7132123,1.7684579,225.49913667503856,-38.73188995882507,2025060100576,128,60828.11417181953,z,225.49916584164848,-38.73187623455446,6.292934417724609,1940.86,295.854,False,nan,nan,2129.71,291.285,False,264.31,99.0766,23.180014484278313,0.16550364569728804,nan,nan,23.079198844620546,0.14849847170731134,25.344716023286757,0.4069882021251655
2016 FV145,nan,MBO,MBO,21164732430234966,745337019854487751,9.656873,2.7132134,1.7684621,225.49893607692357,-38.731787883088415,2025060100578,76,60828.11507167827,z,225.49897585982964,-38.731775112101495,5.178737163543701,1645.35,303.708,False,1680.74,40.2066,2053.54,299.588,False,371.721,94.5006,23.359354277264067,0.20041133172264308,23.336248666342428,0.025972941531290535,23.118742062590243,0.1583964985865752,24.974457233719676,0.2760207883217096
2016 FV145,nan,MBO,MBO,21164732430234966,745337020129214667,9.6571,2.7132146,1.7684665,225.4987189865706,-38.73167738567256,2025060100580,88,60828.11604567485,z,225.49873224556012,-38.73165702610152,5.599910259246826,1775.68,306.706,False,2145.76,25.71,2165.05,299.612,False,366.852,99.2007,23.276588209323368,0.18753479875427823,23.07104713214002,0.013009039549282734,23.061330149340456,0.1502503812444995,24.98877280259878,0.2935946738521315
2016 FV145,nan,MBO,MBO,21164732430234966,745337020247703657,9.657208,2.713215,1.7684687,225.4986140081642,-38.73162394137301,2025060100581,58,60828.11651645759,z,225.49858888987245,-38.73167192604438,5.750005722045898,1956.64,334.597,False,2381.19,40.8106,3328.77,329.684,False,1313.32,33.8143,23.171222672738825,0.18566729584861624,22.958014901644766,0.01860815279463492,22.59429052164476,0.10753216428032614,23.604073649397186,0.027954658295908697
2016 FV145,nan,MBO,MBO,21164732430234966,745337020380348723,9.6573105,2.7132156,1.7684708,225.4985166082862,-38.731574348818384,2025060100582,55,60828.116953019664,z,225.49854267186043,-38.731580993420174,6.182751178741455,2159.88,341.032,False,2269.25,33.7668,3689.26,338.001,False,1585.13,37.5824,23.06392600138453,0.17143120151096405,23.010294139706392,0.016155926935906187,22.48265183927972,0.09947250387886418,23.399837783003814,0.02574209913446274
2016 FV145,nan,MBO,MBO,21164732430234966,745337020638822868,9.657535,2.7132168,1.7684752,225.4983019734035,-38.731465042300535,2025060100584,36,60828.11791620572,z,225.49829854626847,-38.73144861373968,8.810476303100586,2873.11,322.201,False,2804.07,7.90927,5012.11,315.86,False,2140.25,98.6736,22.754119325091978,0.12175839617572329,22.780527845948868,0.003062470043996069,22.149948545065683,0.0684224071469281,23.07383873569355,0.05005653505529614
2016 FV145,nan,MBO,MBO,21164732430234966,745337020756263093,9.6576395,2.7132173,1.7684773,225.49820078599373,-38.7314135002956,2025060100585,4,60828.118370411685,z,225.49819988572713,-38.73140778097149,6.024511814117432,2019.52,328.807,False,1904.25,33.953,4718.84,323.469,False,2630.17,79.8623,23.136879593262886,0.17677352452430437,23.20069008933644,0.01935880288789057,22.215411905633907,0.07442549645339863,22.850040482626536,0.03296721880589381
2016 FV145,nan,MBO,MBO,21164732430234966,745337021207150931,9.657963,2.7132192,1.7684838,225.49789098704025,-38.73125565510617,2025060100588,96,60828.11976059266,z,225.49793608791484,-38.73122114146986,7.330165863037109,2419.08,337.239,False,2663.65,27.1193,3036.62,332.401,False,622.421,97.3761,22.940874387681298,0.15136026711619938,22.83630714345392,0.011054157960581998,22.694023837893184,0.11884917682504176,24.414789371760275,0.1698605160820016
2016 FV145,nan,MBO,MBO,21164732430234966,745337021501276664,9.6581745,2.7132201,1.7684879,225.49768794951268,-38.731152170924766,2025060100590,145,60828.1206711944,z,225.4976702131628,-38.73116674433318,8.265386581420898,2933.03,350.728,False,2927.85,3.94354,2975.18,344.401,False,121.967,59.2267,22.731708726378173,0.1298309531006597,22.733627905976782,0.0014623850657098985,22.716216910169976,0.1256826962761192,26.184394120247177,0.5272292569331068
2016 FV145,nan,MBO,MBO,21164732430234966,745337021614522659,9.658276,2.7132206,1.76849,225.49759055502813,-38.73110252105074,2025060100591,105,60828.1211088643,z,225.49748597890758,-38.73111079966895,6.487542152404785,2322.87,360.963,False,2833.25,18.1747,2163.05,358.433,False,-133.211,37.0869,22.98493768252237,0.16871826304967458,22.76928775640083,0.006964768222135672,23.062333579258933,0.179914329952758,nan,nan
2016 FV145,nan,MBO,MBO,21164732430234966,745337021715710343,9.658384,2.7132213,1.7684921,225.49748669810396,-38.73104956968756,2025060100592,42,60828.12157495939,z,225.49746562997316,-38.73107485814823,7.929367542266846,2839.27,352.097,False,2775.31,32.1183,2586.38,344.239,False,-161.541,28.3641,22.766983258368292,0.13464180631729872,22.79172122575497,0.01256508351137706,22.868269215950946,0.14450806809839334,nan,nan
2016 FV145,nan,MBO,MBO,21164732430234966,745337021856743519,9.658497,2.7132218,1.7684944,225.49737838469943,-38.73099433840801,2025060100593,55,60828.12206085399,z,225.4974137571806,-38.73097079204594,8.618340492248535,3289.36,376.873,False,3625.1,24.6246,3176.82,370.832,False,-107.652,17.5621,22.607221447256237,0.12439642725597647,22.50169999255345,0.007375194736053425,22.645018456110897,0.1267386003658728,nan,nan
2016 FV145,nan,MBO,MBO,21164732430234966,745337021986242568,9.658604,2.7132225,1.7684965,225.4972767581588,-38.73094250965424,2025060100594,46,60828.12251685461,z,225.49732806414218,-38.730952379781264,8.936511993408203,3526.4,391.178,False,3632.02,4.51309,3470.7,385.533,False,-112.777,19.5827,22.531671097978005,0.12043901391622439,22.499629415831684,0.0013491184869876788,22.548957325791903,0.12060596730338824,nan,nan
2016 FV145,nan,MBO,MBO,21164732430234966,745337022167122278,9.658726,2.713223,1.768499,225.4971593093697,-38.730882602910526,2025060100595,135,60828.12304322132,z,225.4972463915881,-38.730883713161354,6.564207553863525,2570.79,389.882,False,2671.18,23.0056,2549.63,387.06,False,-35.2448,22.0998,22.874833478754656,0.16466105130836742,22.833242141902105,0.00935092859519015,22.883807148443083,0.16482590496601238,nan,nan
2016 FV145,nan,MBO,MBO,21164732430234966,745337022268833999,9.658835,2.7132237,1.7685012,225.49705411916605,-38.73082894086479,2025060100596,73,60828.1235159265,z,225.49711826919696,-38.73078318559656,6.425948143005371,2232.03,341.845,False,2518.23,3.50008,2204.16,333.693,False,137.894,19.4075,23.02824991695465,0.1662851706156586,22.89726152484006,0.0015090614133660824,23.041892251379842,0.16437217733699144,26.05113659784839,0.15280886099000893
2016 FV145,nan,MBO,MBO,21164732430234966,745337022432411691,9.658942,2.7132242,1.7685033,225.49695182714083,-38.73077675003268,2025060100597,129,60828.123974499824,z,225.49697641889483,-38.73070959052577,9.631548881530762,3123.03,322.569,False,3590.52,7.02983,3167.91,317.246,False,63.3992,25.5861,22.663559599546797,0.1121426431421627,22.512106618625474,0.0021257480476125565,22.648067943045756,0.1087295661671758,26.89479054799768,0.43817200388107785
2016 FV145,nan,MBO,MBO,21164732430234966,745337022569775454,9.65905,2.713225,1.7685055,225.49684819901836,-38.73072387017336,2025060100598,135,60828.12443985154,z,225.49686086839665,-38.73069030271477,9.187744140625,3365.75,359.069,False,3439.41,10.1155,3279.72,355.933,False,-120.103,22.1504,22.582295363839194,0.11582981908084947,22.558790153670977,0.0031932120185181006,22.610408089173646,0.11782998644071678,nan,nan
2016 FV145,nan,MBO,MBO,21164732430234966,745337022649467045,9.659162,2.7132254,1.7685077,225.4967414520458,-38.73066939107535,2025060100599,31,60828.124918138405,z,225.49673221180066,-38.73068566188821,7.772622585296631,2774.54,354.567,False,2681.7,18.2696,2533.8,349.804,False,-275.379,37.2058,22.792022508879416,0.1387495615069341,22.82897453977564,0.007396788020600775,22.890569149555713,0.1498914059558883,nan,nan
2016 FV145,nan,MBO,MBO,21164732430234966,745337023070470577,9.659515,2.7132273,1.7685148,225.49640227697,-38.7304962382375,2025060100602,66,60828.126440579035,z,225.4964324244728,-38.73050911066067,7.524212837219238,2921.44,384.794,False,3333.95,11.2433,2751.3,378.365,False,-262.945,17.0112,22.736007593582777,0.1430064599803058,22.59260231008004,0.0036615001800311135,22.801155110317588,0.14931289253071217,nan,nan
2016 FV145,nan,MBO,MBO,21164732430234966,745337023353061809,9.6597395,2.7132285,1.7685193,225.49618723533857,-38.73038641547886,2025060100604,93,60828.12740580195,z,225.4962274919668,-38.730382330700415,6.671290397644043,2445.06,363.212,False,2721.87,0.928726,2061.41,357.664,False,-242.588,24.8399,22.92927617182584,0.16128537338509408,22.81283150600086,0.00037046273997655123,23.11458910004485,0.18838017283601835,nan,nan
2016 FV145,nan,MBO,MBO,21164732430234966,745337023484133517,9.665071,2.7132564,1.7686263,225.4910744117895,-38.72776533867189,2025060100605,87,60828.15036010455,g,225.49111472371413,-38.7278257302892,6.674272060394287,1374.74,202.726,False,2013.34,21.5583,805.741,196.919,False,461.468,7.85445,23.554448584555836,0.16010806200171462,23.1402072135314,0.011625769736002255,24.134511304469985,0.2653484025405946,24.739646053633003,0.018479853896204254
2016 FV145,nan,MBO,MBO,21164732430234966,745337024050888906,9.6723995,2.713295,1.7687749,225.48404796050943,-38.72412928951643,2025060100609,144,60828.18196958663,g,225.48409917532973,-38.72417670053182,6.166505813598633,1489.92,232.29,False,1626.67,13.5338,1392.64,234.027,False,-46.1742,6.48442,23.467092593071776,0.1692746243254342,23.37175132759367,0.00903326205489473,23.540402826054645,0.1824531654258413,nan,nan
2016 FV145,nan,MBO,MBO,21164732430234966,745337024185106612,9.672501,2.7132955,1.7687769,225.4839509794589,-38.72407880771284,2025060100610,144,60828.18240609738,g,225.48386705856194,-38.724104413240376,5.316389560699463,1318.21,257.374,False,1467.64,15.7948,1453.36,257.747,False,-68.5862,5.30408,23.600038527438585,0.21198463868197903,23.483451139700783,0.011684735918680824,23.494067002988384,0.19255054663752008,nan,nan
2016 FV145,nan,MBO,MBO,21164732430234966,745337024335577148,9.672604,2.713296,1.768779,225.48385289416825,-38.724027742605536,2025060100611,175,60828.18284814872,g,225.48384633610212,-38.7240009873658,7.5267462730407715,1535.07,203.311,False,1586.05,32.1251,1498.17,202.212,False,-46.4534,3.98756,23.43467957718477,0.14379938783609475,23.39920778090207,0.021991350959734368,23.461097227345732,0.1465447106091171,nan,nan
2016 FV145,nan,MBO,MBO,21164732430234966,745337024440434781,9.672708,2.7132967,1.7687812,225.48375303890225,-38.72397574721009,2025060100612,119,60828.183298175274,g,225.48376709032846,-38.72395714137826,6.747166156768799,1159.02,170.698,False,1199.5,6.68853,1074.61,170.743,False,-46.8119,8.27924,23.739772656215116,0.15990491401018256,23.702499369240375,0.006054171857566895,23.821872820634262,0.17251082274258606,nan,nan
2016 FV145,nan,MBO,MBO,21164732430234966,745337024667451677,9.6729145,2.7132976,1.7687854,225.4835544543823,-38.72387231629286,2025060100614,40,60828.184193467096,g,225.48354975400582,-38.72384922644138,7.686258792877197,1704.21,214.944,False,2433.12,13.5657,1655.75,215.411,False,-50.1509,7.87642,23.321192251535837,0.13693880942476333,22.934591126209703,0.00605345008244239,23.352513090702686,0.14125291662347308,nan,nan
2016 FV145,nan,MBO,MBO,21164732430234966,745337024801145112,9.6730175,2.713298,1.7687875,225.4834559468781,-38.72382099648177,2025060100615,39,60828.18463775038,g,225.4834586238488,-38.723879932488245,6.527688026428223,1281.57,192.939,False,1247.54,9.38637,1285.42,195.137,False,-48.7175,4.64632,23.630644214123883,0.16345643340032384,23.659863767638463,0.00816897342055583,23.62738733071751,0.1648233973236132,nan,nan
2016 FV145,nan,MBO,MBO,21164732430234966,745337025007714310,9.673131,2.7132988,1.7687898,225.4833472400239,-38.723764352987445,2025060100616,177,60828.185127137534,g,225.48332832301057,-38.72376882671451,7.526798725128174,1643.87,212.161,False,1697.59,32.839,1531.49,214.799,False,-45.5261,5.31863,23.360331328662276,0.14012718445988212,23.325418001198948,0.02100300585418817,23.437214593454627,0.15227983738663395,nan,nan
2016 FV145,nan,MBO,MBO,21164732430234966,745337025118339264,9.673232,2.7132993,1.7687919,225.48325029695025,-38.72371383026156,2025060100617,132,60828.185564230705,g,225.48323015086646,-38.72366764079068,10.581696510314941,1818.92,169.413,False,1705.64,0.367135,1797.44,169.966,False,-36.4103,12.6591,23.25046597806496,0.1011247427682731,23.320281559751237,0.00023370215603294104,23.263364029903194,0.10266726539110775,nan,nan
2016 FV145,nan,MBO,MBO,21164732430234966,745337025637384379,9.673638,2.7133014,1.7688001,225.48286102596597,-38.723510873163264,2025060100621,98,60828.18731983473,g,225.48291834878393,-38.72349893911381,6.601589679718018,1561.12,233.741,False,1508.95,4.03468,1670.28,235.217,False,101.083,13.9182,23.416409284281233,0.16256345707847014,23.453312911645092,0.0029030770884295623,23.343026778743027,0.15289867760269493,26.388304691325523,0.1494958906776321
2016 FV145,nan,MBO,MBO,21164732430234966,745337025884323965,9.673843,2.7133026,1.7688043,225.4826647603613,-38.723408492855874,2025060100623,57,60828.188204194164,g,225.48266007216455,-38.72348197954585,6.84437894821167,1543.22,224.844,False,1684.44,5.23418,1778.5,229.15,False,174.058,11.9817,23.428930412882227,0.15818954490957907,23.33386117286899,0.003373785291991815,23.274865326195503,0.1398911693525541,25.798265035906454,0.07473925659039167
2016 FV145,nan,MBO,MBO,21164732430234966,745337026016444654,9.673945,2.713303,1.7688065,225.4825665252241,-38.72335723622581,2025060100624,53,60828.18864795215,g,225.48256680223454,-38.723349053247624,6.3297271728515625,1403.45,221.092,False,1469.92,0.514777,1898.23,223.3,False,403.297,10.9339,23.532007675631284,0.17104107176250596,23.481765719962457,0.0003802329478411551,23.20412792919511,0.12772156183942726,24.885937529289457,0.029435703822648988
2016 FV145,nan,MBO,MBO,21164732430234966,745337026193129511,9.674051,2.7133036,1.7688086,225.4824656350337,-38.72330458514655,2025060100625,134,60828.18910271475,g,225.48252692184673,-38.72328147841481,8.44084358215332,1734.53,203.628,False,1793.58,8.30754,2333.97,205.036,False,544.05,5.73555,23.30204544243022,0.127461787724933,23.26569814532431,0.005028934926906193,22.979761839923093,0.09538040607604117,24.560902987770735,0.011446180221308104
2016 FV145,nan,MBO,MBO,21164732430234966,745337026277539963,9.674157,2.7133043,1.7688107,225.4823640857137,-38.72325158075699,2025060100626,39,60828.189560182276,g,225.48229560990848,-38.72324091358407,5.188436508178711,1388.0,267.535,False,1590.55,13.9815,1857.13,271.661,False,363.773,4.20718,23.54402633470291,0.20927409187035367,23.396131651682488,0.009544006742710954,23.227894233075187,0.15882151169195716,24.997923815219664,0.012556972459083434
2016 FV145,nan,MBO,MBO,21164732430234966,745337026579005678,9.674362,2.7133052,1.7688149,225.4821672131443,-38.72314879499955,2025060100628,102,60828.19044815879,g,225.48212970348587,-38.72316352381051,7.919808387756348,1724.24,217.307,False,1897.49,11.5861,1928.16,219.115,False,221.893,3.80049,23.308505716375816,0.1368359893087323,23.204551266114066,0.006629519997017578,23.18714230798546,0.12338244245940756,25.534640969032584,0.018596032245618087
2016 FV145,nan,MBO,MBO,21164732430234966,745337026871558457,9.67457,2.7133064,1.7688192,225.4819681473415,-38.72304482824602,2025060100630,148,60828.19134663328,g,225.48200172438828,-38.72304231559381,9.087614059448242,1365.73,147.765,False,1431.19,2.70586,1437.19,147.918,False,49.8091,10.7753,23.561587892163736,0.11747110477749022,23.510756811773717,0.002052732466122807,23.50621457748396,0.11174579122301226,27.156728239564615,0.23487943158608293
2016 FV145,nan,MBO,MBO,21164732430234966,745337026983231497,9.674671,2.713307,1.7688212,225.4818712834106,-38.72299422570823,2025060100631,105,60828.191783166316,g,225.4818694930881,-38.722981532870904,8.928483009338379,1784.49,201.193,False,1824.61,8.43517,1677.9,203.325,False,1.30882,11.6125,23.271214709489584,0.1224117355756012,23.24707488186973,0.005019357410267431,23.33808479908236,0.1315676186345686,31.107800185327143,9.633190045928455
2016 FV145,nan,MBO,MBO,21164732430234966,745337027149430852,9.674778,2.7133074,1.7688235,225.4817697709164,-38.72294118550764,2025060100632,166,60828.19224157174,g,225.48179134136367,-38.72292982844002,6.1238908767700195,1723.25,277.825,False,1952.98,17.5435,1663.68,283.814,False,-13.9083,7.07346,23.309129282084438,0.175044058807801,23.173255521345794,0.009753102579708288,23.347325475563927,0.18522018671409157,nan,nan
2016 FV145,nan,MBO,MBO,21164732430234966,745337027249045643,9.674887,2.713308,1.7688257,225.48166516197887,-38.72288651753922,2025060100633,100,60828.19271319906,g,225.48166215943345,-38.72288280069885,6.230606555938721,1536.08,243.46,False,1649.01,19.8466,1541.22,246.255,False,-31.6033,4.87753,23.43396544453472,0.17208306290176736,23.35694177026896,0.013067338328143685,23.43033843038628,0.17347814036057593,nan,nan
2016 FV145,nan,MBO,MBO,21164732430234966,745337027417341999,9.674995,2.7133086,1.7688279,225.481560781628,-38.72283195902177,2025060100634,165,60828.19318470171,g,225.48149011629965,-38.72283232778859,7.508053302764893,1561.19,203.846,False,1856.38,18.5887,1523.31,206.003,False,-48.8099,5.9439,23.41636063874637,0.1417655654642553,23.228332795062364,0.010871924832527078,23.443029225521997,0.1468282314695262,nan,nan
2016 FV145,nan,MBO,MBO,21164732430234966,745337027468722341,9.675109,2.7133093,1.7688303,225.4814519761224,-38.72277507686734,2025060100635,7,60828.19367508328,g,225.48143624128468,-38.722757595613025,6.479474067687988,1459.55,228.307,False,1468.23,18.7041,1430.55,231.541,False,-56.1348,8.23555,23.48945252051964,0.16983397268272044,23.48301478028407,0.013831428620275414,23.51124235871591,0.1757313190051936,nan,nan
2016 FV145,nan,MBO,MBO,21164732430234966,745337027651174572,9.675521,2.7133114,1.7688386,225.48105759154467,-38.72256880616408,2025060100636,99,60828.19545539722,g,225.4811048835206,-38.72255700513302,9.592694282531738,1344.85,139.521,False,1452.1,3.48717,1219.92,140.852,False,-55.1441,11.1642,23.5783154014387,0.11263932745873927,23.495008704698296,0.0026073595235704874,23.684171582352633,0.12535913489214714,nan,nan
2016 FV145,nan,MBO,MBO,21164732430234966,745337027808985230,9.675622,2.713312,1.7688408,225.48096122622803,-38.72251838342196,2025060100637,144,60828.19589091322,g,225.48100261926666,-38.72250842064185,9.49196720123291,1423.1,148.462,False,1381.4,4.54172,1271.03,149.534,False,-56.1781,18.6913,23.516911471995662,0.11326721754815375,23.549201351636007,0.003569646485297175,23.63961047175843,0.12773456974978245,nan,nan
2016 FV145,nan,MBO,MBO,21164732430234966,745337027943727158,9.675723,2.7133124,1.7688428,225.4808644237939,-38.72246772330661,2025060100638,145,60828.19632798215,g,225.48086549233017,-38.722454576114565,7.626651287078857,1244.69,160.688,False,1346.2,42.1465,1274.73,160.412,False,-45.8192,11.8386,23.662347050149084,0.14016726359707915,23.577226073829003,0.033991964207394074,23.636454499666613,0.13662902852326067,nan,nan
2016 FV145,nan,MBO,MBO,21164732430234966,745337028093673572,9.675824,2.7133129,1.7688448,225.48076762755332,-38.72241705775031,2025060100639,175,60828.1967647803,g,225.480768886817,-38.72238164678278,7.3397626876831055,1141.61,149.446,False,1331.13,15.672,1126.53,151.675,False,-41.9905,8.76109,23.756205603053168,0.1421316684424078,23.58944881765059,0.012782866935612203,23.77064306758649,0.14618255873114883,nan,nan
2016 FV145,nan,MBO,MBO,21164732430234966,745337028198531412,9.675925,2.7133136,1.768847,225.48067017293377,-38.72236603880103,2025060100640,119,60828.19720497585,g,225.48068974502604,-38.722361080829934,10.68905258178711,1571.96,146.021,False,1532.74,3.97886,1439.09,145.548,False,-40.6337,9.44996,23.408896299948516,0.10085516555986454,23.436328778525667,0.002818476895080165,23.504780137399628,0.10981018656904254,nan,nan
2016 FV145,nan,MBO,MBO,21164732430234966,745337028343758900,9.676026,2.713314,1.768849,225.4805733890019,-38.722315362237,2025060100641,140,60828.19764152914,g,225.48058928731515,-38.722346273941284,7.543167591094971,1160.85,151.737,False,1171.91,3.7821,1048.17,151.976,False,-52.4024,15.3433,23.73805975854588,0.14191872975496608,23.72776431797703,0.003503991551609775,23.848920640812608,0.1574227809260077,nan,nan
2016 FV145,nan,MBO,MBO,21164732430234966,745337028426596469,9.67613,2.7133145,1.7688512,225.480473732297,-38.72226317237216,2025060100642,42,60828.19809133858,g,225.48044809380056,-38.72223670863022,10.087553977966309,1620.58,158.133,False,1654.67,10.6271,1503.11,158.853,False,-60.3983,13.1937,23.375823842284895,0.10594399730433404,23.353221488678862,0.006973128723678186,23.45752310028977,0.11474373237442331,nan,nan
2016 FV145,nan,MBO,MBO,21164732430234966,745337028560814229,9.676231,2.713315,1.7688533,225.48037696093536,-38.72221248470348,2025060100643,42,60828.19852822288,g,225.48039519405816,-38.72221078539233,10.651089668273926,1327.48,124.558,False,1355.61,1.60821,1312.97,125.668,False,-65.712,12.0687,23.59243004932153,0.10187507964271626,23.569663102081645,0.0012880487791905296,23.604363016663324,0.10391882497606532,nan,nan
2016 FV145,nan,MBO,MBO,21164732430234966,745337028766335002,9.676342,2.7133157,1.7688555,225.4802717816789,-38.72215738318242,2025060100644,178,60828.19900322414,g,225.48024082254565,-38.72215451152415,10.718860626220703,1709.52,157.714,False,1873.91,0.532849,1648.67,158.684,False,-103.87,4.67277,23.317814522455034,0.10016601311753827,23.218128158216672,0.0003087306516352751,23.357165632617512,0.10450178965631364,nan,nan
2016 FV145,nan,MBO,MBO,21164732430234966,745345749926543511,10.131639,2.7156932,1.7784139,225.07740019217215,-38.49648795948984,2025060300086,103,60830.15128934033,i,225.07734434430688,-38.49645066529509,5.940188407897949,3727.84,634.802,False,nan,nan,393196.0,630.855,False,389403.0,17.642,22.471356814317293,0.18488655632313983,nan,nan,17.413477272285178,0.0017419864196149108,17.42400176738648,4.918955000273284e-05
2016 FV145,nan,MBO,MBO,21164732430234966,745345750210707808,10.131875,2.7156944,1.7784189,225.07719788863048,-38.49637396794386,2025060300088,133,60830.15225463029,i,225.07736377434557,-38.496535994026495,8.191347122192383,2011.95,650.467,False,nan,nan,425873.0,638.483,False,423979.0,60.7617,23.140957067241352,0.3510204365437243,nan,nan,17.32679973242135,0.0016277718426480465,17.331639134520415,0.0001556001056689865
2016 FV145,nan,MBO,MBO,21164732430234966,745345750451880396,10.132121,2.7156956,1.778424,225.07698805627072,-38.49625569398782,2025060300090,81,60830.153255886624,i,225.07706854272604,-38.49617684137775,10.70460319519043,2971.25,279.143,False,nan,nan,46501.6,275.185,False,43446.0,15.358,22.71765201315941,0.1020027487543591,nan,nan,19.731330223270902,0.006425118809167739,19.805125505339475,0.00038380371995820313
2016 FV145,nan,MBO,MBO,21164732430234966,745350152127512588,10.363885,2.71686,1.7834437,224.8885276070893,-38.38328537598588,2025060400117,91,60831.11138907884,i,224.8885665571648,-38.38331486679157,6.071287155151367,2205.96,360.395,False,2429.26,6.31553,2636.94,357.962,False,300.746,5.15794,23.0410059361105,0.17738032172590193,22.936314997710166,0.002822670012195024,22.847249403818353,0.14738762279774523,25.204500342515654,0.018620902895811354
2016 FV145,nan,MBO,MBO,21164732430234966,745350152220311852,10.364015,2.7168605,1.7834466,224.8884224446521,-38.383224139292174,2025060400118,12,60831.111906898586,i,224.88843485402177,-38.383146991517826,6.714698791503906,2475.35,357.773,False,2748.35,18.9712,2819.93,355.569,False,215.565,5.93286,22.91590842139415,0.15692612963546576,22.802319864078804,0.007494576374791063,22.77440420675469,0.13690203168633724,25.566054366602042,0.029882034261788454
2016 FV145,nan,MBO,MBO,21164732430234966,745350152520728812,10.364271,2.7168617,1.7834519,224.88821517485755,-38.38310341874468,2025060400120,73,60831.11292579128,i,224.8882094297668,-38.38300995101076,5.154350757598877,2064.99,399.08,False,nan,nan,2459.62,401.429,False,432.868,5.15143,23.11270512296872,0.20982939000431577,nan,nan,22.922829908815793,0.1772005279412664,24.80911126735304,0.01292101529834632
2016 FV145,nan,MBO,MBO,21164732430234966,745350152955888058,10.364664,2.7168636,1.7834603,224.8878970594107,-38.38291807018369,2025060400123,135,60831.11448960945,i,224.88800824459057,-38.38290478223073,5.590147972106934,2238.7,400.72,False,2328.05,13.1656,2559.13,402.402,False,505.449,5.01275,23.025010275523773,0.1943432450911044,22.982519218457178,0.006140060602383348,22.879769179813763,0.17072303830640617,24.64080663484679,0.010767702115790617
2016 FV145,nan,MBO,MBO,21164732430234966,745350153193390421,10.364912,2.7168648,1.7834656,224.8876967188056,-38.38280130003761,2025060400125,76,60831.115474420396,i,224.88783029609698,-38.38280026019306,7.246490955352783,2650.18,362.89,False,2656.21,1.7513,3283.06,364.518,False,375.29,5.41641,22.841811597548688,0.1486702176501293,22.839343997513993,0.000715850711620086,22.60930293110135,0.12054924023751704,24.964082494453358,0.015669994589824907
2016 FV145,nan,MBO,MBO,21164732430234966,745350153333375143,10.365033,2.7168655,1.7834681,224.88759848276965,-38.38274403026335,2025060400126,87,60831.115957246846,i,224.88770189532138,-38.38273201734235,6.432638645172119,2187.49,334.825,False,2701.07,38.0737,2297.72,334.55,False,271.634,5.88007,23.05013481398803,0.1661866521148316,22.821160374123068,0.015304302902143428,22.996757252640748,0.1580841175946534,25.31503966684777,0.023502967411513264
2016 FV145,nan,MBO,MBO,21164732430234966,745350153488564429,10.365152,2.716866,1.7834707,224.88750167191284,-38.38268758351617,2025060400127,127,60831.11643327834,i,224.88756900840485,-38.38257876232091,7.1851630210876465,2694.69,375.645,False,2956.61,5.10444,3418.07,378.22,False,512.033,5.216,22.823727996863816,0.15135372661660365,22.72301485689531,0.001874469524930173,22.565547596877636,0.12014006163603487,24.626755078273938,0.0110602244573587
2016 FV145,nan,MBO,MBO,21164732430234966,745350153574547550,10.365276,2.7168667,1.7834734,224.8874020151606,-38.38262946929508,2025060400128,35,60831.116923456546,i,224.88741656849908,-38.382535727678025,6.094552516937256,2265.77,366.132,False,2692.29,17.7902,2830.35,365.175,False,606.656,5.17421,23.01196043511947,0.1754470896143049,22.82469538899979,0.007174362036658838,22.770399603701392,0.14008291965267952,24.442643746385066,0.00926031746403433
2016 FV145,nan,MBO,MBO,21164732430234966,745350153728164211,10.365401,2.7168672,1.783476,224.88730052962757,-38.38257028011787,2025060400129,72,60831.11742234856,i,224.88737095180537,-38.38250991092589,7.570785999298096,2762.01,358.239,False,3141.66,13.1182,3314.29,359.042,False,633.444,5.59269,22.796936879583455,0.14082246832023698,22.65710207393093,0.004533560413202747,22.59902372104349,0.11761942538279552,24.395729484764047,0.009585987546515549
2016 FV145,nan,MBO,MBO,21164732430234966,745350154109845694,10.365797,2.716869,1.7834845,224.88698083070585,-38.38238376637108,2025060400132,32,60831.11899477252,i,224.88697944239598,-38.382265650955354,8.73731803894043,3193.12,366.331,False,3706.75,24.7577,3257.76,365.892,False,195.512,5.44784,22.639461860204378,0.12456118408840143,22.477516759421466,0.0072517248803110265,22.617702280327705,0.12194335628929147,25.672066490667227,0.03025347578285855
2016 FV145,nan,MBO,MBO,21164732430234966,745350154402922716,10.366068,2.7168705,1.7834902,224.88676120071264,-38.38225558326239,2025060400134,79,60831.120074390514,i,224.8869382266859,-38.38235239006035,5.256213188171387,1894.48,354.263,False,2238.97,19.7214,2149.74,353.463,False,181.159,5.47264,23.206274949208005,0.20302994468234156,23.024879327961074,0.009563432076603507,23.069035161414504,0.17851814250538406,25.75485023371875,0.032799052415107915
2016 FV145,nan,MBO,MBO,21164732430234966,745350155078205691,10.36668,2.7168734,1.7835033,224.8862660501695,-38.38196644648835,2025060400139,87,60831.12250966196,i,224.88627598971092,-38.381925104869474,9.114093780517578,3279.99,360.448,False,3135.37,7.63882,3166.38,360.214,False,-53.0034,5.37635,22.610318704129803,0.11931482796510463,22.659277962948803,0.002645219961819948,22.64859245590767,0.12351561848926834,nan,nan
2016 FV145,nan,MBO,MBO,21164732430234966,745350155372855387,10.36694,2.7168746,1.7835088,224.8860564143904,-38.38184396873223,2025060400141,137,60831.1235406249,i,224.88614094496248,-38.38187013174814,7.8929667472839355,2633.48,329.363,False,3083.67,24.6133,2394.4,327.751,False,-37.4955,6.00481,22.848674946925826,0.1357904155022483,22.67733028827466,0.00866615168187166,22.952008284701705,0.14861808764043766,nan,nan
2016 FV145,nan,MBO,MBO,21164732430234966,745350155461984497,10.367069,2.7168753,1.7835115,224.88595129507289,-38.38178253937814,2025060400142,51,60831.12405712095,i,224.88592189285328,-38.38175200001631,5.202286243438721,1875.09,374.638,False,2268.14,171.515,1935.56,376.96,False,-39.0504,5.07577,23.21744472554467,0.21692721321260583,23.010825407184694,0.08210253922421828,23.182983370974696,0.21145255020681122,nan,nan
2016 FV145,nan,MBO,MBO,21164732430234966,745350155750867230,10.367324,2.7168765,1.783517,224.88574553674147,-38.38166227093492,2025060400144,90,60831.12506960335,i,224.88573657901682,-38.381647722435915,7.031457424163818,2473.81,362.644,False,3297.19,51.6062,2411.39,363.22,False,-44.0957,5.36516,22.916584122389096,0.15916166740013024,22.604640084273935,0.016993476869106006,22.944331409451102,0.16354099634878216,nan,nan
2016 FV145,nan,MBO,MBO,21164732430234966,745350155997282341,10.367579,2.7168777,1.7835224,224.88553897514703,-38.38154149560437,2025060400146,48,60831.12608588372,i,224.88556585985296,-38.38151245886999,8.30755615234375,2942.75,352.942,False,3254.49,20.3577,2546.04,350.157,False,-15.8504,5.20761,22.728116579063116,0.13021897628769746,22.618792649675854,0.006791568688076022,22.885336927268384,0.14932135412855244,nan,nan
2016 FV145,nan,MBO,MBO,21164732430234966,745350156793675863,10.36878,2.7168837,1.7835481,224.8845671016648,-38.38097273770655,2025060400152,31,60831.13086617373,z,224.8845544721938,-38.3809611117935,5.279165267944336,3156.78,590.137,False,3052.65,195.103,3015.8,587.62,False,-45.0095,12.4497,22.651889198889112,0.20297047203100457,22.68830750137149,0.06939229655793382,22.701493640236137,0.2115525873760891,nan,nan
2016 FV145,nan,MBO,MBO,21164732430234966,745350157456900374,10.369423,2.7168868,1.7835618,224.88404783375495,-38.38066850289071,2025060400157,16,60831.13342190023,z,224.88406560777585,-38.38065203207912,5.353600025177002,2743.12,507.787,False,3313.89,291.602,3084.16,503.614,False,-128.982,14.741,22.804387937159333,0.20098380416057854,22.599154813901652,0.09553812827514722,22.67715778022795,0.1772904075823806,nan,nan
2016 FV145,nan,MBO,MBO,21164732430234966,745350157651935286,10.369564,2.7168875,1.7835648,224.88393362610336,-38.38060155638693,2025060400158,132,60831.13398304685,z,224.88407539581257,-38.38055097094223,5.146678447723389,3020.88,594.925,False,nan,nan,3060.69,596.986,False,-135.477,13.0315,22.699666357347105,0.2138223376696259,nan,nan,22.685451659310075,0.21177229685432608,nan,nan
2016 FV145,nan,MBO,MBO,21164732430234966,745350160069951675,10.372096,2.7168996,1.783619,224.8818853562748,-38.37939881702023,2025060400176,136,60831.14406696765,z,224.88205626259005,-38.37940457418844,5.404443264007568,2899.09,537.049,False,3242.16,69.8726,3023.89,532.203,False,-115.352,13.8701,22.744345722335265,0.20112985024440322,22.622913920947354,0.023398971691223663,22.698585066588066,0.19108899103105478,nan,nan
2016 FV145,nan,MBO,MBO,21164732430234966,745350160623075362,10.372603,2.716902,1.78363,224.88147540750523,-38.3791576123989,2025060400180,167,60831.14608578975,z,224.88151054446445,-38.379175972179844,5.378443241119385,2886.08,546.902,False,3148.34,7.72388,3393.17,549.694,False,-23.4409,13.08,22.749229057495317,0.20574317461549643,22.654795901776165,0.002663656314537344,22.573485978440353,0.17588940672312556,nan,nan
2016 FV145,nan,MBO,MBO,21164732430234966,745350161115906129,10.373113,2.7169046,1.7836409,224.88106370320904,-38.37891520867653,2025060400184,83,60831.148113354415,z,224.88108800955763,-38.378816956947034,5.0442023277282715,2786.25,549.248,False,3279.72,17.1837,2655.31,551.573,False,-50.048,15.0337,22.78744979627926,0.21402904391809735,22.610408089173646,0.005688585000556864,22.839711898439194,0.22553402816680262,nan,nan
