provid,permid,orbit_class,population,ssObjectId,diaSourceId,phaseAngle,helioRange,topoRange,ephRa,ephDec,visit,detector,midpointMjdTai,band,ra,dec,snr,psfFlux,psfFluxErr,psfFlux_flag,trailFlux,trailFluxErr,scienceFlux,scienceFluxErr,forced_PsfFlux_flag,templateFlux,templateFluxErr,psfMag,psfMagErr,trailMag,trailMagErr,scienceMag,scienceMagErr,templateMag,templateMagErr
2025 KQ25,nan,MBO,MBO,21165827729536337,745284205422838193,10.4254055,2.0383382,1.06217,227.8354292119516,-39.70754764798304,2025052000296,30,60816.27380867624,i,227.83536581434748,-39.707522425100755,13.392945289611816,5879.18,428.009,False,5659.6,13.7273,5582.02,426.078,False,-208.969,21.4496,21.976708075097747,0.07904246107177107,22.018035636480256,0.0026334415877612796,22.03302152569319,0.08287471420975834,nan,nan
2025 KQ25,nan,MBO,MBO,21165827729536337,745284205693895101,10.425549,2.038336,1.0621686,227.83509114469732,-39.707507424200045,2025052000298,35,60816.275022669506,i,227.83502333505237,-39.707503880857054,11.06143569946289,4516.33,402.301,False,5069.9,3.59031,3945.86,400.351,False,-324.795,22.8127,22.263035812422526,0.09671409037605606,22.137501537706548,0.0007688770455878249,22.40964578963284,0.11015990881365353,nan,nan
2025 KQ25,nan,MBO,MBO,21165827729536337,745284206116995626,10.425729,2.0383332,1.0621668,227.8346674475289,-39.70745690301255,2025052000301,74,60816.27654415411,i,227.83464082028198,-39.707427409648815,14.946091651916504,4651.29,309.041,False,4480.71,5.96722,4496.29,307.702,False,-213.855,31.1396,22.231066446191644,0.07213847845809152,22.271632918303254,0.0014459375115071335,22.26786420450629,0.07430196768176339,nan,nan
2025 KQ25,nan,MBO,MBO,21165827729536337,745284207167144188,10.426216,2.0383255,1.062162,227.83352047518,-39.707319533600376,2025052000309,29,60816.28066749245,i,227.83345398230642,-39.70728233077928,20.613632202148438,7187.16,340.82,False,7043.94,3.09801,7317.73,335.375,False,204.612,21.5338,21.758606693409597,0.05148634693162437,21.780460889011707,0.00047751992723814757,21.739059049352264,0.04975979991645343,25.62267225147518,0.11426517739753148
2025 KQ25,nan,MBO,MBO,21165827729536337,745284207750676538,10.426462,2.0383217,1.0621597,227.8329397908167,-39.70724965133366,2025052000313,118,60816.28275687109,i,227.83286276210603,-39.70721133221087,7.318095684051514,5484.26,743.95,False,nan,nan,5326.04,750.895,False,-222.919,32.1626,22.052204956868188,0.14728213055228517,nan,nan,22.083988932576645,0.15307318433549497,nan,nan
2025 KQ25,nan,MBO,MBO,21165827729536337,745284208496214212,10.426815,2.0383162,1.0621562,227.83210891622505,-39.707149270495165,2025052000319,4,60816.285747094415,i,227.83202353462835,-39.70710508850195,7.506237030029297,2989.49,397.745,False,3083.08,4.34632,3468.76,396.238,False,397.714,11.033,22.71100724099447,0.14445478756268365,22.677537987538123,0.0015305983066366158,22.54956436573063,0.12402413203759587,24.901072831998064,0.030119452325947125
2025 KQ25,nan,MBO,MBO,21165827729536337,745284208935043144,10.427346,2.0383081,1.062151,227.8308589697866,-39.70699740276888,2025052000322,73,60816.29025122464,r,227.8308200128817,-39.70694313456714,6.495244979858398,7945.41,1214.87,False,7633.15,107.667,7831.77,1232.0,False,-151.979,13.0515,21.64970919705454,0.16601135899013233,21.69324052178691,0.015314511211550542,21.665350185262994,0.1707949800525521,nan,nan
2025 KQ25,nan,MBO,MBO,21165827729536337,745284209049338158,10.427417,2.038307,1.0621502,227.8306920169404,-39.70697704063375,2025052000323,35,60816.29085395938,r,227.83065158798877,-39.7070035352594,5.157986164093018,4411.79,839.536,False,6132.9,68.1638,4071.97,848.631,False,-133.929,13.9687,22.288462910483467,0.20660879914736344,21.930835308897002,0.012067359659991794,22.375488583558166,0.22627607464293253,nan,nan
2025 KQ25,nan,MBO,MBO,21165827729536337,745284210522587637,10.428069,2.038297,1.0621439,227.8291560623439,-39.70678886162795,2025052000334,29,60816.29639670024,r,227.82908941161278,-39.70674548198693,17.48946189880371,4328.71,246.151,False,4082.32,0.146646,4711.3,243.105,False,394.219,16.0171,22.309103781242257,0.06174011564864147,22.372732370146778,3.900205305083181e-05,22.21714814612349,0.056024431974451075,24.91065613626693,0.04411341145679801
2025 KQ25,nan,MBO,MBO,21165827729536337,745284211851133123,10.428649,2.0382879,1.0621382,227.8277905808176,-39.70662029550083,2025052000344,3,60816.30133184301,r,227.8277305911208,-39.706602580424416,5.641765117645264,5005.59,840.036,False,6649.16,668.04,140589.0,844.832,False,135422.0,15.662,22.15136184801295,0.18220779940693316,21.84308301551672,0.10908372987351478,18.5301216454133,0.006524441151152632,18.57077694137104,0.00012556896306261124
2025 KQ25,nan,MBO,MBO,21165827729536337,745284213924692776,10.430448,2.03826,1.0621208,227.82355731792416,-39.70609028629334,2025052000359,118,60816.316676849194,z,227.82347375463502,-39.706066790889,11.683038711547852,5484.21,456.187,False,5041.36,1.45423,14249.6,448.846,False,8908.83,175.287,22.05221481690404,0.09031360182986119,22.143630751415973,0.00031319131158261923,21.015493346135518,0.034199442435751404,21.525448311168965,0.021362563124197823
2025 KQ25,nan,MBO,MBO,21165827729536337,745284214441640271,10.430683,2.0382562,1.0621185,227.82300345378405,-39.70602013187521,2025052000363,80,60816.318689001,z,227.8229945239716,-39.70602916623019,6.008692264556885,5261.27,881.34,False,5306.93,9.89356,7043.74,874.753,False,1978.46,28.1634,22.09727352179338,0.18187676593430938,22.087891566055795,0.002024107417057605,21.780491671816467,0.13483617519184574,23.15918183584749,0.01545546755485041
2025 KQ25,nan,MBO,MBO,21165827729536337,745284214669705708,10.430802,2.0382543,1.0621173,227.82272156614133,-39.70598435657113,2025052000365,3,60816.319714982834,z,227.82268649446897,-39.70597792252559,5.402366638183594,3513.55,648.065,False,3913.12,46.3847,4206.67,641.651,False,609.229,27.1122,22.535634639417466,0.20026116788118084,22.418692051963696,0.01286992156393238,22.340153909363373,0.16560931461649606,24.438048572858225,0.04831795056809456
2025 KQ25,nan,MBO,MBO,21165827729536337,745288582401884471,10.549203,2.0366106,1.0610433,227.58473378062436,-39.678749504625806,2025052100139,39,60817.223832008545,g,227.58467960718593,-39.678728305126924,17.819049835205078,2731.12,150.309,False,3035.58,1.17892,5354.56,149.389,False,2849.04,3.92387,22.809147996918576,0.05975421161565307,22.694395765049485,0.0004216644353921802,22.078190514682547,0.030291387590197512,22.76325361837049,0.0014953415036128577
2025 KQ25,nan,MBO,MBO,21165827729536337,745288582691291480,10.549395,2.0366085,1.061042,227.58436769325635,-39.67870219805468,2025052100141,79,60817.22514724822,g,227.58435138292586,-39.67869761846763,13.033166885375977,2223.17,169.824,False,2221.82,5.81262,2889.61,168.522,False,1355.22,3.16222,23.032568354822033,0.08293746194976201,23.033227787073308,0.0028404515042917424,22.747901880667758,0.06332011355934686,23.5699755178613,0.002533416579564058
2025 KQ25,nan,MBO,MBO,21165827729536337,745288582940328208,10.549536,2.0366066,1.0610409,227.58409714140717,-39.678667173087966,2025052100143,42,60817.22611979296,g,227.58402377296142,-39.6786440531977,12.369134902954102,1947.95,157.924,False,2126.07,1.28933,2372.0,157.205,False,768.915,3.40666,23.17605551418908,0.0880226927408366,23.08105606660567,0.0006584318587819809,22.962213288269435,0.07195748821966445,24.185304198009224,0.004810329219495293
2025 KQ25,nan,MBO,MBO,21165827729536337,745288583362379956,10.549865,2.0366025,1.0610386,227.58346823679645,-39.6785855475972,2025052100146,79,60817.228379524175,g,227.58344767389323,-39.67856004152659,17.396709442138672,3032.19,173.868,False,3112.57,3.34802,3647.52,174.275,False,1349.68,3.30415,22.69560899315331,0.0622569106778043,22.667202158006127,0.0011678665963341518,22.495005789471747,0.051875430277071304,23.574422925754963,0.002657989487635996
2025 KQ25,nan,MBO,MBO,21165827729536337,745288583995719934,10.550251,2.0365977,1.061036,227.5827291435332,-39.67848924732442,2025052100151,7,60817.23103663155,g,227.58264919830805,-39.67848383033243,18.974658966064453,3555.48,184.572,False,3708.3,3.74781,4223.1,186.911,False,864.002,3.01803,22.52275440590229,0.056362716326570764,22.477062832840993,0.0010973041094878102,22.33592156156645,0.04805380648598288,24.05871311273326,0.0037925656496107965
2025 KQ25,nan,MBO,MBO,21165827729536337,745288584568766731,10.550583,2.0365934,1.0610336,227.58209267327945,-39.67840599534786,2025052100155,76,60817.2333252631,g,227.5820529255963,-39.678386802325335,13.203713417053223,2226.94,166.9,False,2312.68,7.77453,2763.88,167.11,False,543.8,3.14297,23.030728738361887,0.08137146520121026,22.989711170495347,0.0036499164924455756,22.796202087909265,0.06564589835039528,24.56140201624352,0.006275168239267751
2025 KQ25,nan,MBO,MBO,21165827729536337,745288585104589292,10.551013,2.0365882,1.0610307,227.581270269974,-39.67829798083454,2025052100159,74,60817.23628496645,g,227.5812366248597,-39.678265189676594,16.530948638916016,2724.78,164.61,False,2760.18,0.878657,3337.06,164.309,False,472.402,3.72578,22.811671381100073,0.06559173049063916,22.79765651515256,0.00034562590919475064,22.591589942696892,0.053459102672542176,24.714220662457564,0.008563075895262978
2025 KQ25,nan,MBO,MBO,21165827729536337,745288585214689724,10.552757,2.0365665,1.0610188,227.57792988509703,-39.67785415118437,2025052100160,28,60817.24831933886,r,227.57788287985278,-39.67782450752866,20.8604793548584,5779.07,274.549,False,5881.22,0.726738,7106.99,269.231,False,1578.98,9.75562,21.99535514560869,0.05158058485887277,21.97633139671641,0.00013416360945045646,21.77078570328923,0.04113046746718295,23.4040584406966,0.006708147011275039
2025 KQ25,nan,MBO,MBO,21165827729536337,745288585352577226,10.552835,2.0365653,1.0610182,227.57777935403007,-39.67783395838567,2025052100161,35,60817.24886228235,r,227.57773187282632,-39.67780329436427,20.88507080078125,5799.56,276.326,False,5826.75,1.79003,6863.08,270.897,False,1185.76,6.73348,21.99151237444255,0.05173101533418986,21.986434037900437,0.0003335479266176836,21.808702334375784,0.042855784976744395,23.715008001251416,0.006165482841770203
2025 KQ25,nan,MBO,MBO,21165827729536337,745288585490464821,10.552906,2.0365646,1.0610178,227.5776446385453,-39.67781587315909,2025052100162,42,60817.24934808076,r,227.57758866045071,-39.67777851276274,23.729196548461914,5652.88,235.204,False,5859.59,0.9828,5831.26,230.335,False,588.411,8.23252,22.01932560674858,0.045175113906333574,21.98033195604275,0.0001821051605906522,21.98559402898696,0.04288662588600154,24.4757980226458,0.015190649001359576
2025 KQ25,nan,MBO,MBO,21165827729536337,745288585665052963,10.553001,2.0365634,1.0610172,227.57746254415696,-39.67779140644011,2025052100163,119,60817.25000592864,r,227.5774157102458,-39.67774908307501,15.451671600341797,4152.59,271.21,False,4242.2,1.48048,4211.9,268.384,False,549.239,6.02279,22.354202406389035,0.07091056855954898,22.33102210094186,0.00037890967287900797,22.338804896408874,0.06918355973546576,24.550596553585315,0.011905856913243211
2025 KQ25,nan,MBO,MBO,21165827729536337,745288585913565325,10.553159,2.0365613,1.0610161,227.57716021609136,-39.67775073153816,2025052100165,81,60817.25109657977,r,227.57711919379477,-39.67770489883773,14.114421844482422,3544.69,250.889,False,3530.43,4.62986,3527.92,248.185,False,238.977,6.59196,22.526054367792877,0.07684713850733522,22.530431008789954,0.0014238511003256335,22.531203203041656,0.07638025898954084,25.454109714993084,0.029949030374182162
2025 KQ25,nan,MBO,MBO,21165827729536337,745288586336141483,10.553454,2.0365577,1.061014,227.57659509194315,-39.67767452234351,2025052100168,119,60817.25313642433,r,227.57651510265606,-39.67767008884008,14.06153678894043,3637.32,256.294,False,3614.6,5.8905,3515.34,253.477,False,169.15,6.50395,22.49804620309166,0.0765034906261834,22.504849360023314,0.0017693600995657274,22.53508163311852,0.07828806161755966,25.82932003386711,0.04174740983130569
2025 KQ25,nan,MBO,MBO,21165827729536337,745288586964238422,10.553915,2.036552,1.061011,227.57571160239664,-39.67755491675868,2025052100173,37,60817.25632777852,r,227.5756581250404,-39.67752967055678,23.862957000732422,6076.51,251.997,False,6617.66,1.08917,5715.76,248.803,False,74.7277,7.09371,21.94086449950195,0.04502621907133909,21.848238848476452,0.00017869628411225423,22.00731508242483,0.047261331698666045,26.71629597154662,0.103066169416508
2025 KQ25,nan,MBO,MBO,21165827729536337,745288587523129615,10.554221,2.0365481,1.0610088,227.57512525194124,-39.677475226183375,2025052100177,79,60817.258446173575,r,227.575043076639,-39.67745979412061,17.217126846313477,4965.46,286.479,False,5174.33,2.99721,4466.23,284.879,False,107.27,5.48984,22.160101289248416,0.06264084876143788,22.115364676130298,0.0006289083589813388,22.275147293691607,0.06925380986699158,26.323804332421272,0.05556556601248246
2025 KQ25,nan,MBO,MBO,21165827729536337,745288588058952007,10.554519,2.0365443,1.0610069,227.5745560427003,-39.677397628435,2025052100181,77,60817.26050490688,r,227.57448945430332,-39.67734756643522,11.641435623168945,3248.17,276.746,False,3435.53,5.018,3442.84,275.987,False,40.3721,5.34779,22.620903148852413,0.09250536804866309,22.56001562755813,0.0015858468316952113,22.557707872050063,0.08703543288762726,27.384796626897092,0.14381934165593077
2025 KQ25,nan,MBO,MBO,21165827729536337,745288588167479380,10.55459,2.0365434,1.0610064,227.5744191728756,-39.67737893486013,2025052100182,28,60817.26099958194,r,227.5744173275799,-39.67733453251538,10.596993446350098,2976.98,280.337,False,3030.02,4.02798,2559.08,276.975,False,22.746,6.33845,22.71556021469423,0.10224188221850827,22.696386255193715,0.001443331571351386,22.87979031015144,0.11751167714924543,28.007737399136175,0.3025536142821166
2025 KQ25,nan,MBO,MBO,21165827729536337,745288590453375236,10.556489,2.0365195,1.0609937,227.5707812048857,-39.676877167205326,2025052100199,36,60817.27417764964,i,227.57072995255572,-39.676827573813405,15.900554656982422,6312.64,397.758,False,6519.53,0.172237,6442.46,395.639,False,-2.54815,6.48679,21.89947241924137,0.06841198725219258,21.864459315530652,2.86836545346187e-05,21.877370679632957,0.06667633126726243,nan,nan
2025 KQ25,nan,MBO,MBO,21165827729536337,745288591033761931,10.556775,2.036516,1.0609918,227.5702339541689,-39.67680087762822,2025052100203,119,60817.27616330091,i,227.57017826574685,-39.676771237970115,16.123693466186523,5954.93,368.245,False,6327.52,8.79301,6118.74,364.466,False,318.939,8.18147,21.962808316120803,0.06714048890879859,21.89691618027682,0.0015087884374255353,21.933344959986076,0.06467245219714889,25.14073094526915,0.02785146446982981
2025 KQ25,nan,MBO,MBO,21165827729536337,745288591376122167,10.5569935,2.0365133,1.0609903,227.56981667501285,-39.67674256581952,2025052100206,4,60817.27767844791,i,227.56976835287878,-39.67672530287013,11.829752922058105,4644.23,389.968,False,5016.3,3.91451,5130.67,386.93,False,588.439,7.44782,22.232715705766317,0.0911673978310503,22.149041288283023,0.0008472630044141241,22.12456481120766,0.08188090603212432,24.4757463303362,0.013742066157251136
2025 KQ25,nan,MBO,MBO,21165827729536337,745288591550185589,10.557065,2.0365124,1.0609899,227.5696789946938,-39.67672329928103,2025052100207,80,60817.27817853546,i,227.56963681220668,-39.67667081816975,9.991212844848633,3886.05,383.768,False,4052.2,21.2859,4368.18,382.934,False,387.157,7.50965,22.426229025945126,0.10722219539731861,22.380772832546356,0.005703290233762249,22.299248641112143,0.09518043687853821,24.930282173860988,0.021059928834348655
2025 KQ25,nan,MBO,MBO,21165827729536337,745288591657140711,10.557152,2.0365112,1.0609893,227.56951297597143,-39.67670004957655,2025052100208,28,60817.27878137833,i,227.56946410034104,-39.67667232423399,11.551687240600586,4551.97,392.536,False,4602.92,4.52823,4764.27,389.171,False,105.572,7.79732,22.25450147086645,0.09362771248905202,22.242416451419377,0.0010681183997352528,22.205009081098027,0.088688725018053,26.341128141715743,0.08019013200672546
2025 KQ25,nan,MBO,MBO,21165827729536337,745288592597713471,10.558346,2.0364962,1.0609814,227.56722554521616,-39.676377767140885,2025052100215,30,60817.287099503534,z,227.56707556328374,-39.67618656682063,7.504520893096924,5440.2,734.813,False,6252.82,83.7187,5108.7,716.549,False,205.652,18.6365,22.060962795736273,0.14665141657670847,21.90981021347142,0.014536868558959722,22.129223957985012,0.1522859385427236,25.61716769439361,0.09839108222865953
2025 KQ25,nan,MBO,MBO,21165827729536337,745288592754999388,10.558593,2.036493,1.0609798,227.56675291552511,-39.67631072845168,2025052100216,74,60817.288820734655,z,227.56671109480146,-39.67632577288071,7.887208938598633,5265.97,666.688,False,6041.49,52.2959,5964.26,655.836,False,901.161,19.7238,22.096304004152344,0.13745753519720474,21.947139805459656,0.00939826898517229,21.961108624180763,0.11938864435404092,24.012994016365802,0.023763616285913863
2025 KQ25,nan,MBO,MBO,21165827729536337,745288592872440098,10.558663,2.036492,1.0609794,227.5666189394317,-39.67629169730056,2025052100217,42,60817.28930842723,z,227.56653021250136,-39.6762209422428,6.905043601989746,4878.01,692.694,False,5039.39,49.4364,5122.04,683.068,False,857.291,20.8759,22.17939333644317,0.1541782320834282,22.14405504593168,0.01065106874862016,22.126392577419878,0.14479223997347818,24.067179319094837,0.026438770867049797
2025 KQ25,nan,MBO,MBO,21165827729536337,745288594345689376,10.559496,2.0364816,1.0609739,227.56502444343272,-39.67606426660856,2025052100228,36,60817.295121992924,z,227.56508881974105,-39.67608287027118,6.863815784454346,5106.63,724.133,False,nan,nan,4392.44,715.984,False,-320.626,23.5278,22.12966404425731,0.15396013191302674,nan,nan,22.293235419939762,0.17697903004708385,nan,nan
2025 KQ25,nan,MBO,MBO,21165827729536337,745288595268436379,10.56002,2.036475,1.0609705,227.5640205046563,-39.67592019287118,2025052100235,4,60817.29878632745,z,227.5640210162126,-39.675867950308785,9.614331245422363,6542.81,666.919,False,7008.53,32.5913,6289.92,656.566,False,-32.6753,27.6434,21.860589218321024,0.11067081335822822,21.785932691588528,0.005048927022057363,21.90338720900574,0.1133333115637674,nan,nan
2025 KQ25,nan,MBO,MBO,21165827729536337,745288595442499906,10.560098,2.036474,1.0609701,227.56387404425897,-39.67589911840312,2025052100236,80,60817.29932161764,z,227.56385471671436,-39.67590826768625,8.76771354675293,5861.18,646.852,False,6301.88,25.7408,5242.17,631.318,False,-6.02244,26.4839,21.980037319927266,0.11982409742139613,21.901324697418243,0.004434822616458952,22.101222264398466,0.13075592972161812,nan,nan
2025 KQ25,nan,MBO,MBO,21165827729536337,745288595550503034,10.560168,2.036473,1.0609696,227.56373773354517,-39.67587949159961,2025052100237,30,60817.29981996688,z,227.56377941773317,-39.675849123802514,6.9643144607543945,5239.6,727.251,False,nan,nan,4794.49,713.918,False,80.3397,24.6322,22.10175464609447,0.1506990420037615,nan,nan,22.198143904062775,0.1616702953339899,26.637674502130515,0.33288737706134325
2025 KQ25,nan,MBO,MBO,21165827729536337,745288595671089491,10.560238,2.0364723,1.0609691,227.5636044530736,-39.67586028919912,2025052100238,4,60817.30030609436,z,227.5635253522343,-39.67582321128845,8.384210586547852,6225.33,750.44,False,6735.83,32.7429,6422.16,742.285,False,829.046,17.0175,21.914594041380624,0.1308813942271823,21.829022192823672,0.005277768662150852,21.880797170425687,0.12549136894485763,24.103553402520994,0.022286477860805624
2025 KQ25,nan,MBO,MBO,21165827729536337,745288595840958664,10.56031,2.0364714,1.0609686,227.56346736130735,-39.675840525418245,2025052100239,72,60817.30080726347,z,227.56348383207845,-39.6758259949647,7.771976470947266,6199.45,799.297,False,6275.03,86.8046,6938.31,795.217,False,1341.0,15.8889,21.91911706162924,0.139984298725372,21.905960521032327,0.015019355137692016,21.796865740866085,0.12443892799714514,23.581428055371003,0.012864395055978292
2025 KQ25,nan,MBO,MBO,21165827729536337,745297387926847891,10.853632,2.0332758,1.0594047,227.1037743698245,-39.608959151672174,2025052300209,109,60819.07979429125,i,227.10373239216844,-39.60893997085987,17.202638626098633,3634.49,210.371,False,3395.43,1.01374,4027.99,211.856,False,337.582,30.1003,22.498891307243994,0.06284441947303152,22.572763068099707,0.00032415752379855314,22.387279043403904,0.057105338643154334,25.079051793082318,0.0968090278339848
2025 KQ25,nan,MBO,MBO,21165827729536337,745297388056347082,10.853727,2.033275,1.0594044,227.10364268775388,-39.60894050385809,2025052300210,100,60819.0802794506,i,227.1035941227865,-39.608938065782,16.942792892456055,3384.0,192.882,False,3526.05,0.766803,3751.52,191.926,False,380.007,39.9843,22.576424114082535,0.061885039821152,22.531778819019973,0.0002361128730261261,22.464481829119602,0.05554575217059009,24.95052104102307,0.11424105881707106
2025 KQ25,nan,MBO,MBO,21165827729536337,745297388192137539,10.853824,2.0332742,1.0594039,227.10350827984183,-39.608921459442925,2025052300211,103,60819.08077430007,i,227.1034646655349,-39.608903226064,21.36418914794922,4074.07,187.803,False,3774.57,0.22175,4543.98,187.455,False,397.434,43.2537,22.374928765020936,0.050049337954798385,22.457831270730985,6.37852803486795e-05,22.256408976688405,0.04479040029352902,24.901837481679088,0.1181632912210897
2025 KQ25,nan,MBO,MBO,21165827729536337,745297388296994832,10.853919,2.0332732,1.0594035,227.10337549080825,-39.60890263387987,2025052300212,47,60819.08126372041,i,227.10332599394417,-39.6088844828415,20.807222366333008,4230.79,199.364,False,3997.01,0.529046,5094.61,199.166,False,792.451,33.899,22.333946317042326,0.05116224369536292,22.395661910322634,0.00014370852055605785,22.132222669826646,0.042445200546758405,24.152568970930584,0.0464449792328541
2025 KQ25,nan,MBO,MBO,21165827729536337,745297388592693901,10.854112,2.0332716,1.0594028,227.10310906685456,-39.60886483117309,2025052300214,99,60819.08224434325,i,227.10305502676033,-39.608839373813396,24.671823501586914,5262.79,214.734,False,5172.4,0.498889,9929.3,209.922,False,4749.66,36.295,22.096959889936606,0.0443005458013004,22.115769762907572,0.00010472157196648505,21.40770344011154,0.02295427843630727,22.208343658856467,0.008296760666507726
2025 KQ25,nan,MBO,MBO,21165827729536337,745297388971753636,10.8544,2.033269,1.0594016,227.1027092186778,-39.608808017336415,2025052300217,54,60819.08371626666,i,227.10267601775413,-39.608793174822864,22.731651306152344,6123.26,263.485,False,5956.21,1.93288,31420.6,262.232,False,25286.6,31.0482,21.93254329049913,0.04671942706274476,21.96257500359692,0.00035233778811870673,20.156963828590357,0.00906140475211021,20.392773920131866,0.001333123314826431
2025 KQ25,nan,MBO,MBO,21165827729536337,745297389113311799,10.854496,2.033268,1.0594013,227.1025755534794,-39.608789003624935,2025052300218,68,60819.08420865002,i,227.10253923823683,-39.60876893675777,25.127830505371094,6275.82,246.456,False,5956.54,1.72751,22205.0,243.223,False,16031.3,52.2356,21.905823833231715,0.04263764777875853,21.962514836503544,0.0003148841629719018,20.53387305622576,0.011892637908107176,20.88757815994149,0.0035377094973398793
2025 KQ25,nan,MBO,MBO,21165827729536337,745297389692125478,10.85488,2.0332644,1.0593998,227.10204106482385,-39.60871286535338,2025052300222,148,60819.086175326986,i,227.10199605520876,-39.60870558070391,21.26549530029297,4651.64,215.263,False,4729.02,1.25743,6001.03,216.038,False,1280.98,29.1626,22.230984727057223,0.0502443925810345,22.213072118665416,0.00028869347645961907,21.95443554419253,0.039086670205681406,23.63114414370989,0.024717708827483965
2025 KQ25,nan,MBO,MBO,21165827729536337,745297389832110450,10.854976,2.0332634,1.0593994,227.10190816563784,-39.608693906853766,2025052300223,159,60819.08666459915,i,227.1018658633612,-39.608675936402044,20.63721466064453,4636.33,218.437,False,4343.68,1.53832,5632.1,216.95,False,982.465,34.5013,22.234564131293695,0.0511535959517179,22.30535539812374,0.0003845148794482262,22.02332408802359,0.04182284800067643,23.919207251017518,0.03812788280360617
2025 KQ25,nan,MBO,MBO,21165827729536337,745297390101070689,10.855167,2.0332618,1.0593987,227.10164206663487,-39.60865591457951,2025052300225,160,60819.08764379612,i,227.10159540772958,-39.60861143506439,16.979660034179688,3935.61,227.334,False,3862.99,1.69673,4627.57,226.871,False,652.698,38.4299,22.412469831865984,0.06271575365390175,22.43269104299001,0.00047688480025386145,22.236617548917856,0.05322924780220205,24.36321929842142,0.06392655580287306
2025 KQ25,nan,MBO,MBO,21165827729536337,745297390181810415,10.855264,2.0332608,1.0593983,227.10150886704287,-39.608636880741486,2025052300226,58,60819.08813322199,i,227.1014537064308,-39.608613657369894,18.78748321533203,3950.05,209.03,False,3876.42,2.31787,4187.89,207.598,False,190.861,26.949,22.408493504103355,0.057455332147642195,22.42892295787479,0.0006492060511677026,22.345011799838915,0.053821056688849005,25.698207055688485,0.15330269408712593
2025 KQ25,nan,MBO,MBO,21165827729536337,745297390648427369,10.855551,2.0332584,1.0593972,227.10110894034293,-39.60857966685845,2025052300229,180,60819.08960465375,i,227.10107882053285,-39.60854753062173,20.408157348632812,4492.88,216.191,False,4383.22,2.73433,4696.62,213.179,False,249.028,39.5951,22.268687980297447,0.05224408302381074,22.29551677414711,0.0006773013594780591,22.220536414999213,0.04928143080485939,25.409379548838693,0.17263052371404417
2025 KQ25,nan,MBO,MBO,21165827729536337,745297390720254427,10.855648,2.0332575,1.0593969,227.1009743438965,-39.60856038918314,2025052300230,61,60819.090099383415,i,227.1009339077967,-39.60853183713097,23.480993270874023,5046.86,214.751,False,4836.78,0.209723,5362.14,212.701,False,367.004,38.3936,22.1424468855051,0.046199607223394897,22.188609213133475,4.707757218215007e-05,22.076654600366073,0.04306809873925997,24.988323012297496,0.11358274652104768
2025 KQ25,nan,MBO,MBO,21165827729536337,745297390904279598,10.855743,2.0332565,1.0593965,227.10084191381256,-39.60854141084511,2025052300231,156,60819.09058623281,i,227.10080137703693,-39.60853297575329,25.813243865966797,5286.92,201.736,False,5092.42,2.13618,5627.62,200.197,False,367.06,59.1174,22.091993168923473,0.041429050188481906,22.13268947884907,0.000455447099602599,22.02418806637392,0.03862398904280292,24.988157356542963,0.17486488082988366
2025 KQ25,nan,MBO,MBO,21165827729536337,745297391151218857,10.855934,2.0332549,1.0593957,227.1005770267846,-39.60850341766507,2025052300233,115,60819.09156029132,i,227.10053306109162,-39.608479863605936,25.658851623535156,6076.91,231.701,False,5687.17,0.393885,6359.25,229.057,False,323.596,46.2432,21.94079296102133,0.04139705249609869,22.01275948914177,7.519648548915974e-05,21.891485253358592,0.03910767547671623,25.124992110600864,0.1551561621067729
2025 KQ25,nan,MBO,MBO,21165827729536337,745297391321612681,10.856028,2.033254,1.0593953,227.10044620195575,-39.608484637139405,2025052300234,184,60819.092041745054,i,227.10041513888487,-39.60846741341883,24.82586097717285,6058.74,241.995,False,5750.47,0.638422,6445.48,237.004,False,375.449,25.8462,21.944044168187595,0.043365900732679444,22.000741604205253,0.00012053934144567701,21.876861840420627,0.039923143329370935,24.963622605344145,0.07474292310289259
2025 KQ25,nan,MBO,MBO,21165827729536337,745297391419654244,10.856124,2.0332532,1.059395,227.10031292055197,-39.60846549297932,2025052300235,115,60819.092531925126,i,227.10027250407356,-39.608453295557545,25.145782470703125,6256.7,244.2,False,6224.97,0.519056,6747.81,242.144,False,423.635,22.9866,21.909136636945234,0.042376455577521656,21.914656805584556,9.05318252320054e-05,21.82709287673129,0.038961455973674876,24.832520391006845,0.05891246997987196
2025 KQ25,nan,MBO,MBO,21165827729536337,745297391688090008,10.856315,2.0332513,1.0593942,227.10004769182683,-39.60842736322039,2025052300237,115,60819.09350612063,i,227.10000706728022,-39.6084125740693,27.62160301208496,6345.35,224.43,False,6189.44,2.03422,6720.82,223.347,False,311.278,36.1241,21.893861027979263,0.03840162713349754,21.920871617094683,0.0003568378240838037,21.83144436817728,0.03608130118037178,25.167128878682192,0.1260006843897952
2025 KQ25,nan,MBO,MBO,21165827729536337,745297391798714929,10.857572,2.0332398,1.0593895,227.09829961847092,-39.60817494433446,2025052300238,70,60819.09992959938,z,227.09824483201905,-39.60815254618707,10.767497062683105,4427.04,401.334,False,4499.69,6.58013,4574.54,392.92,False,173.785,44.594,22.284716375386473,0.0984275873552041,22.26704352743697,0.0015877283934874159,22.2491314171301,0.09325691337482968,25.799969256539303,0.27860471971963835
2025 KQ25,nan,MBO,MBO,21165827729536337,745297391948660771,10.857667,2.0332391,1.0593891,227.0981659323342,-39.60815555991008,2025052300239,100,60819.100420095594,z,227.09812958022115,-39.60813071000583,12.171847343444824,4684.89,381.296,False,4724.06,0.545884,4832.32,372.0,False,260.325,142.699,22.22325147276028,0.08836639685886913,22.214211474222274,0.0001254611561564774,22.1896108247831,0.0835817749780919,25.361210256430414,0.5951540151127831
2025 KQ25,nan,MBO,MBO,21165827729536337,745297392082879019,10.857762,2.0332382,1.0593888,227.09803359997403,-39.60813636042872,2025052300240,100,60819.100906042106,z,227.09799037671314,-39.60812194321717,13.18064022064209,5115.54,381.529,False,5652.27,3.36246,5336.43,371.028,False,289.611,98.855,22.12777127946184,0.08097675637167358,22.01944274816657,0.0006458899584919784,22.08187292175527,0.07548839500265878,25.245462395363646,0.37060214898936666
2025 KQ25,nan,MBO,MBO,21165827729536337,745297392485007677,10.8580475,2.0332355,1.0593876,227.09763683088337,-39.6080787271465,2025052300243,99,60819.102363017635,z,227.09759425797873,-39.608053101660914,14.863853454589844,5361.32,352.158,False,5372.88,1.46716,5113.27,342.478,False,-297.34,122.673,22.07682071148794,0.07131652121738881,22.074482171244757,0.0002964794952157531,22.12825318154369,0.07272073625427322,nan,nan
2025 KQ25,nan,MBO,MBO,21165827729536337,745297393003528592,10.858431,2.033232,1.0593861,227.0971035280873,-39.60800110021084,2025052300247,64,60819.104321635255,z,227.0971077233895,-39.60793688510744,9.200952529907227,3885.55,414.931,False,3954.25,27.8233,3549.19,405.92,False,-218.865,54.7984,22.426368731564637,0.11594384405041823,22.407339691761592,0.0076395684397917414,22.52467689491274,0.12417539272067686,nan,nan
2025 KQ25,nan,MBO,MBO,21165827729536337,745297393583391247,10.858832,2.0332284,1.0593847,227.0965445017491,-39.60791952914504,2025052300251,146,60819.10637334062,z,227.09650089605344,-39.60790897661499,10.747269630432129,4023.88,363.491,False,3614.13,8.79188,3944.59,354.782,False,-195.449,112.171,22.388387479802237,0.09807830933862184,22.504990610085763,0.002641206143017888,22.409995302313007,0.09765265025327827,nan,nan
2025 KQ25,nan,MBO,MBO,21165827729536337,745297393992336278,10.859128,2.0332258,1.0593835,227.09613251147155,-39.60785928124975,2025052300254,158,60819.10788559858,z,227.09607435378462,-39.607848728078906,12.382125854492188,4941.56,393.322,False,4863.94,4.82756,4866.68,383.915,False,-247.507,96.8523,22.165339804877316,0.08641884762232917,22.18252949062782,0.0010776154062941043,22.181917983506327,0.08564984943978456,nan,nan
2025 KQ25,nan,MBO,MBO,21165827729536337,745297394072552053,10.859226,2.0332248,1.0593832,227.09599571250777,-39.607839251437774,2025052300255,55,60819.108387760905,z,227.0959673177101,-39.607816457717114,15.636896133422852,5483.32,353.436,False,5313.9,3.82597,5405.1,342.743,False,-178.463,135.797,22.052391055981353,0.0699828349618367,22.086466576578182,0.0007817223042404221,22.06799064721968,0.06884766049886404,nan,nan
2025 KQ25,nan,MBO,MBO,21165827729536337,745297394541265358,10.85952,2.0332222,1.0593821,227.0955860931961,-39.60777920146325,2025052300258,181,60819.10989085356,z,227.09557992024898,-39.60776156188095,13.024675369262695,4684.25,354.586,False,4881.33,4.78297,5402.17,347.66,False,631.654,114.653,22.22339983634594,0.08218751268824939,22.17865456031914,0.001063858325423728,22.06857939868128,0.06987322842138288,24.39880188754414,0.1970745290736229
2025 KQ25,nan,MBO,MBO,21165827729536337,745297394612568250,10.859619,2.0332212,1.0593817,227.0954479047697,-39.607758917880695,2025052300259,61,60819.110397827186,z,227.09539345616255,-39.607742458235045,13.308979034423828,4764.51,350.074,False,4566.49,1.03798,5747.6,346.445,False,995.47,125.519,22.204954446397707,0.07977484366876027,22.25104366692871,0.00024679181713373123,22.001283641281454,0.06544433868372032,23.90492959086097,0.1369006837448303
2025 KQ25,nan,MBO,MBO,21165827729536337,745297394795021001,10.859715,2.0332203,1.0593814,227.0953146163633,-39.60773934143749,2025052300260,153,60819.11088697922,z,227.09524206255395,-39.60770746449655,14.152142524719238,4962.78,349.514,False,4810.76,2.35916,5954.33,336.996,False,1020.64,129.383,22.160687488620297,0.07646521274671608,22.194465824677906,0.0005324367649720244,21.962917734798108,0.06144919002534348,23.877818522401324,0.13763501390576643
2025 KQ25,nan,MBO,MBO,21165827729536337,745297395041960226,10.859911,2.0332186,1.0593807,227.09504147879463,-39.6076991877647,2025052300262,112,60819.11188828145,z,227.09499764070216,-39.60766833366797,13.366827011108398,4279.26,315.189,False,4025.79,7.0429,4942.27,301.969,False,578.989,167.674,22.321578373908572,0.07996992992902707,22.387872197596526,0.0018994362684267214,22.165183826822442,0.06633766839068168,24.49332419235217,0.31442691264275474
2025 KQ25,nan,MBO,MBO,21165827729536337,745297395310395489,10.860107,2.0332167,1.0593799,227.0947685891524,-39.60765902048205,2025052300264,112,60819.11288963602,z,227.09474157942054,-39.607653128387305,9.435935020446777,3361.31,340.194,False,3412.14,12.6333,3832.07,331.426,False,451.319,128.407,22.58372856223188,0.10988600761843631,22.56743292930547,0.004019891165130329,22.441416396410908,0.09390256321323166,24.763790956430704,0.3089081697220217
2025 KQ25,nan,MBO,MBO,21165827729536337,745297395420496224,10.860744,2.033211,1.0593776,227.09388051199417,-39.60752795389935,2025052300265,66,60819.116146661625,r,227.09382239366082,-39.607496150286835,25.82814598083496,4326.11,165.657,False,4150.04,0.86129,4137.55,162.639,False,-150.683,11.0466,22.30975613918929,0.04157541200699215,22.354869283123367,0.0002253312505753243,22.358141913692663,0.04267817117822854,nan,nan
2025 KQ25,nan,MBO,MBO,21165827729536337,745297395552092488,10.86084,2.03321,1.0593772,227.0937468843147,-39.60750818613415,2025052300266,61,60819.11663625539,r,227.09370961593152,-39.60749406933091,27.559606552124023,4614.93,165.046,False,4325.37,0.228738,4483.64,161.581,False,-135.04,12.0809,22.239587163736182,0.038829714973797905,22.30994181126391,5.7416848934931786e-05,22.2709231294149,0.03912765731853109,nan,nan
2025 KQ25,nan,MBO,MBO,21165827729536337,745297395706757258,10.860936,2.0332093,1.0593768,227.09361325142584,-39.607488405414415,2025052300267,100,60819.11712660639,r,227.09356279826355,-39.607470711200506,27.746929168701172,4663.72,168.177,False,4298.41,0.136501,4486.93,166.309,False,-128.837,8.94261,22.228168778981406,0.03915240439317478,22.316730365726336,3.447881229862494e-05,22.270126721926648,0.040243039591067245,nan,nan
2025 KQ25,nan,MBO,MBO,21165827729536337,745297395812139125,10.8610325,2.0332084,1.0593765,227.09347934060133,-39.60746857131317,2025052300268,45,60819.11761797484,r,227.093437551457,-39.60745013655148,30.96880340576172,4912.26,156.659,False,4666.7,0.177379,4833.24,154.828,False,-108.909,37.0848,22.17179668824082,0.03462568196829679,22.22747524693201,4.126830333442833e-05,22.189404044704794,0.0347804702724232,nan,nan
2025 KQ25,nan,MBO,MBO,21165827729536337,745297396808810895,10.863584,2.0331852,1.0593672,227.0899199419315,-39.606936818462295,2025052300275,154,60819.13066281076,r,227.08988034772656,-39.60692538910068,28.549240112304688,3705.0,127.221,False,3568.21,0.561961,6280.06,126.3,False,2513.19,38.0809,22.47802946921163,0.037281631966122226,22.518873996870838,0.0001709936928675876,21.905090507300663,0.021835537350746597,22.899436717846736,0.016451526124804508
2025 KQ25,nan,MBO,MBO,21165827729536337,745297397077770584,10.863776,2.0331833,1.0593665,227.08965025436197,-39.60689616593071,2025052300277,155,60819.13165015192,r,227.08961802830376,-39.60685471436377,19.329519271850586,3067.89,157.795,False,3402.46,4.5809,17300.2,156.154,False,14213.9,36.172,22.682900578482872,0.05584416274398734,22.570517441833402,0.0014617803725015897,20.804872239417076,0.009800006157652325,21.018216830921446,0.0027630171789652814
2025 KQ25,nan,MBO,MBO,21165827729536337,745297397159035159,10.863873,2.0331826,1.0593661,227.08951649800184,-39.606875984371136,2025052300278,54,60819.13214026288,r,227.08947325925047,-39.60685075200089,18.705730438232422,2936.12,157.087,False,3919.65,10.612,20196.3,155.265,False,17205.5,36.0243,22.7305654533233,0.058088580332632186,22.416881804560003,0.0029395056694471373,20.636820425073033,0.008346916249415083,20.81083175513949,0.0022732781000381385
2025 KQ25,nan,MBO,MBO,21165827729536337,745297397697479211,10.864284,2.0331788,1.0593647,227.08894213328995,-39.606789177257454,2025052300282,57,60819.13424434215,r,227.0889027432317,-39.60677235203827,31.848731994628906,4231.05,131.817,False,4006.85,0.233777,5706.29,130.579,False,1438.56,39.0655,22.333879656138997,0.033825763667906204,22.392992262197808,6.334655606830783e-05,22.009115394542114,0.024845274462310617,23.50518000497398,0.02948422324418124
2025 KQ25,nan,MBO,MBO,21165827729536337,745297397862105458,10.86438,2.0331779,1.0593643,227.0888072707207,-39.60676876043707,2025052300283,115,60819.13473884479,r,227.08875182732092,-39.606752870231105,32.45104217529297,4514.21,137.126,False,4313.05,0.723053,5493.2,136.008,False,957.297,42.9951,22.263545613170017,0.03298089184798148,22.313038817088128,0.0001820161677426992,22.050436432933036,0.026882108737171433,23.947383258540313,0.04876369067528153
2025 KQ25,nan,MBO,MBO,21165827729536337,745297398375383763,10.864779,2.0331743,1.0593629,227.0882497768943,-39.6066842228008,2025052300287,70,60819.13678076528,r,227.08821183953293,-39.606662708261474,39.04883575439453,5090.44,127.583,False,4916.08,0.962722,5630.04,128.365,False,468.544,40.5799,22.13311170532289,0.027212084614477088,22.17095262874154,0.00021262105532511832,22.02372129143199,0.024754803326605117,24.723124033197564,0.0940339962796421
2025 KQ25,nan,MBO,MBO,21165827729536337,745297398643819245,10.86497,2.0331726,1.0593622,227.0879838483159,-39.60664381879944,2025052300289,70,60819.13775401536,r,227.087937495892,-39.60662421481412,33.594505310058594,4828.08,142.405,False,4575.74,0.0479661,5161.77,140.682,False,372.519,41.4171,22.190563838359154,0.032023964062597894,22.248846596234543,1.1381444094870163e-05,22.118003372917766,0.029591312205280877,24.972128892578354,0.12071341965448176
2025 KQ25,nan,MBO,MBO,21165827729536337,745297398819979613,10.865072,2.0331717,1.0593618,227.0878413248792,-39.60662214337847,2025052300290,150,60819.13827605197,r,227.08779522844,-39.606600497553764,33.561397552490234,4629.23,136.687,False,4465.29,0.175827,4865.06,134.416,False,213.473,46.8837,22.236228107252586,0.03205846790986143,22.275375816589534,4.275237090409421e-05,22.182279485120695,0.02999763956430198,25.57664257986763,0.23845324806256685
2025 KQ25,nan,MBO,MBO,21165827729536337,745297398888661438,10.865248,2.03317,1.0593612,227.08759531664165,-39.60658469503416,2025052300291,25,60819.13917746057,r,227.08753754322333,-39.606577953379045,25.757566452026367,4127.29,159.594,False,4060.71,0.50255,4076.73,156.406,False,-37.3706,10.169,22.36083752665649,0.041983232547376924,22.378495072976918,0.00013436978788678282,22.37422013201219,0.04165487143291492,nan,nan
2025 KQ25,nan,MBO,MBO,21165827729536337,745297399022878919,10.865817,2.0331647,1.0593592,227.08680018875532,-39.60646335664257,2025052300292,25,60819.14208991717,g,227.0867600618866,-39.60646505163305,28.26835060119629,2798.28,98.7994,False,2553.43,0.791081,2706.07,97.4693,False,-65.6597,25.2161,22.782772067450836,0.03833429278812448,22.882190137667124,0.000336373159966892,22.819152405979523,0.03910687618831274,nan,nan
2025 KQ25,nan,MBO,MBO,21165827729536337,745297399170203793,10.8659115,2.033164,1.0593588,227.08666775349647,-39.60644310191218,2025052300293,50,60819.142574563484,g,227.08662186320308,-39.60642288450396,30.848705291748047,2783.27,89.5437,False,2805.42,0.0831655,2741.32,88.9614,False,-59.4222,24.1117,22.78861164612693,0.034930437071542655,22.780005308297895,3.218619427627908e-05,22.805100636427476,0.035234344599856644,nan,nan
2025 KQ25,nan,MBO,MBO,21165827729536337,745297399308091883,10.866008,2.033163,1.0593585,227.0865334056226,-39.60642254155596,2025052300294,57,60819.143066219345,g,227.08649440474565,-39.60641188593661,32.1573600769043,2966.75,91.673,False,2922.48,0.964258,2953.55,90.7522,False,-60.7149,29.4597,22.71929762240721,0.033549402990313136,22.735621137884706,0.0003582333650802066,22.724139163720494,0.03336085206063649,nan,nan
2025 KQ25,nan,MBO,MBO,21165827729536337,745297399433396462,10.866103,2.033162,1.0593581,227.08639987586355,-39.60640209330535,2025052300295,40,60819.14355531035,g,227.08635516564678,-39.60638433870638,32.85756301879883,3155.59,94.459,False,2985.78,0.900624,3133.39,94.5412,False,-55.7527,33.1794,22.652298541959187,0.03250027820824946,22.712355477781266,0.00032749902849759564,22.659963904544945,0.03275902642886435,nan,nan
2025 KQ25,nan,MBO,MBO,21165827729536337,745297399708647602,10.866318,2.0331602,1.0593574,227.08609977124857,-39.60635608867784,2025052300297,53,60819.14465413257,g,227.0860636244588,-39.60632661578687,36.88181686401367,3377.39,91.4199,False,3183.65,0.095559,3399.57,91.6917,False,-33.5819,27.7736,22.578547001638412,0.029388935634419532,22.642686741343418,3.258896870730273e-05,22.571440007942403,0.029283997824977773,nan,nan
2025 KQ25,nan,MBO,MBO,21165827729536337,745297400102912402,10.866621,2.0331573,1.0593563,227.0856767774371,-39.60629113328795,2025052300300,37,60819.146203793265,g,227.08563293482806,-39.606273549439486,38.443546295166016,3525.34,90.5722,False,3277.53,0.0858069,3444.76,89.8923,False,-52.2438,21.6395,22.53199745117093,0.027894475691076892,22.61113330134627,2.8424958973004597e-05,22.55710257304477,0.02833269317058942,nan,nan
2025 KQ25,nan,MBO,MBO,21165827729536337,745297400223498502,10.866718,2.0331566,1.059356,227.08554078433485,-39.606270222033935,2025052300301,11,60819.146701661426,g,227.08548901009001,-39.60625034868506,33.8856201171875,3515.42,102.847,False,3428.91,0.670489,3454.41,101.924,False,-73.2899,30.2105,22.535056976140588,0.031764259765512594,22.562109812429714,0.00021230484765654667,22.554065322100637,0.03203516191163604,nan,nan
2025 KQ25,nan,MBO,MBO,21165827729536337,745297400807555447,10.867114,2.033153,1.0593547,227.0849869757616,-39.60618492339727,2025052300305,101,60819.14872900977,g,227.08495591562493,-39.606167566215795,22.27374839782715,2157.07,94.9206,False,2079.43,0.559346,2264.0,94.2049,False,155.626,17.6196,23.065339368574662,0.04777718372554438,23.105139272540136,0.0002920522667782007,23.012808943709416,0.04517741761115448,25.919794562910017,0.12292442833743696
2025 KQ25,nan,MBO,MBO,21165827729536337,745297400925520280,10.86721,2.033152,1.0593543,227.0848523459128,-39.60616415313912,2025052300306,70,60819.14922298054,g,227.08480853199404,-39.60614123220744,17.857126235961914,1827.56,101.753,False,1775.38,0.233727,2018.15,100.147,False,212.538,16.5425,23.245320855094512,0.06045049722662702,23.276771689113225,0.00014293608007975834,23.13761638123217,0.05387767303147913,25.58140855489677,0.08450625838543323
2025 KQ25,nan,MBO,MBO,21165827729536337,745297401774342447,10.867827,2.0331464,1.0593522,227.08398885616515,-39.60603061638649,2025052300312,153,60819.152384209025,g,227.08395470051707,-39.60600627301806,25.186431884765625,2655.81,104.771,False,2442.47,1.59509,3070.98,103.706,False,437.255,11.881,22.83950747146635,0.04283200584431076,22.930426917680187,0.0007090555945235381,22.681807536717375,0.036664960683035625,24.798163027061474,0.0295013921682348
2025 KQ25,nan,MBO,MBO,21165827729536337,745297401854033930,10.867924,2.0331457,1.0593518,227.083854499738,-39.60600978849763,2025052300313,49,60819.15287667574,g,227.0838204516855,-39.605986314625284,27.920175552368164,2681.86,95.171,False,2515.16,0.448042,3197.81,94.8209,False,517.247,14.2413,22.82890969946913,0.03852945105996397,22.89858599397651,0.00019340934310583754,22.637868339400057,0.032194058487408146,24.615755029365097,0.029893444201535457
2025 KQ25,nan,MBO,MBO,21165827729536337,745297401998737500,10.868022,2.0331447,1.0593514,227.0837168668247,-39.60598843869888,2025052300314,69,60819.15338005674,g,227.08367068521335,-39.605975057506114,29.826065063476562,2818.34,94.292,False,2712.45,0.555197,3408.9,93.2647,False,571.197,14.4526,22.775016504838696,0.03632501218008519,22.81659566615845,0.0002222335877421004,22.56846437760979,0.02970485092495111,24.508035164653027,0.02747162531918467
2025 KQ25,nan,MBO,MBO,21165827729536337,745297402178568368,10.86812,2.0331438,1.0593511,227.08358005344687,-39.6059672019811,2025052300315,156,60819.15388122112,g,227.083537936603,-39.60593986043696,29.39003562927246,2841.84,96.0841,False,2724.08,0.705639,3483.57,95.7042,False,587.762,15.1969,22.766000909354076,0.03670930860273477,22.811950324702245,0.00028124643656862844,22.54493862415854,0.02982845576716671,24.476996194230633,0.02807228820118103
2025 KQ25,nan,MBO,MBO,21165827729536337,745297402260357236,10.868219,2.0331428,1.0593507,227.08344160226983,-39.60594569676709,2025052300316,56,60819.154388640745,g,227.0833939281326,-39.60591395650695,29.304311752319336,2924.03,99.5934,False,2841.64,0.767578,3528.67,99.3136,False,563.114,13.4384,22.735045428899873,0.036980522777728855,22.766077397456314,0.00029327686208223766,22.53097241106574,0.030557794309977886,24.5235091616482,0.025910485889813196
2025 KQ25,nan,MBO,MBO,21165827729536337,745297402425508278,10.868318,2.033142,1.0593505,227.0833036979073,-39.60592426220393,2025052300317,115,60819.154893394865,g,227.08324454555185,-39.60590049893321,27.784305572509766,2799.05,100.624,False,2641.02,1.51989,3224.06,100.067,False,450.108,13.4598,22.782473339994333,0.03903149945808749,22.845570766824604,0.0006248341680774793,22.62899219161455,0.03369861735975792,24.76670816601434,0.0324673008696623
2025 KQ25,nan,MBO,MBO,21165827729536337,745297402513064476,10.868416,2.0331411,1.0593501,227.0831668865899,-39.60590298343318,2025052300318,26,60819.15539483809,g,227.08311131523345,-39.60587769875051,25.964017868041992,2830.11,108.283,False,2637.88,0.91341,3244.0,107.871,False,376.028,10.5578,22.770491669037764,0.041541412129835385,22.846862460392824,0.0003759543115990219,22.622297886152204,0.036103407068161224,24.96194949428959,0.03048439360698795
2025 KQ25,nan,MBO,MBO,21165827729536337,745297403729412138,10.8700285,2.0331264,1.0593446,227.08090926671585,-39.605549808023625,2025052300327,42,60819.16366277292,u,227.08095835592778,-39.60549569697405,6.479185581207275,1300.11,201.643,False,1571.34,13.5783,1439.56,197.551,False,176.3,71.4446,23.61504976536601,0.1683943003548529,23.409324608522255,0.009382089647457084,23.504425528993657,0.14899570611119886,25.78436920045757,0.4399886031330268
2025 KQ25,nan,MBO,MBO,21165827729536337,745297405778853927,10.871793,2.0331101,1.0593387,227.0784393485848,-39.60515897186847,2025052300342,111,60819.17271088001,u,227.07835975724828,-39.605139694767445,5.073715686798096,980.023,188.188,False,1109.27,9.57766,1288.45,184.051,False,266.919,69.1339,23.92190931814381,0.20848748101499695,23.787406811546557,0.00937446393484212,23.624831116535177,0.15509397821286663,25.33405125138717,0.28121332773189706
2025 KQ25,nan,MBO,MBO,21165827729536337,745306290305630546,11.317242,2.0293822,1.0584092,226.54399511816067,-39.5041148423498,2025052501001,81,60821.28512016622,g,226.54393302382087,-39.50409235727794,14.233733177185059,2190.29,154.172,False,2250.04,0.726627,2082.42,154.694,False,-161.5,3.78341,23.04874592976726,0.07642372288318025,23.019524384066937,0.00035062719734649776,23.1035792252909,0.08065466285623069,nan,nan
2025 KQ25,nan,MBO,MBO,21165827729536337,745306290440897110,11.317356,2.0293815,1.0584091,226.5438686820013,-39.504086117468965,2025052501002,83,60821.28561045133,g,226.5438348149541,-39.50409447289764,15.760407447814941,2444.28,154.557,False,2539.8,0.810734,2325.86,154.805,False,-168.703,3.01731,22.929622601421798,0.06865340141452572,22.888001181982382,0.0003465797350400143,22.983541025396605,0.07226461500804532,nan,nan
2025 KQ25,nan,MBO,MBO,21165827729536337,745306290578784447,11.317471,2.0293806,1.0584091,226.54374252362712,-39.50405744220845,2025052501003,90,60821.28609988717,g,226.54374646890005,-39.50403394902238,18.466970443725586,2684.05,144.116,False,2733.67,1.78145,2406.03,144.805,False,-139.217,3.48528,22.828023475610046,0.058296959118718315,22.808134814181308,0.0007075414564582827,22.94674739149652,0.06534416497859612,nan,nan
2025 KQ25,nan,MBO,MBO,21165827729536337,745306290983010538,11.317812,2.029378,1.058409,226.54336391006524,-39.50397130416904,2025052501006,93,60821.287567510604,g,226.5433197449068,-39.5039508512214,21.9585018157959,3308.86,149.607,False,3449.71,0.678103,3176.68,149.294,False,-126.852,3.59487,22.60080398407907,0.04909054033118978,22.555543543229465,0.00021342113344848147,22.64506635144707,0.051026200729428074,nan,nan
2025 KQ25,nan,MBO,MBO,21165827729536337,745306291107790985,11.317926,2.0293772,1.0584089,226.54323783150377,-39.50394259328319,2025052501007,75,60821.28805664069,g,226.54323661755765,-39.50392500991144,18.834543228149414,3529.17,184.865,False,3464.97,4.99952,3418.08,185.429,False,-147.153,2.84831,22.53081857699886,0.05687304207503325,22.550751312164664,0.0015665820270549542,22.565544417320513,0.058900603566399444,nan,nan
2025 KQ25,nan,MBO,MBO,21165827729536337,745306291410829367,11.318154,2.0293756,1.0584089,226.5429852189561,-39.50388502748246,2025052501009,141,60821.289036242364,g,226.54296979233158,-39.50388815089285,23.528474807739258,3703.13,156.898,False,3929.35,3.64026,3657.64,158.15,False,-102.005,2.95787,22.478577638321205,0.046001582178040984,22.414198186619913,0.0010058564286827062,22.491997636408612,0.04694534705401501,nan,nan
2025 KQ25,nan,MBO,MBO,21165827729536337,745306291513065998,11.318269,2.0293746,1.0584087,226.5428589429831,-39.503856231344976,2025052501010,80,60821.28952667971,g,226.54282461182356,-39.5038371527507,21.80191421508789,3588.33,163.753,False,3704.31,1.56008,3575.71,164.589,False,-68.0217,2.98914,22.512769036342092,0.04954743943871828,22.478231672752898,0.0004572606956105995,22.516594289198743,0.049976156640490196,nan,nan
2025 KQ25,nan,MBO,MBO,21165827729536337,745306291646759287,11.318381,2.029374,1.0584087,226.54273397544247,-39.50382772038083,2025052501011,79,60821.290011531004,g,226.54268334066808,-39.50382100380034,23.126771926879883,3487.1,150.335,False,3575.18,2.35347,3521.72,150.913,False,-29.397,4.37917,22.543838964915505,0.04680799376579648,22.516755240355003,0.0007147186237293453,22.533112949721815,0.04652604498230071,nan,nan
2025 KQ25,nan,MBO,MBO,21165827729536337,745306292033159448,11.318724,2.0293713,1.0584086,226.5423550722915,-39.50374119461195,2025052501014,48,60821.29148228136,g,226.54230047617423,-39.50370830626953,17.151493072509766,2806.67,163.088,False,2906.66,0.334372,2786.41,164.962,False,-91.3499,2.66093,22.779521648799857,0.06308919406527229,22.74151444752138,0.00012489930443393624,22.787387484073058,0.06427813119943544,nan,nan
2025 KQ25,nan,MBO,MBO,21165827729536337,745306292162134148,11.318838,2.0293703,1.0584086,226.5422291553697,-39.50371241375537,2025052501015,38,60821.29197174951,g,226.54219845274056,-39.503690475879516,14.44151782989502,2565.92,175.563,False,2632.13,1.05499,2259.59,178.081,False,-135.103,2.41764,22.876892253408645,0.07428724003990407,22.84923171052037,0.00043517643406331796,23.014925847611277,0.0855681670865124,nan,nan
2025 KQ25,nan,MBO,MBO,21165827729536337,745306292278526030,11.318951,2.0293696,1.0584085,226.5421042887423,-39.503683859854526,2025052501016,4,60821.292456395386,g,226.54208050420587,-39.5036888742926,15.562743186950684,2705.88,174.354,False,2680.69,1.01323,2449.58,175.657,False,-128.671,2.60373,22.819228715382163,0.06995966660899758,22.829383538078496,0.0004103795970647082,22.92727089662307,0.07785708403825432,nan,nan
2025 KQ25,nan,MBO,MBO,21165827729536337,745306292413792755,11.319067,2.0293686,1.0584085,226.54197558124537,-39.50365441399043,2025052501017,6,60821.29295633067,g,226.54195495207148,-39.50363923355748,12.776376724243164,2319.48,181.727,False,2455.52,2.68546,1934.36,184.435,False,-165.945,2.43952,22.98652342885839,0.08506544155478704,22.924641301930606,0.0011874068318100948,23.18365675078326,0.10352145194807066,nan,nan
2025 KQ25,nan,MBO,MBO,21165827729536337,745306292613546292,11.3191805,2.0293677,1.0584085,226.5418494687259,-39.503625548378736,2025052501018,131,60821.29344660387,g,226.54184054037455,-39.50359836327357,13.093023300170898,2056.08,155.026,False,2151.34,4.34198,1923.74,156.076,False,-156.16,2.96405,23.11739993721408,0.08186322299889047,23.06822732524074,0.0021913061963867385,23.189634067280352,0.08808745939043328,nan,nan
2025 KQ25,nan,MBO,MBO,21165827729536337,745306292956430866,11.319523,2.0293653,1.0584084,226.5414709980664,-39.50353884139592,2025052501021,17,60821.29491702103,g,226.54144253229535,-39.5035458792606,12.874550819396973,2157.61,165.423,False,2279.46,1.48498,1994.13,167.404,False,-150.287,2.90949,23.065067580195773,0.08324291033311113,23.005420079609884,0.0007073151373630204,23.150616329500785,0.09114580831281963,nan,nan
2025 KQ25,nan,MBO,MBO,21165827729536337,745306293148844362,11.319637,2.0293643,1.0584083,226.54134522557916,-39.50351000071295,2025052501022,128,60821.295406075245,g,226.54133835012274,-39.50350225184186,17.38467788696289,2767.33,157.935,False,2907.46,0.0873717,2596.81,159.947,False,-145.798,2.6949,22.79484759134285,0.06196432662775635,22.7412156432302,3.2627316869685714e-05,22.863899538249996,0.06687445426633735,nan,nan
2025 KQ25,nan,MBO,MBO,21165827729536337,745306293236924762,11.31975,2.0293634,1.0584083,226.54122024532296,-39.50348132866004,2025052501023,40,60821.29589210797,g,226.54120876148951,-39.50347850402759,17.09432029724121,2870.22,167.104,False,2949.52,3.20723,2693.16,169.493,False,-148.558,2.59957,22.755212045271538,0.06321148513109047,22.725621629401225,0.0011806008448265863,22.824344646656137,0.06833039568761229,nan,nan
2025 KQ25,nan,MBO,MBO,21165827729536337,745306293378482274,11.319863,2.0293627,1.0584083,226.5410947714094,-39.503452530297736,2025052501024,54,60821.29638096117,g,226.54106466820497,-39.503422194981056,17.77661895751953,3121.11,175.925,False,3201.58,0.424058,2893.68,178.264,False,-150.29,2.34078,22.66422727474628,0.06119878458669822,22.636589077756742,0.0001438087137489241,22.746373769090827,0.06688634942168933,nan,nan
2025 KQ25,nan,MBO,MBO,21165827729536337,745306293526856106,11.319978,2.0293617,1.0584081,226.5409685471393,-39.50342354652724,2025052501025,81,60821.2968711151,g,226.54094239269082,-39.503424068939395,18.36475372314453,2890.95,156.935,False,2960.33,0.937364,2807.3,159.126,False,-120.63,3.18846,22.747398567189688,0.058939107048160626,22.721649655531596,0.0003437893699867671,22.77927791694769,0.061542715064447646,nan,nan
2025 KQ25,nan,MBO,MBO,21165827729536337,745306293626994950,11.320091,2.029361,1.0584081,226.54084337185924,-39.50339479057623,2025052501026,16,60821.29735805776,g,226.54078424676547,-39.50338612275457,16.781494140625,3059.46,181.998,False,3049.84,5.66784,2924.41,183.265,False,-126.387,2.91211,22.685888065073122,0.0645871563966619,22.68930732849153,0.0020177382806125773,22.734904381876117,0.06804020328285493,nan,nan
2025 KQ25,nan,MBO,MBO,21165827729536337,745306293795291638,11.320204,2.02936,1.0584081,226.5407187312804,-39.50336614455928,2025052501027,81,60821.29784368894,g,226.54068578510083,-39.503343122814115,20.64580726623535,3525.34,167.718,False,3702.84,0.231095,3287.19,168.475,False,-123.793,2.79978,22.53199745117093,0.05165388381487142,22.478662607836352,6.776101680843717e-05,22.60793800164464,0.055646134535560596,nan,nan
2025 KQ25,nan,MBO,MBO,21165827729536337,745306293887566039,11.320317,2.0293593,1.058408,226.5405935975984,-39.50333737227672,2025052501028,1,60821.29833061307,g,226.54055147408832,-39.503311378694136,16.89236831665039,3721.87,218.483,False,3916.35,6.6074,3714.84,221.738,False,-113.933,2.64297,22.47309696649579,0.0637354065592521,22.41779622968242,0.001831780396497423,22.47514969126016,0.06480736075622401,nan,nan
2025 KQ25,nan,MBO,MBO,21165827729536337,745306294060056872,11.320431,2.0293584,1.058408,226.54046797087165,-39.50330847360167,2025052501029,74,60821.29881961666,g,226.5404450577347,-39.50330446040706,19.457788467407227,3338.81,171.183,False,3354.46,1.22756,3356.76,172.292,False,-89.3456,2.91396,22.591020717002415,0.05566641288947536,22.585943468814204,0.00039732368192903824,22.585199268387434,0.05572744841176607,nan,nan
2025 KQ25,nan,MBO,MBO,21165827729536337,745306294181691769,11.320544,2.0293574,1.058408,226.54034236532743,-39.50327956676484,2025052501030,50,60821.299308234506,g,226.54033096868977,-39.503269705342106,19.629262924194336,3031.73,153.965,False,2942.71,0.649094,2914.33,154.36,False,-63.6263,3.06374,22.695773703852005,0.05513860794543927,22.72813135169263,0.0002394883796791406,22.738653153558193,0.05750695245096299,nan,nan
2025 KQ25,nan,MBO,MBO,21165827729536337,745315055913926817,11.787499,2.0261066,1.0583508,226.0874155590775,-39.397268542143216,2025052700774,48,60823.17480608987,i,226.08742121588838,-39.39727477158773,12.929483413696289,4442.24,339.673,False,4886.94,9.7002,6302.31,346.224,False,1682.72,4.20799,22.28099489675035,0.0830201112337917,22.177407495623825,0.0021551028961836185,21.90125058596444,0.059646054732471636,23.334970377465545,0.002715108488556589
2025 KQ25,nan,MBO,MBO,21165827729536337,745315056071213228,11.787634,2.0261059,1.0583509,226.0872915544649,-39.3972379116088,2025052700775,92,60823.17529632947,i,226.08724640675842,-39.39722420333922,15.584386825561523,4714.96,301.103,False,4969.97,0.132684,5316.73,302.611,False,697.183,4.1406,22.21630497726241,0.06933641594494984,22.1591155349915,2.8986055102232452e-05,22.08588848884696,0.06179657640086762,24.291633053856156,0.006448234765435112
2025 KQ25,nan,MBO,MBO,21165827729536337,745315056205430859,11.787767,2.026105,1.0583509,226.0871678094001,-39.39720733076097,2025052700776,92,60823.175785560736,i,226.0871785008314,-39.39716975569238,17.47650146484375,5497.25,313.034,False,6039.96,0.707504,6315.3,320.343,False,887.256,4.57786,22.04963628012905,0.06182588447118902,21.9474148507988,0.00012718009473991024,21.899015068658077,0.0550738666015257,24.029877660424475,0.005601932603873833
2025 KQ25,nan,MBO,MBO,21165827729536337,745315056363766148,11.787901,2.0261042,1.058351,226.08704407070013,-39.39717673706477,2025052700777,138,60823.17627479702,i,226.0870325732173,-39.39715326484837,17.78485870361328,5684.05,317.94,False,5890.07,3.94732,6350.29,323.807,False,425.504,4.37519,22.013355313399863,0.06073116588578191,21.97469889202496,0.0007276226507953078,21.893016096420542,0.055362666667748445,24.82774088791728,0.011163941990333354
2025 KQ25,nan,MBO,MBO,21165827729536337,745315056463905151,11.788039,2.0261033,1.0583512,226.0869157842146,-39.39714500371508,2025052700778,73,60823.17678125602,i,226.08690872964758,-39.39712930501551,17.911968231201172,5855.65,325.041,False,5944.99,1.03523,5889.45,334.64,False,21.0757,4.45145,21.98106224194101,0.06026807808645161,21.964622136112187,0.00018906452171771793,21.974813116294968,0.061691799304760174,28.09054494079805,0.229320976974481
2025 KQ25,nan,MBO,MBO,21165827729536337,745315056609657243,11.788173,2.0261025,1.0583513,226.08679205894924,-39.3971143839334,2025052700779,95,60823.17727072349,i,226.08675711729802,-39.397123633778186,19.79796600341797,6230.52,313.617,False,6539.62,0.713665,6198.22,319.218,False,-243.04,4.49916,21.913689260483736,0.054651190435393175,21.861118697156062,0.00011848577195023411,21.919332494736633,0.05591710422479477,nan,nan
2025 KQ25,nan,MBO,MBO,21165827729536337,745315056712941862,11.788312,2.0261016,1.0583514,226.08666328055529,-39.39708249823921,2025052700780,36,60823.17777963197,i,226.08663603255795,-39.397079382943815,20.90005874633789,6488.77,309.132,False,6354.72,6.70997,6497.86,314.874,False,-324.534,4.52954,21.869594045500982,0.051725641528459904,21.892258914436745,0.001146432433328403,21.868074147859218,0.052612721918148385,nan,nan
2025 KQ25,nan,MBO,MBO,21165827729536337,745315057031184705,11.788611,2.0260997,1.0583516,226.0863860145836,-39.397013793607,2025052700782,131,60823.17887512216,i,226.08638293118966,-39.396994568267274,21.570880889892578,6290.94,290.04,False,6037.21,0.119888,6108.51,291.13,False,-333.449,4.57126,21.903211152337263,0.05005721577993414,21.947909300182886,2.156074464277857e-05,21.935161818708274,0.05174590836728234,nan,nan
2025 KQ25,nan,MBO,MBO,21165827729536337,745315057139187761,11.788746,2.0260987,1.0583518,226.08626130687568,-39.39698286815245,2025052700783,81,60823.17936857181,i,226.0862435093534,-39.396951444786,19.740968704223633,6248.07,317.293,False,6786.13,1.64872,6334.97,324.134,False,-166.827,4.28457,21.910635314302773,0.05513646718315597,21.820944581131556,0.00026378437410833907,21.89563855674985,0.055552592983666785,nan,nan
2025 KQ25,nan,MBO,MBO,21165827729536337,745315057252958359,11.788878,2.026098,1.0583519,226.08613862968664,-39.39695243185082,2025052700784,42,60823.179853692534,i,226.08614464404158,-39.39694256369216,17.845691680908203,5564.83,311.016,False,5756.04,2.54846,5653.3,315.465,False,17.0926,4.48358,22.03637023073079,0.06068133566986263,21.99969048442222,0.00048070466447242634,22.019244956273234,0.060586167316642375,28.3179796848034,0.2848007495876306
2025 KQ25,nan,MBO,MBO,21165827729536337,745315057402905079,11.789011,2.026097,1.0583519,226.08601570661816,-39.39692192022741,2025052700785,72,60823.180339068014,i,226.08598183999135,-39.39689616587861,14.612919807434082,4822.77,328.02,False,4843.95,4.89588,5945.72,335.976,False,886.09,4.53728,22.19175861879571,0.07384618725632759,22.187000827123533,0.0010973759426091245,21.964488827639478,0.061351915035125576,24.031305378746545,0.005559580976664965
2025 KQ25,nan,MBO,MBO,21165827729536337,745315057538695651,11.789145,2.0260963,1.058352,226.085891273186,-39.396891019095165,2025052700786,75,60823.180831620106,i,226.08587116107068,-39.39686475624265,15.477660179138184,5050.38,324.06,False,5615.78,7.81128,6323.19,330.914,False,1347.22,4.48358,22.14168988400817,0.06966677359471392,22.026474826967085,0.0015102068778108627,21.89765943070116,0.0568202624594671,23.57640371992972,0.003613355918772306
2025 KQ25,nan,MBO,MBO,21165827729536337,745315057665048997,11.78928,2.0260954,1.0583521,226.08576659425165,-39.39686004224059,2025052700787,60,60823.181324098354,i,226.08571789661528,-39.39685448627028,14.172142028808594,4284.21,302.223,False,4623.56,7.52894,6262.63,303.385,False,2258.31,4.38549,22.320323133441413,0.07659158800691111,22.23755874162392,0.001767997572407418,21.90810813512558,0.05259708704604277,23.01554107775931,0.002108428462265274
2025 KQ25,nan,MBO,MBO,21165827729536337,745315057796121015,11.7894125,2.0260947,1.0583522,226.08564419860335,-39.39682961829703,2025052700788,54,60823.18180886337,i,226.0855995123284,-39.39680710537418,15.348812103271484,4648.74,303.641,False,5083.4,6.54866,8725.0,310.064,False,4103.05,4.33367,22.2316618023899,0.07091685075638192,22.134614309380048,0.0013986932320308417,21.548086410921954,0.038584264247077435,22.367233028342113,0.0011467622363139742
2025 KQ25,nan,MBO,MBO,21165827729536337,745315057913037243,11.789545,2.0260937,1.0583524,226.08552155727176,-39.39679911898367,2025052700789,21,60823.18229364473,i,226.08552673012176,-39.39677921748499,13.126721382141113,4029.11,305.628,False,4055.1,15.4411,9243.29,312.048,False,5102.73,4.52766,22.386977160151336,0.08235847764592366,22.37999605256966,0.0041342904092207125,21.48543354827831,0.03665381204060509,22.13049353120503,0.0009633753476112412
2025 KQ25,nan,MBO,MBO,21165827729536337,745315058045157824,11.789679,2.026093,1.0583525,226.0853976591056,-39.39676829256516,2025052700790,17,60823.18278390881,i,226.08537627233008,-39.396762182661185,14.275128364562988,4316.93,298.425,False,4502.09,3.1052,10861.6,301.087,False,6558.41,4.44033,22.312062439465507,0.07505583839856562,22.26646460615998,0.0007488584716800691,21.3102655265624,0.030096953905068936,21.858003566213753,0.0007350908159441162
2025 KQ25,nan,MBO,MBO,21165827729536337,745315058237047130,11.789821,2.026092,1.0583526,226.08526593079023,-39.39673550192159,2025052700791,127,60823.18330405966,i,226.0852603629732,-39.396747259543574,15.738236427307129,4524.52,285.128,False,4315.44,3.63963,11801.6,287.712,False,7309.35,4.74311,22.261068714586386,0.06842135324436037,22.312437307875598,0.0009157069041961421,21.22014780918339,0.026469237338969297,21.740303090282918,0.000704545052114383
2025 KQ25,nan,MBO,MBO,21165827729536337,745315058605621696,11.79024,2.0260894,1.058353,226.08487762309997,-39.39663874554562,2025052700794,62,60823.18484059785,i,226.08485206103492,-39.39663152007849,18.484127044677734,5591.55,301.352,False,5963.33,3.2947,12775.8,305.434,False,7208.78,4.46826,22.03116950607201,0.058514862081519174,21.961277878052357,0.0005998619775038019,21.134029755401997,0.025956945686061942,21.755345602910555,0.0006729781730180904
2025 KQ25,nan,MBO,MBO,21165827729536337,745315058774442089,11.790377,2.0260885,1.0583531,226.0847512374335,-39.39660722237244,2025052700795,128,60823.18534069705,i,226.08474911100174,-39.396598769636306,21.609052658081055,5920.06,274.343,False,5774.12,1.97485,10591.3,277.373,False,4463.89,4.84378,21.969184718419243,0.05031437360854771,21.99628546467777,0.0003713407695070476,21.337626845868385,0.028434082549046297,22.27571625650457,0.0011781354820670008
2025 KQ25,nan,MBO,MBO,21165827729536337,745315058868813831,11.790512,2.0260878,1.0583531,226.0846256183553,-39.39657587525352,2025052700796,52,60823.18583763073,i,226.08461776229527,-39.39657818945524,19.821672439575195,5868.39,292.951,False,5717.98,1.36843,9111.64,293.245,False,2976.93,4.52699,21.978702553793113,0.054200127686912174,22.006893423768602,0.0002598389675649133,21.501008660697536,0.0349428555504222,22.71557846818664,0.0016510690496103673
2025 KQ25,nan,MBO,MBO,21165827729536337,745315059028722032,11.790647,2.0260868,1.0583532,226.0845012711338,-39.3965448306296,2025052700797,101,60823.18632997041,i,226.08449700739894,-39.39653692409897,23.64192771911621,7436.42,312.968,False,7589.48,2.16147,9763.79,315.027,False,2207.15,4.36746,21.72159023585847,0.045694121371810996,21.69946995069275,0.00030921567372908955,21.42595392060153,0.03503109210207549,23.040420424968634,0.0021484309672125087
2025 KQ25,nan,MBO,MBO,21165827729536337,745315059133055381,11.790783,2.026086,1.0583533,226.08437516313705,-39.39651333127218,2025052700798,44,60823.186828730555,i,226.08438025931426,-39.396528725862765,22.71084213256836,6605.87,289.707,False,6745.27,1.21576,7354.82,293.88,False,931.173,4.60209,21.850174923850116,0.0476160405649938,21.827501651064246,0.00019569189023413913,21.73356990499783,0.043383273660229815,23.977424093689038,0.005365980052914345
2025 KQ25,nan,MBO,MBO,21165827729536337,745315059400966443,11.79105,2.0260844,1.0583535,226.08412802616016,-39.396451556946246,2025052700800,43,60823.187806093454,i,226.0841324659264,-39.39645501691185,21.51483726501465,7016.05,325.787,False,7436.7,0.582426,7433.72,334.153,False,256.947,4.3845,21.784768341784563,0.050415652254841875,21.72154931599553,8.503247283582942e-05,21.72198447151077,0.04880490736503359,25.37539115962077,0.018526819095419766
2025 KQ25,nan,MBO,MBO,21165827729536337,745315059523649767,11.791187,2.0260835,1.0583537,226.08400093271555,-39.39641976584623,2025052700801,21,60823.18830956227,i,226.0839609900042,-39.39641669352758,20.385643005371094,6647.21,326.157,False,6605.67,0.717878,6529.69,332.015,False,-197.108,4.37969,21.843401508105845,0.05327355077771396,21.850207828310637,0.00011799350059824053,21.86276860115126,0.055206407220229396,nan,nan
2025 KQ25,nan,MBO,MBO,21165827729536337,745315059835076865,11.791459,2.0260818,1.0583539,226.0837490462818,-39.39635671318492,2025052700803,103,60823.18930601212,i,226.0837598807017,-39.39634205340498,16.3696346282959,5309.68,323.64,False,5393.43,2.61457,4966.51,329.57,False,-313.431,4.3395,22.087329093754185,0.06617869053865524,22.07033734835366,0.0005263316869615679,22.15987176560049,0.07204779731451434,nan,nan
2025 KQ25,nan,MBO,MBO,21165827729536337,745315059936788873,11.791692,2.0260804,1.0583541,226.08353356874804,-39.39630272599112,2025052700804,41,60823.19015996641,i,226.08349538710408,-39.39626892131781,14.020673751831055,4658.21,329.747,False,5301.21,4.94672,4389.7,336.435,False,-325.114,4.26893,22.229452350676844,0.07685747731110708,22.089062486665206,0.0010131334492008766,22.29391284971793,0.08321289408036078,nan,nan
2025 KQ25,nan,MBO,MBO,21165827729536337,745315060097220729,11.791824,2.0260794,1.0583541,226.08341055866083,-39.39627188615087,2025052700805,91,60823.19064699408,i,226.08335540136594,-39.396280739621446,11.977977752685547,3845.01,321.028,False,4305.81,3.40007,3648.02,324.763,False,-262.747,4.23778,22.437756313141215,0.09065041128379858,22.314862830106243,0.0008573483259534077,22.49485696756129,0.09665707581322895,nan,nan
2025 KQ25,nan,MBO,MBO,21165827729536337,745315060211515908,11.791958,2.0260787,1.0583543,226.08328654708097,-39.39624078045254,2025052700806,53,60823.19113763813,i,226.08331333632887,-39.396282789051696,12.809197425842285,3802.17,299.888,False,4251.26,10.3245,3401.33,306.878,False,-228.866,4.38371,22.44992119521271,0.0856351152612571,22.328705893586204,0.0026367910114041032,22.57087805104706,0.09795830963711968,nan,nan
2025 KQ25,nan,MBO,MBO,21165827729536337,745315060390822454,11.792092,2.0260777,1.0583544,226.0831625442378,-39.39620966210309,2025052700807,139,60823.191628176886,i,226.08311318409815,-39.396221459167755,13.222400665283203,3875.47,294.386,False,3916.65,9.74566,3758.64,297.144,False,-85.2378,4.61105,22.429189059793032,0.08247400339729312,22.417713117514992,0.0027015985545163477,22.46242320284622,0.08583424365350581,nan,nan
2025 KQ25,nan,MBO,MBO,21165827729536337,745315060493582348,11.792227,2.0260768,1.0583545,226.08303829785888,-39.39617846774303,2025052700808,79,60823.19212068817,i,226.08302102031155,-39.39615259371492,13.700727462768555,4334.09,316.733,False,4531.86,2.971,4617.68,321.05,False,307.751,4.47714,22.307755225479795,0.07934502965901116,22.259308820247902,0.0007117877238089766,22.23894037490016,0.0754871671520662,25.179501293037873,0.015795213745638418
2025 KQ25,nan,MBO,MBO,21165827729536337,745319428191682993,12.0877075,2.0242357,1.0586678,225.8302025659084,-39.32777735980515,2025052800582,50,60824.26899681099,g,225.8301759528034,-39.3277740409476,20.754440307617188,3267.17,156.131,False,3125.5,0.216741,2980.95,157.469,False,-363.126,2.30181,22.614570694410116,0.051884989106820274,22.662701241902944,7.529148809075939e-05,22.714113288794927,0.057354129007805184,nan,nan
2025 KQ25,nan,MBO,MBO,21165827729536337,745319428353163380,12.087847,2.024235,1.058668,225.8300839641473,-39.32774236630807,2025052800583,102,60824.269487192854,g,225.83004462280402,-39.32775033512811,19.103954315185547,2944.07,152.895,False,2943.7,1.07785,2726.32,154.632,False,-371.427,2.20768,22.727629645194607,0.05638576454050485,22.727766148362925,0.00039754756616563135,22.81105789898401,0.061581017897070066,nan,nan
2025 KQ25,nan,MBO,MBO,21165827729536337,745319428487381201,12.087987,2.024234,1.0586684,225.82996562344533,-39.32770743485525,2025052800584,102,60824.26997758447,g,225.82996673600528,-39.32770594843658,14.754067420959473,2328.68,157.625,False,2422.16,3.19309,2116.71,160.99,False,-398.008,2.12508,22.982225498794957,0.073491924308562,22.93949296981343,0.001431306562158439,23.08584661616296,0.08257752870909243,nan,nan
2025 KQ25,nan,MBO,MBO,21165827729536337,745319428636803506,12.088126,2.0242333,1.0586686,225.82984754372848,-39.32767256552846,2025052800585,131,60824.27046670513,g,225.82982053936365,-39.32767211652169,16.030298233032227,2397.92,148.208,False,2344.92,0.750604,2113.22,148.384,False,-338.246,2.27771,22.950413310462082,0.06710598710246483,22.97467995921832,0.00034754189354554456,23.087638234309253,0.0762371575870644,nan,nan
2025 KQ25,nan,MBO,MBO,21165827729536337,745319428719116672,12.088265,2.0242324,1.0586689,225.82972972504285,-39.32763775844494,2025052800586,32,60824.270954676,g,225.82973059595616,-39.32764938781863,13.475078582763672,2073.31,152.478,False,2026.1,2.83942,1831.18,153.287,False,-297.887,2.5356,23.108339363353103,0.07984858844289648,23.13334782170631,0.001521574067776428,23.243172377246044,0.090886337509381,nan,nan
2025 KQ25,nan,MBO,MBO,21165827729536337,745319428887937536,12.088406,2.0242317,1.0586691,225.8296104776489,-39.327602514189856,2025052800587,98,60824.27144834303,g,225.8295799582606,-39.327590233206344,15.361260414123535,2301.05,149.435,False,2254.71,0.196281,2041.74,149.985,False,-307.079,2.24859,22.995184837842192,0.07050997747308313,23.017273291300683,9.45174291830566e-05,23.124998912229305,0.07975753333539577,nan,nan
2025 KQ25,nan,MBO,MBO,21165827729536337,745319428978639292,12.088545,2.0242307,1.0586693,225.82949245704413,-39.32756761757764,2025052800588,15,60824.271937048456,g,225.82948585275213,-39.327496896839875,12.938186645507812,2044.04,158.273,False,2170.62,0.291903,1918.46,158.835,False,-285.323,2.3121,23.123776503518464,0.08407013444830401,23.058540440725025,0.00014600880231725673,23.192618150696816,0.08989132996446433,nan,nan
2025 KQ25,nan,MBO,MBO,21165827729536337,745319429396496629,12.088963,2.0242283,1.0586702,225.8291392371847,-39.32746308792773,2025052800591,44,60824.27340115506,g,225.82912136329995,-39.327468561985185,15.696752548217773,2458.26,155.825,False,2521.79,6.50694,2340.66,157.348,False,-158.27,2.17812,22.923430459406624,0.06882300493883149,22.895727687619505,0.002801510081788313,22.976654207133606,0.07298729186674448,nan,nan
2025 KQ25,nan,MBO,MBO,21165827729536337,745319429528617170,12.089102,2.0242274,1.0586704,225.8290212955068,-39.32742815539789,2025052800592,40,60824.27389020525,g,225.8290201356632,-39.327463252351876,19.725780487060547,2888.16,147.057,False,2905.44,1.6393,2889.97,146.82,False,-97.316,2.45734,22.748446910872318,0.055282644086188854,22.741970243675595,0.0006125913404289361,22.747766674791748,0.05515898059521164,nan,nan
2025 KQ25,nan,MBO,MBO,21165827729536337,745319429658116390,12.08924,2.0242267,1.0586706,225.8289040971921,-39.327393428362825,2025052800593,31,60824.27437642796,g,225.8288800888384,-39.32740408485126,18.718097686767578,3114.26,165.102,False,3244.79,2.48464,3277.73,166.435,False,75.6452,2.27511,22.666612827450862,0.057560134269408605,22.622033499721944,0.0008313830615627302,22.61106706622326,0.05513099116308338,26.703046523512604,0.0326546723067874
2025 KQ25,nan,MBO,MBO,21165827729536337,745319429793906993,12.089379,2.0242257,1.0586709,225.82878619538556,-39.32735847811806,2025052800594,34,60824.27486549565,g,225.82873846641678,-39.32735705642788,17.59882354736328,2803.18,158.73,False,2776.48,1.44418,3222.94,159.56,False,302.599,2.39516,22.780872561690398,0.06147978629456978,22.791263634042643,0.000564743321030349,22.629369468424315,0.05375218568450735,25.197831282316418,0.008593920974381558
2025 KQ25,nan,MBO,MBO,21165827729536337,745319429964300858,12.089518,2.024225,1.0586711,225.82866879557983,-39.32732366198198,2025052800595,103,60824.27535262045,g,225.82866463801471,-39.32732873532618,24.90182113647461,3358.37,133.092,False,3412.67,0.862335,3838.6,133.071,False,398.849,2.99348,22.584678607753332,0.04302765709330873,22.567264288123077,0.0002743506931756461,22.43956782496017,0.03763872190380854,24.897978733860405,0.008148772057784331
2025 KQ25,nan,MBO,MBO,21165827729536337,745319430076498430,12.089658,2.024224,1.0586715,225.8285502106944,-39.32728847951056,2025052800596,61,60824.27584403583,g,225.82857672396094,-39.327327378493024,21.50414276123047,3349.42,156.124,False,3481.58,0.319753,4059.86,156.391,False,628.957,2.28822,22.587576002215815,0.0506086055192715,22.545559028445005,9.971547152003582e-05,22.378722327153966,0.04182394795139194,24.403447663960307,0.003950036868555609
2025 KQ25,nan,MBO,MBO,21165827729536337,745319430213337345,12.089795,2.0242233,1.0586717,225.82843381492145,-39.32725393197326,2025052800597,66,60824.276327648055,g,225.82842791138225,-39.32726213795998,20.932228088378906,3154.25,149.93,False,3043.69,0.190789,4072.57,149.923,False,909.666,2.44506,22.65275972067117,0.051607964247354164,22.691498977318375,6.805769572085898e-05,22.375328587352158,0.039969068868042,24.002795074678016,0.0029183130238949733
2025 KQ25,nan,MBO,MBO,21165827729536337,745319430343361077,12.089934,2.0242224,1.058672,225.8283159931535,-39.327218946516,2025052800598,58,60824.276816953745,g,225.82832307609834,-39.32722340890265,25.04754638671875,3445.32,136.648,False,3277.84,0.24597,4478.54,136.395,False,974.262,3.03895,22.556926065402923,0.0430623781042368,22.61103059415047,8.147393485483756e-05,22.27215884687702,0.03306635488241617,23.928310564062983,0.0033866638768356916
2025 KQ25,nan,MBO,MBO,21165827729536337,745319430513229954,12.090074,2.0242217,1.0586722,225.8281977099452,-39.3271838092019,2025052800599,126,60824.27730721195,g,225.82818979060528,-39.32720762791767,22.963134765625,3431.71,149.212,False,3379.68,0.45896,4403.3,149.689,False,956.33,2.4979,22.561223561737258,0.0472082077230022,22.577811067726124,0.0001474428037661172,22.29055436000052,0.036909310954628446,23.948480531159966,0.0028359043712320856
2025 KQ25,nan,MBO,MBO,21165827729536337,745319430874464522,12.090584,2.0242186,1.0586731,225.82776618583028,-39.32705549430717,2025052800602,47,60824.27909988936,g,225.8277593010709,-39.32706366510918,20.492782592773438,2689.7,130.717,False,2657.77,0.00713412,2871.52,130.723,False,136.678,2.98589,22.825740412278748,0.052765801719490434,22.83870650465491,2.9143877365208837e-06,22.754720378944896,0.049427028454915374,26.06075351152647,0.02371917154310092
2025 KQ25,nan,MBO,MBO,21165827729536337,745319433418309771,12.0984,2.0241718,1.0586882,225.8211688361928,-39.32506940945076,2025052800621,35,60824.30664508528,r,225.8211511921533,-39.32505312789052,11.773247718811035,3174.93,267.381,False,3298.98,1.7858,4668.38,267.922,False,1356.26,4.30607,22.645664637061994,0.09143674077965036,22.604050799798607,0.0005877294510421502,22.227084527723207,0.06231125563309756,23.569142608802018,0.0034471678761441808
2025 KQ25,nan,MBO,MBO,21165827729536337,745319433672589942,12.098678,2.0241702,1.0586888,225.82093541657275,-39.3249983148132,2025052800623,8,60824.30762520562,r,225.82099292846968,-39.32500155960986,13.54198932647705,3846.68,282.54,False,4551.25,0.483693,6588.74,285.003,False,2211.14,3.94988,22.437284870667295,0.07974771023880244,22.254673270145,0.00011538874068791542,21.852994036185564,0.046964678297305204,23.03845944991593,0.0019395098472425947
2025 KQ25,nan,MBO,MBO,21165827729536337,745319434005512660,12.098955,2.0241685,1.0586894,225.8207018510468,-39.32492712020399,2025052800625,131,60824.308606891944,r,225.8206943504154,-39.32494105011371,18.04045295715332,4354.48,238.745,False,4538.72,1.75158,4934.31,240.234,False,680.935,3.76491,22.30265925439485,0.05952813793293165,22.257666470271406,0.00041900662112367705,22.16693391026857,0.052860631231549195,24.317235860265782,0.006003067973460447
2025 KQ25,nan,MBO,MBO,21165827729536337,745323767899619392,12.31624,2.0228803,1.0590416,225.65090768231863,-39.274462394042885,2025052900147,138,60825.0687759901,r,225.65090616501584,-39.27445881746397,27.917800903320312,5255.69,187.383,False,4904.49,0.378958,5199.49,184.232,False,-146.105,8.52101,22.09842565956641,0.038710141723173025,22.173515314697337,8.389218587929879e-05,22.110098082860247,0.03847056877248907,nan,nan
2025 KQ25,nan,MBO,MBO,21165827729536337,745323768006574572,12.316389,2.0228796,1.0590419,225.65079053789387,-39.27443050035269,2025052900148,86,60825.069263064004,r,225.65079978648643,-39.274443665410416,25.536333084106445,4593.76,178.008,False,4357.76,0.82971,4479.11,176.771,False,-112.806,10.8233,22.244579300819098,0.042072231772222045,22.301841787988973,0.00020672231655481237,22.27202071270294,0.0428492884230223,nan,nan
2025 KQ25,nan,MBO,MBO,21165827729536337,745323768140267857,12.316538,2.0228786,1.0590421,225.65067290494645,-39.27439846399518,2025052900149,85,60825.06975335929,r,225.65066236816062,-39.27438623201005,21.896883010864258,4240.01,191.16,False,4415.53,2.59755,4244.12,191.22,False,-129.182,4.8599,22.331582857838825,0.04895020255856766,22.28754295333807,0.0006387124816150958,22.330530832960257,0.04891814384763298,nan,nan
2025 KQ25,nan,MBO,MBO,21165827729536337,745323768254038279,12.316687,2.022878,1.0590423,225.65055550367316,-39.27436648104662,2025052900150,46,60825.07024256581,r,225.65054764526704,-39.274349704576004,20.907825469970703,3977.23,188.763,False,3761.22,2.15805,3728.7,187.841,False,-128.34,5.15062,22.401048238803124,0.051530040946927765,22.46167816653111,0.0006229556102457876,22.471106407373902,0.05469621605913532,nan,nan
2025 KQ25,nan,MBO,MBO,21165827729536337,745323768423907606,12.316835,2.022877,1.0590426,225.65043809424807,-39.27433448616855,2025052900151,114,60825.07073159126,r,225.65043549501925,-39.274345212009045,18.927406311035156,3338.48,175.619,False,3163.46,0.47744,3226.1,175.015,False,-114.075,7.67281,22.591128059283164,0.0571145884466624,22.649594144796453,0.0001638629537105021,22.628305404220292,0.058900875813218616,nan,nan
2025 KQ25,nan,MBO,MBO,21165827729536337,745323768541872164,12.316983,2.0228763,1.0590428,225.65032115677357,-39.27430261021826,2025052900152,83,60825.07121841946,r,225.6503339592142,-39.27429786571684,17.366525650024414,3322.14,188.652,False,3370.43,0.708046,3130.03,187.46,False,-157.343,6.04398,22.59645520929046,0.061654928842097376,22.580786742606655,0.00022808698389789272,22.66112873960403,0.0650256113610414,nan,nan
2025 KQ25,nan,MBO,MBO,21165827729536337,745323768711217362,12.317133,2.0228755,1.059043,225.65020349086404,-39.27427052591967,2025052900153,150,60825.0717086016,r,225.6501673753004,-39.274253218117586,18.4736328125,3331.35,177.998,False,3479.52,1.8963,3062.31,177.659,False,-152.8,8.85308,22.593449310278523,0.05801217779642223,22.546201651085987,0.0005917142330475771,22.6848770978443,0.06298865921457016,nan,nan
2025 KQ25,nan,MBO,MBO,21165827729536337,745323768864833804,12.31728,2.0228746,1.0590433,225.6500870177277,-39.27423875716076,2025052900154,187,60825.07219362628,r,225.65007946127184,-39.27422056031837,18.63423728942871,3401.54,181.395,False,3723.68,4.91107,2717.34,180.892,False,-138.128,12.2545,22.570811031630967,0.057899398872031826,22.47256913951149,0.0014319507744590724,22.814640010459406,0.07227692719465986,nan,nan
2025 KQ25,nan,MBO,MBO,21165827729536337,745323768925651102,12.31743,2.0228739,1.0590435,225.64996933579215,-39.27420664886461,2025052900155,47,60825.072683834296,r,225.64997058257754,-39.274194734708516,18.772384643554688,3571.01,188.63,False,3732.72,0.466116,3263.76,187.148,False,-164.218,7.24781,22.518022331126918,0.05735140059672193,22.46993647424671,0.0001355791575277953,22.615704458026435,0.06225744331878235,nan,nan
2025 KQ25,nan,MBO,MBO,21165827729536337,745323769090277558,12.317576,2.022873,1.0590438,225.6498528468224,-39.27417485629535,2025052900156,105,60825.07316885106,r,225.64985287562877,-39.274159887815536,19.27870750427246,3813.38,198.179,False,3870.93,1.03363,3451.79,195.282,False,-172.1,6.82528,22.44672482212175,0.05642504100373525,22.430461724619974,0.00028991729319907753,22.554889072115238,0.061424574675745795,nan,nan
2025 KQ25,nan,MBO,MBO,21165827729536337,745323769245466778,12.317725,2.0228722,1.059044,225.64973562955845,-39.274142855123245,2025052900157,145,60825.0736560118,r,225.64973493599842,-39.27413191694677,23.74468421936035,4452.43,186.751,False,4541.13,0.194651,4067.95,184.407,False,-144.855,13.3179,22.278507206338205,0.04553969891876063,22.25709019119446,4.653899702844744e-05,22.37656099732775,0.04921824412686487,nan,nan
2025 KQ25,nan,MBO,MBO,21165827729536337,745323769362383300,12.317874,2.0228713,1.0590442,225.6496181643814,-39.27411077634192,2025052900158,112,60825.07414523342,r,225.64959521380155,-39.27409762298545,25.2800235748291,4694.33,184.747,False,4922.11,1.0906,4692.94,186.388,False,-136.875,14.1011,22.221065941472688,0.04272952621309839,22.16962174228584,0.00024056836452451076,22.221387509249688,0.04312183893023842,nan,nan
2025 KQ25,nan,MBO,MBO,21165827729536337,745323769495028100,12.318022,2.0228705,1.0590445,225.64950117186584,-39.27407881673189,2025052900159,109,60825.074632832,r,225.64948030661014,-39.274098956780456,27.60041046142578,5186.6,186.689,False,5509.1,0.448754,5214.44,185.776,False,-120.833,7.87379,22.11279309029002,0.039080514687321155,22.04729834159128,8.844066541847042e-05,22.10698082567678,0.03868176304683629,nan,nan
2025 KQ25,nan,MBO,MBO,21165827729536337,745323769616662674,12.318177,2.0228696,1.0590447,225.64937888624465,-39.27404540056631,2025052900160,85,60825.075141544185,r,225.64935672820175,-39.274039253776024,28.15354347229004,5328.73,186.411,False,6006.61,2.31576,5008.5,184.82,False,-91.0038,8.34274,22.083440714861926,0.037981501690488355,21.9534264377471,0.0004185895903314604,22.150730804724866,0.04006504408816351,nan,nan
2025 KQ25,nan,MBO,MBO,21165827729536337,745323769772900382,12.318325,2.0228689,1.059045,225.6492621186368,-39.27401348212396,2025052900161,127,60825.07562739395,r,225.64924558534403,-39.27401646263865,29.82062339782715,5539.92,184.42,False,5753.7,0.555991,5596.99,183.839,False,-72.4351,15.2393,22.041241282104536,0.036143386857058216,22.000131928461116,0.00010491675464280245,22.030113627123363,0.035662142453721186,nan,nan
2025 KQ25,nan,MBO,MBO,21165827729536337,745323770042908718,12.318623,2.0228672,1.0590454,225.6490271194677,-39.27394921489323,2025052900163,130,60825.07660592788,r,225.6490099640522,-39.27394692671656,29.42059898376465,5225.46,176.369,False,4877.81,0.118211,5089.14,175.568,False,-59.8075,10.7756,22.104688689020684,0.03664561851146736,22.17943778768522,2.6312210236961834e-05,22.13338897511303,0.03745633278981663,nan,nan
2025 KQ25,nan,MBO,MBO,21165827729536337,745323770139377702,12.318776,2.0228662,1.0590457,225.64890624431288,-39.27391614236552,2025052900164,58,60825.077108812606,r,225.64890224213477,-39.27391524520618,22.907512664794922,4818.22,206.262,False,4768.67,5.18213,4251.38,203.235,False,-47.7832,8.63054,22.192783386567573,0.04647901173527643,22.20400684387833,0.0011798732348549178,22.32867521709403,0.051903053671769714,nan,nan
2025 KQ25,nan,MBO,MBO,21165827729536337,745323770581877145,12.320258,2.0228581,1.059048,225.64773555600564,-39.273595270093,2025052900167,134,60825.081978404385,r,225.64770869986916,-39.2735936691077,22.808618545532227,4237.19,184.637,False,4299.53,0.433051,4211.52,183.298,False,42.8298,9.05783,22.332305168381,0.047311324546013306,22.316447595282586,0.00010935594401189002,22.33890282635353,0.04725450156785329,27.320634892819637,0.22961615258603194
2025 KQ25,nan,MBO,MBO,21165827729536337,745323770690928660,12.320503,2.0228567,1.0590485,225.647541738662,-39.27354204755096,2025052900168,86,60825.082784705184,r,225.64750434154706,-39.273536209636866,21.898696899414062,5133.56,226.026,False,5343.09,2.67262,5186.17,225.627,False,-16.8347,8.18412,22.123953381775323,0.04780398196883559,22.08051880779708,0.0005430865741463196,22.112883144811523,0.04723551390880198,nan,nan
2025 KQ25,nan,MBO,MBO,21165827729536337,745328180533395471,12.665576,2.0209374,1.0598228,225.39235166213345,-39.19238387111047,2025053000256,57,60826.22602879508,r,225.39233648531965,-39.1923866912163,17.10201644897461,5332.33,312.571,False,5058.49,0.222489,5170.83,312.077,False,-75.4506,5.64481,22.082707437590592,0.06364378459783045,22.13994771023167,4.775424100482553e-05,22.11609933403878,0.06552783362568705,nan,nan
2025 KQ25,nan,MBO,MBO,21165827729536337,745328180690157827,12.665715,2.0209367,1.0598232,225.3922490015604,-39.19234940024652,2025053000257,100,60826.22647301195,r,225.39223876646108,-39.192328567154554,17.278432846069336,6084.24,348.414,False,5777.74,1.42645,6118.52,349.844,False,-50.3066,6.59407,21.939484115737425,0.06217468098938272,21.995604969535865,0.0002680543537397819,21.933384036580634,0.06208009277458693,nan,nan
2025 KQ25,nan,MBO,MBO,21165827729536337,745328180824375546,12.665852,2.020936,1.0598235,225.39214842976727,-39.19231561790645,2025053000258,100,60826.22690972403,r,225.39213312214304,-39.19231967453832,18.666418075561523,5288.71,282.794,False,5293.04,0.991068,5229.74,283.444,False,-49.0372,5.81465,22.09162562386787,0.058055687199345576,22.09073705196773,0.00020329308055007565,22.103799705928985,0.05884525794679625,nan,nan
2025 KQ25,nan,MBO,MBO,21165827729536337,745328181085995154,12.666125,2.0209343,1.0598243,225.3919473227528,-39.19224802738973,2025053000260,87,60826.22778179536,r,225.39195888214613,-39.19225659010277,18.74677085876465,5475.42,290.966,False,5271.15,0.222843,5579.96,294.064,False,-25.3271,6.0923,22.053956420553035,0.05769645593802884,22.09523658257254,4.5900557629504744e-05,22.033422293339875,0.05721831850312746,nan,nan
2025 KQ25,nan,MBO,MBO,21165827729536337,745328181228077352,12.666263,2.0209336,1.0598247,225.39184655709707,-39.192214141707474,2025053000261,102,60826.22821837552,r,225.3918526262945,-39.19220898840361,13.7614107131958,5112.36,368.211,False,4875.49,15.1871,5237.58,375.159,False,12.3607,8.99604,22.12844645855578,0.07819872285813075,22.17995427279586,0.0033820567713738437,22.102173309958175,0.07776944677773029,28.669892365369414,0.7901920582901191
2025 KQ25,nan,MBO,MBO,21165827729536337,745328181327692028,12.666399,2.020933,1.0598251,225.39174580398384,-39.19218024747304,2025053000262,36,60826.22865504463,r,225.3917252837826,-39.192183838509806,12.071518898010254,4709.17,386.389,False,4531.93,6.82946,4782.53,390.126,False,74.0755,5.77448,22.217639096360145,0.08908502806169633,22.259291975015042,0.0016361664566162176,22.200855791365246,0.08856691946158544,26.725813513859922,0.08463745520268384
2025 KQ25,nan,MBO,MBO,21165827729536337,745328181461909787,12.666536,2.0209322,1.0598255,225.39164529381185,-39.19214642223855,2025053000263,36,60826.22909150822,r,225.39160495993215,-39.19214254868543,14.576340675354004,5249.14,355.399,False,5080.15,0.239027,5338.18,356.208,False,106.248,6.69826,22.099779581705455,0.07351100124412707,22.13530868149482,5.108515806825627e-05,22.08151692967448,0.07244939619337534,26.33419807954706,0.06844875321534102
2025 KQ25,nan,MBO,MBO,21165827729536337,745328181780152496,12.666816,2.0209308,1.0598263,225.3914392409551,-39.19207703838803,2025053000265,131,60826.22998533427,r,225.39141799451525,-39.19207568315552,8.72448444366455,3416.82,390.48,False,3700.65,11.4424,3658.67,394.147,False,167.901,7.08715,22.565944726968663,0.12407978081379537,22.47930499779457,0.0033570935522061686,22.491691924885913,0.11696591397439632,25.837366786794515,0.04582924106465735
2025 KQ25,nan,MBO,MBO,21165827729536337,745328181908078776,12.666953,2.02093,1.0598267,225.3913385384656,-39.19204310954487,2025053000266,119,60826.23042207907,r,225.3913158203661,-39.19206038298253,10.028703689575195,3640.42,363.093,False,3875.93,13.2792,3809.56,366.944,False,161.157,6.64832,22.49712129415031,0.10829058465935597,22.429060206618253,0.0037198060931058754,22.44781293821059,0.10458015625324074,25.881877080046856,0.04479062059818673
2025 KQ25,nan,MBO,MBO,21165827729536337,745328182045442111,12.66709,2.0209293,1.0598271,225.39123784873945,-39.19200917222571,2025053000267,125,60826.23085918834,r,225.39123770820038,-39.19201584639891,8.855768203735352,3165.33,351.592,False,3000.32,5.93366,3361.26,355.265,False,165.884,6.36898,22.648952488497486,0.12059916838990556,22.70708103277775,0.0021472340866673925,22.583744728615912,0.11475580215962873,25.850488734764003,0.04168594913543356
2025 KQ25,nan,MBO,MBO,21165827729536337,745328182183329890,12.667227,2.0209286,1.0598274,225.3911374020309,-39.19197530408176,2025053000268,132,60826.23129579838,r,225.39117305344584,-39.191986211731944,9.023667335510254,3268.64,354.319,False,3470.53,13.171,3425.56,356.597,False,164.991,9.03458,22.614082307971543,0.11769328504870567,22.549010483613277,0.004120474659079357,22.563171034536648,0.11302392903675756,25.856349380727693,0.059452764156470495
2025 KQ25,nan,MBO,MBO,21165827729536337,745328182300246093,12.667363,2.020928,1.0598278,225.39103696801,-39.19194142749594,2025053000269,99,60826.23173140891,r,225.39106086785665,-39.19198237513827,8.330485343933105,2938.76,347.986,False,3185.5,23.7149,2965.2,350.58,False,90.6497,11.4476,22.729589696514747,0.12856476523302526,22.64205597645485,0.008082914614661294,22.71986503925462,0.12836820125222792,26.506584115813013,0.13711104034522828
2025 KQ25,nan,MBO,MBO,21165827729536337,745328182412443876,12.6675005,2.0209272,1.0598283,225.3909365467185,-39.19190754248312,2025053000270,57,60826.232167978866,r,225.39095575885213,-39.191935496200905,8.40979290008545,3166.71,369.964,False,3137.55,22.293,3231.27,375.575,False,161.9,8.75804,22.648479279628834,0.12684562291743223,22.658523344449357,0.007714400102237841,22.62656687213898,0.1261966303932733,25.876882919048054,0.05873330410173008
2025 KQ25,nan,MBO,MBO,21165827729536337,745328182675636413,12.667777,2.0209258,1.059829,225.3907332097811,-39.19183889182111,2025053000272,47,60826.23305088536,r,225.39074664376932,-39.19184017888349,13.664091110229492,4584.54,335.686,False,4699.2,8.56883,4926.05,339.179,False,328.828,7.26538,22.246760575021685,0.07949902183455283,22.219940131926812,0.001979802535204154,22.16875300388154,0.07475744646429791,25.107578012805718,0.0239890944039464
2025 KQ25,nan,MBO,MBO,21165827729536337,745328182856515767,12.667915,2.0209248,1.0598295,225.39063167620796,-39.19180459249521,2025053000273,136,60826.23349138747,r,225.3906090452567,-39.19181534018163,12.080678939819336,4236.46,339.511,False,4373.86,3.60774,4557.07,339.976,False,321.227,10.2135,22.332492234458734,0.08701117753229387,22.29783783924197,0.0008955599806077945,22.25328579257691,0.08100035340714498,25.132969930234964,0.03452127967488925
2025 KQ25,nan,MBO,MBO,21165827729536337,745328182938304745,12.668052,2.020924,1.0598298,225.3905308463558,-39.19177051801084,2025053000274,36,60826.23392916375,r,225.3905132080298,-39.1917878063177,13.793499946594238,5002.98,355.985,False,5020.35,1.92078,5421.46,361.061,False,359.254,6.45836,22.151928087379396,0.0772551136433431,22.148164989917024,0.0004154013734954677,22.064709363175115,0.07230838329289438,25.01149597577135,0.01951843411664471
2025 KQ25,nan,MBO,MBO,21165827729536337,745328183096115254,12.668189,2.0209234,1.0598302,225.39043048989816,-39.19173659075258,2025053000275,81,60826.234365937315,r,225.3904390672615,-39.19173920092021,13.368992805480957,4400.32,328.478,False,4593.97,4.00628,4602.48,330.96,False,280.538,7.25248,22.291289392395,0.08104875733297864,22.244529562235883,0.0009468418338964813,22.242520229705637,0.07807426573806023,25.280020780456134,0.02806849803068555
2025 KQ25,nan,MBO,MBO,21165827729536337,745328183219847240,12.668325,2.0209227,1.0598305,225.39032968627248,-39.19170249950945,2025053000276,61,60826.23480361281,r,225.39033732314863,-39.191705358911044,15.887898445129395,4891.52,308.485,False,4691.37,0.311411,5047.04,310.515,False,182.556,7.17554,22.17639041174263,0.06847223682681952,22.221750757052597,7.207067052493773e-05,22.142408124794013,0.066799032881743,25.746509723164102,0.04267591065190436
2025 KQ25,nan,MBO,MBO,21165827729536337,745328183514497372,12.668601,2.0209212,1.0598314,225.39012719802415,-39.19163398025783,2025053000278,111,60826.23568348658,r,225.3901433741579,-39.19162998445344,16.80967140197754,5558.05,325.857,False,5114.56,4.4579,5703.28,328.128,False,-4.84852,6.70093,22.037693914765615,0.06365447397464817,22.127979293121136,0.0009463381841447794,22.00968830689161,0.06246588853125451,nan,nan
2025 KQ25,nan,MBO,MBO,21165827729536337,745328183622500506,12.668738,2.0209205,1.0598317,225.3900266640945,-39.191599941689816,2025053000279,61,60826.23612006681,r,225.3900361424028,-39.19160890974321,14.111505508422852,5201.91,363.214,False,5287.38,2.34323,5147.39,366.559,False,-103.375,5.93417,22.10959288226396,0.07580957117031856,22.091898714207385,0.0004811702040178503,22.12103228492975,0.07731808869568507,nan,nan
2025 KQ25,nan,MBO,MBO,21165827729536337,745328183814389839,12.668879,2.0209198,1.0598322,225.3899238431752,-39.19156511557198,2025053000280,171,60826.23656755632,r,225.38991371434042,-39.19158051167277,14.904952049255371,4998.42,330.469,False,4747.01,1.7331,4902.42,332.846,False,-132.836,8.19468,22.152918152990708,0.07178311488361012,22.208949687107783,0.00039639469284378603,22.173973728863267,0.07371521974461279,nan,nan
2025 KQ25,nan,MBO,MBO,21165827729536337,745328184079155341,12.669165,2.0209181,1.059833,225.38971364428497,-39.19149387820004,2025053000282,164,60826.23748155938,r,225.38969980366366,-39.191485884305166,14.699341773986816,4462.05,298.193,False,4256.17,0.245648,4227.62,300.777,False,-168.701,9.29469,22.27616396624865,0.07255834041639311,22.327452604355628,6.266406851702133e-05,22.334760110425123,0.07724546627977899,nan,nan
2025 KQ25,nan,MBO,MBO,21165827729536337,745328186854211605,12.674139,2.0208917,1.0598475,225.38606463363575,-39.19024827627047,2025053000303,81,60826.25339011436,u,225.3859218307042,-39.190321052364034,5.364009857177734,1959.32,352.688,False,2046.84,85.488,1809.97,353.526,False,-102.12,9.80931,23.169736600719816,0.19543827876887754,23.122290279369775,0.045346689089396965,23.255821576178022,0.2120675949305953,nan,nan
2025 KQ25,nan,MBO,MBO,21165827729536337,745328188446998887,12.680285,2.0208588,1.0598658,225.3815694345552,-39.18869053139139,2025053000315,47,60826.27310868216,g,225.3815883080627,-39.18865878956488,12.933735847473145,2662.68,203.983,False,2798.01,6.78496,3258.23,206.143,False,622.308,3.83917,22.836702587354093,0.08317624941658786,22.78287684042695,0.002632827069765915,22.6175456612386,0.06869279505458552,24.414986568872386,0.006698171891932243
2025 KQ25,nan,MBO,MBO,21165827729536337,745328188743221279,12.680558,2.0208573,1.0598667,225.38137071087385,-39.18862107339204,2025053000317,100,60826.273983190695,g,225.38138382337758,-39.18862854362568,11.723484992980957,2202.96,184.534,False,2314.31,4.80263,2554.39,184.947,False,429.11,3.51932,23.042483490329985,0.09094819908236566,22.988946142722078,0.0022531074403233115,22.881782032294133,0.07861120230869544,24.818578448388507,0.008904600877774449
2025 KQ25,nan,MBO,MBO,21165827729536337,745328188902080869,12.680694,2.0208566,1.059867,225.3812717144376,-39.1885864534043,2025053000318,147,60826.27441981307,g,225.381288599219,-39.18857821364003,10.95500373840332,2229.5,200.57,False,2327.86,7.89782,2500.72,202.815,False,351.611,3.71381,23.029481308285934,0.097674868150037,22.982607805330524,0.003683618736731815,22.90483734403175,0.08805607728914515,25.03484389004103,0.01146783810973134
2025 KQ25,nan,MBO,MBO,21165827729536337,745328189025288296,12.680829,2.020856,1.0598674,225.38117250756665,-39.18855174735022,2025053000319,126,60826.27485659001,g,225.3812161289914,-39.18856118636648,11.28848648071289,2331.91,205.961,False,2309.76,2.3684,2580.9,208.253,False,268.975,3.41983,22.980720578853656,0.09589534815068218,22.991082855301038,0.0011133008285179632,22.870572097031218,0.08760813549507862,25.325720184897637,0.013804380525693893
2025 KQ25,nan,MBO,MBO,21165827729536337,745328189146923318,12.68097,2.0208552,1.0598679,225.38106991283385,-39.18851584297014,2025053000320,102,60826.27530853657,g,225.3810483556466,-39.18853063709363,10.187970161437988,2065.15,199.521,False,2131.26,3.0942,2257.23,202.406,False,154.401,4.38396,23.11262104718856,0.10489658345020782,23.078408909832152,0.0015762904743199951,23.01606047518974,0.09735805856006437,25.928374721186124,0.030827674772876994
2025 KQ25,nan,MBO,MBO,21165827729536337,745328189248110914,12.6811075,2.0208545,1.0598682,225.38096960525093,-39.18848072610116,2025053000321,39,60826.27575044479,g,225.3809493265602,-39.18848517480584,11.138381004333496,2210.55,198.405,False,2163.02,2.4232,2403.6,200.158,False,101.314,3.82686,23.038749119579254,0.09744881844854537,23.06234865247518,0.0012163344908515416,22.947844467534445,0.09041387236287572,26.385826312529367,0.041010721881564904
2025 KQ25,nan,MBO,MBO,21165827729536337,745328189698998786,12.681516,2.020852,1.0598695,225.38067196007788,-39.18837644785767,2025053000324,131,60826.277062799374,g,225.38068821723027,-39.188386504403844,13.446538925170898,2521.71,186.236,False,2652.84,0.556979,2656.42,186.61,False,35.9537,5.48513,22.89576216515278,0.08018493908669806,22.84072232080353,0.00022795654701069656,22.839258178551795,0.07627153830768826,27.510640993416736,0.1656409181500591
2025 KQ25,nan,MBO,MBO,21165827729536337,745328190118428691,12.681927,2.02085,1.0598707,225.3803719726959,-39.18827123544452,2025053000327,163,60826.27838593195,g,225.38038582924335,-39.1882852095852,14.967562675476074,3119.1,207.181,False,3170.39,3.49619,3190.97,208.037,False,43.2182,3.77339,22.66492671927722,0.07211820888401393,22.647218313081133,0.001197310194497504,22.64019320701802,0.07078515551268427,27.310833295474435,0.09479585295692997
2025 KQ25,nan,MBO,MBO,21165827729536337,745328190198645231,12.682063,2.0208492,1.0598712,225.38027291790436,-39.18823646964199,2025053000328,60,60826.278822858694,g,225.38025316210903,-39.1882424558295,15.90211296081543,3180.16,200.281,False,3170.19,0.623236,3182.83,201.196,False,54.9449,3.87362,22.643877603183128,0.06837780023541774,22.647286790801544,0.00021344774363660498,22.64296636614189,0.06863256132524975,27.050181521612007,0.07654449228858885
2025 KQ25,nan,MBO,MBO,21165827729536337,745328190775361918,12.682607,2.0208464,1.0598729,225.3798764151824,-39.18809718257883,2025053000332,136,60826.28057292808,g,225.3798656850728,-39.188104345034034,20.092180252075195,3607.44,178.697,False,3433.57,0.569343,3622.52,180.182,False,30.4563,4.66538,22.507002226353997,0.05378268591919388,22.560635213989322,0.00018003310375712918,22.50247301440185,0.05400387774615209,27.690807119516933,0.16631606116938352
2025 KQ25,nan,MBO,MBO,21165827729536337,745328190855053699,12.682743,2.0208457,1.0598732,225.3797772188948,-39.18806230491281,2025053000333,32,60826.28101074509,g,225.37977033389888,-39.18806068928195,16.425518035888672,3089.37,186.853,False,3139.76,2.95966,2993.46,187.371,False,24.9703,3.67964,22.675325146514737,0.06566809929734874,22.65775886581833,0.0010234572271761678,22.709566365977295,0.06795998057835183,27.906440570386817,0.15999480662876758
2025 KQ25,nan,MBO,MBO,21165827729536337,745328191137120674,12.683013,2.0208442,1.059874,225.37958000967976,-39.18799292871139,2025053000335,58,60826.28188199347,g,225.37960073665116,-39.188034916257344,14.00576400756836,2724.45,195.702,False,2732.64,3.30017,2798.63,196.299,False,38.291,3.67484,22.81180291446256,0.07799032687165025,22.808543989713165,0.0013112280182309404,22.782636332327442,0.07615473850008977,27.442258218509853,0.10419959697338063
2025 KQ25,nan,MBO,MBO,21165827729536337,745328191431770701,12.683288,2.0208426,1.0598749,225.3793803794352,-39.187922650775214,2025053000337,108,60826.282763064504,g,225.3794241762335,-39.187932388151424,11.040639877319336,2095.99,186.029,False,2008.48,0.959825,2294.3,188.211,False,27.1822,3.53236,23.096526989330933,0.09636421401369653,23.14283123185627,0.000518858410537772,22.998374464093594,0.08906746759111753,27.81428851189182,0.14109274809862846
2025 KQ25,nan,MBO,MBO,21165827729536337,745328191733760217,12.683562,2.0208411,1.0598757,225.379180366755,-39.187852187747005,2025053000339,172,60826.28364791499,g,225.37920504275436,-39.18785878391351,11.780645370483398,1986.96,166.821,False,1905.42,3.28217,1988.12,167.885,False,7.69003,3.38629,23.154527210583666,0.0911561390501014,23.200023176402844,0.001870228495130928,23.15389351709457,0.09168401163881823,29.185179901031862,0.47810186509834557
2025 KQ25,nan,MBO,MBO,21165827729536337,745328191806636328,12.6837015,2.0208404,1.0598762,225.3790788036994,-39.187816388488905,2025053000340,55,60826.284096664924,g,225.37908075154849,-39.18782699159083,12.54050064086914,2034.83,163.779,False,2134.02,1.68115,2064.06,164.789,False,10.135,3.29337,23.12867969365551,0.0873885293975216,23.077003776792495,0.0008553272040659963,23.113194175150365,0.0866822572780262,28.885440592907912,0.3528101601487064
2025 KQ25,nan,MBO,MBO,21165827729536337,745328192002195885,12.683841,2.0208397,1.0598766,225.3789772589131,-39.18778058266403,2025053000341,172,60826.284545205956,g,225.37903225125257,-39.18775432831385,12.515475273132324,2211.34,172.544,False,2148.45,7.38769,2222.04,174.31,False,21.6368,3.54303,23.038361152444867,0.08471662754703915,23.069686897227424,0.003733427707364108,23.03312029937082,0.08517158641322896,28.062017384836828,0.17778949913827585
2025 KQ25,nan,MBO,MBO,21165827729536337,745328192049381462,12.683979,2.020839,1.059877,225.3788768628701,-39.18774516911792,2025053000342,6,60826.28498947065,g,225.3788654150177,-39.18775859651796,12.6781587600708,2440.37,192.199,False,2569.48,1.51756,2565.83,194.608,False,45.3092,4.06318,22.93136075417129,0.08551056125262048,22.875386904185998,0.0006412464206959687,22.876930270308204,0.0823487708685215,27.25953400776471,0.09736524970018742
2025 KQ25,nan,MBO,MBO,21165827729536337,745328192270107002,12.684117,2.0208383,1.0598774,225.3787758066354,-39.18770950986753,2025053000343,171,60826.28543690847,g,225.37879851758652,-39.18770329942945,13.257776260375977,2348.27,176.964,False,2738.88,8.98679,2507.12,179.39,False,61.8827,4.66933,22.973129916293118,0.08182032945300248,22.806067534713403,0.003562508530120675,22.902062145776537,0.07768683110698911,26.921076831837922,0.08192371389481652
2025 KQ25,nan,MBO,MBO,21165827729536337,745328192366575941,12.684254,2.0208375,1.0598779,225.37867657675028,-39.18767448255272,2025053000344,99,60826.28587507611,g,225.37867517072786,-39.18766833851547,14.949819564819336,2659.65,176.911,False,2506.48,1.42088,2754.2,177.462,False,87.3577,3.40494,22.83793881771453,0.07221953259594921,22.902339399487154,0.0006154849938055552,22.800011334364065,0.06995749323990401,26.546747065149972,0.042318727029312
2025 KQ25,nan,MBO,MBO,21165827729536337,745332590145175710,12.987711,2.0192306,1.0607419,225.1726456390218,-39.11529311686464,2025053100342,100,60827.253369215236,r,225.1726143408255,-39.11533133758782,5.902041435241699,5615.04,1015.06,False,nan,nan,5526.44,1026.16,False,-91.6228,20.8372,22.026617856439564,0.1962741817839416,nan,nan,22.043886363279178,0.20160159393702268,nan,nan
2025 KQ25,nan,MBO,MBO,21165827729536337,745332590561984542,12.988134,2.0192285,1.0607433,225.17235619718585,-39.115185312586846,2025053100345,127,60827.25467879596,r,225.17239216722368,-39.1152146913617,5.6936540603637695,4809.89,821.451,False,4996.77,26.9388,4559.15,830.479,False,-58.7401,60.2864,22.19466210821392,0.18542608117653867,22.153276597149485,0.0058534675880175,22.252790320498356,0.19777395811639156,nan,nan
2025 KQ25,nan,MBO,MBO,21165827729536337,745332590683619550,12.988276,2.0192277,1.0607438,225.17225959968656,-39.1151493081721,2025053100346,103,60827.2551153291,r,225.17228004009445,-39.1151657630665,6.354867935180664,5359.23,829.654,False,5760.38,39.3022,5174.97,831.664,False,-38.3185,41.2931,22.077244014227396,0.16808111976772347,21.998872187462336,0.007407813838556163,22.11523036374342,0.17448751955989034,nan,nan
2025 KQ25,nan,MBO,MBO,21165827729536337,745332590918500507,12.988558,2.0192263,1.0607449,225.17206667161204,-39.11507735969776,2025053100348,39,60827.25598864106,r,225.17213656960922,-39.11503927833913,5.02952766418457,4846.65,966.547,False,4694.3,39.8614,4452.99,978.938,False,-82.2123,22.1697,22.186395875993085,0.21652380292870135,22.221072943339315,0.009219472042493623,22.278370643241836,0.23868644666794817,nan,nan
2025 KQ25,nan,MBO,MBO,21165827729536337,745332593586077771,12.992856,2.0192044,1.0607599,225.16913214065468,-39.113976553459736,2025053100368,7,60827.26930272699,r,225.1690746392783,-39.11402734058921,5.056495666503906,7104.29,1423.48,False,7310.89,36.5958,9841.27,1444.31,False,3069.61,24.322,21.771198291006815,0.2175479524407576,21.740074355850886,0.005434821563752702,21.4173721840912,0.15934323478613135,22.682291959473595,0.00860281130003771
2025 KQ25,nan,MBO,MBO,21165827729536337,745332593904320528,12.993142,2.0192027,1.0607609,225.16893651120307,-39.11390273920249,2025053100370,102,60827.2701924343,r,225.16892398322898,-39.11391008820176,6.030643939971924,7008.18,1147.61,False,7782.6,47.1373,13350.8,1159.61,False,6491.37,49.8417,21.78598685316526,0.17779247661811684,21.67218821208416,0.006576037702687374,21.086231790737685,0.09430375430041177,21.869159070197277,0.008336443440535331
2025 KQ25,nan,MBO,MBO,21165827729536337,745337014247752215,13.248375,2.017893,1.0616074,225.0075685736955,-39.05209740091979,2025060100536,134,60828.06578333706,i,225.00759189145728,-39.052119350948246,23.343772888183594,4485.29,188.407,False,4383.77,0.611364,4371.23,187.777,False,-83.9335,31.2013,22.270523670684813,0.04560692771931297,22.29538059449147,0.0001514176231244687,22.298490859192796,0.046640483436511206,nan,nan
2025 KQ25,nan,MBO,MBO,21165827729536337,745337014377775515,13.248523,2.0178924,1.0616078,225.00747310304448,-39.05206392552851,2025060100537,126,60828.06622010711,i,225.00748596231276,-39.0520753733998,21.015134811401367,4418.95,203.236,False,4835.08,1.10508,4301.95,202.209,False,-129.212,21.0183,22.286702233038625,0.049935089860721246,22.188990821946337,0.00024815005232664284,22.315836554621598,0.0510339780478049,nan,nan
2025 KQ25,nan,MBO,MBO,21165827729536337,745337014511993593,13.248671,2.0178916,1.0616083,225.00737762683627,-39.05203044065525,2025060100538,126,60828.066657298594,i,225.00739476332464,-39.052035149614014,23.484708786010742,3976.11,168.467,False,3744.37,0.0643789,3880.45,167.954,False,-89.4557,43.3544,22.4013539937957,0.04600242727097858,22.4665530735076,1.8667627098699407e-05,22.42779478396465,0.04699293513109794,nan,nan
2025 KQ25,nan,MBO,MBO,21165827729536337,745337014598500763,13.248821,2.017891,1.0616088,225.00728061544785,-39.05199640962958,2025060100539,35,60828.06710163594,i,225.0072925301553,-39.052002773385624,22.516616821289062,3822.76,168.353,False,3634.17,0.386741,3776.39,168.137,False,-92.4268,36.2928,22.44405741458234,0.04781543789480837,22.49898692591654,0.00011554185081695005,22.457307933542317,0.048340459087988216,nan,nan
2025 KQ25,nan,MBO,MBO,21165827729536337,745337014744253059,13.248969,2.0178902,1.0616093,225.00718512797403,-39.05196290553665,2025060100540,57,60828.0675382154,i,225.0072084184228,-39.05197229177894,24.455108642578125,4138.63,167.742,False,3994.74,0.949132,3980.78,163.192,False,-102.364,31.2691,22.35785852691876,0.04400576335327517,22.396278707008435,0.0002579659766141687,22.400079550200747,0.04450973499685746,nan,nan
2025 KQ25,nan,MBO,MBO,21165827729536337,745337014894723179,13.249117,2.0178895,1.0616097,225.0070896349898,-39.05192939189676,2025060100541,88,60828.067975891696,i,225.0070919245397,-39.05193181967527,24.010318756103516,3998.39,164.91,False,3997.84,0.0254386,3829.94,160.077,False,-113.138,29.1477,22.395287147643835,0.044780215615065705,22.395436453718617,6.9086325712422894e-06,22.442020090744478,0.045379664590516414,nan,nan
2025 KQ25,nan,MBO,MBO,21165827729536337,745337015058825656,13.249264,2.0178888,1.0616102,225.00699435503125,-39.05189594540538,2025060100542,145,60828.06841143481,i,225.00700437464997,-39.05190303949824,26.263151168823242,4282.84,158.656,False,4260.05,1.41745,4283.3,157.648,False,-75.0175,37.1968,22.32067041421643,0.040220642365420306,22.326463308713556,0.0003612579197375934,22.32055381648079,0.03996081142543672,nan,nan
2025 KQ25,nan,MBO,MBO,21165827729536337,745337015193567323,13.249417,2.017888,1.0616107,225.00689557284963,-39.05186126145826,2025060100543,146,60828.06886334386,i,225.006905420666,-39.05186674332488,25.505054473876953,4705.29,181.734,False,4426.61,1.5427,4647.25,180.195,False,-52.3489,55.4779,22.21853400259921,0.04193475317632308,22.28482188157333,0.00037838557079905637,22.23200990977547,0.04209892804746045,nan,nan
2025 KQ25,nan,MBO,MBO,21165827729536337,745337015268016697,13.249571,2.0178874,1.0616112,225.0067961292881,-39.051826336977456,2025060100544,32,60828.069318530775,i,225.00679380136475,-39.051825805259064,26.662012100219727,4519.02,167.274,False,4667.67,1.10691,4438.91,165.69,False,-75.1839,27.3112,22.262389336784466,0.04018912051349236,22.227249657582497,0.00025747584383730294,22.28180911256596,0.040526982544083254,nan,nan
2025 KQ25,nan,MBO,MBO,21165827729536337,745337015409050436,13.249723,2.0178864,1.0616117,225.00669733565616,-39.05179163246374,2025060100545,45,60828.06977047957,i,225.006710142139,-39.05180219506383,30.4039363861084,5311.81,169.872,False,4814.52,0.0275094,5206.5,168.262,False,-88.0303,41.4646,22.086893657509105,0.034721906853956465,22.193617507724234,6.203723757365302e-06,22.108635318182266,0.03508847366331698,nan,nan
2025 KQ25,nan,MBO,MBO,21165827729536337,745337015547986107,13.249877,2.0178857,1.0616122,225.00659809932296,-39.0517567640922,2025060100546,54,60828.070224183604,i,225.00660620385025,-39.05176272236551,31.70640754699707,5432.16,169.566,False,5310.82,0.54235,5405.16,169.247,False,-56.7338,30.1725,22.062568585612027,0.03389147848577252,22.087096080699425,0.00011087723625062315,22.067978583164212,0.03399669642349969,nan,nan
2025 KQ25,nan,MBO,MBO,21165827729536337,745337015661232779,13.250028,2.017885,1.0616127,225.00650082474647,-39.05172257687305,2025060100547,14,60828.07066938401,i,225.00651170408585,-39.05173019150609,32.29423904418945,5725.45,174.856,False,5872.14,0.186593,5627.25,170.92,False,-40.8813,23.5938,22.00547589707587,0.033158526647031124,21.978008971678598,3.4500329815949025e-05,22.024259475395336,0.03297774759060235,nan,nan
2025 KQ25,nan,MBO,MBO,21165827729536337,745337015796498657,13.250175,2.0178843,1.0616132,225.00640573086585,-39.05168914824141,2025060100548,16,60828.071104922434,i,225.00641952566414,-39.051696126028155,35.46441650390625,5956.22,163.962,False,5989.99,0.457699,5950.02,163.269,False,-47.7396,37.5742,21.962573134450643,0.029887995957161847,21.9564347141271,8.296180071159774e-05,21.96370393258731,0.029792683181642254,nan,nan
2025 KQ25,nan,MBO,MBO,21165827729536337,745337015988912511,13.250334,2.0178835,1.0616137,225.00630298017248,-39.05165301926908,2025060100549,127,60828.07157424242,i,225.00632122093205,-39.051664412061754,35.81684875488281,6283.88,171.867,False,5975.23,0.308342,6223.83,171.432,False,-54.623,51.9277,21.90443031287165,0.029695384468575937,21.959113436273253,5.602764823502219e-05,21.91485568221335,0.029906011915446482,nan,nan
2025 KQ25,nan,MBO,MBO,21165827729536337,745337016125227589,13.250482,2.0178828,1.0616142,225.00620743865628,-39.05161941701947,2025060100550,131,60828.07201104078,i,225.00622685512494,-39.05162729842781,35.837318420410156,6262.41,169.281,False,6305.61,0.644262,6243.04,168.894,False,-42.7913,45.8404,21.90814622922881,0.029348846890197088,21.90068225787831,0.00011093274260417715,21.91150969939765,0.029372601548399598,nan,nan
2025 KQ25,nan,MBO,MBO,21165827729536337,745337016280417010,13.250629,2.017882,1.0616146,225.00611211074147,-39.05158588203878,2025060100551,171,60828.07244781968,i,225.00612274999958,-39.05158994142714,38.756046295166016,6650.78,168.611,False,6536.6,1.22024,6669.14,169.614,False,-39.4722,31.758,21.842818579773667,0.027525653369521435,21.86162020975658,0.00020268315689287415,21.83982539195185,0.02761316378658089,nan,nan
2025 KQ25,nan,MBO,MBO,21165827729536337,745337016398905477,13.250778,2.0178814,1.0616151,225.0060161218728,-39.05155210659032,2025060100552,141,60828.07288695569,i,225.00603080070672,-39.05156009849701,39.200931549072266,6284.56,156.791,False,5787.95,0.34716,6238.71,155.905,False,-55.7505,48.3698,21.90431279765489,0.027087602646911818,21.993688036485302,6.512222473295415e-05,21.912263010876945,0.027132484558076472,nan,nan
2025 KQ25,nan,MBO,MBO,21165827729536337,745337016482267551,13.250933,2.0178807,1.0616156,225.0059157547225,-39.05151678199981,2025060100553,44,60828.07334546283,i,225.00593460281476,-39.051529937993635,33.24848937988281,5990.09,176.978,False,5894.4,1.14539,5896.46,175.307,False,-56.9372,59.677,21.95641665923864,0.03207821979502244,21.973901007536234,0.00021097846240234678,21.973521615320934,0.032279904473275826,nan,nan
2025 KQ25,nan,MBO,MBO,21165827729536337,745337017332662412,13.255694,2.0178576,1.0616311,225.00283639505628,-39.05042858350374,2025060100559,130,60828.08741744871,i,225.00286106332948,-39.05044090191744,26.830034255981445,5214.96,192.339,False,5033.33,0.438547,5643.42,191.35,False,404.714,15.2066,22.106872554052714,0.04004429992848309,22.145361470744778,9.459867168108387e-05,22.02114408265026,0.03681378176413463,24.882129459045352,0.04079512153010486
2025 KQ25,nan,MBO,MBO,21165827729536337,745337017466880399,13.255842,2.0178568,1.0616317,225.0027407049402,-39.050394626714144,2025060100560,130,60828.08785435619,i,225.00274418512257,-39.050407217602526,29.929658889770508,5593.54,184.283,False,5393.65,1.66607,6149.25,184.534,False,523.394,30.9902,22.03078312213234,0.0357703223348853,22.070293116720567,0.00033537818258781943,21.927944625489943,0.03258206140550868,24.602928188134392,0.06428652858173686
2025 KQ25,nan,MBO,MBO,21165827729536337,745337017571737983,13.255997,2.0178561,1.0616322,225.002640851168,-39.05035918302188,2025060100561,74,60828.08831060516,i,225.0026502287016,-39.05036946157392,29.014650344848633,5492.57,185.956,False,5127.51,2.144,6000.14,184.481,False,534.041,22.5826,22.050561033524247,0.03675859593261341,22.125233759552565,0.0004539861623651646,21.954596515752165,0.03338217096173546,24.581063467093603,0.0459117283302565
2025 KQ25,nan,MBO,MBO,21165827729536337,745337017693372838,13.256149,2.0178554,1.0616326,225.002541650962,-39.05032396180557,2025060100562,50,60828.08876372286,i,225.00256784587037,-39.050330590114754,28.457536697387695,5942.14,206.554,False,5648.61,1.31029,6632.44,206.208,False,644.489,23.6733,21.96514277552223,0.037741142383963006,22.020146049915788,0.0002518547577801844,21.84581668496376,0.03375642828340316,24.376961203698663,0.039881143234757686
2025 KQ25,nan,MBO,MBO,21165827729536337,745337017847513756,13.256302,2.0178547,1.0616331,225.002443323392,-39.05028904103885,2025060100563,88,60828.08921289409,i,225.0024549051226,-39.05029483550347,30.036684036254883,6209.52,205.551,False,5993.98,2.55846,6842.4,204.508,False,597.378,19.3527,21.917354921026035,0.03594064538897594,21.955711779763252,0.0004634337546024554,21.811978867943203,0.03245085615579369,24.459376955517293,0.035173586228781056
2025 KQ25,nan,MBO,MBO,21165827729536337,745337017991692646,13.256453,2.017854,1.0616336,225.00234564984976,-39.05025434327588,2025060100564,107,60828.08965844477,i,225.0023593555546,-39.05027139922091,27.8360652923584,6484.46,229.99,False,6148.82,1.58434,7244.89,229.574,False,755.629,19.5608,21.870315467512164,0.03850875434511085,21.928020581705344,0.00027975698135613474,21.74992048972583,0.03440449811300399,24.204228416323712,0.02810621159032043
2025 KQ25,nan,MBO,MBO,21165827729536337,745337018125910050,13.256606,2.0178533,1.0616342,225.00224622107575,-39.050219012462456,2025060100565,107,60828.09011267977,i,225.00226134605563,-39.05023459286922,23.86661148071289,6072.5,248.234,False,5799.53,0.303471,7018.32,247.88,False,926.015,15.7789,21.94158119130708,0.04438314269699681,21.991518041950535,5.681313191190177e-05,21.784417112270557,0.03834711191247972,23.983454928743058,0.018500480974172447
2025 KQ25,nan,MBO,MBO,21165827729536337,745337018221855422,13.256756,2.0178525,1.0616347,225.00214919845644,-39.05018452736476,2025060100566,34,60828.090555896306,i,225.00216893217217,-39.050183498913306,22.87897300720215,5554.74,236.181,False,5366.44,1.75862,6907.73,234.807,False,1308.92,15.1856,22.038340614721985,0.046164222176225685,22.075784316723954,0.00035580337263088955,21.801661617789083,0.03690625852103256,23.607717204352493,0.012596304940148868
2025 KQ25,nan,MBO,MBO,21165827729536337,745337018359742621,13.256904,2.0178518,1.0616351,225.00205348708892,-39.05015049932243,2025060100567,41,60828.09099264318,i,225.00206469172872,-39.0501572411598,28.18221092224121,6005.84,208.692,False,5602.98,0.774767,8045.25,208.721,False,1993.12,15.8521,21.953565633016176,0.03772735660560068,22.028952323175844,0.0001501330658164841,21.636151139964728,0.028167668977192816,23.151166384898943,0.008635305118530846
2025 KQ25,nan,MBO,MBO,21165827729536337,745337018481377780,13.257058,2.0178509,1.0616356,225.0019533922537,-39.0501149032398,2025060100568,17,60828.09144915962,i,225.00196886023969,-39.05011837756974,23.219568252563477,5072.77,217.196,False,4818.53,1.11306,7170.76,216.259,False,2033.91,13.1705,22.136887066319915,0.04648694084158074,22.192713630333092,0.00025080047053775196,21.761087067407352,0.0327441214731754,23.129170652775365,0.007030639619791741
2025 KQ25,nan,MBO,MBO,21165827729536337,745337018612973981,13.257209,2.0178502,1.0616361,225.0018559230049,-39.05008023142427,2025060100569,12,60828.09189424428,i,225.0018652964243,-39.05007857053935,23.055030822753906,4883.51,209.889,False,4562.14,1.24301,6455.99,206.592,False,1549.69,16.3428,22.178169848698467,0.04666399893408543,22.25207844622968,0.0002958219097420701,21.875092838047777,0.03474361030631207,23.424387964584508,0.011450012886730204
2025 KQ25,nan,MBO,MBO,21165827729536337,745337018942227097,13.2575245,2.0178487,1.0616372,225.00165133824595,-39.05000742597249,2025060100571,128,60828.09282860032,i,225.0016557950438,-39.05001818466293,20.192827224731445,3945.62,192.326,False,3537.65,0.0768882,4364.57,190.989,False,406.395,17.6837,22.409711826948758,0.052923317371681496,22.52821287133245,2.3597673227848446e-05,22.300146385723323,0.047510677716033116,24.877629139218854,0.04724426839106951
2025 KQ25,nan,MBO,MBO,21165827729536337,745337019320762385,13.262249,2.0178258,1.0616529,224.9985919818301,-39.048913627910665,2025060100574,82,60828.10679039168,i,224.99860862303996,-39.0489214303646,33.5277099609375,6602.67,195.473,False,5980.27,0.531687,7750.13,194.949,False,1129.46,15.7944,21.850701033165876,0.032143378888165035,21.958198016055327,9.65293952767608e-05,21.676727547954833,0.02731092202948981,23.767822900243537,0.015182965965250107
2025 KQ25,nan,MBO,MBO,21165827729536337,745337019486962111,13.264598,2.0178144,1.0616609,224.99706976085156,-39.04836571384623,2025060100575,143,60828.11373518032,z,224.99708011185265,-39.04836020974329,13.47077465057373,4157.11,307.148,False,4168.44,4.39762,4611.39,304.15,False,461.705,89.0363,22.35302124473258,0.08021960590881921,22.35006612851666,0.0011454298332797866,22.24042033419523,0.07161108695204675,24.739088587235294,0.20937598244516858
2025 KQ25,nan,MBO,MBO,21165827729536337,745337019620130978,13.264745,2.0178137,1.0616614,224.9969741951061,-39.04833123093264,2025060100576,141,60828.11417181953,z,224.997006247314,-39.048346932361795,14.319062232971191,4396.05,302.708,False,4527.36,0.174782,4970.9,299.731,False,604.766,81.8267,22.29234348979196,0.0747628116500835,22.26038745913088,4.191562930819219e-05,22.158912455106357,0.06546677488239766,24.44603159801938,0.14690344720895854
2025 KQ25,nan,MBO,MBO,21165827729536337,745337019754348904,13.264893,2.017813,1.0616618,224.99687841027472,-39.04829665880835,2025060100577,141,60828.11460844806,z,224.99689091984402,-39.04829154580066,15.446250915527344,4740.46,308.272,False,4547.12,1.91216,5607.08,303.995,False,876.804,79.7078,22.21044879306923,0.07060540063984543,22.25565893319039,0.00045657500353470755,22.02815810358314,0.05886457258772953,24.042743674031556,0.09870124297563411
2025 KQ25,nan,MBO,MBO,21165827729536337,745337019877032020,13.26505,2.0178123,1.0616624,224.9967769266429,-39.04826001866719,2025060100578,119,60828.11507167827,z,224.9967766450077,-39.04826637069599,16.040077209472656,5227.59,323.421,False,4899.28,2.5097,6241.06,319.818,False,1171.73,87.8787,22.104246236156374,0.06717242337421359,22.174669396011204,0.0005561781195601032,21.911854095306182,0.055637659444275726,23.727931144650007,0.08142924401169133
2025 KQ25,nan,MBO,MBO,21165827729536337,745337019974025564,13.26521,2.0178115,1.0616629,224.99667303207065,-39.048222496191855,2025060100579,48,60828.11554558946,z,224.9966773247979,-39.04823734550305,15.209678649902344,5143.11,328.348,False,5128.8,2.65209,7317.73,325.622,False,2133.35,54.7219,22.12193549626163,0.06931590265215394,22.124960631657295,0.0005614315862951583,21.739059049352264,0.04831274254203255,23.0773446698578,0.027849882262154468
2025 KQ25,nan,MBO,MBO,21165827729536337,745337020151759027,13.265379,2.0178106,1.0616635,224.9965634390863,-39.048182902630685,2025060100580,131,60828.11604567485,z,224.99657442023013,-39.04818455110654,16.466577529907227,5334.19,319.476,False,5028.64,1.15852,8863.44,316.156,False,3544.86,81.5067,22.0823288097125,0.06502705713058446,22.146373606428543,0.00025013662851131404,21.53099417451349,0.03872785343753353,22.52600224730491,0.024964249907680612
2025 KQ25,nan,MBO,MBO,21165827729536337,745337020270247979,13.265538,2.0178099,1.0616641,224.9964602027308,-39.04814559329636,2025060100581,101,60828.11651645759,z,224.9964467487446,-39.04817825454054,13.34543228149414,5067.86,379.196,False,5384.49,16.0727,11886.3,372.639,False,6987.05,35.766,22.137938506889167,0.08123879756851948,22.072138515909156,0.0032409219967022207,21.21238329964022,0.034038150515314496,21.789265402554044,0.005557773441694046
2025 KQ25,nan,MBO,MBO,21165827729536337,745337020384018604,13.265686,2.0178092,1.0616646,224.9963644190848,-39.0481109666689,2025060100582,62,60828.116953019664,z,224.9963668213521,-39.048106752171634,12.39444637298584,4657.9,357.613,False,4383.32,21.7032,12313.6,351.977,False,7758.85,54.9224,22.22952462158088,0.08335803617285786,22.2954921008999,0.005375822499402562,21.174037430228665,0.031035129704733985,21.67550659674092,0.007685576977559343
2025 KQ25,nan,MBO,MBO,21165827729536337,745337020642492818,13.266011,2.0178075,1.0616657,224.9961533457221,-39.048034625399744,2025060100584,43,60828.11791620572,z,224.99617220714,-39.04803137851707,14.955838203430176,4900.2,328.404,False,4688.15,2.73934,10683.2,326.456,False,5779.71,89.2738,22.17446544179429,0.07276439520083548,22.22249627579408,0.0006344081886762242,21.328246582926823,0.03317780113529658,21.995234887307184,0.016770357246389103
2025 KQ25,nan,MBO,MBO,21165827729536337,745337020774088836,13.266165,2.0178068,1.0616663,224.99605383736647,-39.04799861767968,2025060100585,38,60828.118370411685,z,224.99608051284952,-39.04802862352765,11.585587501525879,3624.77,310.223,False,3797.52,5.01293,8162.97,307.906,False,4507.44,92.2527,22.501798857157965,0.09292184941014599,22.451249819930855,0.0014332299695954541,21.620379470393186,0.0409538059585326,22.26517512811935,0.022221504568773007
2025 KQ25,nan,MBO,MBO,21165827729536337,745337020907257876,13.266314,2.017806,1.0616667,224.99595783651893,-39.04796386856535,2025060100586,36,60828.118808297746,z,224.9959572803972,-39.04796974208897,11.637529373168945,3565.84,298.987,False,3575.71,13.7473,5379.49,295.438,False,1893.07,81.2674,22.51959534226222,0.09103633424961127,22.516594289198743,0.004174259560039415,22.073147191357798,0.059627902675266874,23.20708334791385,0.04660945650505952
2025 KQ25,nan,MBO,MBO,21165827729536337,745337021043048573,13.266461,2.0178053,1.0616672,224.99586161716144,-39.0479290298834,2025060100587,39,60828.11924738517,z,224.9958750489213,-39.04793346805884,11.486486434936523,3478.9,297.508,False,3534.4,4.6352,4728.45,294.717,False,1228.49,72.7593,22.5463951673414,0.09284981203864565,22.529210783680732,0.00142389220830289,22.213202952550446,0.06767226368864473,23.6765709445281,0.06430447714075839
2025 KQ25,nan,MBO,MBO,21165827729536337,745337021229171035,13.266635,2.0178046,1.0616678,224.9957491794347,-39.047888305610975,2025060100588,138,60828.11976059266,z,224.99574753909806,-39.047881673435796,11.110227584838867,3780.45,343.795,False,3794.42,6.28276,4622.86,340.095,False,782.735,66.1667,22.456141267813265,0.0987371074647056,22.45213652042552,0.0017977504582570602,22.23772317875939,0.07987554604791458,24.16596313598316,0.09178021367254431
2025 KQ25,nan,MBO,MBO,21165827729536337,745337021366009874,13.2667885,2.017804,1.0616684,224.9956496739303,-39.04785225331807,2025060100589,143,60828.12021478312,z,224.99563373383916,-39.04785053541588,8.8798828125,3310.26,366.426,False,3287.0,14.8171,3792.68,366.719,False,444.538,58.7486,22.60034473129215,0.12018450750832468,22.608000739795937,0.004894268772129122,22.45263451582903,0.10498119959696312,24.780227785573153,0.14348713228384102
2025 KQ25,nan,MBO,MBO,21165827729536337,745337021504422447,13.266943,2.0178032,1.0616689,224.99554951181048,-39.047815951725454,2025060100590,151,60828.1206711944,z,224.99554852056616,-39.04783750199271,11.595985412597656,4135.01,353.38,False,4008.45,10.6255,4612.76,350.59,False,366.053,36.2695,22.3588086510996,0.0927875596639327,22.392558836400468,0.0028780426064889354,22.24009790758307,0.08252071891684401,24.991140047008315,0.10757761608816609
2025 KQ25,nan,MBO,MBO,21165827729536337,745337021636542794,13.267091,2.0178025,1.0616693,224.99545373405292,-39.04778122843254,2025060100591,147,60828.1211088643,z,224.99545008792535,-39.04778648991538,11.249187469482422,4064.0,355.926,False,4020.42,9.04601,4257.55,351.063,False,175.846,30.5296,22.377615751810342,0.09508901054336204,22.389321459186334,0.0024429240664766197,22.327100657430172,0.08952609223922137,25.787168808481024,0.18850069665561398
2025 KQ25,nan,MBO,MBO,21165827729536337,745337021738254719,13.267248,2.0178015,1.06167,224.99535160132663,-39.04774418964071,2025060100592,85,60828.12157495939,z,224.99536941688658,-39.04773890571944,12.284890174865723,4441.57,357.965,False,4448.32,16.5661,4573.21,354.797,False,116.905,22.8714,22.28115876531018,0.0875040969616011,22.279509988760566,0.004043417368319125,22.24944714809906,0.0842331640902255,26.230417295751295,0.2124144236547565
2025 KQ25,nan,MBO,MBO,21165827729536337,745337021989912603,13.267567,2.0178,1.061671,224.99514514745965,-39.04766928186382,2025060100594,53,60828.12251685461,z,224.99512236429405,-39.0476702005788,12.970005989074707,5066.24,386.44,False,5064.22,9.52849,5096.21,382.523,False,73.0799,18.2177,22.13828555097593,0.08281721399048804,22.138718543805712,0.0020428469148289575,22.131881719049225,0.08149567709516603,26.74050509962683,0.27065738609388107
2025 KQ25,nan,MBO,MBO,21165827729536337,745337022170792325,13.267745,2.0177991,1.0616716,224.99502964941348,-39.04762735424234,2025060100595,142,60828.12304322132,z,224.99504710610444,-39.047641367742045,14.653682708740234,5826.91,389.954,False,5749.02,10.626,6175.95,386.764,False,232.968,18.1268,21.986404195355398,0.07266066843403915,22.001015447572392,0.002006782601485285,21.92324053734311,0.06799337307367438,25.481759310851523,0.08447908478260267
2025 KQ25,nan,MBO,MBO,21165827729536337,745337022271979809,13.267905,2.0177984,1.0616722,224.99492620668408,-39.04758978982219,2025060100596,79,60828.1235159265,z,224.9949578648892,-39.04759494170886,17.866682052612305,6215.32,342.702,False,6058.5,5.65495,6664.33,337.093,False,394.544,17.5172,21.9163412969526,0.05986561832054413,21.944087219435822,0.0010134165396006051,21.840608752158104,0.05491835730391543,24.909761374367818,0.04820516457039899
2025 KQ25,nan,MBO,MBO,21165827729536337,745337022450237549,13.26806,2.0177977,1.0616727,224.99482561432248,-39.04755324862141,2025060100597,163,60828.123974499824,z,224.99483597730034,-39.047549813716834,16.617267608642578,5782.47,343.854,False,5413.9,2.32888,6735.23,341.076,False,900.964,21.2592,21.99471648894083,0.06456319312007851,22.06622444541712,0.00046704768391167095,21.82911892578297,0.05498231695942538,24.013231417611056,0.025619095178422934
2025 KQ25,nan,MBO,MBO,21165827729536337,745337022572921276,13.268217,2.017797,1.0616733,224.9947237084263,-39.04751621830774,2025060100598,141,60828.12443985154,z,224.9947551557845,-39.04752240687202,16.267114639282227,5905.32,359.946,False,5697.68,3.39004,7553.82,357.343,False,1625.37,18.2768,21.97189144151395,0.06617870517264293,22.01075483096338,0.000645997838425659,21.704583445739985,0.05136212242237035,23.37261940433251,0.012208779352221439
2025 KQ25,nan,MBO,MBO,21165827729536337,745337022671487134,13.268379,2.017796,1.0616738,224.994618735922,-39.04747806104775,2025060100599,73,60828.124918138405,z,224.99460130275938,-39.04748194134795,17.496028900146484,6170.7,349.622,False,5853.15,8.77239,9014.05,346.892,False,2735.71,32.5521,21.924163883390527,0.06151607782550371,21.981525883065366,0.0016272437885778573,21.51270011670509,0.0417829066674996,22.807324870670545,0.01291913077341784
2025 KQ25,nan,MBO,MBO,21165827729536337,745337022857609490,13.2685375,2.0177953,1.0616744,224.99451639481225,-39.04744084794899,2025060100600,172,60828.12538555921,z,224.9945429531032,-39.047434173465874,16.023984909057617,6082.56,378.801,False,6421.65,3.34892,8865.13,374.272,False,2800.19,15.7784,21.939783985488507,0.06761592989961376,21.8808834378397,0.0005662164493837476,21.530787242945152,0.045838094832769107,22.782031271906213,0.0061178637695563495
2025 KQ25,nan,MBO,MBO,21165827729536337,745337022919475466,13.2687025,2.0177946,1.061675,224.99440923430447,-39.04740186933986,2025060100601,34,60828.12587480736,z,224.9944484697532,-39.04739126026697,14.210305213928223,5547.12,383.951,False,5701.85,4.31955,8487.97,381.715,False,2908.01,15.198,22.039831074546235,0.07515061519365893,22.009960511330195,0.0008225210736038045,21.577990445177928,0.04882696390000053,22.741010257274507,0.0056743335596506125
2025 KQ25,nan,MBO,MBO,21165827729536337,745337023375081908,13.26922,2.017792,1.0616767,224.99407373983925,-39.04727974954886,2025060100604,135,60828.12740580195,z,224.99411433497673,-39.04727488030933,9.7000150680542,3706.96,379.165,False,3856.04,12.8541,8306.62,373.049,False,4543.46,20.6621,22.477455261954557,0.11105412027448333,22.434646163158995,0.003619299036070994,21.601439126172792,0.048760243267183395,22.25653323699417,0.004937556411544469
2025 KQ25,nan,MBO,MBO,21165827729536337,745337023506677930,13.276974,2.0177543,1.0617038,224.98904726474703,-39.045433808196144,2025060100605,130,60828.15036010455,g,224.9890885583317,-39.045439903672154,11.913599967956543,2539.99,210.517,False,2415.65,1.75607,2282.36,206.197,False,-29.1143,7.63226,22.887919987184937,0.08998693996446427,22.942415018357398,0.00078928192143312,23.004039580416922,0.09808949702715539,nan,nan
2025 KQ25,nan,MBO,MBO,21165827729536337,745337023873679529,13.287478,2.0177033,1.0617417,224.9822442377209,-39.042883460804816,2025060100608,62,60828.18152528588,g,224.9822978206481,-39.04285737681895,7.552964687347412,2070.92,265.489,False,2846.47,2.73352,2426.78,269.681,False,165.507,3.76696,23.10959173509397,0.1391898503965811,22.764233483720947,0.001042653424981812,22.937423969133157,0.12065470361363577,25.8529590584901,0.024711490498262583
2025 KQ25,nan,MBO,MBO,21165827729536337,745337024031490215,13.287628,2.0177026,1.0617423,224.98214757304729,-39.04284676769259,2025060100609,107,60828.18196958663,g,224.98220221554664,-39.04285110654311,7.942394256591797,1990.31,244.159,False,2122.83,6.37031,2293.3,248.084,False,133.194,5.72529,23.152698155398973,0.1331914397768899,23.08271191883146,0.003258139258962182,22.998847799257447,0.11745248091772681,26.088788344061964,0.04666992830515777
2025 KQ25,nan,MBO,MBO,21165827729536337,745337024165707937,13.287775,2.0177019,1.0617428,224.9820524405196,-39.042810643371126,2025060100610,107,60828.18240609738,g,224.9820924527024,-39.04279737291426,7.200287342071533,2143.45,269.797,False,2397.68,4.31529,2263.65,273.061,False,144.062,4.82864,23.072216631658904,0.13666209817220615,22.950521979281177,0.001954083402544278,23.01297685143618,0.13097087961211254,26.003626427293845,0.036391479913793046
2025 KQ25,nan,MBO,MBO,21165827729536337,745337024338198658,13.287924,2.0177011,1.0617434,224.98195622808015,-39.04277409605147,2025060100611,180,60828.18284814872,g,224.98192852331542,-39.042784967674955,10.104637145996094,1982.19,194.595,False,1960.02,5.08531,2029.69,196.994,False,80.6678,3.81025,23.157136830035274,0.10658859359380038,23.169348731905302,0.0028169636560759575,23.131425751301936,0.10537743580204777,26.633249455652102,0.05128349075448227
2025 KQ25,nan,MBO,MBO,21165827729536337,745337024424181847,13.288075,2.0177004,1.061744,224.98185828287424,-39.042736877154354,2025060100612,88,60828.183298175274,g,224.98182925615217,-39.04274745406985,12.987635612487793,2193.32,168.221,False,2306.79,2.11456,2250.3,169.075,False,69.9902,8.85326,23.04724496916519,0.08327267195556895,22.992479831454318,0.0009952592951960495,23.01939892598558,0.08157616385498184,26.78740697218767,0.137337876930036
2025 KQ25,nan,MBO,MBO,21165827729536337,745337024588284081,13.288221,2.0176997,1.0617445,224.98176339334412,-39.04270080652967,2025060100613,145,60828.1837349714,g,224.9817105086237,-39.04272380022172,11.503652572631836,2535.92,217.75,False,2687.43,6.31616,2743.41,219.055,False,103.15,5.41241,22.889661161318127,0.09322812465280053,22.826657125317382,0.0025517628294799716,22.804273241409106,0.08669354708216147,26.366326903165977,0.05696993862161918
2025 KQ25,nan,MBO,MBO,21165827729536337,745337024666403102,13.288376,2.017699,1.061745,224.98166350725248,-39.04266282284346,2025060100614,38,60828.184193467096,g,224.9816866892716,-39.042691770503666,13.079721450805664,2851.43,216.674,False,2933.57,1.65883,2986.39,219.08,False,100.705,11.5563,22.762343239730512,0.08250274693606574,22.73150883548599,0.0006139453966408393,22.712133732366993,0.07964904057490906,26.392372395768902,0.12459255500896381
2025 KQ25,nan,MBO,MBO,21165827729536337,745337024800620801,13.288526,2.0176983,1.0617455,224.98156689428976,-39.04262607044333,2025060100615,38,60828.18463775038,g,224.98157042557497,-39.042626689515956,13.066642761230469,2714.15,202.557,False,2693.68,3.67143,2992.2,204.52,False,88.5674,16.486,22.815915424886263,0.08102849281069802,22.824135023184716,0.0014798360220360392,22.710023471212537,0.07421120809420904,26.531815284542375,0.20209972888108443
2025 KQ25,nan,MBO,MBO,21165827729536337,745337025007190100,13.288691,2.0176976,1.0617462,224.981460282126,-39.04258549896731,2025060100616,176,60828.185127137534,g,224.98145835854447,-39.04259046685629,13.395102500915527,2861.95,211.754,False,2911.97,1.42083,2977.54,213.539,False,74.8084,5.85932,22.75834491326794,0.08033298479680327,22.73953276984768,0.000529760471319845,22.7153559745903,0.07786529214608942,26.715124040828982,0.08503959155150397
2025 KQ25,nan,MBO,MBO,21165827729536337,745337025117815040,13.288837,2.0176969,1.0617467,224.98136521062344,-39.04254930576408,2025060100617,131,60828.185564230705,g,224.98138200009853,-39.04254749799504,18.40660285949707,3110.35,166.453,False,3164.22,1.15378,3306.47,168.291,False,72.2142,11.1134,22.667976811256956,0.058104086677462495,22.649333331945172,0.00039589557996345275,22.601588542990612,0.05526124043210447,26.75344344561297,0.1670893086853484
2025 KQ25,nan,MBO,MBO,21165827729536337,745337025249411130,13.288984,2.0176961,1.0617473,224.98127036523397,-39.0425131858992,2025060100618,126,60828.18600006528,g,224.98129477659882,-39.0425159115715,17.245208740234375,3104.7,178.538,False,2994.44,1.03563,3124.13,179.778,False,86.3383,12.3567,22.669950912910878,0.06243603809613757,22.70921098252008,0.00037550293023047235,22.663177297569266,0.062478671056642995,26.55949123426991,0.15539008868729806
2025 KQ25,nan,MBO,MBO,21165827729536337,745337025520992313,13.28928,2.0176947,1.0617484,224.98107874311245,-39.042440171776576,2025060100620,132,60828.186881925816,g,224.98106813628945,-39.0424845784539,11.563583374023438,3360.6,287.683,False,3236.1,24.3443,3524.27,292.647,False,70.6907,10.8118,22.583957910818445,0.0929440738635914,22.624945133604736,0.008167697645210012,22.532327061447404,0.09015695301407509,26.776594344949977,0.16605809883338118
2025 KQ25,nan,MBO,MBO,21165827729536337,745337025640005926,13.289428,2.017694,1.0617489,224.98098348905933,-39.04240385757191,2025060100621,103,60828.18731983473,g,224.98098449601542,-39.042409369530276,13.076336860656738,3055.29,226.927,False,3149.73,3.52671,3040.42,227.256,False,59.3831,10.6504,22.68736888958844,0.08064139859315217,22.65431668935048,0.0012156841350554322,22.692666076209417,0.08115328464821885,26.96584286179906,0.19472754576534518
2025 KQ25,nan,MBO,MBO,21165827729536337,745337025772650562,13.289575,2.0176933,1.0617495,224.98088846137804,-39.042367616826745,2025060100622,100,60828.18775671756,g,224.98090462260618,-39.042364282012485,12.725525856018066,2802.11,221.665,False,2713.73,2.23178,2750.32,225.972,False,78.0392,13.4504,22.78128700836239,0.08588874073890479,22.81608341842835,0.0008929128620584987,22.80154190557552,0.08920633806104404,26.669217980676734,0.18713142450406164
2025 KQ25,nan,MBO,MBO,21165827729536337,745337025883799793,13.289725,2.0176923,1.06175,224.98079105085148,-39.0423304540092,2025060100623,56,60828.188204194164,g,224.98080734624796,-39.04233463452946,12.040197372436523,2800.48,229.031,False,2789.79,3.91971,3037.12,231.579,False,107.714,11.4184,22.78191881896197,0.0887945126578167,22.786071201769225,0.0015254807400067385,22.693845078814707,0.08278688005776544,26.319319646678256,0.115095256264245
2025 KQ25,nan,MBO,MBO,21165827729536337,745337026020638732,13.289874,2.0176916,1.0617505,224.9806947367884,-39.0422936962236,2025060100624,61,60828.18864795215,g,224.98070070654418,-39.042313600035705,8.942938804626465,2127.88,236.822,False,2269.81,3.84387,2219.8,237.219,False,146.92,9.79864,23.08013222818878,0.12083681429551381,23.010026209391633,0.0018386687148815202,23.034215358469666,0.11602722980871748,25.98229771434832,0.07241177927221801
2025 KQ25,nan,MBO,MBO,21165827729536337,745337026195751138,13.290028,2.017691,1.0617511,224.98059582336208,-39.04225593264936,2025060100625,139,60828.18910271475,g,224.98061033127578,-39.04223770152839,11.990866661071777,2486.93,207.719,False,2485.06,5.17047,2779.16,211.058,False,204.838,5.87698,22.910841126622614,0.09068531826533517,22.9116577770845,0.0022590064627680106,22.790216158291713,0.08245416517684899,25.62147369655562,0.031150713508321562
2025 KQ25,nan,MBO,MBO,21165827729536337,745337026434826372,13.290328,2.0176895,1.0617522,224.98040128600937,-39.04218162066485,2025060100627,83,60828.18999722732,g,224.98042386144277,-39.04222376618662,9.152152061462402,2119.89,232.146,False,1998.8,5.67686,2452.07,236.072,False,288.423,5.09751,23.08421673952668,0.11889736048606346,23.14807662155048,0.003083636243771789,22.926167809826293,0.10452879279281678,25.24992525987156,0.01918900687722265
2025 KQ25,nan,MBO,MBO,21165827729536337,745337026580054085,13.29048,2.0176888,1.0617528,224.98030327109285,-39.04214415913623,2025060100628,104,60828.19044815879,g,224.98035926062872,-39.04216433024538,9.353411674499512,2077.11,223.761,False,1939.89,2.54066,2637.76,225.525,False,369.571,4.9574,23.106351202357153,0.11696318831041633,23.180557231083373,0.0014219808450177318,22.84691180057132,0.09282901023775322,24.980755244995542,0.014563989824766194
2025 KQ25,nan,MBO,MBO,21165827729536337,745337026752020626,13.290634,2.017688,1.0617534,224.9802035275876,-39.04210602283241,2025060100629,176,60828.19090764866,g,224.98024525757253,-39.04210310652078,10.000080108642578,2150.34,211.859,False,2074.35,3.66088,2498.28,215.185,False,377.901,5.89778,23.068732121590052,0.10697051172267225,23.107794859683253,0.0019161423417319737,22.905897209177827,0.09351799631361171,24.956554894327454,0.016944737361634713
2025 KQ25,nan,MBO,MBO,21165827729536337,745337026875752573,13.290782,2.0176873,1.061754,224.98010813967463,-39.04206953853965,2025060100630,156,60828.19134663328,g,224.980128560459,-39.042082223420074,14.096552848815918,2151.03,152.741,False,2221.73,1.58442,2531.73,153.64,False,344.402,11.5056,23.068383816584927,0.0770962880464176,23.033271811190694,0.0007742894660794773,22.891456538743505,0.06588874450405365,25.0573358125772,0.036271700392941524
2025 KQ25,nan,MBO,MBO,21165827729536337,745337026986377416,13.290929,2.0176866,1.0617545,224.9800131957485,-39.042033211117975,2025060100631,111,60828.191783166316,g,224.98001189244042,-39.04205718564632,12.986910820007324,2675.1,207.024,False,2783.22,2.21527,2902.13,208.597,False,263.899,9.76506,22.831649906960685,0.08402431539062544,22.7886311700369,0.0008641785103903341,22.74320788728662,0.07803968960099782,25.346405692893306,0.04017552235711016
2025 KQ25,nan,MBO,MBO,21165827729536337,745337027153625119,13.291082,2.017686,1.0617551,224.97991369933828,-39.04199512795287,2025060100632,174,60828.19224157174,g,224.97992471303849,-39.041984845222366,9.566573143005371,2690.82,279.365,False,2602.72,9.64484,2810.85,282.481,False,179.635,7.81256,22.825288354932173,0.11272276723589994,22.86143138890912,0.004023387977219341,22.77790578663652,0.10911283941940778,25.764022637423817,0.04722008289977298
2025 KQ25,nan,MBO,MBO,21165827729536337,745337027253239852,13.291242,2.017685,1.0617557,224.97981117222213,-39.04195586988975,2025060100633,108,60828.19271319906,g,224.97985861063367,-39.041976851825105,10.591484069824219,2615.7,245.223,False,2556.68,3.05548,2915.6,248.794,False,184.865,5.2599,22.856030189309813,0.10178824105561228,22.88080909372261,0.0012975598632834358,22.73818010974255,0.09264804883070833,25.7328632299386,0.030892076892710132
2025 KQ25,nan,MBO,MBO,21165827729536337,745337027418390551,13.291399,2.0176842,1.0617563,224.97970887345969,-39.04191668420943,2025060100634,167,60828.19318470171,g,224.97972806265105,-39.04196084322315,14.210235595703125,2957.71,206.194,False,2877.33,3.32993,3091.49,209.269,False,124.215,8.43951,22.72261104013132,0.07569109014259452,22.752525785936697,0.0012565209881927298,22.67458038835269,0.0734956048710906,26.164564922765027,0.07376792015973756
2025 KQ25,nan,MBO,MBO,21165827729536337,745337027472916521,13.291565,2.0176835,1.0617568,224.9796022424089,-39.04187582301756,2025060100635,15,60828.19367508328,g,224.9796191620825,-39.04188356941258,13.496234893798828,3104.74,226.593,False,2934.32,2.73204,3296.27,228.273,False,117.96,8.75494,22.66993691104914,0.07924020276634304,22.731231290358515,0.001010889948623283,22.604943048877537,0.07518930602354446,26.220663098727364,0.08058287078709497
2025 KQ25,nan,MBO,MBO,21165827729536337,745337027922231677,13.292456,2.0176792,1.0617602,224.97902651489787,-39.04165492006148,2025060100638,104,60828.19632798215,g,224.97903165033293,-39.04164908028399,18.6973819732666,3075.81,162.624,False,2952.58,0.0161411,3435.59,163.37,False,109.961,12.4634,22.680101217894652,0.05740496113606398,22.724495787193653,5.935478813041549e-06,22.559996647307884,0.0516291856514217,26.296903312660287,0.12306149154747938
2025 KQ25,nan,MBO,MBO,21165827729536337,745337028182278385,13.29275,2.0176778,1.0617613,224.9788362046597,-39.04158179385043,2025060100640,88,60828.19720497585,g,224.97885239978754,-39.04159649571058,18.019676208496094,2690.95,147.634,False,2711.74,1.58092,2807.45,147.727,False,95.6348,9.06368,22.82523594894997,0.05956691305211832,22.816879885666445,0.0006329744246799741,22.77921994307465,0.0571310479416868,26.448460072253933,0.10289941323868858
2025 KQ25,nan,MBO,MBO,21165827729536337,745337028426072117,13.293048,2.0176764,1.0617623,224.97864376512672,-39.04150779605949,2025060100642,41,60828.19809133858,g,224.97864628892395,-39.04151342057607,14.973810195922852,2320.75,153.095,False,2306.28,0.369404,2439.96,154.429,False,83.2721,12.236,22.985929102186624,0.07162373611668961,22.99271990414403,0.00017390571786262898,22.931543250635322,0.06871799536740067,26.598751176619373,0.15953804325606985
2025 KQ25,nan,MBO,MBO,21165827729536337,745337028559765527,13.293195,2.0176756,1.0617629,224.9785489707957,-39.04147132550947,2025060100643,40,60828.19852822288,g,224.97855298361384,-39.041479779517886,18.574384689331055,2475.69,129.998,False,2393.03,0.424914,2581.27,132.91,False,70.6193,10.4246,22.915759369614726,0.057011798601403166,22.952629628857025,0.0001927867643474669,22.870416406832234,0.0559047297875071,26.777691466077044,0.16027297243710845
2025 KQ25,nan,MBO,MBO,21165827729536337,745337028768956453,13.293354,2.0176747,1.0617635,224.9784459448564,-39.041431673169306,2025060100644,183,60828.19900322414,g,224.9784616894802,-39.04142549123141,11.4534912109375,1932.7,169.254,False,2039.13,1.54523,1903.92,170.705,False,68.2541,4.96658,23.18458891079646,0.09508211199729025,23.1263877121567,0.000822758816423423,23.20087823494513,0.09734684048875034,26.814678186926223,0.07900471714908457
2025 KQ25,nan,MBO,MBO,21165827729536337,745337029767725079,13.295984,2.0176618,1.0617734,224.97674833420268,-39.04077606724925,2025060100652,40,60828.206838964485,u,224.97665646415442,-39.04075162561924,5.109313011169434,1459.42,282.059,False,1450.51,25.0657,1397.86,280.776,False,-43.6731,16.421,23.489549233403753,0.2098379141156488,23.496198174614552,0.01876218597659696,23.53634081724561,0.21808240659438305,nan,nan
2025 KQ25,nan,MBO,MBO,21165827729536337,745337032619851830,13.300338,2.0176406,1.06179,224.97394191724385,-39.03968289519258,2025060100673,104,60828.21982715353,u,224.97388022659214,-39.0396707317735,5.635315418243408,1589.72,288.242,False,1705.94,87.9006,1536.28,285.258,False,88.8389,16.2961,23.396698424873456,0.19686157667427184,23.320090656214006,0.05594385702115621,23.433824037431393,0.20160057256445832,26.5284920968187,0.19916125585442943
2025 KQ25,nan,MBO,MBO,21165827729536337,745337035168415775,13.30372,2.0176241,1.061803,224.97176481291865,-39.03882670258371,2025060100692,101,60828.22993857999,u,224.9718291104582,-39.03878330366211,5.958008766174316,1764.76,299.094,False,2264.99,5.63109,1889.62,295.735,False,96.8456,20.38,23.283285865238653,0.1840120901806474,23.01233428235699,0.002699296018910856,23.20906381048866,0.16992314933135197,26.43480030597958,0.22848021783211905
2025 KQ25,nan,MBO,MBO,21165827729536337,745345747939491862,13.946366,2.014521,1.0644189,224.6007823369152,-38.87997125417517,2025060300071,153,60830.14386858969,i,224.60079742704977,-38.879979384268445,23.593408584594727,5633.65,236.702,False,6141.11,0.91725,5647.16,232.606,False,155.233,19.9453,22.023025363292412,0.045618015156659295,21.929382832757728,0.00016216800084235429,22.020424738206366,0.04472137352307823,25.922539861423715,0.13950212365873021
2025 KQ25,nan,MBO,MBO,21165827729536337,745345748072661554,13.946533,2.0145202,1.0644196,224.6006865978452,-38.8799299574281,2025060300072,151,60830.14434140123,i,224.60071742176336,-38.879939963276584,24.4534969329834,6091.45,243.067,False,6367.52,2.73095,6232.58,241.592,False,149.609,16.602,21.938198255755204,0.04332410757341885,21.890074202342635,0.0004656587504147914,21.91333033209481,0.04208613009749364,25.96260574674087,0.12048334306250842
2025 KQ25,nan,MBO,MBO,21165827729536337,745345748207403659,13.946698,2.0145195,1.0644203,224.6005922810126,-38.87988926049594,2025060300073,152,60830.144807851495,i,224.60062042913384,-38.87990089766148,25.8304386138916,6417.61,247.679,False,6594.82,0.919737,6327.47,243.957,False,127.075,21.8359,21.881566719727232,0.04190252510122969,21.851992663075116,0.0001514206250009938,21.896924726273518,0.041860797302217985,26.13984973013754,0.1865672009474272
2025 KQ25,nan,MBO,MBO,21165827729536337,745345748353680038,13.946863,2.0145187,1.064421,224.6004977671014,-38.87984846489779,2025060300074,175,60830.14527409608,i,224.6005270697134,-38.8798493506007,28.611433029174805,6399.58,222.28,False,6285.79,0.254236,6139.65,213.63,False,83.1341,9.82453,21.884621305562273,0.037711449707960275,21.904100323965622,4.391385041869586e-05,21.929640981680937,0.037778348018733525,26.60055197679325,0.12830892851099718
2025 KQ25,nan,MBO,MBO,21165827729536337,745345748442808442,13.947047,2.0145178,1.0644219,224.60039233081707,-38.87980293868247,2025060300075,89,60830.145795130025,i,224.60042837590115,-38.87981831107923,30.832685470581055,6723.24,215.87,False,6924.18,1.68699,6510.6,207.971,False,73.5042,8.18022,21.831053425715858,0.034860849984409206,21.799079099417412,0.0002645260663599471,21.8659474490521,0.03468215422515019,26.73421955591651,0.12083064883980212
2025 KQ25,nan,MBO,MBO,21165827729536337,745345748609008294,13.947224,2.014517,1.0644227,224.60029135319263,-38.87975932169053,2025060300076,150,60830.14629471342,i,224.60030906875443,-38.879763924322816,25.353609085083008,6315.84,243.892,False,6797.26,4.25538,6163.92,235.748,False,114.427,13.3501,21.89892222826856,0.04192670795118489,21.81916533165976,0.0006797180712731983,21.925357530056708,0.04152554595717144,26.253678701630296,0.1266719059830169
2025 KQ25,nan,MBO,MBO,21165827729536337,745345748690797112,13.947415,2.014516,1.0644236,224.60018208596784,-38.879712106385135,2025060300077,50,60830.14683445828,i,224.60021073699585,-38.87972661153005,25.8897705078125,5962.62,227.118,False,6560.76,0.404909,5644.57,222.417,False,111.357,7.60997,21.961407147466044,0.0413560190649794,21.85761466112175,6.700815036669047e-05,22.020922875750017,0.04278203743751508,26.283206172068194,0.07419757966980298
2025 KQ25,nan,MBO,MBO,21165827729536337,745345748824490386,13.947586,2.0145154,1.0644243,224.60008415656785,-38.8796697746365,2025060300078,49,60830.14731800559,i,224.60010470243762,-38.87966131159122,23.200599670410156,5591.82,235.794,False,5659.92,1.03879,5786.29,231.646,False,144.956,7.87072,22.031117076439287,0.04578296468849235,22.017974283219175,0.00019926993918757512,21.993999502589695,0.043465924270708334,25.996909556734447,0.058952550688813665
2025 KQ25,nan,MBO,MBO,21165827729536337,745345749025816996,13.947788,2.0145144,1.0644252,224.5999686319692,-38.87961981803079,2025060300079,177,60830.14788953394,i,224.59999180037616,-38.87961435508568,20.3029727935791,4696.93,230.678,False,4925.62,1.13842,4687.52,228.268,False,130.632,9.74719,22.22046473989652,0.05332322178713099,22.168847714175225,0.00025093770233295336,22.22264216117209,0.05287205959370034,26.109876028476428,0.08101290102974272
2025 KQ25,nan,MBO,MBO,21165827729536337,745345749135393494,13.947962,2.0145137,1.0644261,224.59986909764007,-38.87957675960068,2025060300080,130,60830.14838116326,i,224.59990725021976,-38.879604985480164,19.143877029418945,4422.06,226.608,False,4763.14,7.47656,4247.2,216.421,False,114.004,7.76948,22.285938408272315,0.05563843739869466,22.20526660222125,0.0017042479901467234,22.32974316923839,0.055324945861593616,26.257699797245994,0.07399394879773374
2025 KQ25,nan,MBO,MBO,21165827729536337,745345749247066558,13.948128,2.014513,1.0644268,224.5997744247179,-38.87953578997608,2025060300081,87,60830.14884984063,i,224.5997912530797,-38.87953489782838,18.959081649780273,4279.86,218.6,False,4635.55,3.24625,4396.67,215.76,False,117.202,12.2925,22.32142612746709,0.05545554026737957,22.23474687117674,0.0007603350648810894,22.292190344075117,0.05328087887811811,26.227662410802516,0.11387528714361654
2025 KQ25,nan,MBO,MBO,21165827729536337,745345749398061688,13.948293,2.0145123,1.0644275,224.59967975774703,-38.87949480902644,2025060300082,119,60830.14931710527,i,224.59968937249428,-38.8794989038168,16.467025756835938,3728.56,219.368,False,4273.13,2.03723,3556.59,216.803,False,131.843,9.85489,22.471147142559925,0.06387875531407959,22.32313476624188,0.0005176286340806431,22.522415465532667,0.06618442210764874,26.099857289529368,0.08115569683031461
2025 KQ25,nan,MBO,MBO,21165827729536337,745345749681701520,13.94863,2.0145106,1.064429,224.5994868013449,-38.87941123583676,2025060300084,148,60830.15027192823,i,224.599536348602,-38.87942092471479,16.726041793823242,3632.79,213.921,False,4010.23,6.05727,3667.67,210.873,False,206.455,7.21962,22.49939925480067,0.0639348208566046,22.392076801376906,0.001639955171490282,22.489024390764754,0.062424497508145584,25.61293647728305,0.03796761035780543
2025 KQ25,nan,MBO,MBO,21165827729536337,745345749814870393,13.948796,2.01451,1.0644298,224.59939174838044,-38.879370045209015,2025060300085,146,60830.15074167204,i,224.59942450975538,-38.87938384713142,18.07647705078125,4311.7,233.405,False,4656.18,2.92917,4576.16,229.325,False,262.398,7.02006,22.31337861123235,0.05877409051346222,22.229925556379968,0.0006830289385164204,22.248746961325132,0.05440947067875124,25.35259865627281,0.029047222431138837
2025 KQ25,nan,MBO,MBO,21165827729536337,745345749930737834,13.94899,2.014509,1.0644306,224.59928092855557,-38.87932200428727,2025060300086,111,60830.15128934033,i,224.59930777916543,-38.87934230443641,17.430601119995117,4234.63,241.536,False,4118.82,3.40676,4644.08,240.385,False,393.042,6.69298,22.33296135523195,0.06192852322537518,22.363068014075353,0.0008980345842200976,22.232750750763906,0.05619943825818562,24.913902618965565,0.018488636442725036
2025 KQ25,nan,MBO,MBO,21165827729536337,745345750062858276,13.949154,2.0145082,1.0644314,224.5991871024796,-38.87928131521193,2025060300087,107,60830.151753793805,i,224.59922777050565,-38.87929809095088,19.275575637817383,4625.08,238.117,False,5033.11,2.92889,4632.91,230.524,False,264.445,6.42419,22.23720185883305,0.05589789760883486,22.14540897417799,0.0006318165087029953,22.235365304436634,0.0540239820496255,25.34416156992985,0.026375902453335383
2025 KQ25,nan,MBO,MBO,21165827729536337,745345750214902274,13.949331,2.0145075,1.0644321,224.5990858014876,-38.87923736903187,2025060300088,141,60830.15225463029,i,224.5991137144859,-38.87924296231232,22.27446937561035,5528.04,244.817,False,5776.51,5.76478,5626.73,237.554,False,349.049,19.5074,22.043572050173225,0.048083349617570215,21.995836220283557,0.0010835315200344094,22.02435981394821,0.04583852081193684,25.042783969761786,0.06067884542255878
2025 KQ25,nan,MBO,MBO,21165827729536337,745345750300885401,13.949519,2.0145066,1.064433,224.5989782405215,-38.879190689519454,2025060300089,49,60830.152786199236,i,224.59899512956937,-38.87920595630388,20.840675354003906,5076.94,239.663,False,5143.87,0.500673,5070.37,233.936,False,320.458,6.59065,22.13599493532842,0.05125347019019672,22.121775014722076,0.00010567895109433461,22.13740084427743,0.05009354030619757,25.135572178780464,0.02232962582326707
2025 KQ25,nan,MBO,MBO,21165827729536337,745345750621749839,13.949857,2.0145051,1.0644345,224.5987851775043,-38.87910685797184,2025060300091,149,60830.15374185756,i,224.59880376819825,-38.879125033201255,26.108633041381836,6127.13,232.111,False,6679.15,1.57481,6035.69,224.583,False,211.186,6.67117,21.931857283505472,0.04113040082801266,21.838197023532295,0.00025599489277796836,21.948182696013063,0.040399339322536136,25.588337165032964,0.03429740083529526
2025 KQ25,nan,MBO,MBO,21165827729536337,745345751000809658,13.952644,2.0144925,1.0644472,224.5971912386221,-38.87841247263548,2025060300094,104,60830.16163155559,y,224.59726851916597,-38.87839864072389,5.075775146484375,5839.23,1104.65,False,5834.75,116.077,5758.13,1089.05,False,48.7219,231.904,21.98411104886373,0.20539669256134,21.984944368303793,0.021599726675005766,21.999296358043686,0.20534810622034153,27.180689438888407,5.16783154034082
2025 KQ25,nan,MBO,MBO,21165827729536337,745350147467116975,14.265516,2.013044,1.0659363,224.4331829171688,-38.7991354339172,2025060400082,162,60831.0681333331,i,224.4332175766314,-38.79915431092586,21.93048667907715,6274.76,283.516,False,6320.16,0.919251,7017.93,284.69,False,580.118,5.9753,21.906007242131505,0.04905742813803829,21.898179790807355,0.0001579175359687435,21.784477392675342,0.0440440749681448,24.49120918304108,0.011183241303199611
2025 KQ25,nan,MBO,MBO,21165827729536337,745350147562537184,14.265689,2.0130434,1.0659372,224.4330898490915,-38.7990939576904,2025060400083,88,60831.068613880816,i,224.43312420151304,-38.799115087049685,22.970478057861328,6327.02,270.346,False,6341.3,1.06594,7008.66,268.432,False,423.151,7.45087,21.89700197843321,0.04639221120178253,21.89455428426036,0.00018250669581011087,21.78591249515584,0.04158374665630785,24.833761568627327,0.019117712914620125
2025 KQ25,nan,MBO,MBO,21165827729536337,745350148390912145,14.275575,2.0129998,1.0659835,224.427771454168,-38.796707049911824,2025060400089,132,60831.09601224091,y,224.42778009019614,-38.79671789616633,5.743839740753174,6579.2,1141.51,False,6730.45,64.844,10946.1,1130.39,False,4287.9,340.764,21.854567246160585,0.18837833002548976,21.82988971284242,0.010460441477175442,21.301851510252405,0.11212261976400537,22.319388403651534,0.08628462154473601
2025 KQ25,nan,MBO,MBO,21165827729536337,745350150518997052,14.2784605,2.012987,1.0659972,224.42621704279952,-38.79600264725944,2025060400105,95,60831.10401415682,y,224.42619949655736,-38.79601663249319,6.644955635070801,8560.4,1289.29,False,10084.2,56.5618,11878.4,1261.18,False,2354.2,64.996,21.568764804611902,0.16352376173633354,21.390896352833956,0.006089842606186105,21.213105099628386,0.11527720905194364,22.970391634102356,0.0299755816046902
2025 KQ25,nan,MBO,MBO,21165827729536337,745350152238661986,14.281307,2.0129745,1.0660108,224.4246840611968,-38.79530466104681,2025060400118,47,60831.111906898586,i,224.42478194774412,-38.79536667111715,13.455825805664062,6225.11,465.433,False,7020.0,58.9682,163148.0,463.232,False,156901.0,7.16352,21.91463244889551,0.08117727802348366,21.784157219675485,0.009120215158350542,18.368545614440308,0.0030827699252882466,18.410935721129885,4.9570702957667785e-05
2025 KQ25,nan,MBO,MBO,21165827729536337,745350152695316507,14.281856,2.012972,1.0660135,224.4243886480931,-38.79516976680033,2025060400121,150,60831.11342799388,i,224.42437807711391,-38.79512571928155,6.068730354309082,2862.88,460.191,False,3934.58,12.4426,73644.0,462.17,False,70857.0,4.54404,22.7579921829726,0.17452567365516403,22.41275402832874,0.003433500222331334,19.232156576671105,0.006813789532508311,19.274043097796635,6.962796850524524e-05
2025 KQ25,nan,MBO,MBO,21165827729536337,745350152767668452,14.282042,2.0129712,1.0660144,224.4242882383887,-38.79512388765367,2025060400122,32,60831.11394455659,i,224.4242706518742,-38.795105705869155,11.2918119430542,4240.69,368.653,False,nan,nan,36589.3,369.845,False,32229.5,5.01914,22.331408699691877,0.09438556722080288,nan,nan,19.991614724421378,0.0109746319115206,20.129366079914888,0.00016908303763446487
2025 KQ25,nan,MBO,MBO,21165827729536337,745350152974762048,14.282239,2.0129704,1.0660154,224.42418239271623,-38.79507550862355,2025060400123,171,60831.11448960945,i,224.42420212112026,-38.79514026613862,12.989734649658203,5214.35,405.203,False,5328.38,11.6218,40880.7,406.437,False,35896.6,4.68239,22.10699953285408,0.08437169777979087,22.08351205009364,0.0023681137157781163,19.871204211718105,0.01079441856450331,20.01236666354836,0.00014162456493886972
2025 KQ25,nan,MBO,MBO,21165827729536337,745350153059696901,14.282421,2.0129695,1.0660162,224.42408412336945,-38.79503057769585,2025060400124,77,60831.114995164666,i,224.42402739307818,-38.79504682122426,11.97658920288086,4558.11,379.135,False,5025.72,9.0521,18509.4,380.195,False,13940.6,4.76934,22.253038028274254,0.09030949646692762,22.147004231326207,0.0019555789968590913,20.73151912481692,0.02230172105030831,21.039296365192854,0.00037145067626086946
2025 KQ25,nan,MBO,MBO,21165827729536337,745350153355919617,14.282768,2.012968,1.0660179,224.42389730087564,-38.79494511880979,2025060400126,130,60831.115957246846,i,224.42395156390867,-38.79499742920129,12.680658340454102,4290.35,341.512,False,5002.51,6.05186,9468.88,341.752,False,5226.21,5.31734,22.318768168561192,0.08642463369247268,22.152030137212677,0.0013134853621985078,21.459253481606208,0.03918652886242786,22.104532866618896,0.0011046682935622533
2025 KQ25,nan,MBO,MBO,21165827729536337,745350153491710254,14.28294,2.0129673,1.0660187,224.42380486356032,-38.79490281566866,2025060400127,133,60831.11643327834,i,224.42382397153753,-38.79494136887678,11.017683029174805,4285.9,385.57,False,4410.94,25.846,8609.11,384.256,False,4253.67,4.5142,22.31989494042598,0.09767547678652842,22.288672138649325,0.006361895434962794,21.562604313401252,0.04846036896348574,22.328090534243806,0.0011522357620977741
2025 KQ25,nan,MBO,MBO,21165827729536337,745350153751756807,14.283296,2.0129657,1.0660205,224.4236128102014,-38.794814883275485,2025060400129,117,60831.11742234856,i,224.4236484918828,-38.794835787507886,11.125167846679688,3970.41,352.324,False,4075.84,11.7959,4576.96,352.656,False,692.269,5.26032,22.4029116339882,0.09634544962348564,22.37445715876232,0.00314223222598245,22.248557216867056,0.08365626893281598,24.299312817789506,0.008250145859887445
2025 KQ25,nan,MBO,MBO,21165827729536337,745350153843507292,14.283494,2.0129647,1.0660214,224.42350620412745,-38.79476604938528,2025060400130,36,60831.117971552514,i,224.42354013036345,-38.79479516625208,12.843506813049316,4783.52,369.878,False,4895.05,2.48147,5071.03,371.292,False,492.298,4.65145,22.200631010324393,0.08395280551373803,22.17560721277217,0.0005503972471813602,22.1372595964409,0.07949571892374914,24.66942981229586,0.010258517803618231
2025 KQ25,nan,MBO,MBO,21165827729536337,745350154006560872,14.283674,2.012964,1.0660223,224.4234091156043,-38.79472156039169,2025060400131,91,60831.11847171503,i,224.42344859462165,-38.79475971654626,15.054540634155273,5592.23,369.708,False,5263.83,0.342046,6232.54,372.112,False,283.487,4.85787,22.03103744133426,0.07177912401188231,22.09674534660634,7.055161590711434e-05,21.913337307055237,0.0648235659237874,25.268667131784667,0.01860531684613648
2025 KQ25,nan,MBO,MBO,21165827729536337,745350154131865876,14.283863,2.0129633,1.0660231,224.42330756375085,-38.79467501093871,2025060400132,74,60831.11899477252,i,224.42338458222372,-38.79469158211435,15.71484375,5806.88,367.282,False,5583.94,2.1468,6303.93,367.528,False,161.654,4.70521,21.990142893488777,0.0686722279179757,22.032648153637794,0.0004174218479360482,21.90097151466905,0.06329995116853848,25.878533814884626,0.03160216793215365
2025 KQ25,nan,MBO,MBO,21165827729536337,745350154304880743,14.28405,2.0129623,1.0660241,224.42320659732565,-38.79462871436333,2025060400133,148,60831.11951485122,i,224.4232494461745,-38.79463609873522,18.09514617919922,7060.99,388.291,False,7126.92,1.72073,7078.55,389.097,False,62.3929,4.52027,21.777835972877547,0.0597057305730212,21.767745302279113,0.0002621411244474598,21.77513926973491,0.059681247612121686,26.912162095180943,0.07865992392184787
2025 KQ25,nan,MBO,MBO,21165827729536337,745350154535043203,14.284432,2.0129607,1.066026,224.4230007902341,-38.79453429679631,2025060400135,75,60831.12057471301,i,224.4230578716776,-38.79456417476749,11.390702247619629,4792.07,421.004,False,4670.3,19.4879,5240.45,425.52,False,-55.5274,4.51024,22.19869215640288,0.09538660735955813,22.226638098722724,0.004530483958418306,22.101578505373922,0.08816083365007055,nan,nan
2025 KQ25,nan,MBO,MBO,21165827729536337,745350154803478646,14.284777,2.0129592,1.0660275,224.42281557499516,-38.79444927086393,2025060400137,75,60831.1215287136,i,224.42283046204406,-38.79444899190531,12.806880950927734,6003.31,467.198,False,6148.49,4.0544,6361.66,479.644,False,-150.529,4.18443,21.954023064124513,0.08449568260161329,21.928078781039094,0.0007159495526790465,21.891073837210076,0.08186021524618381,nan,nan
2025 KQ25,nan,MBO,MBO,21165827729536337,745350154959716482,14.28495,2.0129583,1.0660285,224.42272200081337,-38.79440629420225,2025060400138,117,60831.12201084937,i,224.42274094881043,-38.79441764517083,12.299180030822754,5435.06,438.678,False,5801.81,6.2012,5260.61,444.565,False,-155.929,4.31795,22.06198913125712,0.08763262806736964,21.991091233410643,0.0011604770397619485,22.097409762759888,0.09175368085896303,nan,nan
2025 KQ25,nan,MBO,MBO,21165827729536337,745350155100225933,14.28513,2.0129576,1.0660293,224.4226251292785,-38.79436178895978,2025060400139,129,60831.12250966196,i,224.42261456924697,-38.79436866777777,13.24063777923584,5027.58,373.591,False,4989.71,9.94695,4632.1,375.193,False,-129.807,4.64205,22.14660250833683,0.08067922775564826,22.15481174517261,0.0021644071061715157,22.23555516066374,0.08794296493202043,nan,nan
2025 KQ25,nan,MBO,MBO,21165827729536337,745350155376001211,14.2855015,2.012956,1.0660311,224.42242499023,-38.79426979417113,2025060400141,143,60831.1235406249,i,224.42247258540021,-38.79428727781149,12.26572036743164,4109.32,332.757,False,4041.7,2.9057,4159.46,333.688,False,-85.193,5.3834,22.365575141802672,0.08791876156706507,22.3835898272418,0.0007805684968955703,22.352407629688887,0.08710196356553013,nan,nan
2025 KQ25,nan,MBO,MBO,21165827729536337,745350155484004729,14.285687,2.0129552,1.066032,224.42232463483683,-38.79422364204712,2025060400142,93,60831.12405712095,i,224.42234952263354,-38.794206662739256,11.493928909301758,4213.17,374.343,False,4520.35,5.97421,3376.32,378.018,False,-135.985,4.47442,22.338477562339236,0.09646839353397393,22.262069820276754,0.0014349366130421844,22.578890974626134,0.12156070105085891,nan,nan
2025 KQ25,nan,MBO,MBO,21165827729536337,745350155624513596,14.285867,2.0129545,1.0660329,224.4222281650707,-38.79417926213375,2025060400143,105,60831.12455407015,i,224.42223821449969,-38.79422067616209,10.10274887084961,3771.51,372.226,False,4155.69,2.71877,3831.74,374.658,False,-149.416,4.68556,22.45871183827112,0.10715582295148651,22.35339215721425,0.0007103193675466239,22.441509921111596,0.10616058099998592,nan,nan
2025 KQ25,nan,MBO,MBO,21165827729536337,745350155774459937,14.286053,2.0129535,1.0660337,224.4221282051696,-38.794133261340754,2025060400144,135,60831.12506960335,i,224.42214247373664,-38.79407324395112,9.548256874084473,3457.62,362.284,False,4021.42,9.97894,3112.52,362.881,False,-164.495,4.80261,22.55305680908381,0.11376173152692569,22.389051437342715,0.002694196742575369,22.66721961633169,0.12658329913865554,nan,nan
2025 KQ25,nan,MBO,MBO,21165827729536337,745350155889803355,14.286236,2.0129528,1.0660347,224.4220296077463,-38.79408787227804,2025060400145,99,60831.125577607454,i,224.4220791627858,-38.794070328342926,11.446370124816895,4303.91,375.719,False,4707.09,2.3823,4094.58,375.537,False,-197.547,4.65146,22.315342007766404,0.0947816520197102,22.218118780698084,0.000549500718690486,22.369476577313446,0.09957897893383094,nan,nan
2025 KQ25,nan,MBO,MBO,21165827729536337,745350156019302552,14.286419,2.0129519,1.0660355,224.42193101404035,-38.79404246972203,2025060400146,90,60831.12608588372,i,224.42196816273966,-38.79405328892617,11.799428939819336,4248.99,354.045,False,4631.24,0.750605,4331.99,354.521,False,-198.755,4.80352,22.329285667664493,0.09046843320154442,22.235756726117412,0.00017596992787499886,22.308281327694026,0.08885437408227069,nan,nan
2025 KQ25,nan,MBO,MBO,21165827729536337,745350156196511968,14.287199,2.0129485,1.0660393,224.4215108710148,-38.79384882188613,2025060400147,172,60831.12825076384,z,224.4215722930617,-38.79385321714639,8.403435707092285,5238.85,618.615,False,5411.19,23.1226,4876.63,620.022,False,-295.168,10.7245,22.10191007025354,0.12820612905187737,22.066768053425417,0.004639468368884421,22.17970051103738,0.13804211507439684,nan,nan
2025 KQ25,nan,MBO,MBO,21165827729536337,745350156294029502,14.287387,2.0129476,1.0660403,224.42140958217607,-38.79380209518805,2025060400148,102,60831.12877286271,z,224.42144549340895,-38.79381083283276,8.083255767822266,5106.87,630.654,False,5134.58,49.9096,4405.92,634.234,False,-219.395,10.7879,22.129612968493156,0.1340789673030047,22.123737671408392,0.010553669064467754,22.289908501170032,0.15629217912297483,nan,nan
2025 KQ25,nan,MBO,MBO,21165827729536337,745350156428247298,14.28758,2.0129468,1.0660412,224.4213059696623,-38.79375427966953,2025060400149,102,60831.12930685378,z,224.42134671948247,-38.79375224785139,6.176960468292236,4266.29,671.528,False,5199.21,10.7854,3850.56,674.539,False,-221.2,10.3115,22.324874057118855,0.17089843209617273,22.11015660998627,0.0022522844383846574,22.436190245925374,0.19019867350913225,nan,nan
2025 KQ25,nan,MBO,MBO,21165827729536337,745350156527337476,14.287779,2.012946,1.0660422,224.4211986757197,-38.79370474721486,2025060400150,35,60831.12985930641,z,224.4212189091251,-38.793725483630084,10.323391914367676,5919.96,565.863,False,6107.98,5.75093,4058.86,562.713,False,-136.614,11.0151,21.969203076437086,0.10378075596961775,21.93525598764505,0.0010222680411674505,22.378989792020725,0.15052450062386916,nan,nan
2025 KQ25,nan,MBO,MBO,21165827729536337,745350156666273963,14.287957,2.0129452,1.066043,224.42110244550136,-38.79366030671853,2025060400151,44,60831.130355154295,z,224.4211410332648,-38.793651652554914,8.6401948928833,5179.5,596.277,False,5852.65,5.37273,4629.05,599.458,False,-163.728,10.8653,22.11428040648716,0.12499266388221066,21.98161863505357,0.0009967053105868027,22.236270366370583,0.14060191395113988,nan,nan
2025 KQ25,nan,MBO,MBO,21165827729536337,745350156816220298,14.288141,2.0129442,1.066044,224.42100330969384,-38.79361450888404,2025060400152,74,60831.13086617373,z,224.42104592612418,-38.79365208600811,10.109038352966309,5489.7,538.331,False,6013.95,9.5062,5197.66,537.089,False,-110.537,11.5706,22.0511284317148,0.10646946630179258,21.952100432104597,0.0017162139687238133,22.11048029952995,0.11219220635519153,nan,nan
2025 KQ25,nan,MBO,MBO,21165827729536337,745350156951486546,14.288318,2.0129435,1.0660448,224.4209082523829,-38.79357058039269,2025060400153,76,60831.131356691156,z,224.4209796757614,-38.793560478192475,8.101752281188965,4652.47,561.72,False,4970.24,33.1931,4266.1,562.118,False,-148.558,11.4445,22.230790996363705,0.13108728932476163,22.15905654831659,0.007250947377231088,22.324922396741933,0.14306083525932464,nan,nan
2025 KQ25,nan,MBO,MBO,21165827729536337,745350157258719508,14.288689,2.0129418,1.0660466,224.42070864648423,-38.7934782899268,2025060400155,150,60831.13238587051,z,224.42075491004852,-38.793440178842545,7.99009370803833,4459.5,559.654,False,5432.82,28.957,3901.94,558.085,False,-155.786,11.3042,22.27678457934845,0.13625666575294257,22.06243674452277,0.005786988174399688,22.421798548858483,0.15529022045136145,nan,nan
2025 KQ25,nan,MBO,MBO,21165827729536337,745350157341556824,14.288887,2.0129411,1.0660475,224.42060196547857,-38.79342893816414,2025060400156,52,60831.13293591782,z,224.4206566176801,-38.79343185533518,5.054107666015625,2842.93,551.421,False,2877.44,109.674,2394.5,551.662,False,-161.508,12.1884,22.765584610074658,0.21059181211845934,22.752484330746782,0.04138297891710815,22.951962896553432,0.250139650200676,nan,nan
2025 KQ25,nan,MBO,MBO,21165827729536337,745350157476298759,14.289062,2.0129402,1.0660484,224.4205077031524,-38.79338531608045,2025060400157,53,60831.13342190023,z,224.4205199403275,-38.79336774772658,7.739531517028809,3840.02,498.266,False,4434.38,14.3045,3425.55,499.545,False,-141.226,12.5283,22.43916627869752,0.14088088695002393,22.282917761622684,0.0035023867024266348,22.563174207150944,0.15833197566925708,nan,nan
2025 KQ25,nan,MBO,MBO,21165827729536337,745350157669236858,14.289265,2.0129395,1.0660495,224.42039870600104,-38.79333485713591,2025060400158,165,60831.13398304685,z,224.42048342797568,-38.793404742197694,5.10267972946167,2932.45,567.386,False,2945.81,10.3209,2740.17,567.953,False,-162.292,10.8156,22.73192347839371,0.21007400558794392,22.726988148115677,0.003803970566003384,22.805556262798923,0.2250397440535046,nan,nan
2025 KQ25,nan,MBO,MBO,21165827729536337,745350157778288732,14.289456,2.0129385,1.0660503,224.42029514522903,-38.79328689699318,2025060400159,117,60831.134517216386,z,224.42033904948107,-38.79332171301017,6.430296421051025,3576.4,560.254,False,3889.09,109.4,3294.55,559.167,False,-130.176,11.2677,22.51638481412619,0.17008391092123548,22.425379991565244,0.03054173078352764,22.605509726312675,0.18427640768111073,nan,nan
2025 KQ25,nan,MBO,MBO,21165827729536337,745350157920895082,14.289642,2.0129378,1.0660512,224.42019508073824,-38.793240539402646,2025060400160,133,60831.135033047016,z,224.42021733190487,-38.79324599003533,6.242845058441162,3510.65,560.4,False,3789.77,52.1211,3383.94,560.672,False,-125.045,11.2657,22.536531195391955,0.17331451798924222,22.453467860488146,0.014932242987788745,22.576443383694915,0.17989145692707234,nan,nan
2025 KQ25,nan,MBO,MBO,21165827729536337,745350158272168035,14.290196,2.0129352,1.066054,224.4198968596978,-38.79310228319012,2025060400163,35,60831.1365716153,z,224.41987863706115,-38.79305552599582,8.026050567626953,4421.43,568.18,False,4744.35,49.8117,4286.71,574.289,False,-146.973,10.8693,22.286093072676824,0.1395235397465712,22.209558176918193,0.011399319994891579,22.319689749717465,0.14545569132659736,nan,nan
2025 KQ25,nan,MBO,MBO,21165827729536337,745350158441513008,14.290479,2.012934,1.0660553,224.4197450542096,-38.79303184953273,2025060400164,102,60831.13735423785,z,224.41975940558532,-38.79302034458005,8.41882610321045,5397.47,625.287,False,5505.56,33.8442,5045.13,632.822,False,-180.382,10.1802,22.06952436394551,0.12578054041202139,22.047996238513058,0.006674320689592225,22.142819121802226,0.1361863412544671,nan,nan
2025 KQ25,nan,MBO,MBO,21165827729536337,745350158696841261,14.290928,2.012932,1.0660576,224.41950312416893,-38.79291952180061,2025060400166,77,60831.13860286224,z,224.41954234159422,-38.79295065993331,8.169017791748047,5237.34,634.656,False,5633.82,15.7327,5061.81,645.812,False,-107.743,10.2464,22.102223111037432,0.13156851067264885,22.022992615863544,0.0030319681671209632,22.13923538878415,0.13852386290162919,nan,nan
2025 KQ25,nan,MBO,MBO,21165827729536337,745350158886109395,14.291217,2.0129309,1.066059,224.41934747816467,-38.79284720426588,2025060400167,182,60831.13940591714,z,224.4193394010102,-38.79283476128068,9.298556327819824,5838.0,632.218,False,6072.2,4.10078,5392.11,642.6,False,23.0739,10.7054,21.98433977337001,0.11757827868876015,21.941634796385575,0.0007332375714959128,22.070603169274044,0.12939166232896004,27.992197474244957,0.5037397562244001
2025 KQ25,nan,MBO,MBO,21165827729536337,745350159021900075,14.291388,2.01293,1.0660598,224.419255803302,-38.79280459065203,2025060400168,185,60831.139878965,z,224.4193146171054,-38.79281051873857,6.207760334014893,4517.24,720.406,False,6679.99,38.0234,4724.46,734.633,False,95.2274,10.4082,22.262817030797592,0.17315237669553363,21.838060431071668,0.006180155936922746,22.214119568092563,0.16882726219157154,26.45309516293406,0.11866920284783575
2025 KQ25,nan,MBO,MBO,21165827729536337,745350159121514613,14.291584,2.0129292,1.0660608,224.4191501802985,-38.792755476066205,2025060400169,119,60831.14042388135,z,224.41909672002558,-38.79279129321117,7.671728134155273,5020.57,639.325,False,5103.98,30.678,5633.23,647.884,False,598.383,10.1074,22.148117471345827,0.13825887034020518,22.13022759433254,0.006525929739207012,22.023106295083252,0.12487171436354855,24.457551891049334,0.018339374835103766
2025 KQ25,nan,MBO,MBO,21165827729536337,745350159273558219,14.291775,2.0129282,1.0660617,224.41904727746157,-38.79270760840042,2025060400170,153,60831.14095498783,z,224.41902255750725,-38.79277192690547,6.116216659545898,3639.55,631.279,False,4156.12,143.196,4218.21,647.505,False,795.941,10.4232,22.49738076023845,0.18832065705807144,22.3532797731686,0.037408226005268254,22.337179517745966,0.1666630236696687,24.14779783770122,0.014218196489300304
2025 KQ25,nan,MBO,MBO,21165827729536337,745350159828254815,14.292514,2.0129251,1.0660653,224.4186492973969,-38.79252231111146,2025060400174,187,60831.14300832761,z,224.41868091318327,-38.792518003853935,6.778103351593018,3831.31,555.938,False,3934.77,15.493,5628.92,554.004,False,1728.55,12.0174,22.441631750499454,0.15754454540254587,22.412701615801904,0.004275043006314169,22.023937324137016,0.10685926243002053,23.305795103197767,0.007548364622490688
2025 KQ25,nan,MBO,MBO,21165827729536337,745350159886975084,14.292713,2.0129242,1.0660663,224.4185421673005,-38.79247238625931,2025060400175,43,60831.143561159515,z,224.41859585775845,-38.79250573033741,6.497072219848633,3557.73,538.745,False,4354.77,37.7223,5681.12,539.392,False,2503.35,12.7348,22.522067541165953,0.16441240609662677,22.302586939118317,0.009404967027735366,22.013915070601858,0.10308485688652474,22.903696023354755,0.005523252141634838
2025 KQ25,nan,MBO,MBO,21165827729536337,745350160074670358,14.292895,2.0129232,1.0660672,224.41844434288467,-38.79242678104996,2025060400176,145,60831.14406696765,z,224.41848423400177,-38.79245856836304,8.005687713623047,4452.3,543.457,False,4421.18,31.2464,7611.21,539.633,False,3373.52,12.9991,22.27853899812007,0.13252721833089381,22.286154464967215,0.007673369395518668,21.696365743885558,0.07697844148537648,22.579791770651696,0.00418363997426431
2025 KQ25,nan,MBO,MBO,21165827729536337,745350160344154160,14.293278,2.0129216,1.0660691,224.41823864334,-38.79233083195607,2025060400178,147,60831.14512883438,z,224.41830464905524,-38.792340018671304,9.647759437561035,5998.15,608.372,False,7022.0,62.5684,13267.7,611.457,False,7465.92,11.5516,21.954956712001742,0.1101225423152164,21.783847937176667,0.00967427778482761,21.093010876532368,0.0500373810412538,21.717291681374647,0.0016798989233048306
2025 KQ25,nan,MBO,MBO,21165827729536337,745350160480993451,14.293451,2.0129209,1.06607,224.4181449071072,-38.79228708451079,2025060400179,152,60831.14561285653,z,224.41811350259127,-38.79222337263014,7.149810791015625,5265.04,730.709,False,6142.37,6.50689,20327.5,753.337,False,15078.8,10.6119,22.09649580446414,0.15068398219042717,21.92916004519261,0.0011501693521015488,20.629790075658622,0.040237374406419814,20.954083061773176,0.0007641008925351403
2025 KQ25,nan,MBO,MBO,21165827729536337,745350160626221245,14.293622,2.0129201,1.0660708,224.41805330741624,-38.792244319691214,2025060400180,173,60831.14608578975,z,224.41806881289673,-38.79227664554143,9.370467185974121,5284.41,560.183,False,5125.45,38.953,14709.5,560.834,False,10275.6,12.7763,22.09250870356965,0.11509533294756841,22.12566995555706,0.008251505684658727,20.98100522350604,0.041396224324055375,21.37048206610054,0.0013499642324896865
2025 KQ25,nan,MBO,MBO,21165827729536337,745350160711680152,14.293802,2.0129194,1.0660717,224.41795609845917,-38.79219892036986,2025060400181,80,60831.146587903335,z,224.41800429585706,-38.79216298625979,9.9174222946167,6030.16,607.306,False,6574.64,58.2217,17607.3,609.271,False,11659.0,10.9058,21.949177882978,0.10934604178835863,21.8553200332987,0.009614732507454427,20.785768041890158,0.03757007318648592,21.23334674424831,0.0010155949700713126
2025 KQ25,nan,MBO,MBO,21165827729536337,745350160964386946,14.294177,2.0129178,1.0660735,224.417754538417,-38.79210473442071,2025060400183,50,60831.14762823339,z,224.4178137597828,-38.792078794402606,7.712031841278076,5317.64,692.641,False,5800.94,35.681,21751.0,706.146,False,16776.9,10.4593,22.08570264058625,0.14142089004189543,21.99125407717348,0.006678254498099699,20.55630192901492,0.03524841496041455,20.83822068498895,0.0006768855072599381
2025 KQ25,nan,MBO,MBO,21165827729536337,745350161099653295,14.294352,2.0129168,1.0660744,224.41766064246448,-38.79206083437095,2025060400184,52,60831.148113354415,z,224.41770486780666,-38.79206084904822,8.781460762023926,5153.07,580.992,False,5123.68,5.73095,16352.1,580.116,False,11970.4,11.9147,22.119834931996223,0.12241325566392303,22.126044967726433,0.0012144200179321357,20.86606619004402,0.038518171331136164,21.2047283072482,0.0010806840417139363
2025 KQ25,nan,MBO,MBO,21165827729536337,745350161411080300,14.294725,2.0129154,1.0660763,224.41745951532585,-38.79196674823916,2025060400186,134,60831.14915296554,z,224.4176367956323,-38.79200373434924,7.086996555328369,4256.14,606.942,False,4705.63,96.5835,16723.4,611.923,False,12526.7,11.3758,22.3274602024864,0.1548301748638527,22.218455587169778,0.022284839519068483,20.841688530648945,0.03972798064255213,21.1554082913302,0.0009859833690952704
2025 KQ25,nan,MBO,MBO,21165827729536337,745350161537433703,14.294894,2.0129144,1.0660771,224.41736893132543,-38.79192435065994,2025060400187,119,60831.14962062052,z,224.4174379721255,-38.79197069625407,6.352592945098877,3810.22,600.608,False,4968.68,40.6738,15596.5,603.478,False,11696.8,11.1951,22.447624877540033,0.17114545202189488,22.15939739260164,0.008887877107564845,20.91743212610558,0.042010575646018386,21.229832357872485,0.001039166729785588
2025 KQ25,nan,MBO,MBO,21165827729536337,745416142467629138,19.740248,1.9909534,1.1121005,222.84095986333116,-37.24740037392005,2025061900263,180,60846.19040916792,g,222.841151566435,-37.24744949879153,15.20689582824707,2545.29,165.479,False,2402.46,0.634065,2465.69,161.509,False,39.3094,8.33133,22.88565680523621,0.07058784771518756,22.94835960372586,0.00028655099685229504,22.92015384125103,0.07111850061328709,27.413758999741084,0.23011359242897106
2025 KQ25,nan,MBO,MBO,21165827729536337,745424937566601284,20.380594,1.9885381,1.1202329,222.8124873006997,-37.04560661120614,2025062100256,76,60848.032485754215,r,222.81267731567806,-37.04564272380598,16.502656936645508,4334.63,260.219,False,4395.0,0.288447,4375.56,258.106,False,103.115,24.1349,22.307619948303604,0.06517954029350774,22.29260280147552,7.12576434717202e-05,22.2974158767243,0.0640455191093132,26.36669540721396,0.2541253390554949
2025 KQ25,nan,MBO,MBO,21165827729536337,745424939154145478,20.382566,1.988531,1.120258,222.8123700334193,-37.04500768003994,2025062100268,32,60848.0380160037,r,222.81257922932306,-37.04503846723663,10.558409690856934,2287.53,213.028,False,2353.65,2.77216,2368.31,207.349,False,88.1609,79.0083,23.001582990178562,0.1011100222215538,22.970645341399056,0.001278794493694249,22.96390360123963,0.0950577879121871,26.53681000787102,0.9730183815450597
2025 KQ25,nan,MBO,MBO,21165827729536337,745424940787827101,20.385004,1.988522,1.120289,222.8122249150723,-37.044265666392725,2025062100280,76,60848.04485197742,g,222.81243928129973,-37.0442865933481,16.54281234741211,1957.69,117.201,False,1818.1,0.129745,2034.59,111.199,False,100.855,45.9451,23.170640226428247,0.06499975421676579,23.250955597543797,7.748135575699721e-05,23.128807754210357,0.05934010269594078,26.39075637956241,0.49461360985092495
2025 KQ25,nan,MBO,MBO,21165827729536337,745433742567276693,21.077091,1.9859304,1.1298404,222.82098913472527,-36.82213777484692,2025062300322,170,60850.0763166853,r,222.82123819527328,-36.822148010816505,11.318415641784668,2498.19,218.481,False,2466.83,4.69957,2367.23,193.422,False,-39.0889,20.7829,22.90593636149338,0.09495384272765252,22.91965191212309,0.0020684414120670323,22.964398868911296,0.08871350344011555,nan,nan
2025 KQ25,nan,MBO,MBO,21165827729536337,745433742700970164,21.077246,1.9859298,1.1298426,222.82098958465096,-36.822089058849066,2025062300323,169,60850.07676085681,r,222.8211677475148,-36.8221475085182,11.9691162109375,2358.45,195.839,False,2468.37,0.723512,2198.91,173.923,False,-96.9827,56.6396,22.968433338783676,0.09015645950078909,22.918974299805456,0.000318243670537055,23.04448140758396,0.0858764160398149,nan,nan
