provid,permid,orbit_class,population,ssObjectId,diaSourceId,phaseAngle,helioRange,topoRange,ephRa,ephDec,visit,detector,midpointMjdTai,band,ra,dec,snr,psfFlux,psfFluxErr,psfFlux_flag,trailFlux,trailFluxErr,scienceFlux,scienceFluxErr,forced_PsfFlux_flag,templateFlux,templateFluxErr,psfMag,psfMagErr,trailMag,trailMagErr,scienceMag,scienceMagErr,templateMag,templateMagErr
2002 TA100,360474,MBO,MBO,21163615973355585,745262193172807952,19.332327,3.0441103,2.7911904,148.2500467767653,1.828956182357235,2025051500132,19,60811.04684006958,i,148.25007173903768,1.8289362861216805,14.115909576416016,6986.51,488.729,False,6787.21,10.3176,6350.83,476.972,False,93.6676,43.9828,21.78934932389985,0.07595076678589936,21.8207717894767,0.0016504855754254975,21.892923767561815,0.08154300245020948,26.471026488935383,0.5098210751839918
2002 TA100,360474,MBO,MBO,21163615973355585,745262193307025745,19.33234,3.0441105,2.791197,148.2501191012442,1.8289597349790396,2025051500133,19,60811.04731837158,i,148.25015020145273,1.8289521349253286,11.593137741088867,6702.62,578.278,False,7386.95,5.89551,6207.87,532.217,False,115.424,50.6773,21.83438848578558,0.09367342419415851,21.728837072731096,0.0008665238964416349,21.91764344521666,0.09308301124921463,26.24425966453081,0.4766961559933174
2002 TA100,360474,MBO,MBO,21163615973355585,745262194246549816,19.332432,3.0441124,2.791245,148.25062504405503,1.828984563787177,2025051500140,19,60811.050661436646,i,148.25063966295144,1.828966483892756,9.62407112121582,6590.26,667.174,False,6192.02,25.6888,6683.51,648.904,False,-73.9764,38.8015,21.852743666643157,0.10991599794669539,21.92041912049399,0.004504388068866017,21.837488532603416,0.10541445765868891,nan,nan
2002 TA100,360474,MBO,MBO,21163615973355585,745262194382864550,19.332445,3.0441127,2.791252,148.25069695052989,1.8289880892216384,2025051500141,23,60811.051136607966,i,148.2507181457309,1.8290081117360195,12.380162239074707,7353.14,590.094,False,7002.09,4.58103,7241.78,562.013,False,-61.7274,34.438,21.73381789282812,0.0871309946140516,21.78693080276689,0.0007103293616302557,21.750386714382156,0.08426075913349657,nan,nan
2002 TA100,360474,MBO,MBO,21163615973355585,745262195857162641,19.33272,3.0441182,2.7913973,148.25223277304846,1.829063189097,2025051500152,19,60811.06127419097,z,148.25220774304347,1.8290731569881367,9.449932098388672,8320.39,877.537,False,9098.18,18.6929,9342.14,815.228,False,214.426,101.499,21.59964083745713,0.1145107042324631,21.502613725448192,0.002230727318829188,21.47388411266648,0.09474516735239544,25.57180641561998,0.5139355408303168
2002 TA100,360474,MBO,MBO,21163615973355585,745262196125597776,19.332745,3.0441186,2.791411,148.2523763472537,1.829070190265784,2025051500154,19,60811.06222199426,z,148.25240622230737,1.8290907469677624,9.57637882232666,9621.31,1005.27,False,9549.65,3.95356,10947.7,980.56,False,82.2256,118.697,21.441914528727537,0.11344173553367325,21.450031318737395,0.00044949534043365306,21.30169276082382,0.09724686201607464,26.61248235617373,1.567317561648015
2002 TA100,360474,MBO,MBO,21163615973355585,745262196259291175,19.332758,3.044119,2.7914178,148.25244852083628,1.8290737084378967,2025051500155,18,60811.062697028916,z,148.2524699867337,1.8290804767738968,8.279058456420898,7842.02,951.634,False,7901.12,21.1765,6895.35,928.768,False,94.8946,98.7078,21.663930133360104,0.1317547589380311,21.65577833942264,0.0029099789329809934,21.803609196229296,0.14624305292274375,26.456896252231033,1.1293649398734658
2002 TA100,360474,MBO,MBO,21163615973355585,745262196933001287,19.332823,3.04412,2.791452,148.25280931165813,1.8290912829076955,2025051500160,23,60811.06507653877,z,148.25280398254668,1.829052878084009,8.048548698425293,7842.73,949.66,False,7451.51,21.21,7628.8,932.141,False,-420.177,121.912,21.66383184294498,0.1314695543032101,21.719389312608868,0.0030904426932556284,21.69385945432675,0.13266296770233588,nan,nan
2002 TA100,360474,MBO,MBO,21163615973355585,745262197738307597,19.3329,3.0441217,2.7914932,148.2532448858209,1.829112472066096,2025051500166,23,60811.06794713614,z,148.25320021519457,1.8291261558543934,7.7788896560668945,9044.94,1121.79,False,9160.43,14.3756,9774.16,1113.72,False,-323.53,105.892,21.508985722685708,0.13465738873741515,21.49521038609963,0.001703862129487153,21.42480137259902,0.12371457750068991,nan,nan
2002 TA100,360474,MBO,MBO,21163615973355585,745262197872525576,19.332912,3.044122,2.7915,148.25331681669712,1.8291159682935372,2025051500167,23,60811.068421857584,z,148.25334418924382,1.8291013489790262,11.30384349822998,10744.4,944.898,False,10753.7,46.2189,10559.8,848.268,False,-27.8252,74.2048,21.322044540079773,0.09548322309653867,21.321105188695135,0.004666443254944105,21.340860787967557,0.08721711602529904,nan,nan
2002 TA100,360474,MBO,MBO,21163615973355585,745262199883694469,19.33311,3.044126,2.7916067,148.2544430451434,1.8291705995454317,2025051500182,19,60811.075838666715,z,148.25442185649385,1.8291099342835824,10.022627830505371,9984.11,983.799,False,12256.3,74.046,10372.3,937.832,False,-57.3831,133.715,21.40172656875103,0.10698461526229085,21.17910156046484,0.006559436511361938,21.36031234679304,0.0981689830814316,nan,nan
2002 TA100,360474,MBO,MBO,21163615973355585,745279797033173044,19.394178,3.0462337,2.8481882,148.90148275649787,1.843445910364488,2025051900219,14,60815.04869665905,y,148.90147915168995,1.8435268352322742,5.633645534515381,10784.0,1832.87,False,12599.0,228.352,9882.49,1804.41,False,-287.848,106.665,21.318050302021888,0.18453387539999874,21.149159810165756,0.01967854903269393,21.412834015358797,0.1982408538612273,nan,nan
2002 TA100,360474,MBO,MBO,21163615973355585,745279799604281389,19.394289,3.046239,2.8483336,148.90316265893426,1.8434424397615488,2025051900238,54,60815.058794156255,y,148.90325551323835,1.8434137755553537,5.054190635681152,7838.95,1560.07,False,nan,nan,9131.12,1539.38,False,303.004,159.73,21.664355237074155,0.216077967130595,nan,nan,21.498689860415276,0.18304004138944738,25.196379103560957,0.5723509940623148
2002 TA100,360474,MBO,MBO,21163615973355585,745279800125947926,19.394312,3.04624,2.8483627,148.90349980441573,1.8434417119830184,2025051900242,25,60815.06081909503,y,148.9035117877169,1.8433688550473004,6.114288330078125,9954.74,1628.64,False,8954.95,100.271,10703.1,1620.53,False,-113.707,173.421,21.404925170645782,0.1776312979333748,21.51984206305248,0.012157282470051309,21.326226081883288,0.16438865262584546,nan,nan
2002 TA100,360474,MBO,MBO,21163615973355585,745279802139213885,19.394394,3.046244,2.8484724,148.9047673033282,1.843438883648576,2025051900257,25,60815.06842792957,y,148.9047922576546,1.8434960741035271,5.236889839172363,8337.19,1602.71,False,8127.77,200.951,7987.01,1599.31,False,-217.919,198.052,21.597450696683836,0.20871782226780147,21.625071483818445,0.026843744339683846,21.644039461400837,0.2174066245320536,nan,nan
2002 TA100,360474,MBO,MBO,21163615973355585,745284180450476056,19.399426,3.0467231,2.861707,149.06458475692364,1.842355562047099,2025052000110,15,60815.997173178526,g,149.0646042575135,1.842342988089562,16.939973831176758,3974.23,225.745,False,4349.13,0.84534,3903.24,226.228,False,-64.0109,14.366,22.40186751193908,0.06167220202308694,22.30399405582719,0.00021103445579291716,22.42143686338651,0.06292821535406876,nan,nan
2002 TA100,360474,MBO,MBO,21163615973355585,745284180585218076,19.399431,3.0467234,2.8617156,149.06468429025156,1.8423543197006016,2025052000111,16,60815.99776202555,g,149.06471024900958,1.8423645832959772,15.68667221069336,3740.85,234.1,False,4063.83,7.63051,3662.41,233.257,False,-62.0986,15.4625,22.467574235963365,0.06794467715237543,22.37766114900244,0.0020386484300008822,22.490582623185013,0.06914998050451011,nan,nan
2002 TA100,360474,MBO,MBO,21163615973355585,745284180719435797,19.399437,3.0467238,2.8617265,149.06481374071797,1.842352702598232,2025052000112,16,60815.99852844935,g,149.06482266894676,1.8423476436783772,18.40882110595703,3876.89,206.011,False,4256.51,0.899752,3878.74,204.754,False,-60.0879,14.6253,22.42879133300221,0.0576940819056005,22.327365914693363,0.00022950572138117972,22.42827333044763,0.05731470246603512,nan,nan
2002 TA100,360474,MBO,MBO,21163615973355585,745284180853653547,19.39944,3.046724,2.8617332,149.06489418633768,1.84235169690544,2025052000113,16,60815.999004494544,g,149.06491212975945,1.842346956030033,23.42251205444336,3796.77,160.755,False,3773.24,1.86429,3721.48,158.539,False,-43.2918,6.48581,22.451464271091403,0.04597000292340273,22.458213928476532,0.0005364427264977513,22.473210782332792,0.046253515982880994,nan,nan
2002 TA100,360474,MBO,MBO,21163615973355585,745284181003599894,19.399445,3.0467243,2.8617408,149.06498426844266,1.842350570049655,2025052000114,46,60815.99953748862,g,149.06498599726052,1.8423445758759884,28.269838333129883,4072.4,141.847,False,4197.0,0.696271,4026.63,140.31,False,-26.6387,11.3287,22.37537395410113,0.037817608108729084,22.342652576971275,0.00018012071372702936,22.38764571940044,0.037833038712881295,nan,nan
2002 TA100,360474,MBO,MBO,21163615973355585,745284181122088990,19.39945,3.0467248,2.8617518,149.0651135672278,1.8423489513476845,2025052000115,16,60816.000302056374,g,149.0651311105006,1.8423539651647833,25.779067993164062,3975.45,150.387,False,4144.08,1.71426,3945.2,149.292,False,6.61191,9.57805,22.401534274278468,0.04107223219345945,22.35642965273247,0.0004491308304510275,22.40982745230877,0.04108581049670469,29.349182688424875,1.572803546444368
2002 TA100,360474,MBO,MBO,21163615973355585,745284181405728779,19.399462,3.0467253,2.8617697,149.06532248956196,1.8423463326564464,2025052000117,45,60816.00153897185,g,149.06533658269322,1.8423432069464654,28.06142807006836,4076.46,144.416,False,3917.42,1.73592,4101.29,142.933,False,13.9802,9.4316,22.37429204741789,0.03846417765572713,22.41749968104968,0.00048112052791433435,22.367698791905458,0.03783871172697403,28.536216553337578,0.732480887921574
2002 TA100,360474,MBO,MBO,21163615973355585,745284181525266481,19.399466,3.0467257,2.8617773,149.0654125892893,1.8423452021123004,2025052000118,17,60816.002071902825,g,149.0654230176945,1.8423338780307563,28.392541885375977,4452.75,154.375,False,4577.81,1.09784,4385.33,152.808,False,5.92346,7.00199,22.278429219205602,0.0376420249530147,22.248355577327526,0.00026037877656202217,22.294994280708806,0.037832768243917216,29.468561348534383,1.2834245301911886
2002 TA100,360474,MBO,MBO,21163615973355585,745284181808906245,19.399475,3.0467262,2.8617942,149.06561291830397,1.8423426858387064,2025052000120,46,60816.003256159864,g,149.06561920221256,1.8423424180095758,31.4318904876709,4074.55,127.842,False,3595.68,0.231664,4071.24,126.461,False,-26.4187,7.99474,22.374800858169074,0.034065771518307725,22.51054743452501,6.995227579460197e-05,22.37568324051276,0.033725175850313746,nan,nan
2002 TA100,360474,MBO,MBO,21163615973355585,745284181943648306,19.399479,3.0467265,2.8618019,149.06570336840568,1.84234154854556,2025052000121,47,60816.003791225885,g,149.0657111996087,1.8423399326373944,32.4400749206543,3936.31,119.874,False,3586.79,0.141277,3958.57,119.121,False,-46.7208,14.5257,22.41227675004736,0.03306435226601165,22.513235112495597,4.276513329845013e-05,22.40615415865195,0.03267189480019645,nan,nan
2002 TA100,360474,MBO,MBO,21163615973355585,745284182077866026,19.399483,3.0467267,2.8618088,149.06578452317066,1.842340527507328,2025052000122,47,60816.00427132496,g,149.06579162237134,1.842334624872439,32.51162338256836,4252.0,129.298,False,3970.32,0.298753,4209.71,127.977,False,-53.7306,6.64211,22.32851686037185,0.03301588059949341,22.402936202664478,8.169793255203469e-05,22.339369562491314,0.03300684862285853,nan,nan
2002 TA100,360474,MBO,MBO,21163615973355585,745284182330048536,19.39949,3.0467272,2.8618224,149.06594582760607,1.8423384963319849,2025052000124,16,60816.00522575411,g,149.06594781483648,1.842322952659553,24.936054229736328,3836.23,153.921,False,3835.39,0.854578,3791.97,153.133,False,-39.1352,6.4778,22.440238412346627,0.04356297951959874,22.440476201459425,0.000241917072351147,22.4528377764425,0.04384582123710643,nan,nan
2002 TA100,360474,MBO,MBO,21163615973355585,745284182464266270,19.399498,3.0467277,2.861835,149.06609480029363,1.8423366183819336,2025052000125,16,60816.00610655401,g,149.06611479961077,1.8423340130732684,26.875810623168945,4187.82,154.703,False,4004.4,1.07874,4197.83,154.073,False,-15.1821,7.52076,22.345030028938837,0.04010837579357879,22.39365639472206,0.0002924850421712892,22.34243786247017,0.039849786447249215,nan,nan
2002 TA100,360474,MBO,MBO,21163615973355585,745284182598484012,19.399504,3.0467281,2.8618453,149.06621469637446,1.8423351055383823,2025052000126,16,60816.00681531953,g,149.06623088954467,1.8423255972301738,27.44208335876465,4257.12,153.674,False,4045.07,1.43003,4252.95,151.797,False,-0.746156,7.8598,22.327210239429277,0.03919302640361906,22.38268487793627,0.0003838339771466079,22.328274257785598,0.03875227499124097,nan,nan
2002 TA100,360474,MBO,MBO,21163615973355585,745284182736896073,19.399508,3.0467284,2.861853,149.0663048345441,1.8423339673383063,2025052000127,24,60816.0073481772,g,149.06632353360968,1.842330609705532,29.89336395263672,4200.82,137.678,False,4036.81,0.932063,4196.21,136.413,False,6.70884,6.99523,22.341664863059105,0.03558400233629294,22.38490421171404,0.00025068668369978734,22.342856974101778,0.03529578552592674,29.33338143112721,1.1320846535662499
2002 TA100,360474,MBO,MBO,21163615973355585,745284182882648083,19.399513,3.0467286,2.8618622,149.0664145954516,1.842332580383546,2025052000128,46,60816.00799732409,g,149.0664185989037,1.842322539986038,26.499921798706055,4037.43,151.799,False,3736.66,0.694025,4081.75,151.241,False,-3.74782,8.81614,22.384737504107754,0.040821430603852835,22.46879106793635,0.00020165818286663892,22.37288399644415,0.04022976086924206,nan,nan
2002 TA100,360474,MBO,MBO,21163615973355585,745284183135879182,19.39952,3.0467293,2.8618777,149.06659523208558,1.8423302955102676,2025052000130,17,60816.00906569423,g,149.0665923138258,1.8423349957065271,18.985551834106445,4137.17,216.509,False,4239.58,1.03753,4170.06,215.088,False,-14.6479,5.87479,22.358241603479634,0.05681943630810234,22.331692893178854,0.0002657064625397926,22.349644225318585,0.056001309991805984,nan,nan
2002 TA100,360474,MBO,MBO,21163615973355585,745284183273766969,19.399525,3.0467296,2.8618844,149.06667557662618,1.8423292783049563,2025052000131,24,60816.00954093928,g,149.0666821657393,1.8423268040053655,25.200862884521484,4686.53,183.584,False,4752.54,2.64269,4611.9,181.614,False,-14.6907,9.67855,22.22287154619532,0.04253121267852188,22.207685539038643,0.0006037327672828574,22.2403003182371,0.04275567500234865,nan,nan
2002 TA100,360474,MBO,MBO,21163615973355585,745284183404314675,19.399529,3.0467298,2.861893,149.06677554681747,1.8423280118326328,2025052000132,17,60816.01013182878,g,149.0667763448894,1.8423418441558366,23.570331573486328,4210.38,177.324,False,4050.07,0.433627,4162.69,176.498,False,-23.7253,7.07645,22.339196795110183,0.04572677470861432,22.381343657988882,0.0001162460242689999,22.35156484099779,0.04603520141004995,nan,nan
2002 TA100,360474,MBO,MBO,21163615973355585,745284183538532364,19.399534,3.04673,2.8619013,149.0668755221241,1.8423267444139049,2025052000133,17,60816.010722717605,g,149.06690292230994,1.8423275417242637,23.768077850341797,4289.28,178.931,False,4086.52,0.164628,4305.42,179.533,False,-15.2204,8.17287,22.319039060675088,0.04529242071380233,22.37161592291602,4.3739557875643334e-05,22.314961209910663,0.045274441693218585,nan,nan
2002 TA100,360474,MBO,MBO,21163615973355585,745284183692148751,19.399538,3.0467303,2.861909,149.06696585953793,1.8423255984205549,2025052000134,54,60816.01125654897,g,149.06697552995627,1.8423291305572962,27.29831314086914,4420.87,159.695,False,4211.28,1.31817,4401.87,157.793,False,-7.04224,6.22322,22.286230610618915,0.039220028314544846,22.33896476090372,0.000339845584552721,22.29090694002059,0.03892017883336493,nan,nan
2002 TA100,360474,MBO,MBO,21163615973355585,745284183806967844,19.399542,3.0467305,2.8619158,149.06704588107883,1.8423245826916104,2025052000135,17,60816.011729216334,g,149.06706274601459,1.8423138104513404,27.775577545166016,4255.28,151.039,False,3945.42,0.190746,4311.12,150.711,False,5.08503,5.92373,22.32767969931583,0.038537656864054005,22.409766917101077,5.249120149093896e-05,22.313524691470604,0.03795588689642437,29.634266184504803,1.264812187166851
2002 TA100,360474,MBO,MBO,21163615973355585,745284183960584213,19.399546,3.0467308,2.8619225,149.06712573672755,1.842323568507091,2025052000136,54,60816.01220191838,g,149.06713447824205,1.8423067500154315,27.473474502563477,4238.66,153.543,False,4150.28,1.51717,4289.24,153.925,False,20.7657,6.57429,22.331928506339494,0.03933016263314883,22.354806562404285,0.0003969000721289382,22.319049072125786,0.03896306560109262,28.106633593286936,0.3437372525804526
2002 TA100,360474,MBO,MBO,21163615973355585,745284184091131913,19.39955,3.0467312,2.861931,149.06722488426962,1.8423223085321936,2025052000137,47,60816.01278751195,g,149.06723702771677,1.8423125860845488,26.477954864501953,4491.95,169.045,False,4039.02,0.338057,4575.78,168.675,False,77.6617,6.7043,22.268912669105738,0.040859374384164794,22.384309985575644,9.087371063708539e-05,22.248837211626295,0.04002302694834074,26.674482804174453,0.09372832944534032
2002 TA100,360474,MBO,MBO,21163615973355585,745284184229019682,19.399555,3.0467315,2.8619394,149.06732488299818,1.8423210368669167,2025052000138,54,60816.013378554475,g,149.06734539124764,1.8423145915979633,25.3055362701416,4164.28,158.98,False,4036.56,4.89263,4333.29,158.114,False,158.722,8.76785,22.351150248175443,0.04145022575307228,22.38497145353433,0.0013159981665630683,22.307955603661014,0.039616571013856565,25.89840718107414,0.059976386960064944
2002 TA100,360474,MBO,MBO,21163615973355585,745284184347508804,19.399559,3.0467317,2.8619463,149.0674049195729,1.8423200184254744,2025052000139,24,60816.013851595686,g,149.06742037773992,1.842307607503137,26.392860412597656,4583.76,170.822,False,4587.84,1.91185,4950.47,172.587,False,302.181,6.69237,22.24694537943271,0.04046190162918552,22.24597937807647,0.00045244925874808075,22.163383870336162,0.037851749901533116,25.19933211571552,0.024045682366131294
2002 TA100,360474,MBO,MBO,21163615973355585,745284184477532197,19.399563,3.046732,2.8619552,149.0675113584281,1.8423186631545152,2025052000140,16,60816.014480708174,g,149.0675110577212,1.8423307435088065,22.22823715209961,3936.27,173.665,False,4027.29,2.93373,4445.94,174.113,False,510.065,7.80272,22.412287793913368,0.0479017876757057,22.38746773016042,0.0007909181415818194,22.280091020810985,0.04251987149340824,24.630936185232045,0.01660905107176117
2002 TA100,360474,MBO,MBO,21163615973355585,745284184611749909,19.399567,3.0467322,2.861962,149.06759207992343,1.8423176346788472,2025052000141,16,60816.01495770269,g,149.06759029585638,1.8423104664694578,28.862957000732422,4522.91,155.426,False,4297.54,1.40772,5188.23,153.625,False,684.318,7.54849,22.261455097644042,0.03731040944092783,22.316950171033398,0.00035564823676463467,22.11245195259807,0.032148965077469026,24.3118551017514,0.011976404270599449
2002 TA100,360474,MBO,MBO,21163615973355585,745284189444112436,19.399925,3.0467572,2.8626595,149.0758169736458,1.8422099675107555,2025052000177,17,60816.06343342403,r,149.07581935728172,1.8422066157836885,22.31804847717285,5120.93,226.54,False,5101.72,4.53655,5110.13,224.423,False,-28.3726,7.38444,22.12662786439743,0.048030858475607674,22.130708405907733,0.0009654580065439855,22.12892015344408,0.04768258075126571,nan,nan
2002 TA100,360474,MBO,MBO,21163615973355585,745284189582000176,19.39993,3.0467575,2.8626664,149.0758981463671,1.8422088777327144,2025052000178,24,60816.0639107544,r,149.07589841724192,1.842211721982353,19.52893829345703,4995.98,252.724,False,4921.25,4.46051,4911.22,253.274,False,-70.533,7.37476,22.15344827641998,0.05492247699624676,22.169811430504282,0.0009840867577630735,22.172026480112205,0.05599194125848699,nan,nan
2002 TA100,360474,MBO,MBO,21163615973355585,745284189716217891,19.399931,3.0467577,2.862673,149.07597898401986,1.842207791948647,2025052000179,24,60816.06438575081,r,149.0759770602358,1.8422063672752058,13.012367248535156,4524.7,346.551,False,4783.9,27.8479,4525.92,352.65,False,-105.48,5.23259,22.261025479177302,0.08315754540343179,22.200544790104797,0.00632025633851296,22.26073283595956,0.08459824137200482,nan,nan
2002 TA100,360474,MBO,MBO,21163615973355585,745284189862494216,19.399963,3.04676,2.862739,149.07675699521633,1.8421973163655745,2025052000180,47,60816.06895572477,r,149.07675403186727,1.8422100663581118,12.41921329498291,4561.15,367.534,False,4528.22,3.94968,4409.99,372.533,False,-93.0596,5.95262,22.25231413605468,0.08748779915422476,22.260181152116864,0.0009470190201471112,22.288905930617105,0.09171733556602171,nan,nan
2002 TA100,360474,MBO,MBO,21163615973355585,745284190000906268,19.399965,3.0467603,2.8627462,149.07684333881423,1.842196150943158,2025052000181,55,60816.069462385756,r,149.0768553473879,1.8421706534768152,12.109037399291992,4648.0,372.915,False,4306.92,23.7655,4516.41,377.547,False,-63.7723,8.36103,22.23183470154431,0.08711000991284613,22.314583007388897,0.0059910709466032795,22.263016561626586,0.09076156273134094,nan,nan
2002 TA100,360474,MBO,MBO,21163615973355585,745284190134599720,19.39997,3.0467606,2.8627539,149.07693122130055,1.842194964169601,2025052000182,54,60816.06997807289,r,149.07693327585932,1.8422059667751525,15.782584190368652,4510.49,285.317,False,4319.74,1.25139,4514.85,287.795,False,-59.6749,7.25677,22.26444063282541,0.06867967017487137,22.31135592125525,0.00031452803506306205,22.263391661461156,0.06920926694544131,nan,nan
2002 TA100,360474,MBO,MBO,21163615973355585,745284190268817446,19.399973,3.0467608,2.8627613,149.0770182584971,1.842193788235132,2025052000183,54,60816.07048924177,r,149.077011444823,1.842178119320061,12.758955955505371,3874.58,299.991,False,3455.69,0.338828,3814.13,301.411,False,-62.1809,6.95783,22.429438397175005,0.08406358374800185,22.553663077792702,0.00010645568041419227,22.446511304950036,0.0858001318597524,nan,nan
2002 TA100,360474,MBO,MBO,21163615973355585,745284190404608010,19.399977,3.046761,2.862768,149.07709916954153,1.8421926945561549,2025052000184,57,60816.070964540704,r,149.07709360664674,1.8422025508380555,15.279987335205078,4300.84,278.809,False,3994.59,7.405,4264.78,280.729,False,-69.7091,7.03255,22.31611682390462,0.07038462862421926,22.396319449949385,0.0020126913268029437,22.32525847253106,0.0714685537404682,nan,nan
2002 TA100,360474,MBO,MBO,21163615973355585,745284190538825737,19.39998,3.0467613,2.8627753,149.07718604847437,1.842191519659108,2025052000185,57,60816.071474644064,r,149.07718203985743,1.8421899143004072,14.931004524230957,4509.1,300.138,False,4496.16,9.25284,4384.28,302.398,False,-93.6769,7.16412,22.264775309173558,0.07226956299400447,22.267895568254513,0.0022343829137390246,22.295254347262507,0.0748867508618146,nan,nan
2002 TA100,360474,MBO,MBO,21163615973355585,745284190655741989,19.399982,3.0467615,2.8627827,149.0772725928354,1.8421903487216225,2025052000186,24,60816.07198260975,r,149.07727413317406,1.8421470711409174,8.272337913513184,3912.26,459.957,False,4661.57,9.42517,3818.36,464.204,False,-111.268,8.51198,22.418930724017073,0.12764794954338154,22.228669515577813,0.0021952365042054466,22.44530778984846,0.1319946484570326,nan,nan
2002 TA100,360474,MBO,MBO,21163615973355585,745284190789959719,19.399986,3.0467618,2.86279,149.07735948425818,1.8421891725219808,2025052000187,24,60816.072492731924,r,149.07734047181333,1.8422034724108052,8.28637409210205,4999.86,589.408,False,4702.09,8.78706,4869.89,595.827,False,-127.302,6.32778,22.152605419888232,0.12799191261533396,22.219272692455554,0.002028976318577594,22.18120209057481,0.1328389257536947,nan,nan
2002 TA100,360474,MBO,MBO,21163615973355585,745284190924177447,19.39999,3.046762,2.862797,149.07744058854567,1.8421880741481076,2025052000188,24,60816.07296889353,r,149.07739987336944,1.8421691994876142,7.291091442108154,3920.79,533.604,False,4150.84,23.5213,3747.7,543.235,False,-128.209,8.36939,22.41656603459508,0.14776439959111992,22.35466005785547,0.006152472092829338,22.46558796733061,0.1573791656141028,nan,nan
2002 TA100,360474,MBO,MBO,21163615973355585,745284191074123779,19.399994,3.0467622,2.8628047,149.07753175226506,1.8421868389535483,2025052000189,54,60816.073503021646,r,149.07749870790542,1.8421582839098152,9.57073974609375,4769.0,498.939,False,5375.16,17.7634,4646.96,505.062,False,-114.455,13.9978,22.20393169391533,0.11359113676440392,22.074021477861407,0.0035880541208113187,22.232077673665543,0.11800491426235399,nan,nan
2002 TA100,360474,MBO,MBO,21163615973355585,745284191745736772,19.400011,3.0467637,2.8628433,149.0779893801878,1.8421806290912248,2025052000194,55,60816.07618805147,r,149.07799530142253,1.842147037206549,11.404620170593262,4052.62,346.11,False,4307.39,11.2534,3947.21,344.568,False,-63.0846,12.925,22.380660260163072,0.09272621934899976,22.314464476879337,0.002836572322171667,22.40927442973495,0.094778324153352,nan,nan
2002 TA100,360474,MBO,MBO,21163615973355585,745284191879954475,19.400015,3.046764,2.8628502,149.07807052745022,1.84217952632362,2025052000195,55,60816.07666423876,r,149.07804495741144,1.842197056642197,10.160497665405273,3944.88,377.347,False,4203.41,11.4372,3869.52,379.339,False,-65.8326,12.8773,22.40991554008818,0.10385595896275741,22.34099557691052,0.002954216033440468,22.430857255280145,0.10643750967425018,nan,nan
2002 TA100,360474,MBO,MBO,21163615973355585,745284192014172168,19.400017,3.0467641,2.8628576,149.07815747712118,1.8421783441615864,2025052000196,55,60816.07717479927,r,149.07813733958918,1.842166535500837,10.83983325958252,5118.13,466.927,False,4762.92,7.14378,5085.98,472.587,False,-62.0032,9.54877,22.12722174303834,0.0990517166635667,22.205316800357153,0.0016284676130131832,22.134063384087888,0.1008861269342635,nan,nan
2002 TA100,360474,MBO,MBO,21163615973355585,745284192149962761,19.40002,3.0467644,2.8628645,149.07823812450195,1.8421772471851376,2025052000197,58,60816.07764777465,r,149.07823145725172,1.842227536895169,8.433509826660156,5638.21,661.929,False,5790.63,14.1567,5415.18,666.043,False,-77.7775,10.7726,22.02214688874762,0.1274660402420731,21.993185481980607,0.0026543644105645695,22.065967721998412,0.1335407147852126,nan,nan
2002 TA100,360474,MBO,MBO,21163615973355585,745284192282607649,19.400024,3.0467646,2.8628716,149.0783249161186,1.842176066097472,2025052000198,55,60816.07815667415,r,149.07834210455556,1.8422066533076717,11.460805892944336,3742.07,323.724,False,3807.94,24.1299,3770.29,328.244,False,-91.0249,10.0148,22.467220212041294,0.09392631876690895,22.448274774748285,0.006880020805770463,22.459063098279103,0.09452492463807932,nan,nan
2002 TA100,360474,MBO,MBO,21163615973355585,745284192418398229,19.400026,3.0467649,2.8628786,149.07840574561553,1.842174965644733,2025052000199,58,60816.07863047651,r,149.07845833547987,1.8421424878956734,10.295798301696777,4392.03,417.52,False,4412.38,17.6558,4281.23,420.395,False,-105.064,9.70536,22.293336808299998,0.10321345493020896,22.28831776035124,0.004344490195155167,22.321078604926136,0.10661376799502473,nan,nan
2002 TA100,360474,MBO,MBO,21163615973355585,745284192551043138,19.40003,3.046765,2.862886,149.07849237911165,1.8421737856395892,2025052000200,55,60816.07913864023,r,149.0785022968583,1.8421828079213765,7.785331726074219,3438.07,447.16,False,3473.5,18.7983,3333.43,450.444,False,-89.9091,8.64095,22.5592131914379,0.14121230680077626,22.548081741974066,0.00587591612761764,22.59277167317119,0.14671475606521578,nan,nan
2002 TA100,360474,MBO,MBO,21163615973355585,745284192933773340,19.40004,3.046766,2.8629084,149.07875880077003,1.8421701533485104,2025052000203,17,60816.08070072743,r,149.0787923971044,1.8421771745780295,5.725167751312256,8023.68,1416.13,False,8260.63,38.1309,8039.91,1437.81,False,-68.2721,13.1397,21.63906597659596,0.19162573572991007,21.60746708987095,0.0050117364763456965,21.63687201085986,0.19416665184586673,nan,nan
2002 TA100,360474,MBO,MBO,21163615973355585,745284193490042924,19.400053,3.046767,2.8629375,149.0791005313528,1.8421654867294943,2025052000207,54,60816.08270365432,r,149.07907902930327,1.842159716602558,11.207894325256348,4701.84,423.57,False,4497.3,8.69699,4578.08,428.077,False,-46.3924,9.21707,22.21933042024814,0.09780964632661417,22.26762039994748,0.0020996236274542016,22.24829153768162,0.10152262190406493,nan,nan
2002 TA100,360474,MBO,MBO,21163615973355585,745284194295349310,19.400072,3.0467687,2.862981,149.07961784272354,1.8421584062824183,2025052000213,54,60816.08573409721,r,149.07963195528237,1.8421756261405766,5.654116153717041,4341.05,736.469,False,4730.4,65.699,4241.34,741.373,False,-95.9066,7.11746,22.30601307872456,0.18419762191091493,22.212755357436745,0.015079439724339302,22.331242319114722,0.18978330471256624,nan,nan
2002 TA100,360474,MBO,MBO,21163615973355585,745297371249246253,19.394209,3.048232,2.9043555,149.59882075727978,1.8276830289799848,2025052300085,43,60818.98851694912,u,149.5986066867669,1.8278340190968665,6.076426029205322,940.463,258.866,False,1768.87,331.364,940.575,247.291,False,70.7601,17.86,23.96664570017289,0.29885299227198764,23.28076021206993,0.20339194377803185,23.966516407810566,0.2854560122519529,26.775528884785487,0.2740421355873573
2002 TA100,360474,MBO,MBO,21163615973355585,745297372864577557,19.394184,3.048236,2.9044614,149.6001459353581,1.8276254568226389,2025052300097,52,60818.99590580367,u,149.60021124344888,1.8274863933473908,5.702387809753418,1862.33,325.742,False,2504.97,33.9451,1730.34,323.824,False,-61.1172,20.7698,23.224858427346494,0.18990721082040024,22.90299369009673,0.014712920017343561,23.30467140290827,0.20318980852380417,nan,nan
2002 TA100,360474,MBO,MBO,21163615973355585,745297377826439178,19.394072,3.0482514,2.9049153,149.6058278555834,1.8273773503815072,2025052300134,44,60819.02753780842,g,149.60584801950208,1.8273585582522898,22.890514373779297,2614.87,112.599,False,2525.73,0.858889,2611.0,109.798,False,-3.26693,35.8455,22.856374695088938,0.046752918646209445,22.894032701613853,0.0003692108312095622,22.857982820442636,0.045657472245405055,nan,nan
2002 TA100,360474,MBO,MBO,21163615973355585,745297377959084100,19.39407,3.0482516,2.904923,149.60592247884753,1.827373202457556,2025052300135,41,60819.02806302253,g,149.60593089533197,1.8273737093844684,22.226760864257812,2540.94,112.211,False,2319.05,0.324925,2499.68,109.24,False,-11.1995,32.8443,22.88751399993223,0.0479474314588697,22.986724696219465,0.00015212385882370504,22.905288991141123,0.047448402968355334,nan,nan
2002 TA100,360474,MBO,MBO,21163615973355585,745297378096971833,19.394068,3.048252,2.9049304,149.60601656749645,1.8273690774767264,2025052300136,48,60819.028586217355,g,149.60602911259141,1.8273591089808814,20.024303436279297,2163.7,107.183,False,2079.36,1.96897,2130.36,104.393,False,-24.3382,39.4567,23.062007411807855,0.05378401109343498,23.105175730587575,0.0010280960683745615,23.07886744745072,0.053203801918992245,nan,nan
2002 TA100,360474,MBO,MBO,21163615973355585,745297378231189581,19.394066,3.0482523,2.904938,149.60611066117744,1.8273649517855728,2025052300137,48,60819.02910952353,g,149.606115642189,1.82735195956827,21.122005462646484,2440.15,114.096,False,2127.78,0.0576575,2374.33,111.32,False,-36.0545,36.9919,22.93145873357836,0.0507666183245743,23.080183178959913,2.942072635941155e-05,22.96114726448187,0.05090452885884365,nan,nan
2002 TA100,360474,MBO,MBO,21163615973355585,745297378366980138,19.394064,3.0482526,2.9049454,149.60620457994295,1.8273608332771545,2025052300138,51,60819.029631473495,g,149.60621353186036,1.827358855935897,22.384626388549805,2365.65,103.925,False,2148.52,0.901419,2350.73,101.943,False,-20.2862,33.89,22.965123817835785,0.04769731069720079,23.069651488204272,0.0004555243691559668,22.971993134468846,0.047084611036896755,nan,nan
2002 TA100,360474,MBO,MBO,21163615973355585,745297378499625009,19.394062,3.0482528,2.904953,149.6062990436183,1.8273566903842489,2025052300139,48,60819.03015675932,g,149.6063071342393,1.8273464040723422,20.641986846923828,2193.63,106.524,False,2056.02,0.702266,2224.67,105.241,False,-8.29158,17.6833,23.047091615799953,0.05272401084383633,23.117431652293043,0.00037085027883423184,23.031836042317046,0.05136220878684362,nan,nan
2002 TA100,360474,MBO,MBO,21163615973355585,745297378635415559,19.39406,3.048253,2.9049604,149.60639351243054,1.8273525467771896,2025052300140,51,60819.030681123004,g,149.6063989866777,1.8273394847242797,20.196205139160156,2176.42,106.828,False,2164.93,0.122628,2209.3,104.835,False,12.7865,35.1393,23.055643268575892,0.05329257892605837,23.061390387761836,6.149929428108457e-05,23.039363244611618,0.051520007023116814,28.63312079452008,2.983772861976347
2002 TA100,360474,MBO,MBO,21163615973355585,745297378902802494,19.394054,3.0482535,2.9049757,149.6065817456891,1.8273442890060123,2025052300142,49,60819.03172731136,g,149.60658469023832,1.8273383839052957,17.934606552124023,2008.39,110.262,False,1966.3,1.03478,2042.6,108.648,False,39.2476,31.9336,23.142879866314658,0.059607668661185824,23.165875524998878,0.000571376753154292,23.124541694047977,0.05775143025263667,27.415467222927013,0.8834034336974861
2002 TA100,360474,MBO,MBO,21163615973355585,745297379038593030,19.394053,3.0482538,2.904983,149.60667623000654,1.827340143264084,2025052300143,52,60819.0322521672,g,149.60668052507359,1.8273383814179804,21.312742233276367,2341.24,109.012,False,2521.02,1.10234,2362.31,107.936,False,42.6661,13.3067,22.976385166001474,0.05055367103472465,22.896059263895523,0.0004747484828396514,22.966657752095266,0.04960822959006455,27.324792644202734,0.33861932167247855
2002 TA100,360474,MBO,MBO,21163615973355585,745297379172810761,19.39405,3.048254,2.9049907,149.60677071954973,1.827335996809551,2025052300144,52,60819.03277742538,g,149.6067864057104,1.8273112970038086,19.944650650024414,2226.57,109.547,False,2032.62,1.20369,2237.38,107.605,False,33.3833,27.0284,23.030909083553972,0.05341809922443181,23.129859516328615,0.0006429582863192799,23.025650677887107,0.052217617962525345,27.591176811426894,0.879053664771718
2002 TA100,360474,MBO,MBO,21163615973355585,745297379307028532,19.394049,3.0482543,2.904998,149.60686467430963,1.8273318733451056,2025052300145,52,60819.03329943505,g,149.606887628198,1.8273123308493977,19.84511947631836,2091.62,104.212,False,1897.86,0.12233,2124.62,102.999,False,4.10782,29.5653,23.098792974452593,0.05409526244925895,23.2043395770218,6.99830934068432e-05,23.08179677669028,0.05263517136340199,29.865971478376416,7.814392143614083
2002 TA100,360474,MBO,MBO,21163615973355585,745297379441246259,19.394047,3.0482545,2.9050057,149.60695881432744,1.827327741273908,2025052300146,52,60819.033822497426,g,149.60697173001802,1.8273125292328367,19.598833084106445,2181.23,109.066,False,2081.62,0.604992,2195.58,107.833,False,-8.96718,28.1713,23.053246354183813,0.05428905160060774,23.103996309136626,0.0003155531033974765,23.046126796246863,0.0533244920251194,nan,nan
2002 TA100,360474,MBO,MBO,21163615973355585,745297379573891090,19.394045,3.0482547,2.905013,149.60705259956373,1.8273236243026056,2025052300147,49,60819.034343319145,g,149.60704754986176,1.8273075182337817,19.435951232910156,2252.12,113.209,False,2182.29,0.88772,2258.93,111.643,False,-10.7356,23.1467,23.018521125092867,0.05457751061713078,23.05271882411089,0.0004416597767941977,23.015243099960905,0.053660294176480494,nan,nan
2002 TA100,360474,MBO,MBO,21163615973355585,745297379708108821,19.394043,3.0482552,2.9050207,149.6071467500858,1.8273194908229775,2025052300148,49,60819.03486655337,g,149.6071533594097,1.8273134771749964,20.37772560119629,2260.74,109.954,False,2153.14,1.02537,2284.64,108.595,False,4.50418,26.2751,23.01437345846628,0.05280617928559488,23.067319381315595,0.0005170501638360562,23.002955610419633,0.05160792511069172,29.765960666341144,6.33363418210372
2002 TA100,360474,MBO,MBO,21163615973355585,745297379842326542,19.394041,3.0482554,2.905028,149.60724108598143,1.8273153487312572,2025052300149,49,60819.03539085956,g,149.6072518213019,1.8273051134582676,17.773181915283203,2114.58,118.202,False,2098.8,0.613677,2128.92,116.882,False,13.7064,24.1391,23.086939659209115,0.06069110173680286,23.09507233592483,0.00031746300190458335,23.079601684992575,0.05960911065240701,28.55769150183607,1.912150092188535
2002 TA100,360474,MBO,MBO,21163615973355585,745297379976544284,19.39404,3.0482557,2.9050357,149.60733560721823,1.827311198027506,2025052300150,49,60819.03591508551,g,149.6073455014772,1.8272899072894777,16.840194702148438,1955.18,116.38,False,1972.59,0.596849,1954.86,115.191,False,8.38507,11.1321,23.172033104963862,0.06462728396183243,23.162407950944875,0.0003285125675791618,23.172210857520398,0.06397749309606542,29.091233288492447,1.4414339223984607
2002 TA100,360474,MBO,MBO,21163615973355585,745297380112859145,19.394037,3.048256,2.9050434,149.60743067396388,1.8273070228916777,2025052300151,53,60819.03644384879,g,149.6074559647124,1.8272951481611497,18.978055953979492,2227.65,116.97,False,2108.64,0.991072,2226.58,115.471,False,-7.39574,22.7794,23.03038265473696,0.057010109650669306,23.089993953709126,0.0005103018086222302,23.030904202530614,0.056306551585671966,nan,nan
2002 TA100,360474,MBO,MBO,21163615973355585,745297380246552581,19.394035,3.0482562,2.905051,149.60752502590162,1.8273028786770804,2025052300152,52,60819.03696702246,g,149.6075373786721,1.8273131947283232,21.004013061523438,2310.27,108.543,False,2261.83,0.150022,2272.7,105.976,False,-26.1037,24.0793,22.990843144274898,0.05101094810629801,23.013850062302488,7.201439160540975e-05,23.00864474345474,0.050627878846480935,nan,nan
2002 TA100,360474,MBO,MBO,21163615973355585,745297380380770337,19.394032,3.0482564,2.9050584,149.6076192032049,1.8272987416659732,2025052300153,52,60819.03749054286,g,149.6076257278743,1.8272814586042705,19.37902069091797,2246.91,113.46,False,2201.15,1.74076,2214.88,112.326,False,-30.874,23.2085,23.021035849724438,0.054825352869705815,23.04337595047273,0.0008586448927723366,23.036624553564156,0.05506230923501921,nan,nan
2002 TA100,360474,MBO,MBO,21163615973355585,745297380513939485,19.39403,3.0482566,2.905066,149.60771338591098,1.827294603952251,2025052300154,50,60819.03801396572,g,149.6077118842623,1.8272836746256764,19.514850616455078,2405.32,120.332,False,2250.11,1.02777,2385.96,119.346,False,-30.7156,19.3866,22.94706781311779,0.05431660073217837,23.019490573748566,0.0004959255733929997,22.955842121372704,0.05430865393528993,nan,nan
2002 TA100,360474,MBO,MBO,21163615973355585,745297380653400095,19.394028,3.0482569,2.9050734,149.60780811437863,1.827290441793888,2025052300155,60,60819.03853933948,g,149.60780611334255,1.8272861783526049,19.062747955322266,2393.79,124.649,False,2222.63,0.286003,2376.1,123.332,False,-34.0368,8.513,22.95228486130209,0.05653625933417849,23.032832127367257,0.00013971008272869656,22.960338169597392,0.0563553776764411,nan,nan
2002 TA100,360474,MBO,MBO,21163615973355585,745297380783947782,19.394026,3.048257,2.905081,149.60790248805202,1.8272862947595403,2025052300156,53,60819.039063642136,g,149.6079022039498,1.8272688008740245,17.79121208190918,2296.85,129.114,False,2283.82,0.865261,2243.57,128.245,False,-40.2408,5.9969,22.997168369527756,0.061033039448772586,23.003345287839593,0.00041134817366905783,23.02265090644979,0.062061905817624094,nan,nan
2002 TA100,360474,MBO,MBO,21163615973355585,745297380920262710,19.394024,3.0482574,2.9050887,149.60799686729646,1.8272821470178096,2025052300157,57,60819.039587964784,g,149.60800293065594,1.8272732180828106,20.848247528076172,2608.18,123.166,False,2575.96,0.59854,2572.09,121.757,False,-27.9535,7.98575,22.859156127611865,0.05127168726765358,22.87265222913367,0.0002522774292342775,22.874284560609233,0.05139632853986486,nan,nan
2002 TA100,360474,MBO,MBO,21163615973355585,745297381056053288,19.394022,3.0482576,2.905096,149.60809125196604,1.8272779985763383,2025052300158,60,60819.040111307746,g,149.60810117037173,1.8272637377288072,19.73512077331543,2352.71,116.942,False,2193.92,1.19678,2381.65,115.373,False,-4.75408,33.6417,22.971079021975267,0.05396677313515052,23.046948070575205,0.0005922674413246833,22.957805196401445,0.05259574222941575,nan,nan
2002 TA100,360474,MBO,MBO,21163615973355585,745297381188698173,19.39402,3.048258,2.9051037,149.60818636272865,1.827273817756355,2025052300159,57,60819.04063972704,g,149.60819680585098,1.827274227281488,19.738935470581055,2234.04,113.124,False,2148.8,0.29692,2237.71,112.003,False,17.9359,35.2092,23.027272619022284,0.05497789693823622,23.069509987016737,0.0001500264278794061,23.025490512266362,0.054343821350886466,28.265692081352622,2.1313625585900273
2002 TA100,360474,MBO,MBO,21163615973355585,745297381324488773,19.394018,3.0482583,2.9051113,149.60828057841266,1.8272696758228548,2025052300160,60,60819.04116299786,g,149.60830009620219,1.827252334059794,18.244617462158203,2184.77,119.255,False,2072.54,0.619054,2201.43,116.87,False,14.0406,8.53615,23.051485681064847,0.05926457565732591,23.10874267658121,0.00032430223250267374,23.043237832388385,0.057639805568365655,28.531535846211092,0.6600862639694056
2002 TA100,360474,MBO,MBO,21163615973355585,745297381455036430,19.394016,3.0482585,2.9051187,149.60837552029616,1.8272655015036816,2025052300161,53,60819.04168941305,g,149.6083764594022,1.8272576189631675,23.896547317504883,2607.69,106.762,False,2608.86,0.296663,2632.68,105.014,False,11.6333,34.0735,22.859360120484368,0.04445136209576934,22.85887302015248,0.00012346301892460289,22.84900484271306,0.04330853149670536,28.735742696490018,3.1800808750844083
2002 TA100,360474,MBO,MBO,21163615973355585,745297381613371397,19.394012,3.0482588,2.9051263,149.60847010749194,1.82726134232116,2025052300162,99,60819.04221461984,g,149.60848720250874,1.8272470587368652,21.90723419189453,2340.29,106.406,False,2100.72,0.264189,2354.67,104.64,False,5.87193,35.143,22.976825789638518,0.04936518241473996,23.094079589694054,0.00013654345725139732,22.970174909400672,0.04824941056398352,29.47804780322013,6.498038692295428
2002 TA100,360474,MBO,MBO,21163615973355585,745297381727141908,19.39401,3.048259,2.905134,149.60856470032408,1.8272571824350377,2025052300163,60,60819.04273919154,g,149.60857967248847,1.8272626935757377,20.300609588623047,2296.44,110.763,False,2267.42,0.556404,2333.34,108.904,False,32.8262,32.2009,22.997362270408228,0.05236775306395654,23.011170104773214,0.00026642967874541035,22.98005489376775,0.050674573984164535,27.60944851905534,1.0650543038902063
2002 TA100,360474,MBO,MBO,21163615973355585,745297382123503695,19.393991,3.0482614,2.9052007,149.60940187049803,1.8272203467790724,2025052300166,48,60819.04738498699,r,149.60940981520724,1.8272145080599878,27.326492309570312,4685.6,171.725,False,4459.38,0.202512,4646.02,171.107,False,-50.4976,36.4042,22.223086949821564,0.039791713441819226,22.276813824182106,4.930609451684769e-05,22.232297307931567,0.039986280337789386,nan,nan
2002 TA100,360474,MBO,MBO,21163615973355585,745297382257721394,19.39399,3.0482616,2.9052083,149.60949633962207,1.8272161879310136,2025052300167,48,60819.04790885035,r,149.60951189773087,1.8272178159516432,27.028581619262695,4851.29,176.578,False,4384.15,1.00584,4805.34,174.945,False,-54.1465,39.8904,22.18535689970627,0.03951879380555396,22.29528651230846,0.0002490966019854571,22.19568973172314,0.03952772009260254,nan,nan
2002 TA100,360474,MBO,MBO,21163615973355585,745297382392463458,19.393988,3.048262,2.905216,149.6095909949312,1.8272120204468825,2025052300168,49,60819.04843320498,r,149.60959739169087,1.8272001192294636,25.33384132385254,4396.79,171.163,False,3997.59,1.11903,4415.76,171.05,False,-26.1393,42.0214,22.29216068212638,0.042266712366819656,22.39550435101627,0.0003039259546809167,22.287486404830645,0.0420573561503512,nan,nan
2002 TA100,360474,MBO,MBO,21163615973355585,745297382527729715,19.393986,3.0482621,2.9052234,149.60968547576778,1.8272078602071515,2025052300169,51,60819.0489575571,r,149.6096861017912,1.8272028506082418,26.052722930908203,4466.01,170.068,False,4055.89,0.969,4486.43,169.567,False,24.1765,39.8887,22.275200829027767,0.04134540387036969,22.379784608850763,0.00025939519824305147,22.270247717424805,0.041035974098952765,27.941516413519036,1.7913512556688722
2002 TA100,360474,MBO,MBO,21163615973355585,745297382660898862,19.393984,3.0482624,2.905231,149.6097803232201,1.827203683386606,2025052300170,49,60819.04948372305,r,149.60978176977997,1.8271932949561664,29.21135711669922,4753.53,162.075,False,4442.09,1.31534,4855.73,160.963,False,90.974,35.283,22.207459451246052,0.03701895223677149,22.28103165462517,0.0003214955922831862,22.184363679241443,0.03599115985571187,26.502706785520548,0.4210876948452828
2002 TA100,360474,MBO,MBO,21163615973355585,745297382796165136,19.39398,3.0482626,2.9052384,149.60987463556782,1.827199529696939,2025052300171,51,60819.05000675553,r,149.60988121047555,1.827185429218104,24.559797286987305,4556.49,182.799,False,4193.0,0.205038,4725.32,181.83,False,174.036,25.4615,22.253423890460517,0.04355797508849743,22.343687843991077,5.309257710373997e-05,22.213921979425017,0.041779059078155184,25.798402295628705,0.15884341904616725
2002 TA100,360474,MBO,MBO,21163615973355585,745297382930382863,19.393978,3.0482628,2.905246,149.60996985551233,1.8271953355980624,2025052300172,51,60819.05053419755,r,149.60997366071135,1.827188977873695,27.837566375732422,5041.51,177.023,False,4899.15,0.707754,5282.01,175.357,False,228.679,33.1819,22.143598468066532,0.038123554981766186,22.1746981799034,0.00015685050967361743,22.093002000461354,0.03604526426006183,25.501934284938454,0.15754306282846997
2002 TA100,360474,MBO,MBO,21163615973355585,745297383063552079,19.393976,3.048263,2.9052536,149.61006454045412,1.827191164630136,2025052300173,49,60819.05105965396,r,149.61006814517864,1.8271923797934875,25.90011215209961,4536.61,171.723,False,4278.23,2.25983,4919.52,170.46,False,374.411,32.3833,22.258171418326796,0.0410980647946792,22.321839683022773,0.0005735033545756279,22.170193169421882,0.03762045891017514,24.96662846985179,0.09390675241649257
2002 TA100,360474,MBO,MBO,21163615973355585,745297383199342600,19.393974,3.0482633,2.9052613,149.61015905096838,1.8271870009159648,2025052300174,52,60819.051583761844,r,149.61016553147113,1.827177204907083,25.474184036254883,4503.23,174.22,False,4379.41,2.73607,4991.63,173.387,False,494.023,25.7872,22.266189682504915,0.04200473076852121,22.296460946990877,0.0006783219799894721,22.15439406002245,0.037713640754024745,24.665632055861092,0.05667367123694063
2002 TA100,360474,MBO,MBO,21163615973355585,745297383333560341,19.393972,3.0482635,2.9052687,149.6102535675497,1.8271828365063336,2025052300175,52,60819.05210794845,r,149.61026750598322,1.8271872999208825,26.20659828186035,4757.53,179.158,False,4399.39,0.668627,5335.99,178.747,False,555.263,27.3184,22.206546210183273,0.040886413942772315,22.291518807997583,0.00016501209134610676,22.081962434779427,0.03637039694102085,24.53875316108323,0.05341716500176555
2002 TA100,360474,MBO,MBO,21163615973355585,745297383467778125,19.393969,3.0482638,2.9052763,149.6103482704856,1.8271786634577647,2025052300176,52,60819.05263225407,r,149.61036581125003,1.8271735379551786,27.2769718170166,4766.82,170.882,False,4402.27,0.359547,5304.27,169.78,False,481.388,22.1203,22.204428157955824,0.038921709880340855,22.290808307230442,8.867542921197288e-05,22.08843593954009,0.03475243357516023,24.693761848855605,0.049890755199210005
2002 TA100,360474,MBO,MBO,21163615973355585,745297383601995844,19.393967,3.0482643,2.905284,149.61044279901964,1.8271744976686008,2025052300177,52,60819.053156911876,r,149.61045360286022,1.8271634858338948,26.637996673583984,4570.21,171.009,False,4411.21,1.71815,4954.22,170.707,False,348.72,27.8423,22.25015961865362,0.04062628788222922,22.288605676395928,0.0004228902496263765,22.162561732382173,0.03741108853933099,25.043807856175285,0.08668672137686811
2002 TA100,360474,MBO,MBO,21163615973355585,745297383734640671,19.393965,3.0482645,2.9052913,149.61053733368078,1.8271703311855685,2025052300178,49,60819.05368098723,r,149.61055109874218,1.827164680667583,30.039371490478516,5379.41,175.553,False,4931.64,0.797468,5575.65,174.61,False,187.517,20.1983,22.073163353552143,0.03543218227617552,22.167521553801514,0.00017556834296709266,22.034261259017242,0.03400148909920021,25.717398394115573,0.11694953066458337
2002 TA100,360474,MBO,MBO,21163615973355585,745297383868858405,19.393963,3.0482647,2.905299,149.61063223517735,1.8271661481098136,2025052300179,49,60819.05420634805,r,149.61064371808646,1.8271496315759073,29.976457595825195,5464.15,178.631,False,5062.0,0.564384,5560.43,177.104,False,83.1686,25.8683,22.056193487048137,0.03549429350949603,22.139194647944407,0.0001210533631752732,22.037229021161224,0.03458153829287569,26.600101496659505,0.3377013516355873
2002 TA100,360474,MBO,MBO,21163615973355585,745297384003076128,19.39396,3.048265,2.9053066,149.610726601525,1.8271619882017565,2025052300180,49,60819.05472985945,r,149.6107427105084,1.8271607890402908,31.504695892333984,5490.96,172.929,False,5230.5,0.158621,5557.39,171.751,False,32.5517,24.7927,22.050879307684898,0.03419352506957913,22.103641983920852,3.2926213679266856e-05,22.037822785129976,0.033554651014767845,27.618565794356456,0.8269408759605894
2002 TA100,360474,MBO,MBO,21163615973355585,745297384277278757,19.393955,3.0482655,2.9053216,149.61091517197156,1.8271536742877177,2025052300182,60,60819.05577405935,r,149.61091151961963,1.8271492414439578,28.33709144592285,5393.65,189.323,False,5179.32,0.0549735,5346.31,187.971,False,-39.0068,17.6534,22.070293116720567,0.0381105257283242,22.114318175918864,1.1524046233261059e-05,22.0798646449852,0.03817341500087084,nan,nan
2002 TA100,360474,MBO,MBO,21163615973355585,745297384407302151,19.393953,3.0482657,2.9053292,149.6110099175536,1.8271494964076704,2025052300183,52,60819.05629904333,r,149.61101497997987,1.8271434267785318,29.55575180053711,5693.4,189.307,False,5222.76,0.480553,5719.88,189.112,False,-46.8962,17.3496,22.01157077607556,0.036101007247279486,22.10524987551038,9.990001743991797e-05,22.00653272818328,0.03589686301648607,nan,nan
2002 TA100,360474,MBO,MBO,21163615973355585,745297384541519937,19.393951,3.048266,2.9053366,149.61110466932013,1.827145317838162,2025052300184,52,60819.056824495594,r,149.6111027450494,1.8271395512507684,31.784940719604492,5748.18,177.476,False,5361.84,0.69725,5718.65,176.283,False,-32.3859,26.8304,22.00117406858479,0.033522281927488434,22.076715405952967,0.00014118839804008355,22.00676622573171,0.03346888580709317,nan,nan
2002 TA100,360474,MBO,MBO,21163615973355585,745297384674689069,19.39395,3.0482662,2.9053442,149.61119870529666,1.8271411704243723,2025052300185,50,60819.05734536407,r,149.61120648071702,1.8271399739186447,31.725200653076172,5598.86,175.332,False,5172.81,1.9151,5586.57,174.439,False,-9.28781,27.1162,22.02975100636761,0.03400054755724945,22.115683670601637,0.0004019659254406575,22.032136921993676,0.033901792825423986,nan,nan
2002 TA100,360474,MBO,MBO,21163615973355585,745297384804188273,19.393936,3.0482676,2.9053872,149.61173849342853,1.8271173554738045,2025052300186,41,60819.060335375776,i,149.6117468662467,1.8271196703167358,29.681011199951172,7882.01,263.698,False,7265.66,3.0276,7986.61,261.079,False,92.9955,19.5511,21.658407578473543,0.03632404324724002,21.746812299185258,0.00045242619625623947,21.644093824590037,0.03549227248137467,26.478845181186117,0.22826198232680403
2002 TA100,360474,MBO,MBO,21163615973355585,745297384942075982,19.393932,3.048268,2.9053948,149.61183293223667,1.827113187561315,2025052300187,48,60819.06085855108,i,149.6118448663997,1.8271028003002057,28.77240753173828,7535.13,259.114,False,6967.6,1.06112,7618.19,258.626,False,53.3769,14.8921,21.707273143409,0.03733571553231686,21.79229195856481,0.00016535053986473615,21.695370508606075,0.03685909927930203,27.081616637158497,0.30291928873247437
2002 TA100,360474,MBO,MBO,21163615973355585,745297385076293680,19.39393,3.0482683,2.9054024,149.61192791916469,1.8271089950536,2025052300188,48,60819.06138473396,i,149.6119310393595,1.8271034823656138,30.475238800048828,7463.36,243.954,False,6614.92,0.903787,7527.73,242.55,False,31.6618,53.6073,21.71766404338658,0.03548933580164531,21.84868852219018,0.00014834257968257208,21.708339918590546,0.03498336423606546,27.648660983725843,1.83828416357923
2002 TA100,360474,MBO,MBO,21163615973355585,745297385211035746,19.393929,3.0482686,2.90541,149.61202255119957,1.82710481780804,2025052300189,49,60819.06190884062,i,149.61203446593524,1.827100465247986,30.889448165893555,7625.24,242.427,False,6683.27,0.594295,7691.03,240.465,False,28.8462,53.5006,21.694366173126742,0.03451848924639836,21.83752748005645,9.654669389764248e-05,21.685038766858973,0.03394624124391877,27.74977843877813,2.0136980022041278
2002 TA100,360474,MBO,MBO,21163615973355585,745297385346302012,19.393927,3.0482688,2.9054174,149.6121173702592,1.8271006319057683,2025052300190,51,60819.06243327331,i,149.6121255856368,1.8270982600213386,30.78030014038086,7653.34,238.848,False,6779.06,0.0452596,7709.47,236.164,False,2.35642,54.2995,21.690372503887787,0.03388402111340686,21.822076296182168,7.248790309326884e-06,21.682438662743966,0.03325932904666258,30.469368231177388,25.018855516460288
2002 TA100,360474,MBO,MBO,21163615973355585,745297385479471155,19.393925,3.048269,2.905425,149.61221255698476,1.82709642937002,2025052300191,49,60819.06296078522,i,149.61221286625405,1.8270919373632986,30.631010055541992,7210.59,228.04,False,6614.57,0.798991,7250.33,226.218,False,-61.1246,62.7279,21.75507301871182,0.03433717382471317,21.848745986795088,0.0001311488888353478,21.74910555328109,0.03387612324398881,nan,nan
2002 TA100,360474,MBO,MBO,21163615973355585,745297385614737420,19.39392,3.0482693,2.9054327,149.61230793078732,1.82709221817184,2025052300192,51,60819.063488538115,i,149.61231604708706,1.8270836918928517,30.37261390686035,7332.79,238.059,False,6583.04,0.252966,7236.0,233.052,False,-65.9854,47.4305,21.73682687512246,0.03524842249959748,21.85393375863505,4.172150385444009e-05,21.751253604530557,0.03496862853950665,nan,nan
2002 TA100,360474,MBO,MBO,21163615973355585,745297385748955147,19.393919,3.0482695,2.9054403,149.6124031305025,1.827088014259961,2025052300193,51,60819.064015990574,i,149.6124162940023,1.827077698671703,29.56952667236328,7983.7,267.279,False,7673.68,0.351118,7893.02,263.971,False,-52.5077,22.0991,21.644489450207935,0.03634836867114227,21.68749076329638,4.967909975796839e-05,21.65689198916645,0.03631092788431666,nan,nan
2002 TA100,360474,MBO,MBO,21163615973355585,745297386017914888,19.393913,3.04827,2.9054556,149.6125933687848,1.8270796123593511,2025052300195,52,60819.06506858168,i,149.61260501278343,1.8270743492464279,32.974754333496094,8065.45,239.797,False,7217.87,0.364905,8076.08,236.75,False,4.35193,33.9344,21.63342846564005,0.03228044005067838,21.753977342923292,5.489023258591429e-05,21.63199845868349,0.03182831819272466,29.80329521171376,8.466083784596915
2002 TA100,360474,MBO,MBO,21163615973355585,745297386152132631,19.393911,3.0482702,2.905463,149.61268858809666,1.827075406390766,2025052300196,52,60819.06559514809,i,149.612695873133,1.82707096953301,31.047361373901367,7731.67,246.574,False,7369.0,2.2294,7729.06,243.562,False,2.88707,38.4486,21.679316737542553,0.034625679474638835,21.73147860869302,0.00032847607646854993,21.67968329501874,0.0342142609392357,30.248856737532012,14.459309520240629
2002 TA100,360474,MBO,MBO,21163615973355585,745297386286350425,19.39391,3.0482705,2.9054706,149.61278327191908,1.827071223684462,2025052300197,52,60819.06611941331,i,149.61279533681693,1.8270700277235377,34.0441780090332,8255.64,239.223,False,7684.88,0.404747,8289.28,237.777,False,-3.51356,35.4779,21.6081231797084,0.03146129082555651,21.68590729069016,5.718351990417291e-05,21.603707939861934,0.031144210501170836,nan,nan
2002 TA100,360474,MBO,MBO,21163615973355585,745297386421092448,19.393908,3.048271,2.9054782,149.61287814293163,1.8270670323192968,2025052300198,53,60819.06664482081,i,149.61288843815655,1.8270623099014793,33.83784103393555,8179.84,240.374,False,7672.07,1.42657,8160.7,238.408,False,-40.9099,39.6745,21.61813799866293,0.03190560595081131,21.687718633162657,0.0002018853837282366,21.62068144198959,0.03171887167495364,nan,nan
2002 TA100,360474,MBO,MBO,21163615973355585,745297386553737256,19.393904,3.0482712,2.9054856,149.6129722975986,1.827062872217942,2025052300199,50,60819.067165975925,i,149.61297700229483,1.8270551213465718,32.37972640991211,7456.4,223.328,False,7038.43,2.04586,7435.3,221.48,False,-88.8376,48.6504,21.71867701976695,0.032519084476796196,21.781310483543628,0.00031559087367038965,21.72175378813201,0.03234151363196735,nan,nan
2002 TA100,360474,MBO,MBO,21163615973355585,745297386821648416,19.3939,3.0482717,2.905501,149.61316153010685,1.8270545100742392,2025052300201,49,60819.06821238123,i,149.6131764542708,1.8270481553684879,33.84341049194336,8371.44,245.62,False,7998.65,0.617034,8263.98,241.658,False,-64.9752,47.0694,21.59299952202926,0.03185575093690302,21.6424582792213,8.375615649295804e-05,21.607026794767833,0.03174945123969261,nan,nan
2002 TA100,360474,MBO,MBO,21163615973355585,745297386956390475,19.393898,3.048272,2.9055083,149.61325642738774,1.8270503160076668,2025052300202,50,60819.068737992246,i,149.61325666664996,1.8270424705806771,34.62657165527344,8813.83,249.462,False,8426.73,1.95385,8753.02,246.966,False,-56.876,37.8973,21.537088316277302,0.03073010584584071,21.585852242207277,0.0002517424432977698,21.544605256146298,0.0306339921095796,nan,nan
2002 TA100,360474,MBO,MBO,21163615973355585,745301777369792566,19.385113,3.0487208,2.9184844,149.7826578367439,1.8190855553740024,2025052400145,83,60819.98026129721,i,149.7826730589979,1.8190839494213125,31.575923919677734,8303.53,260.641,False,7751.32,0.974291,8310.85,261.072,False,-28.2658,43.1984,21.60184306655698,0.03408036717912862,21.676560858710506,0.0001364700548462782,21.600886441200842,0.03410665888132409,nan,nan
2002 TA100,360474,MBO,MBO,21163615973355585,745301777504010268,19.38511,3.048721,2.9184918,149.7827531417443,1.81908052270862,2025052400146,83,60819.9807832778,i,149.78275665327732,1.8190748913308719,34.06465530395508,8552.55,246.428,False,8397.1,0.910923,8589.99,246.028,False,-31.7455,46.4328,21.569760970191954,0.03128374587893656,21.589676737570947,0.00011778139254760278,21.56501832475235,0.03109683475340207,nan,nan
2002 TA100,360474,MBO,MBO,21163615973355585,745301777638227971,19.385107,3.0487213,2.9184992,149.78284863229493,1.81907547966578,2025052400147,83,60819.98130642876,i,149.78285446151702,1.8190683292215835,33.213253021240234,8062.18,234.923,False,8124.19,2.8481,8111.96,234.353,False,-57.9119,55.8458,21.633868750860174,0.03163715091642775,21.62554982864681,0.00038062689935902433,21.627185503997143,0.031366714650097396,nan,nan
2002 TA100,360474,MBO,MBO,21163615973355585,745301778020434011,19.385096,3.048722,2.918522,149.78313530435275,1.8190603364857951,2025052400150,44,60819.98287619607,i,149.78314064464112,1.819054669549439,37.3768196105957,8569.39,220.899,False,7815.05,0.860485,8593.43,220.935,False,-59.7885,69.4154,21.56762527359201,0.02798776272143391,21.667670624779923,0.00011954622942694295,21.564583680327758,0.027914015063908573,nan,nan
2002 TA100,360474,MBO,MBO,21163615973355585,745301778175098925,19.385092,3.0487223,2.9185293,149.7832311721079,1.8190552712071129,2025052400151,83,60819.98340187362,i,149.78324125820367,1.8190467045535128,35.89970779418945,8735.66,236.766,False,7970.0,0.27973,8754.62,236.971,False,-62.1525,55.7578,21.546760674217445,0.029427132086435395,21.64635419650972,3.810702384383071e-05,21.54440673548436,0.0293888236358831,nan,nan
2002 TA100,360474,MBO,MBO,21163615973355585,745301778309316664,19.385088,3.0487225,2.9185367,149.78332631248185,1.819050243790551,2025052400152,83,60819.98392289992,i,149.78334136305244,1.8190471190682072,34.08056640625,8550.42,243.286,False,7806.84,1.20065,8538.52,243.161,False,-25.9519,50.4151,21.570031389999784,0.03089256619212041,21.66881182508933,0.00016698038836056954,21.57154355956143,0.03091972740884555,nan,nan
2002 TA100,360474,MBO,MBO,21163615973355585,745301778426757194,19.385056,3.048725,2.9186037,149.78417869768583,1.819005176906744,2025052400153,51,60819.988589141874,i,149.7841854652472,1.8190005878378592,35.925350189208984,8020.64,218.839,False,7750.53,1.26861,8039.45,218.507,False,-18.5127,55.0474,21.639477421948488,0.02962374899843157,21.67667152602256,0.0001777137622280776,21.63693412729134,0.02950960068637924,nan,nan
2002 TA100,360474,MBO,MBO,21163615973355585,745301778581422094,19.385052,3.0487251,2.918611,149.78427441767957,1.8190001132600868,2025052400154,90,60819.98911337381,i,149.78428245279886,1.8189942976623885,35.499576568603516,7814.59,217.742,False,7263.17,0.431728,7912.77,215.816,False,49.3413,60.7423,21.667734528523575,0.03025243578929789,21.747184488498675,6.453693512925819e-05,21.65417864157026,0.029612795261141942,27.166973509521863,1.3366107286772306
2002 TA100,360474,MBO,MBO,21163615973355585,745301778715639828,19.38505,3.0487254,2.9186187,149.78437050629378,1.8189950295532271,2025052400155,90,60819.98963994597,i,149.7843741253359,1.8189886997339537,34.94167709350586,8216.3,228.044,False,7541.68,0.467544,8425.42,226.923,False,123.526,55.7143,21.613309305359373,0.030134688345779048,21.70632972226782,6.730985997794472e-05,21.586021111836388,0.029242283896008955,26.170604045441408,0.4897028176467835
2002 TA100,360474,MBO,MBO,21163615973355585,745301778849857576,19.385046,3.0487256,2.918626,149.78446586762766,1.8189899837710723,2025052400156,90,60819.99016198833,i,149.7844712520383,1.818987700920881,31.54387092590332,8039.19,252.895,False,7248.58,0.31637,8139.67,250.945,False,148.672,53.8677,21.63696927542403,0.03415484198561459,21.749367647238092,4.738781536007463e-05,21.623483015422824,0.03347311162126782,25.969427061934894,0.39339022724464456
2002 TA100,360474,MBO,MBO,21163615973355585,745301778984075297,19.385042,3.0487258,2.9186335,149.78456159763132,1.818984917929127,2025052400157,90,60819.990685411554,i,149.78457128242187,1.8189817892499918,31.484800338745117,8210.31,259.307,False,7256.85,0.0150216,8385.92,257.886,False,157.696,55.6208,21.614101168667954,0.034290912304604515,21.748129619756906,2.24746199362932e-06,21.591123222602963,0.03338884161364627,25.905448312192487,0.38294894382050443
2002 TA100,360474,MBO,MBO,21163615973355585,745301779097845768,19.385038,3.048726,2.918641,149.78465714838975,1.818979861022172,2025052400158,51,60819.99120829157,i,149.78466548889722,1.8189738091866234,30.88058090209961,8118.55,263.211,False,7408.66,0.163399,8298.61,261.609,False,153.104,49.3421,21.626303851795264,0.035200586000612495,21.725650815868374,2.3946057995898686e-05,21.602486566402128,0.034227221221405195,25.937533629203838,0.3499092192680513
2002 TA100,360474,MBO,MBO,21163615973355585,745301779232063503,19.385035,3.0487263,2.9186485,149.78475251990778,1.8189748130544665,2025052400159,51,60819.991730077396,i,149.78476535541708,1.8189723800903796,27.75197410583496,7575.75,269.845,False,6963.83,0.61849,7833.69,268.578,False,144.724,44.1018,21.70143591375137,0.03867346302324113,21.792879586216245,9.642925757665533e-05,21.665084054717752,0.037224457920024566,25.998648613819046,0.33085680470800655
2002 TA100,360474,MBO,MBO,21163615973355585,745301779366281221,19.38503,3.0487266,2.918656,149.7848484429663,1.8189697353446763,2025052400160,51,60819.99225536175,i,149.7848622666284,1.8189618361026403,29.337888717651367,7908.65,267.978,False,7295.56,0.118143,8061.42,266.344,False,107.977,43.2357,21.65474412311636,0.03678926451738736,21.74235340746589,1.758221864972737e-05,21.633971139307718,0.0358720076811361,26.316671883896234,0.4347459603206872
2002 TA100,360474,MBO,MBO,21163615973355585,745301779500498965,19.385027,3.0487268,2.9186635,149.78494418676158,1.8189646665764516,2025052400161,51,60819.99277955042,i,149.78495766344867,1.818956813762145,29.095985412597656,7692.22,262.102,False,7296.44,0.278081,7760.02,260.721,False,45.1539,38.6683,21.684870727905757,0.036994991258483934,21.742222469880005,4.1379441456161304e-05,21.67534289583625,0.0364785448157004,27.263261829381527,0.9297884309618994
2002 TA100,360474,MBO,MBO,21163615973355585,745301779635241008,19.385023,3.0487273,2.918671,149.78503902046876,1.8189596454513977,2025052400162,52,60819.993298227986,i,149.7850450896082,1.8189509926580878,32.45893096923828,7689.48,235.668,False,7225.89,0.927144,7673.62,233.34,False,-42.7001,43.2631,21.685257573529345,0.0332757585373314,21.752771614455114,0.00013930931400829412,21.687499260919857,0.03301514515616031,nan,nan
2002 TA100,360474,MBO,MBO,21163615973355585,745301779768934471,19.38502,3.0487275,2.9186785,149.78513458858714,1.8189545849018869,2025052400163,51,60819.99382186806,i,149.78514859631704,1.8189594631882604,30.387962341308594,7721.64,249.396,False,7309.36,0.460076,7606.23,246.549,False,-88.6902,31.4845,21.68072610580837,0.03506745425665051,21.740301639690813,6.833993456557133e-05,21.697076368709148,0.03519314717811386,nan,nan
2002 TA100,360474,MBO,MBO,21163615973355585,745301779923599379,19.385015,3.0487278,2.918686,149.785229794769,1.8189495429804476,2025052400164,90,60819.99434295512,i,149.78524220971005,1.8189468108444282,29.584190368652344,7334.7,239.64,False,6739.67,1.07598,7381.11,239.914,False,-32.4854,35.7669,21.736544082937026,0.035473273142348515,21.8284034317398,0.0001733364391323105,21.72969582604596,0.03529053519642081,nan,nan
2002 TA100,360474,MBO,MBO,21163615973355585,745301780036321322,19.385012,3.048728,2.9186933,149.78532463899748,1.8189445196958716,2025052400165,49,60819.994861739484,i,149.78533229259688,1.8189369866029121,30.842567443847656,8021.09,258.418,False,7566.47,2.14441,8155.75,257.736,False,92.8678,31.0255,21.639416547815074,0.03497950817551199,21.702766682929855,0.00030770800580353947,21.621340238035543,0.0343111667537994,26.48033713158738,0.3627253869224243
2002 TA100,360474,MBO,MBO,21163615973355585,745301780306329622,19.385006,3.0487285,2.9187083,149.78551543467927,1.8189344128834917,2025052400167,52,60819.995905787044,i,149.78553211413285,1.8189352854013947,26.963991165161133,7571.02,278.542,False,7014.32,0.110795,7788.49,279.162,False,218.583,15.5852,21.70211401359748,0.03994483235855304,21.785036089889232,1.7149794194616316e-05,21.671366800756477,0.03891592176249945,25.550959081347997,0.07741414845232715
2002 TA100,360474,MBO,MBO,21163615973355585,745301780438974513,19.385002,3.0487287,2.9187157,149.78561102072382,1.8189293487071176,2025052400168,49,60819.99642804626,i,149.7856209315734,1.8189220953435652,26.792213439941406,8242.75,302.34,False,7708.97,2.16099,8479.1,301.993,False,255.963,11.7172,21.609819679927003,0.039824267407174554,21.682509080774253,0.00030435518823953845,21.579125656929303,0.03866975990934127,25.379557031746113,0.04970167051088432
2002 TA100,360474,MBO,MBO,21163615973355585,745301780574765112,19.384998,3.048729,2.918723,149.78570569651092,1.8189243322316555,2025052400169,52,60819.99694684725,i,149.7857130337256,1.8189219128644227,30.186357498168945,7919.1,257.872,False,7252.71,1.14266,8231.49,258.472,False,196.743,27.779,21.65331041876214,0.03535515061225201,21.74874922454603,0.00017105707550146935,21.61130383178176,0.03409253778979518,25.66525179747258,0.15329981693448438
2002 TA100,360474,MBO,MBO,21163615973355585,745301780843724851,19.38499,3.0487294,2.9187381,149.78589615580603,1.8189142390119208,2025052400171,53,60819.99798851295,i,149.78590396984876,1.8189120966185577,28.43808364868164,7442.58,257.439,False,7061.13,1.55763,7611.08,257.989,False,69.9595,28.3293,21.720691209707553,0.03755563727179552,21.77781449998774,0.00023950490228650577,21.696384271777426,0.036802662657360936,26.78788320844763,0.439656446809065
2002 TA100,360474,MBO,MBO,21163615973355585,745301780977418266,19.384987,3.0487297,2.9187455,149.78599193944706,1.8189091622515536,2025052400172,52,60819.998512696766,i,149.78599704371896,1.8188956898187572,30.270313262939453,7728.95,247.7,False,7305.22,1.89271,7692.92,246.789,False,-6.22342,32.5269,21.679698728123014,0.03479603928206073,21.740916719464536,0.00028130346240281406,21.68477197063084,0.034830435848496495,nan,nan
2002 TA100,360474,MBO,MBO,21163615973355585,745301781127888904,19.384964,3.0487313,2.9187927,149.78659268473484,1.818877309353434,2025052400173,83,60820.00179829667,z,149.7865991866948,1.818877795660268,12.365755081176758,7099.82,577.457,False,6647.55,0.580276,7092.58,574.45,False,30.2196,24.8109,21.771881681139085,0.08830730282950282,21.843346000421626,9.477577362316577e-05,21.772989380356012,0.08793713559901115,27.699278196841284,0.8914112533072877
2002 TA100,360474,MBO,MBO,21163615973355585,745301781241659443,19.38496,3.0487316,2.9188,149.78668849632132,1.8188722273098223,2025052400174,44,60820.00232259649,z,149.78669696722503,1.8188706638978172,10.98408317565918,6244.47,566.069,False,6344.25,2.02894,6537.21,564.669,False,129.971,27.6228,21.91126100392512,0.09842333355378828,21.89404927912161,0.0003472267918893889,21.861518915544423,0.09378337051431135,26.115383907068647,0.23075206423202094
2002 TA100,360474,MBO,MBO,21163615973355585,745301781375877166,19.384956,3.0487318,2.9188077,149.78678431194805,1.818867144535704,2025052400175,44,60820.002846007206,z,149.786804280792,1.8188486507824393,12.753571510314941,7138.33,559.246,False,7107.81,6.7511,7422.92,549.532,False,278.225,27.0514,21.766008435083027,0.08506101457517157,21.770660465815826,0.0010312478386832317,21.723563061428266,0.08037898499075107,25.289009598470265,0.10556449956007438
2002 TA100,360474,MBO,MBO,21163615973355585,745301781513764920,19.384953,3.048732,2.9188151,149.7868792171758,1.8188621095488824,2025052400176,51,60820.00336581418,z,149.78689864880843,1.8188537311462765,11.911849021911621,6821.11,556.919,False,6769.01,4.54579,7358.08,555.469,False,503.003,32.0796,21.815362388768314,0.08864644323712764,21.823687148368172,0.0007291360428396826,21.73308872511023,0.08196333706016679,24.64607358184087,0.06924409038279411
2002 TA100,360474,MBO,MBO,21163615973355585,745301781668429855,19.384949,3.0487323,2.9188228,149.78697485782823,1.818857035036646,2025052400177,90,60820.003888935134,z,149.7869910358936,1.8188622112874597,11.150273323059082,5651.62,506.985,False,5483.51,7.87719,6180.01,497.626,False,515.327,117.395,22.019567594126038,0.09739719628199124,22.052353446887516,0.0015596854684447711,21.922527096600895,0.08742552080116739,24.61979270083186,0.24733808162822185
2002 TA100,360474,MBO,MBO,21163615973355585,745301781782200339,19.384945,3.0487325,2.9188302,149.7870706853311,1.8188519500996947,2025052400178,51,60820.00441263528,z,149.78705301315696,1.8188443895830582,12.052287101745605,6655.34,550.686,False,6414.23,3.20937,7758.26,545.974,False,1047.54,31.2943,21.842074407762148,0.08983759110622348,21.882138681545165,0.0005432497904126838,21.675589208111866,0.076406791665163,23.84957342111518,0.03243537557678368
2002 TA100,360474,MBO,MBO,21163615973355585,745301781933195274,19.384941,3.0487328,2.9188378,149.787166151189,1.81884688384629,2025052400179,83,60820.00493446327,z,149.78717934014347,1.8188440131993004,11.480796813964844,6016.17,520.719,False,5657.44,13.4017,7435.84,518.714,False,1548.61,40.6314,21.951699764863132,0.09397398540690015,22.0184501193961,0.002571960297863512,21.721674932042124,0.07573946855849756,23.42514486189163,0.028486825992574967
2002 TA100,360474,MBO,MBO,21163615973355585,745301782067413019,19.384937,3.0487332,2.9188452,149.78726162100492,1.8188418168785572,2025052400180,83,60820.005456584026,z,149.78727707174173,1.8188551189044782,10.657870292663574,5816.92,542.281,False,5554.42,4.11163,8296.74,537.764,False,2522.69,28.1502,21.988267287094757,0.10121750498920327,22.038403225193576,0.0008037104817607763,21.60273126794497,0.07037340003483145,22.895340311093285,0.012115516334465703
2002 TA100,360474,MBO,MBO,21163615973355585,745301782185377838,19.384933,3.0487335,2.9188526,149.78735709497198,1.8188367491880089,2025052400181,52,60820.00597883633,z,149.78737122152265,1.8188476614027138,13.440194129943848,7372.26,546.716,False,6900.12,6.05455,10689.2,543.961,False,3336.54,29.8714,21.730998426446448,0.08051660922195339,21.80285837251278,0.0009526854913285743,21.327636972655576,0.05525185601304351,22.591759147930993,0.009720387284932484
2002 TA100,360474,MBO,MBO,21163615973355585,745301782319071304,19.38493,3.0487337,2.9188602,149.78745293877057,1.8188316613633155,2025052400182,51,60820.00650210535,z,149.78748328208127,1.8188562263971562,8.842021942138672,5067.56,565.174,False,5643.36,25.7425,8442.18,562.59,False,3408.35,24.7469,22.138002738821577,0.12108981026099178,22.021155637370185,0.004952646164598065,21.583863520865297,0.07235386869308813,22.568639504781615,0.007883170778247826
2002 TA100,360474,MBO,MBO,21163615973355585,745301782607953947,19.384922,3.0487342,2.9188752,149.78764372430777,1.818821532103369,2025052400184,90,60820.00754595589,z,149.78763670372715,1.8187890359449572,11.58682632446289,6068.38,525.32,False,6237.65,27.3319,8291.23,519.638,False,2176.11,89.5087,21.942318100100053,0.09398866947191956,21.91244751084485,0.00475743804986718,21.60345253184709,0.06804656952001331,23.05579783466358,0.04465896886175156
2002 TA100,360474,MBO,MBO,21163615973355585,745301782742695948,19.384918,3.0487344,2.9188826,149.78773939759213,1.8188164518337968,2025052400185,91,60820.00806811941,z,149.78775254796426,1.8187931548863239,9.803261756896973,5271.26,537.732,False,5371.91,32.8359,6799.42,534.577,False,1493.28,32.7553,22.09521395348758,0.11075817185727017,22.07467814850195,0.006636582464413926,21.81882034157068,0.08536163943802189,23.464646857488056,0.023815769919707578
2002 TA100,360474,MBO,MBO,21163615973355585,745301782854369367,19.384914,3.0487347,2.91889,149.78783416047764,1.818811419417325,2025052400186,48,60820.0085868014,z,149.7878249554749,1.8188078413784678,12.39482307434082,6383.81,522.069,False,6191.53,8.6099,7551.61,520.543,False,1121.18,91.9611,21.887300108236282,0.08879167403326033,21.920505083762748,0.001509817603880819,21.70490113741347,0.07484131513736071,23.775811592834874,0.08905393285448049
2002 TA100,360474,MBO,MBO,21163615973355585,745301782990159873,19.38491,3.048735,2.9188976,149.78792965923327,1.8188063474312737,2025052400187,51,60820.009108688195,z,149.78794359303026,1.8188330359915934,9.321084976196289,5423.04,572.713,False,5235.31,16.0115,6149.09,565.528,False,795.18,25.3557,22.064392972739633,0.11466174845482026,22.10264398088034,0.0033205797558894887,21.927972903687042,0.09985449171197743,24.14883638911934,0.03462059060870556
2002 TA100,360474,MBO,MBO,21163615973355585,745301783122804803,19.384907,3.0487351,2.918905,149.7880251623044,1.8188012747247024,2025052400188,48,60820.00963091398,z,149.78803586733954,1.8187898611496636,10.048730850219727,4949.94,487.929,False,4724.27,5.99653,5496.19,483.226,False,533.655,106.158,22.16350017603683,0.10702395812537076,22.21416321972871,0.0013781282098192231,22.049845667546293,0.09545812338867583,24.581848483299737,0.21598143853713087
2002 TA100,360474,MBO,MBO,21163615973355585,745301783258595333,19.384903,3.0487354,2.9189126,149.7881214014218,1.8187961624273192,2025052400189,51,60820.01015619562,z,149.78812885390516,1.8187879700349299,11.513740539550781,5956.32,512.997,False,5847.53,2.57687,6372.87,510.968,False,346.099,100.283,21.962554977197126,0.09351066469606663,21.982568893443855,0.0004784586172817307,21.889162331512388,0.08705284005832764,25.051999141892,0.3145946131435834
2002 TA100,360474,MBO,MBO,21163615973355585,745301783527030827,19.384895,3.0487359,2.9189274,149.78831279487525,1.8187859939861213,2025052400191,51,60820.01120266389,z,149.78830872543782,1.8187709875867952,14.08095645904541,6280.8,446.281,False,6090.35,6.85538,6377.65,440.813,False,53.2658,111.721,21.904962622884156,0.07714677439579794,21.938394354169017,0.0012221192882696747,21.888348312000986,0.07504435461857022,27.083878855088887,2.277249833412657
2002 TA100,360474,MBO,MBO,21163615973355585,745301783794417705,19.384888,3.0487363,2.9189425,149.78850383968089,1.8187758421270748,2025052400193,49,60820.012246618,z,149.78851308210082,1.8187750779953027,10.542110443115234,5399.71,509.857,False,5439.03,9.129,5563.41,502.941,False,124.642,110.049,22.069073917918168,0.10251850605354801,22.061196407248897,0.0018223260195253464,22.036647302498388,0.09815225689977704,26.16083899225073,0.9586189979742696
2002 TA100,360474,MBO,MBO,21163615973355585,745301783930732592,19.384884,3.0487368,2.91895,149.78859973469116,1.8187707456708329,2025052400194,53,60820.0127708697,z,149.78861164875465,1.8187699342706978,11.690786361694336,5177.67,444.539,False,5056.55,5.7529,5292.83,436.306,False,208.756,113.033,22.114664098579404,0.09321801034057114,22.140364277003965,0.0012352556956436267,22.090780121113475,0.08950093112680133,25.600902600412162,0.5878825962148502
2002 TA100,360474,MBO,MBO,21163615973355585,745301784064426011,19.38488,3.048737,2.9189575,149.78869545106488,1.8187656582262708,2025052400195,52,60820.01329302211,z,149.78870141817322,1.8187787045958543,8.385781288146973,3826.49,451.49,False,3546.2,17.291,4384.41,443.64,False,399.064,117.908,22.442998546024263,0.12810670607642966,22.52559195127769,0.005293966886406792,22.295222062253572,0.1098610779141189,24.897393634193573,0.3207931128943623
2002 TA100,360474,MBO,MBO,21163615973355585,745301784197595182,19.384876,3.0487373,2.918965,149.7887906227435,1.818760599257013,2025052400196,50,60820.01381386521,z,149.78878382170873,1.8187551301848701,10.748703956604004,4590.94,431.602,False,4934.91,14.8647,5067.02,424.773,False,478.175,128.081,22.245245971573546,0.10207188773840555,22.16680187394991,0.003270402661135008,22.138118449577853,0.09101827785543799,24.7010328613682,0.29081858210859474
2002 TA100,360474,MBO,MBO,21163615973355585,745301784333385790,19.384872,3.0487375,2.9189725,149.78888653097303,1.818755500656869,2025052400197,53,60820.014337399916,z,149.7888848083025,1.8187601675740177,10.736515998840332,4725.0,437.74,False,4522.14,4.84453,5451.37,429.293,False,734.946,114.821,22.213995467886797,0.10058627633183723,22.26163995854772,0.00116313992305803,22.05873582708293,0.08550124862820487,24.23436144739831,0.16962514058447514
2002 TA100,360474,MBO,MBO,21163615973355585,745301784467603457,19.384869,3.0487378,2.9189801,149.7889822606954,1.818750411069033,2025052400198,53,60820.01486095751,z,149.7889866051831,1.8187530123647329,11.797100067138672,5042.08,424.236,False,4984.91,4.32394,5758.32,417.512,False,806.897,122.897,22.14347565289068,0.09135284827047305,22.15585666158366,0.0009417738416917085,21.999260543835867,0.07872224902435414,24.132954784828343,0.1653664969926026
2002 TA100,360474,MBO,MBO,21163615973355585,745301784735514653,19.384861,3.0487382,2.9189951,149.78917446591686,1.8187401908101395,2025052400200,52,60820.0159104199,z,149.78919143227017,1.8187248089173906,9.463626861572266,4386.64,448.471,False,4066.22,7.46327,5426.22,443.079,False,997.833,125.557,22.29466998000524,0.11100094726730049,22.37702282747755,0.0019927949561781883,22.063756462599535,0.08865598956341741,23.902355334792134,0.13661782956867996
2002 TA100,360474,MBO,MBO,21163615973355585,745301784890703877,19.384857,3.0487385,2.9190025,149.7892702092463,1.818735099074388,2025052400201,92,60820.016433712604,z,149.7892614642484,1.8187141436379075,9.19552993774414,3910.24,423.879,False,3628.09,1.02285,4976.71,416.865,False,973.835,135.697,22.419491467612637,0.11769629882063459,22.50080484414284,0.0003060964005564074,22.157644172218106,0.09094470361868232,23.928786527504755,0.15128964271377862
2002 TA100,360474,MBO,MBO,21163615973355585,745301785004474396,19.384853,3.0487387,2.9190102,149.78936668946676,1.8187299676741704,2025052400202,53,60820.01696019084,z,149.7893615117213,1.8187339182542293,9.780638694763184,4138.1,416.639,False,3808.91,20.0954,4908.61,405.748,False,844.378,146.514,22.35799752068249,0.10931588027260944,22.447998247749357,0.005728227675850581,22.1726037107247,0.08974746221520309,24.08365773848282,0.18839378130288595
2002 TA100,360474,MBO,MBO,21163615973355585,745301785133973568,19.384848,3.0487392,2.9190211,149.78950546808204,1.818722585756022,2025052400203,44,60820.01771853029,z,149.78952008639956,1.818726197808477,9.876655578613281,4470.8,448.49,False,4144.73,8.37577,5671.82,442.251,False,1197.53,145.003,22.274036941783784,0.10891604212707912,22.35625939367221,0.0021940817270992125,22.015693934420735,0.08465853021763153,23.704283968490362,0.13146644304631935
2002 TA100,360474,MBO,MBO,21163615973355585,745301785268191286,19.384844,3.0487394,2.9190285,149.78960141036634,1.8187174818169367,2025052400204,44,60820.01824204062,z,149.78961038121324,1.8186955377663785,8.23360824584961,3694.7,449.177,False,3558.68,15.1166,4978.71,444.03,False,1278.97,155.548,22.481052062889717,0.13199657341877988,22.52177767692291,0.00461200227833949,22.15720793297239,0.09683220140476118,23.63284913081085,0.13204696244048744
2002 TA100,360474,MBO,MBO,21163615973355585,745301785540296757,19.384836,3.04874,2.9190435,149.7897936752834,1.8187072523026,2025052400206,51,60820.0192924014,z,149.78979416981878,1.818719918194138,8.770085334777832,3789.82,428.881,False,3624.51,3.08687,5966.47,418.21,False,2151.72,158.59,22.45345352202813,0.12286906339144402,22.501876741310628,0.0009246840153735916,21.960706307679267,0.07610290717361057,23.068035623280487,0.08002291333488014
2002 TA100,360474,MBO,MBO,21163615973355585,745301785694961706,19.384832,3.0487401,2.9190512,149.7898898148262,1.818702136470223,2025052400207,90,60820.01981795414,z,149.78990346670994,1.8187006141463316,9.467992782592773,4373.84,450.114,False,4084.87,9.75625,7893.03,439.529,False,3540.06,143.322,22.297842808760954,0.11173364786341815,22.37205436942348,0.002593158156308835,21.65689064584209,0.06045999474449345,22.52747342481222,0.04395685059634355
2002 TA100,360474,MBO,MBO,21163615973355585,745301785805062210,19.384808,3.0487418,2.919101,149.79052555519317,1.8186682955082225,2025052400208,44,60820.023288582335,r,149.79054788303304,1.818649353603639,20.101459503173828,3637.37,179.898,False,3374.94,4.95247,5760.03,180.407,False,2064.07,27.6908,22.498031263672026,0.05369862291622466,22.579334878080857,0.0015932359941619107,21.998938177077576,0.03400579793500138,23.113188909829454,0.014565834875534778
2002 TA100,360474,MBO,MBO,21163615973355585,745301786077167659,19.3848,3.0487423,2.919116,149.7907168134594,1.8186581107889328,2025052400210,51,60820.024332603716,r,149.79071656722377,1.8186476169346013,17.783763885498047,3399.54,190.461,False,3342.94,1.26392,4313.84,191.054,False,869.321,7.33529,22.571449598578326,0.060828935481822215,22.589678564463952,0.0004105020350874772,22.312839956536834,0.04808575498975669,24.05204959284945,0.009161391504764407
2002 TA100,360474,MBO,MBO,21163615973355585,745301786211385401,19.384794,3.0487425,2.9191234,149.79081263305198,1.8186530076184464,2025052400211,51,60820.02485572451,r,149.79080262752686,1.8186379984304502,20.055021286010742,3990.18,196.943,False,3807.78,0.630588,4622.09,196.805,False,568.021,7.35391,22.39751879990798,0.05358859540545497,22.44832037053369,0.00017980351050913713,22.23790404249838,0.04622980362750639,24.51408902727558,0.014056533746360575
2002 TA100,360474,MBO,MBO,21163615973355585,745301786366050336,19.38479,3.0487428,2.919131,149.79090790802385,1.8186479330132277,2025052400212,90,60820.025375670215,r,149.79091680908573,1.8186603022023136,17.822555541992188,3717.71,204.827,False,3650.47,4.03385,4353.38,205.003,False,621.007,6.11493,22.47431123737706,0.05981856773186364,22.494128049445166,0.0011997625605156797,22.302933584914463,0.05112790330039043,24.417258727761435,0.010691024180040363
2002 TA100,360474,MBO,MBO,21163615973355585,745301786479820813,19.384787,3.0487432,2.9191384,149.7910041040344,1.8186428089072453,2025052400213,51,60820.02590084262,r,149.79099462698457,1.8186384038594159,18.026531219482422,4039.25,223.394,False,3965.97,1.12164,4271.27,222.998,False,297.502,6.12671,22.384248165873956,0.06004752136594812,22.40412644620885,0.00030706362625872494,22.323607431602895,0.05668501459152654,25.216275224118576,0.02235948154694028
2002 TA100,360474,MBO,MBO,21163615973355585,745301786614038573,19.384783,3.0487435,2.919146,149.7910997552791,1.8186377133789973,2025052400214,51,60820.026422853975,r,149.79109304085247,1.8186346778450508,17.224369049072266,4011.49,231.349,False,4136.3,3.88174,4241.32,231.782,False,122.328,5.06235,22.391735717859373,0.06261613135911716,22.358469976282713,0.0010189168957013557,22.33124744390594,0.05933391418776497,26.181185285746437,0.044931465595386584
2002 TA100,360474,MBO,MBO,21163615973355585,745301786765033481,19.384779,3.0487437,2.9191535,149.79119559480222,1.8186326073820087,2025052400215,83,60820.026945783255,r,149.79121122405408,1.8186257955181955,16.815120697021484,3860.72,228.541,False,3664.45,1.20382,4173.04,230.05,False,240.448,6.09946,22.433329244702406,0.06427175248456185,22.48997801374308,0.0003566786188219656,22.348868620858823,0.05985411471731884,25.4474470862011,0.027541941463230163
2002 TA100,360474,MBO,MBO,21163615973355585,745301786882998313,19.384775,3.048744,2.919161,149.79129088959328,1.818627529972579,2025052400216,52,60820.02746558065,r,149.79129259066073,1.818635213968649,18.416748046875,3599.73,193.662,False,3475.81,5.3664,3673.75,193.074,False,79.5745,10.6062,22.50932518724186,0.05841156109207606,22.547359910793247,0.0016762983062541732,22.487226002298325,0.05706088807458039,26.648065189725216,0.1447138897719654
2002 TA100,360474,MBO,MBO,21163615973355585,745301787016691785,19.384771,3.0487442,2.9191685,149.7913872889342,1.8186223932730916,2025052400217,51,60820.027991999144,r,149.79138292321613,1.8186216476062056,17.790700912475586,3683.39,205.612,False,3517.38,1.815,3691.79,205.76,False,52.6766,6.26212,22.48438076990516,0.06060732056967518,22.534451811579117,0.0005602497709706084,22.48190751577666,0.06051294173371693,27.095955631567506,0.1290707822998548
2002 TA100,360474,MBO,MBO,21163615973355585,745301787150909514,19.384768,3.0487444,2.919176,149.79148296034506,1.8186172949273685,2025052400218,51,60820.0285134994,r,149.79149140106048,1.8186297948893606,17.124900817871094,3614.54,208.229,False,3336.19,0.325104,3553.66,206.086,False,0.378412,6.42812,22.504867400284922,0.06254786666587216,22.591873078421827,0.00010580248347353592,22.523310342115657,0.06296467175738656,32.45508772606811,18.443502340462935
2002 TA100,360474,MBO,MBO,21163615973355585,745301787306098705,19.384764,3.0487447,2.9191835,149.79157918666397,1.8186121665758888,2025052400219,91,60820.0290386908,r,149.79159115101493,1.8186298679550827,17.5107364654541,3693.25,209.271,False,3480.82,0.344858,3662.65,208.488,False,-43.7938,6.68227,22.481478233752554,0.061521179737299515,22.545796064554512,0.00010756798647880656,22.49051147944204,0.06180306145823942,nan,nan
2002 TA100,360474,MBO,MBO,21163615973355585,745301787440316435,19.38476,3.048745,2.9191911,149.79167560139285,1.818607027747432,2025052400220,91,60820.029564888915,r,149.79168082836554,1.818619582812463,16.7545166015625,3489.46,206.386,False,3581.34,1.69973,3441.98,205.941,False,-69.1917,6.43504,22.543104451321717,0.0642164565825763,22.514886089901655,0.0005152982950458832,22.557979149952317,0.06496190994244062,nan,nan
2002 TA100,360474,MBO,MBO,21163615973355585,745301787552514111,19.384756,3.0487452,2.9191988,149.79177165468317,1.818601907751492,2025052400221,49,60820.030088322615,r,149.79177663647172,1.8185847286057186,18.405874252319336,4151.6,224.705,False,4033.56,0.163765,4113.01,225.065,False,-83.5779,6.43473,22.354461216262166,0.058765379646259566,22.385778680370365,4.4081552068585136e-05,22.36460064833257,0.05941177762739379,nan,nan
2002 TA100,360474,MBO,MBO,21163615973355585,745301787686731836,19.384752,3.0487454,2.9192061,149.79186789651288,1.818596777274888,2025052400222,49,60820.030613783456,r,149.79189471035366,1.818568480146471,16.26097869873047,3617.85,226.175,False,3696.33,5.04407,3599.11,226.747,False,-75.9306,6.70977,22.503873579255334,0.0678763306372641,22.480573134276778,0.0014816125858905895,22.50951216697826,0.06840230317442818,nan,nan
2002 TA100,360474,MBO,MBO,21163615973355585,745301787820425285,19.384748,3.0487456,2.9192138,149.79196341022052,1.818591685188692,2025052400223,48,60820.031134837554,r,149.79195532090574,1.8185873828981156,20.79500961303711,3863.54,182.111,False,3500.7,0.524849,3847.31,182.798,False,-54.5728,19.6901,22.432536456668384,0.05117702826122242,22.539612778739148,0.00016278103426913042,22.43710703013228,0.05158679915082016,nan,nan
2002 TA100,360474,MBO,MBO,21163615973355585,745306225883742240,19.372456,3.049203,2.9325838,149.96948956417273,1.808659699374633,2025052500521,86,60820.97064975185,g,149.96948319006876,1.8086376732503884,26.755290985107422,3661.77,135.783,False,3434.89,0.482229,3614.25,134.653,False,-54.9645,5.30168,22.490772338497163,0.04026045422657519,22.560217949867816,0.00015242802376355045,22.50495452576773,0.04045033881075195,nan,nan
2002 TA100,360474,MBO,MBO,21163615973355585,745306226017959942,19.37245,3.0492032,2.9325914,149.96958654710392,1.808653703429264,2025052500522,86,60820.97117170756,g,149.96960743423958,1.8086330185486013,23.27537727355957,3285.48,141.163,False,3188.32,1.46992,3208.52,138.663,False,-53.7338,5.29295,22.608502936918285,0.046649431646739674,22.64109521807616,0.0005005599721533365,22.634238116469746,0.046922391740509724,nan,nan
2002 TA100,360474,MBO,MBO,21163615973355585,745306226150604871,19.372444,3.0492034,2.9325988,149.9696839042652,1.8086476837716887,2025052500523,83,60820.97169588203,g,149.96969254273262,1.8086482516777123,25.028972625732422,3476.13,137.901,False,3330.34,0.592824,3426.43,136.975,False,-44.8864,6.0725,22.547260012135713,0.04307206993988955,22.593778537290753,0.0001932686883558485,22.56289536201904,0.04340340419637414,nan,nan
2002 TA100,360474,MBO,MBO,21163615973355585,745306226288492608,19.372438,3.0492036,2.9326062,149.96978144977655,1.8086416518916015,2025052500524,90,60820.972220035575,g,149.96978266747496,1.8086416017807319,27.831531524658203,3791.0,135.719,False,3724.9,0.569034,3782.23,133.802,False,-30.4527,5.30869,22.45311553893391,0.03886969813026457,22.472213483426035,0.0001658623883654233,22.455630167963395,0.03840953049915312,nan,nan
2002 TA100,360474,MBO,MBO,21163615973355585,745306226424283190,19.372433,3.0492039,2.9326138,149.96987862629223,1.8086356422568184,2025052500525,93,60820.97274321155,g,149.96989082592953,1.8086354258469344,24.548181533813477,3528.74,143.247,False,3247.2,1.03097,3514.64,141.793,False,-21.581,5.6546,22.53095085195113,0.044074782517027,22.621227420553133,0.0003447158928586821,22.535297914645867,0.043802437117711174,nan,nan
2002 TA100,360474,MBO,MBO,21163615973355585,745306226553258041,19.372429,3.0492043,2.9326212,149.96997506217755,1.808629677861617,2025052500526,83,60820.97326288884,g,149.9699863616883,1.8086237105078407,25.84762191772461,3554.2,137.351,False,3334.25,1.08383,3554.6,136.733,False,-14.7085,5.5785,22.5231453585694,0.04195795207229398,22.592504600389724,0.0003529289854344244,22.523023128791447,0.04176446471111757,nan,nan
2002 TA100,360474,MBO,MBO,21163615973355585,745306226689048612,19.372423,3.0492046,2.9326286,149.97007224395583,1.8086236667690152,2025052500527,86,60820.97378587482,g,149.9700794404123,1.8086295282607838,24.558650970458984,3300.65,134.455,False,3205.33,1.42542,3267.99,132.422,False,-18.8391,5.22998,22.603501346356612,0.04422846036931581,22.63531810278332,0.00048283019628216685,22.614298205924815,0.043995041892800256,nan,nan
2002 TA100,360474,MBO,MBO,21163615973355585,745306226823266350,19.372417,3.0492048,2.932636,149.970169242545,1.808617666443244,2025052500528,86,60820.9743077991,g,149.97018014494893,1.8086041677196454,25.12081527709961,3472.93,137.729,False,3445.3,0.169216,3505.25,136.743,False,-29.5252,5.60977,22.54825994685468,0.043057985312029444,22.55693237424872,5.332596366483397e-05,22.53820250505032,0.042355558587438835,nan,nan
2002 TA100,360474,MBO,MBO,21163615973355585,745306226959581242,19.372412,3.049205,2.9326437,149.97026587225366,1.808611688377869,2025052500529,90,60820.97482747467,g,149.97027736366468,1.808593648234374,21.92982292175293,3101.75,140.268,False,3058.78,0.63412,3061.52,138.907,False,-38.6536,4.64622,22.670983022750146,0.04909939608305125,22.68612938493086,0.00022508549878774123,22.68515724082905,0.049261920717161276,nan,nan
2002 TA100,360474,MBO,MBO,21163615973355585,745306227229589507,19.3724,3.0492055,2.9326584,149.9704596971813,1.808599695587884,2025052500531,93,60820.97587058709,g,149.9704649214688,1.8085985482144018,28.08880043029785,3367.83,119.871,False,3433.93,0.425594,3338.24,118.351,False,-35.1399,5.78438,22.581624571727218,0.0386445527140939,22.560521426848858,0.00013456384542118378,22.591206111406812,0.038492727812296366,nan,nan
2002 TA100,360474,MBO,MBO,21163615973355585,745306227363807262,19.372395,3.0492058,2.932666,149.97055800764448,1.808593611842521,2025052500532,93,60820.97639929077,g,149.9705693015338,1.8085887428587704,27.79497718811035,3464.94,123.612,False,3383.53,0.191966,3413.32,120.693,False,-33.4413,5.89629,22.550760721780442,0.03873372280096375,22.57657491184957,6.159969956187207e-05,22.56705746462066,0.03839099703455093,nan,nan
2002 TA100,360474,MBO,MBO,21163615973355585,745306227498024975,19.37239,3.049206,2.9326735,149.97065501997187,1.8085876078713183,2025052500533,93,60820.97692103904,g,149.97065893679405,1.8085850976146671,26.346529006958008,3292.35,124.561,False,3161.71,0.648138,3279.39,122.537,False,-36.2411,6.09841,22.60623497390159,0.04107715769656941,22.65019493131453,0.00022257161045447272,22.61051736551708,0.040569393839630714,nan,nan
2002 TA100,360474,MBO,MBO,21163615973355585,745306227610222682,19.372385,3.0492063,2.932681,149.97075259273194,1.8085815686577884,2025052500534,51,60820.977446518904,g,149.9707605634504,1.8085742071692934,27.74260711669922,3354.05,121.665,False,3118.3,0.18401,3348.43,119.977,False,-45.6567,6.86048,22.58607615294759,0.039384056416233916,22.66520524621557,6.406898465939193e-05,22.58789696141053,0.03890282085876402,nan,nan
2002 TA100,360474,MBO,MBO,21163615973355585,745306227761217537,19.37238,3.0492065,2.9326885,149.97084961082336,1.8085755632225915,2025052500535,83,60820.97796848843,g,149.97086821526665,1.8085728725459895,27.090694427490234,3191.26,120.706,False,3110.15,0.425759,3118.85,117.33,False,-40.9552,6.62907,22.640094524923477,0.041066812269173095,22.668046696089007,0.000148630118137039,22.66501374595837,0.040844999568284523,nan,nan
2002 TA100,360474,MBO,MBO,21163615973355585,745306228029652997,19.372368,3.049207,2.9327033,149.9710430978838,1.8085635847043715,2025052500537,83,60820.979009012066,g,149.9710454193635,1.8085493147638627,29.28021812438965,3486.69,119.097,False,3464.93,0.534369,3499.9,117.371,False,-0.115075,6.77593,22.543966677820038,0.03708615537476289,22.550763858337156,0.00016744458693249663,22.539860940896745,0.0364107403154529,nan,nan
2002 TA100,360474,MBO,MBO,21163615973355585,745306228168065043,19.372362,3.0492072,2.9327106,149.97113938111937,1.808557623131801,2025052500538,91,60820.97952775342,g,149.97116288261054,1.808543474132836,27.371601104736328,3434.32,124.845,False,3100.81,0.118965,3444.48,123.426,False,26.7778,6.75262,22.5603980808551,0.03946887159912962,22.67131208959135,4.1655117554810463e-05,22.557190837627395,0.03890517009398652,27.830562782097687,0.27379263262186326
2002 TA100,360474,MBO,MBO,21163615973355585,745306228298088501,19.372356,3.0492074,2.9327183,149.97123752601263,1.808551545739484,2025052500539,83,60820.98005534505,g,149.9712432926934,1.8085476566481142,22.36296844482422,3152.04,139.198,False,2925.04,0.80491,3211.88,138.715,False,54.8671,5.70569,22.653520686210122,0.04794745759457241,22.734670461881944,0.0002987719557321919,22.63310176185135,0.04689088607356592,27.051719989279476,0.11290689925491401
2002 TA100,360474,MBO,MBO,21163615973355585,745306228838629397,19.372303,3.04921,2.9327912,149.97218660649452,1.8084927478158412,2025052500543,90,60820.9851604967,u,149.97213625566937,1.8084423660651037,5.190316200256348,1666.56,315.095,False,1790.21,16.8043,1806.53,308.419,False,36.2745,12.0282,23.34544757712704,0.20527916110764,23.26774007683916,0.010191562798989367,23.257887037288697,0.18536181297662138,27.500996358787482,0.36001741532491993
2002 TA100,360474,MBO,MBO,21163615973355585,745306230849798148,19.372177,3.0492158,2.9329622,149.97440744597034,1.808354968136498,2025052500558,86,60820.99709920843,r,149.97442956550628,1.808349691115507,12.293749809265137,4370.47,355.943,False,4304.52,3.10157,4244.65,360.484,False,-51.8931,4.70481,22.298679587936597,0.08842531249741384,22.31518817004408,0.000782314103997831,22.330395311106255,0.09220796734320078,nan,nan
2002 TA100,360474,MBO,MBO,21163615973355585,745306230982443050,19.372171,3.049216,2.9329696,149.9745045888981,1.8083489355116305,2025052500559,83,60820.99762132482,r,149.9745082973216,1.808312157475051,9.433507919311523,4349.89,457.341,False,4867.44,4.59532,4272.93,464.091,False,-30.9605,4.51379,22.303804279233717,0.11415269575195837,22.181748496169426,0.0010250368983576754,22.323185509895147,0.11792385646023093,nan,nan
2002 TA100,360474,MBO,MBO,21163615973355585,745306231116660769,19.372166,3.0492163,2.932977,149.97460173552133,1.808342902175329,2025052500560,83,60820.99814325482,r,149.9746185572211,1.8083637575625318,12.23593521118164,4983.61,404.651,False,5056.82,1.30748,4992.88,411.978,False,10.1211,4.13102,22.156139908275886,0.08815783219487473,22.14030630028762,0.00028072551485545054,22.154122204859824,0.0895874599863075,28.886930664680133,0.44315320103242245
2002 TA100,360474,MBO,MBO,21163615973355585,745306231254548522,19.37216,3.0492165,2.9329846,149.97469907211007,1.8083368565598672,2025052500561,90,60820.998666450614,r,149.97471874343188,1.8083479714655806,18.729381561279297,4493.64,241.441,False,4357.83,1.31636,4504.03,240.155,False,36.1584,5.08185,22.26850427510545,0.05833605291215493,22.301824269765127,0.0003279659099583968,22.265996865392758,0.0578914859283688,27.5044769432613,0.15259381945070657
2002 TA100,360474,MBO,MBO,21163615973355585,745306231390339101,19.372154,3.0492167,2.932992,149.97479678479203,1.8083307871021923,2025052500562,93,60820.99919193251,r,149.97478706706835,1.8082973502413988,18.743202209472656,4321.13,230.502,False,4209.38,1.53844,4315.22,232.506,False,67.1965,5.0542,22.31100669910215,0.057916418220098256,22.339454697055153,0.00039681379241225396,22.31249259103582,0.05849995269688873,26.831633324206702,0.08166389460736263
2002 TA100,360474,MBO,MBO,21163615973355585,745306231522983956,19.372149,3.049217,2.9329996,149.97489431528257,1.8083247284811284,2025052500563,90,60820.99971589072,r,149.97489250907933,1.8083228454130225,15.686603546142578,4406.46,274.926,False,4392.73,7.56712,4492.58,275.48,False,122.95,5.24007,22.289775429293723,0.06774079621940053,22.29316372959937,0.001870339462692861,22.268760432638253,0.06657613585373283,26.17567869426236,0.046273556001544154
2002 TA100,360474,MBO,MBO,21163615973355585,745306231655104516,19.372143,3.0492172,2.933007,149.97499184959324,1.8083186691443565,2025052500564,86,60821.000239021814,r,149.97500224537754,1.8083259617459302,16.732404708862305,4402.25,265.668,False,4648.7,6.8113,4605.46,268.195,False,165.125,4.63686,22.29081324467844,0.06552225912896037,22.231671153750654,0.0015908263567365427,22.241817472559536,0.0632269158470766,25.85546792344354,0.030488458217037533
2002 TA100,360474,MBO,MBO,21163615973355585,745306231789322253,19.372137,3.0492175,2.9330146,149.97508957402457,1.8083125975186063,2025052500565,86,60821.000764293705,r,149.97510170022747,1.808316079686765,16.92898941040039,4093.03,239.896,False,3828.8,0.85049,4168.58,240.489,False,142.46,5.27121,22.369887672646485,0.06363592899909487,22.44234328298036,0.00024117419160136512,22.350029628302234,0.06263706286783201,26.015767598809955,0.040173687213237254
2002 TA100,360474,MBO,MBO,21163615973355585,745306231925637153,19.372131,3.0492177,2.933022,149.97518730242535,1.8083065251699384,2025052500566,90,60821.00128955838,r,149.9752024567772,1.8082799802359748,12.995048522949219,4120.84,315.259,False,4187.7,0.904917,4136.08,317.987,False,76.5025,4.84894,22.362535659955952,0.08306270713499835,22.345061044430256,0.00023461592407521137,22.358527653779998,0.08347275475594516,26.690810896471543,0.06881695933298015
2002 TA100,360474,MBO,MBO,21163615973355585,745306232059854893,19.372126,3.049218,2.9330294,149.97528429017075,1.8083004983727544,2025052500567,90,60821.00181050827,r,149.9752940321976,1.8082859975340015,19.76907730102539,4468.82,225.515,False,4283.95,1.42595,4524.24,227.509,False,49.7678,5.28159,22.274517887641444,0.05479070743161009,22.320388967165044,0.00036139673088171446,22.261135855910783,0.05459806471975212,27.157628905944016,0.1152233680616872
2002 TA100,360474,MBO,MBO,21163615973355585,745306232194072649,19.37212,3.0492184,2.933037,149.97538184033834,1.8082944361572677,2025052500568,90,60821.00233476552,r,149.9754025951668,1.8082731490789359,18.72216033935547,4122.28,216.128,False,4093.7,2.30222,4125.95,218.088,False,14.281,5.37806,22.362156338387475,0.05692432663139634,22.369709980591804,0.0006105976867763204,22.361190046839972,0.05738945538146453,28.513103441673888,0.40887572646165
2002 TA100,360474,MBO,MBO,21163615973355585,745306232329863180,19.372114,3.0492187,2.9330444,149.97547902226327,1.80828839635962,2025052500569,93,60821.002856651525,r,149.97548019139376,1.8082777891905912,19.800533294677734,4260.09,211.951,False,3998.13,3.64012,4153.56,211.212,False,1.4321,6.38782,22.3264531042189,0.054018315845145375,22.395357753863582,0.000988514685985717,22.35394876363049,0.05521059480085553,31.01006659447976,4.842878927128354
2002 TA100,360474,MBO,MBO,21163615973355585,745306232576278588,19.372103,3.0492191,2.9330595,149.97567321186858,1.8082763262066568,2025052500571,51,60821.00389933289,r,149.9756783091574,1.8082677682216957,20.555051803588867,4005.61,196.521,False,3779.37,0.257002,3964.69,195.906,False,-40.1385,5.96964,22.393328314363387,0.05326778062067711,22.45645143785682,7.38314489303731e-05,22.404476927550437,0.053649149475642866,nan,nan
2002 TA100,360474,MBO,MBO,21163615973355585,745306232710496305,19.372097,3.0492194,2.9330668,149.9757705920679,1.808270272698696,2025052500572,51,60821.00442242049,r,149.97577274633127,1.8082283412624907,12.108683586120605,3443.37,284.259,False,3688.77,7.41262,3333.45,284.253,False,-79.4291,6.03451,22.557540734544467,0.08963029829515445,22.482796051253942,0.002181797709505571,22.59276515260077,0.09258388992157143,nan,nan
2002 TA100,360474,MBO,MBO,21163615973355585,745306232978931761,19.372086,3.0492198,2.9330819,149.97596555097604,1.8082581519622367,2025052500574,51,60821.00546957778,r,149.97599524687251,1.808242050704634,15.66098403930664,3988.6,254.529,False,3969.08,6.853,3747.62,255.092,False,-136.305,5.34149,22.39794876112272,0.0692853009199469,22.403275347254024,0.0018746284385418221,22.465611096068653,0.07390359911481756,nan,nan
2002 TA100,360474,MBO,MBO,21163615973355585,745306233134120967,19.37208,3.04922,2.9330893,149.97606182630602,1.8082521657798265,2025052500575,91,60821.00598691785,r,149.9760897473439,1.808226610749886,13.3985595703125,3775.74,282.659,False,3695.5,0.871885,3594.55,283.509,False,-125.207,4.90395,22.45749480069552,0.0812802541974469,22.480816983463612,0.0002561594135265066,22.510888662744442,0.08563408059679693,nan,nan
2002 TA100,360474,MBO,MBO,21163615973355585,745306233264144399,19.372074,3.0492203,2.933097,149.97615959540073,1.8082460862639664,2025052500576,83,60821.00651108364,r,149.9761319225459,1.8082042643968945,10.019885063171387,3737.83,370.878,False,3630.83,14.3692,3611.8,377.427,False,-115.004,4.60137,22.468451113873723,0.10772979339861562,22.499985188692335,0.004296857762366395,22.50569075116643,0.113457598741321,nan,nan
2002 TA100,360474,MBO,MBO,21163615973355585,745306233402032178,19.372068,3.0492206,2.9331043,149.97625699633065,1.8082400291880485,2025052500577,90,60821.00703421028,r,149.97626694128806,1.808197814259947,12.739991188049316,3514.38,275.895,False,3574.66,5.47213,3369.21,276.037,False,-40.3952,5.31905,22.535378239364043,0.08523528709815105,22.51691317509077,0.00166205726159119,22.58117981000987,0.0889535987497987,nan,nan
2002 TA100,360474,MBO,MBO,21163615973355585,745306233515802636,19.372063,3.0492208,2.933112,149.97635440148125,1.808233971398635,2025052500578,51,60821.00755743646,r,149.97635592186856,1.8082004394463251,12.43312931060791,4038.07,327.256,False,4164.57,1.09302,3976.98,329.786,False,20.4227,5.84545,22.38456537368537,0.08799096954680384,22.3510746300707,0.0002849589262984241,22.401116487957374,0.0900332949735752,28.124717058589884,0.31076284438477186
2002 TA100,360474,MBO,MBO,21163615973355585,745306233670991875,19.372059,3.049221,2.9331193,149.97645143836263,1.8082279360661135,2025052500579,91,60821.00807812068,r,149.97644153097747,1.8082090679934724,13.73144817352295,3415.06,248.763,False,3803.11,5.01373,3353.18,247.253,False,72.1476,4.64444,22.566504135602898,0.07908821262300406,22.44965275184476,0.0014313517309436994,22.58635785425823,0.08005879368304195,26.75444530407774,0.06989334321598437
2002 TA100,360474,MBO,MBO,21163615973355585,745306236200681477,19.371881,3.049229,2.9333491,149.9794382919468,1.808041956765006,2025052500598,52,60821.02410394958,i,149.97942536258597,1.8080706115142475,6.61073112487793,5070.5,772.791,False,6232.24,112.152,4950.36,781.953,False,64.6379,7.66857,22.137373032369716,0.16547622214295785,21.913389535621885,0.01953831731778897,22.163408072890032,0.17150160981172824,26.873781882206266,0.12881055796527732
2002 TA100,360474,MBO,MBO,21163615973355585,745306236757999619,19.371859,3.0492299,2.9333792,149.97982910335364,1.8080175942260768,2025052500602,91,60821.02619863588,i,149.97979066673673,1.8080288062790986,6.0968170166015625,7726.19,1243.59,False,8340.18,78.0697,7450.6,1267.17,False,-46.5566,7.796,21.680086548305255,0.17475763086395013,21.59706148118471,0.01016322253155797,21.719521865577306,0.18465793040337353,nan,nan
2002 TA100,360474,MBO,MBO,21163615973355585,745306236871770123,19.371853,3.04923,2.9333868,149.9799264922654,1.808011522197968,2025052500603,52,60821.02672083935,i,149.97991837404933,1.808027257093812,5.4112396240234375,7113.65,1285.72,False,7970.66,56.116,6892.73,1306.51,False,-29.391,7.79885,21.76976878097288,0.19623579182790774,21.646264268547537,0.007643930728170875,21.8040218361486,0.20580020158935158,nan,nan
2002 TA100,360474,MBO,MBO,21163615973355585,745306237831217164,19.371809,3.049232,2.9334428,149.98065557870044,1.807966052962644,2025052500610,90,60821.030627249565,i,149.98058005745037,1.8079445703838757,8.43307876586914,7177.03,851.922,False,7951.04,35.4935,7229.94,852.094,False,-57.0235,7.50011,21.760138128531594,0.12887818269364337,21.648940148898692,0.004846734204479514,21.752163275859175,0.12796085538651003,nan,nan
2002 TA100,360474,MBO,MBO,21163615973355585,745306238101225475,19.371798,3.0492325,2.9334579,149.98085156890576,1.807953826557148,2025052500612,93,60821.03167765079,i,149.98084824886064,1.8079024274084254,9.175753593444824,7298.17,815.659,False,7500.05,36.9784,7162.28,831.148,False,-131.371,6.9605,21.741965073148634,0.12134418803697548,21.712339631577706,0.005353136313113002,21.76237179460736,0.1259944477616718,nan,nan
2002 TA100,360474,MBO,MBO,21163615973355585,745306238364418100,19.371784,3.049233,2.9334729,149.98104664687463,1.8079416555976755,2025052500614,83,60821.032722705946,i,149.98105230515037,1.807901473553984,11.640732765197754,8091.07,692.039,False,7579.46,4.1004,8341.64,710.769,False,-128.705,7.73147,21.629985127354715,0.09286433256897461,21.70090434223254,0.000587370699951852,21.596871438070167,0.09251270127077842,nan,nan
2002 TA100,360474,MBO,MBO,21163615973355585,745319361530036275,19.31297,3.0506284,2.975208,150.55455366382864,1.7659617940283625,2025052800085,135,60823.970929467236,i,150.55458749976307,1.7659729871651328,13.440435409545898,4809.99,355.876,False,4969.24,3.68838,4860.43,353.178,False,-11.9313,7.9455,22.19463951341124,0.08033019745658747,22.159275017724894,0.0008058792727375623,22.183313228747377,0.07889387096690602,nan,nan
2002 TA100,360474,MBO,MBO,21163615973355585,745319361664253985,19.312958,3.0506287,2.9752154,150.55465526197875,1.7659529392273623,2025052800086,135,60823.971449116994,i,150.55469481507168,1.7659257941343902,13.372971534729004,4907.6,359.597,False,5046.28,4.69846,5011.38,359.618,False,12.0864,7.53634,22.172827083921813,0.0795556805401451,22.142571685486978,0.0010109007935800152,22.150106686839692,0.07791273143754934,28.694257589252917,0.6769987278782745
2002 TA100,360474,MBO,MBO,21163615973355585,745319361798471707,19.312946,3.050629,2.9752228,150.55475764437278,1.7659440156097876,2025052800087,135,60823.971973280684,i,150.5547489493601,1.7659595455497143,12.410354614257812,4570.35,366.107,False,4775.7,3.01534,4591.48,365.832,False,39.3513,7.67803,22.25012632714671,0.08697268489073426,22.20240736194559,0.0006855254248090551,22.245118262327445,0.08650741149779391,27.4126023092549,0.21184345418678743
2002 TA100,360474,MBO,MBO,21163615973355585,745319361932689420,19.312935,3.0506291,2.9752302,150.55486002969772,1.7659350912719205,2025052800088,135,60823.9724977966,i,150.55485774186545,1.7659246575309473,13.649325370788574,4311.56,311.57,False,4299.0,0.972141,4402.04,311.004,False,71.0691,13.618,22.313413899859782,0.07845949787812848,22.31658138720748,0.00024551958819117034,22.290865029022314,0.07670723056641245,26.770797969543633,0.20804478724075412
2002 TA100,360474,MBO,MBO,21163615973355585,745319362068480005,19.312925,3.0506294,2.9752378,150.5549630040465,1.765926115125544,2025052800089,138,60823.97302420653,i,150.55494047846554,1.7659010367192776,13.444257736206055,4387.63,325.75,False,4198.39,5.44552,4555.71,323.514,False,119.948,9.12182,22.294425035828763,0.08060811375303387,22.34229301731905,0.0014082536264762742,22.253609832626978,0.07710123642091579,26.202517490216838,0.08256820352943411
2002 TA100,360474,MBO,MBO,21163615973355585,745319362331672627,19.312902,3.0506299,2.9752526,150.55516759360293,1.765908279928807,2025052800091,128,60823.97407135773,i,150.555166407174,1.7659246339312642,13.473642349243164,4844.36,353.05,False,5100.23,1.46913,4923.72,355.57,False,112.718,8.14884,22.186909006910682,0.07912689491581384,22.131025600443095,0.00031274818570572587,22.169266583402234,0.07840722328497876,26.270016791881616,0.07849225837092723
2002 TA100,360474,MBO,MBO,21163615973355585,745319362465890379,19.312891,3.05063,2.9752603,150.5552699904546,1.7658993527483289,2025052800092,128,60823.97459561535,i,150.55524982693333,1.7658638969565643,12.873069763183594,4599.14,361.424,False,4903.02,3.08313,4734.91,359.411,False,114.526,8.25958,22.24330839296182,0.08532271742034672,22.173840833703743,0.0006827354822959202,22.211720643032464,0.08241456202424768,26.252739759320693,0.07830295823532225
2002 TA100,360474,MBO,MBO,21163615973355585,745319362734325777,19.31287,3.0506306,2.975275,150.5554736205857,1.765881598486079,2025052800094,128,60823.97563737584,i,150.55546604198867,1.7658897602856063,13.147873878479004,4120.32,311.884,False,3936.97,0.204682,4170.97,312.407,False,13.0279,13.7639,22.362672680486014,0.08218385170252798,22.412094744461854,5.644713258805682e-05,22.349407278667123,0.08132199155045086,28.61281398065799,1.147073943671342
2002 TA100,360474,MBO,MBO,21163615973355585,745319362868543510,19.312859,3.0506308,2.9752824,150.55557602645698,1.765872669172379,2025052800095,128,60823.97616159748,i,150.55562875603704,1.7658849157023486,12.313345909118652,4236.74,344.302,False,4309.95,88.0064,4224.58,344.475,False,-16.6725,8.7205,22.332420407283305,0.08823320010469268,22.31381937101692,0.022170032495366754,22.335541133245243,0.08853163600744463,nan,nan
2002 TA100,360474,MBO,MBO,21163615973355585,745319363002761251,19.312847,3.050631,2.9752898,150.55567804439113,1.7658637732415363,2025052800096,128,60823.97668360425,i,150.55568610964127,1.765856875300643,12.222333908081055,4291.64,348.302,False,4504.86,9.71107,4244.46,349.194,False,-20.2538,9.24868,22.3184417542708,0.08811645004312421,22.26579678615751,0.002340507956266918,22.330443897180626,0.08932410060139694,nan,nan
2002 TA100,360474,MBO,MBO,21163615973355585,745319363136978967,19.312836,3.0506313,2.9752975,150.55578026085544,1.765854859557625,2025052800097,128,60823.97720658222,i,150.55580491110442,1.7658718062709011,13.030641555786133,4259.29,326.619,False,4197.1,1.84117,4203.37,327.75,False,-44.1087,9.37146,22.326656963401245,0.08325849078627358,22.342626682676915,0.0004762871580254091,22.341005919005433,0.08465826971896023,nan,nan
2002 TA100,360474,MBO,MBO,21163615973355585,745319363250749458,19.312826,3.0506315,2.9753048,150.55588345761214,1.7658458599424227,2025052800098,89,60823.97773406464,i,150.5558886249279,1.7658797827244117,11.583417892456055,3987.64,343.524,False,4343.62,0.41236,3903.61,343.045,False,-54.4225,9.4486,22.39821016986258,0.09353312729758216,22.30537041033408,0.00010307397583599524,22.42133391543036,0.09541331759339493,nan,nan
2002 TA100,360474,MBO,MBO,21163615973355585,745319363384442894,19.312815,3.0506318,2.9753122,150.55598568027688,1.7658369448371056,2025052800099,88,60823.9782570753,i,150.55602123219978,1.7658571462208663,11.761385917663574,4313.94,371.765,False,4696.36,29.3848,4273.96,373.064,False,-41.4348,7.97955,22.312814763578245,0.0935661463879044,22.220596580588644,0.00679337659633652,22.322923876712835,0.09477138067682427,nan,nan
2002 TA100,360474,MBO,MBO,21163615973355585,745319363518660609,19.312803,3.050632,2.9753199,150.5560877106444,1.765828046069146,2025052800100,88,60823.978779000485,i,150.55608554439763,1.765812141064445,12.243128776550293,4207.29,342.131,False,4557.68,8.63423,4113.46,341.269,False,-23.9177,8.20261,22.339993869694535,0.08829056780250392,22.25314038413674,0.0020568568615038163,22.364481814041135,0.09007699744228043,nan,nan
2002 TA100,360474,MBO,MBO,21163615973355585,745319363787620371,19.31278,3.0506325,2.9753346,150.55629138976136,1.765810280531077,2025052800102,89,60823.97982178057,i,150.55631857064753,1.7658040298382582,14.191960334777832,4584.23,320.738,False,4249.76,1.9975,4570.93,321.033,False,-0.752044,10.2314,22.246834007301096,0.07596409156659659,22.329089048646146,0.0005103248481056402,22.24998853204495,0.07625518794201065,nan,nan
2002 TA100,360474,MBO,MBO,21163615973355585,745319363921313822,19.31277,3.0506327,2.975342,150.55639342950053,1.7658013796624947,2025052800103,88,60823.980343354226,i,150.55638661183568,1.765812667334577,12.775729179382324,4317.74,338.269,False,4533.92,2.73321,4339.2,337.947,False,12.0758,8.32016,22.31185872353797,0.08506091006634604,22.258815386634762,0.0006545208555968678,22.306475781502357,0.08455965774017371,28.695210226203738,0.7480662887203986
2002 TA100,360474,MBO,MBO,21163615973355585,745319364055531554,19.31276,3.050633,2.9753494,150.55649488602364,1.7657925292475931,2025052800104,88,60823.980862001554,i,150.55652891635134,1.7657905420715896,12.10918140411377,4113.29,342.563,False,3896.52,3.92961,4129.79,341.615,False,26.5556,8.57155,22.36452666536923,0.09042227395952336,22.423307720254783,0.001094956484594599,22.36018006891861,0.089811772384863,27.839609736289024,0.35045123600089756
2002 TA100,360474,MBO,MBO,21163615973355585,745319364188176405,19.312748,3.0506332,2.975357,150.55659751871232,1.7657835758078644,2025052800105,85,60823.98138725439,i,150.5566058036077,1.7657910957637966,12.321916580200195,4192.76,336.575,False,4296.94,1.33312,4226.04,335.737,False,22.1024,8.91677,22.3437500521072,0.08715779028556137,22.317101791085875,0.0003368482353662935,22.33516598149515,0.08625611974268009,28.038901422729822,0.43801849909886637
2002 TA100,360474,MBO,MBO,21163615973355585,745319364322918445,19.312737,3.0506334,2.9753644,150.5567001546927,1.7657746216573058,2025052800106,86,60823.98191238269,i,150.55671066324973,1.765725789912899,14.496465682983398,4911.8,338.801,False,5006.21,2.51634,4950.53,339.762,False,20.5307,8.25804,22.171898356240575,0.07489077750902833,22.151227349981497,0.0005457384891170263,22.163370805464936,0.07451564039674512,28.118990571309812,0.4367144410407893
2002 TA100,360474,MBO,MBO,21163615973355585,745319364589781041,19.312716,3.0506341,2.9753795,150.5569052411566,1.7657567282800644,2025052800108,83,60823.98296152153,i,150.55691538692463,1.765772737719143,11.252965927124023,4231.11,371.94,False,3995.02,1.00346,4270.12,372.602,False,22.2203,7.32975,22.333864244520168,0.09544274190396235,22.396202600105156,0.00027271275252299193,22.323899770576787,0.09473913124924108,28.033125171727526,0.3581488445945652
2002 TA100,360474,MBO,MBO,21163615973355585,745319364725571612,19.312704,3.0506344,2.9753869,150.55700827810193,1.7657477378873832,2025052800109,86,60823.983488194426,i,150.55700907357127,1.7657363237670534,14.126996040344238,5020.25,356.253,False,5025.63,4.87518,5187.67,354.748,False,40.9204,7.70311,22.148186637955657,0.07704731240096607,22.14702374646712,0.0010532329880677184,22.1125691618808,0.07424580545636021,27.37015035836459,0.20438573220676226
2002 TA100,360474,MBO,MBO,21163615973355585,745319364857692208,19.312693,3.0506346,2.9753942,150.55711034096186,1.7657388320761969,2025052800110,82,60823.984010136104,i,150.5571168274236,1.7657725421438817,11.993837356567383,4127.08,344.913,False,4685.53,2.26193,4266.92,343.75,False,49.7417,8.59687,22.360892760959832,0.09073837153778026,22.223103242590494,0.0005241369480383603,22.324713768885317,0.08746867230205792,27.158198457359525,0.1876480621244182
2002 TA100,360474,MBO,MBO,21163615973355585,745319364994007066,19.312681,3.0506349,2.9754016,150.55721221161625,1.7657299426308228,2025052800111,86,60823.984531787224,i,150.55721817878364,1.7657085852265963,14.248950004577637,4709.73,330.916,False,4989.49,1.91904,4915.74,330.628,False,84.4007,8.87875,22.217509978119363,0.07628621327640757,22.15485955763842,0.0004175919923986753,22.171027687205132,0.07302557961134083,26.584134834426067,0.11421682249723361
2002 TA100,360474,MBO,MBO,21163615973355585,745319365126127674,19.31267,3.050635,2.9754093,150.55731447673637,1.7657210183582257,2025052800112,82,60823.98505448804,i,150.55731449484648,1.7657177595138875,15.594812393188477,5595.77,352.164,False,5496.45,0.143973,5691.33,354.453,False,96.4128,7.73308,22.030350357189697,0.0683296856497518,22.049794257314538,2.8439571967559165e-05,22.011965565081603,0.06761907197144798,26.43966321956702,0.08708474927630033
2002 TA100,360474,MBO,MBO,21163615973355585,745319365262442514,19.31266,3.0506353,2.9754167,150.55741654969862,1.7657121104517757,2025052800113,86,60823.98557674613,i,150.55742928915268,1.7656941940618234,13.292128562927246,4721.18,355.942,False,4837.76,10.4905,4959.86,356.185,False,114.634,7.83957,22.21487356286254,0.08185646103221335,22.18838925428728,0.002354378203248948,22.16132648491535,0.07797053910817761,26.251716357571453,0.07425113691139189
2002 TA100,360474,MBO,MBO,21163615973355585,745319365395087389,19.312649,3.0506356,2.975424,150.55751882170551,1.7657031847737883,2025052800114,83,60823.98609996366,i,150.557521769865,1.7656956317110646,14.815384864807129,5072.49,337.407,False,4826.57,0.907984,5241.94,339.353,False,86.6497,8.15092,22.136946951008166,0.07221995366400077,22.19090351662286,0.00020425087752618746,22.101269898031575,0.07028845026188954,26.555582387156118,0.10213248546450915
2002 TA100,360474,MBO,MBO,21163615973355585,745319365552898090,19.312632,3.0506358,2.975435,150.55766744501616,1.7656902131257015,2025052800115,128,60823.9868594163,i,150.55769936386932,1.7656579734387305,15.162986755371094,5392.05,348.852,False,5717.44,2.0626,5489.74,351.373,False,30.7188,7.92537,22.070615262527788,0.07024438740161026,22.006995971810838,0.00039168568580890106,22.0511205129397,0.06949297340363446,27.68148939845375,0.28011711051779753
2002 TA100,360474,MBO,MBO,21163615973355585,745319365690785813,19.31262,3.050636,2.9754424,150.55776933446802,1.7656813198646315,2025052800116,135,60823.98738087852,i,150.55776145105423,1.765657729345524,14.672849655151367,5573.94,377.474,False,5518.66,13.6439,5632.09,378.218,False,13.2688,7.41277,22.034594287682715,0.07352737765437477,22.045415873330075,0.0026842885220719256,22.023326064736928,0.07291164971348517,28.59292089775893,0.6065591971948326
2002 TA100,360474,MBO,MBO,21163615973355585,745319365821333506,19.31261,3.0506363,2.97545,150.55787298757974,1.7656722722649203,2025052800117,128,60823.98791093669,i,150.55788491379175,1.7656577485856848,14.618254661560059,5950.73,404.013,False,5709.81,12.9531,6893.07,389.465,False,-33.615,7.2611,21.963574389441757,0.07371390455672085,22.00844584666938,0.0024630678974484625,21.803968305607228,0.06134512746763972,nan,nan
2002 TA100,360474,MBO,MBO,21163615973355585,745319365959221254,19.312342,3.0506423,2.9756298,150.56034028466937,1.7654567957232636,2025052800118,135,60824.00052049079,z,150.56033778825977,1.7654362745519363,10.514718055725098,6996.25,658.083,False,6887.16,34.594,6910.33,655.597,False,21.5922,18.3271,21.787836700213035,0.10212678896811266,21.804899544182234,0.005453620844738436,21.801253019160526,0.10300598873700516,28.064257798250942,0.9215548873280889
2002 TA100,360474,MBO,MBO,21163615973355585,745319366069321768,19.31233,3.0506425,2.9756374,150.56044560184208,1.7654475935051832,2025052800119,89,60824.001058014765,z,150.5604482577461,1.7654448489661847,10.487841606140137,7496.11,709.521,False,7388.98,23.3186,7431.25,706.388,False,52.7247,18.3692,21.712910142591525,0.10276698815054873,21.72853877526763,0.0034264334192922238,21.722345320093083,0.10320619367358522,27.09496468761524,0.3782687217399893
2002 TA100,360474,MBO,MBO,21163615973355585,745319366223986716,19.312319,3.0506427,2.975645,150.56054818271116,1.7654386300380205,2025052800120,128,60824.00158213176,z,150.56056021799705,1.7654601760082842,12.100050926208496,8521.58,700.141,False,8393.12,19.1989,8676.0,696.929,False,81.728,17.2951,21.573699676349953,0.08920510229603072,21.59019140371538,0.0024835747341114415,21.55420114164461,0.08721542933847985,26.61907286404526,0.22976111196869425
2002 TA100,360474,MBO,MBO,21163615973355585,745319366357680177,19.312307,3.050643,2.9756525,150.56065057185504,1.7654296829946965,2025052800121,127,60824.00210505076,z,150.56062197274082,1.7654200980723753,10.780025482177734,7385.04,677.076,False,8043.58,32.0769,7707.3,673.724,False,101.723,17.3956,21.729117864388282,0.09954257668084489,21.63637652548207,0.004329794923610958,21.68274436788173,0.09490827608772844,26.381452104953752,0.18567120625256622
2002 TA100,360474,MBO,MBO,21163615973355585,745319366475644989,19.312296,3.0506432,2.9756598,150.5607523779732,1.765420786574058,2025052800122,96,60824.002625896646,z,150.56071553478503,1.7653685619582253,10.216094970703125,6952.05,677.744,False,7080.85,81.1391,6877.28,671.025,False,165.247,17.3247,21.794717813124784,0.10584665518462388,21.774786498939974,0.012441395640671664,21.806458267748333,0.10593667642801924,25.854666079878548,0.11382992767199089
2002 TA100,360474,MBO,MBO,21163615973355585,745319366626639878,19.312284,3.0506434,2.9756675,150.5608547756007,1.76541183814057,2025052800123,128,60824.003148237476,z,150.56098372009126,1.7654588266292306,10.479212760925293,6855.2,673.522,False,8056.33,96.2302,6958.5,664.201,False,273.078,18.349,21.8099496445093,0.10667335301353223,21.634656871226834,0.012968760339595221,21.793710921063898,0.10363541865965765,25.309283204713015,0.07295415382404384
2002 TA100,360474,MBO,MBO,21163615973355585,745319366760857605,19.312273,3.0506437,2.9756749,150.56095756907536,1.765402854790838,2025052800124,128,60824.0036734024,z,150.56098683343134,1.7653930643230715,10.983370780944824,8115.43,734.81,False,7988.34,21.5818,8329.13,732.932,False,319.975,15.9423,21.62672113629293,0.09830776689429097,21.643858668615184,0.002933293097502114,21.59850091389923,0.09554068992127446,25.137209859944413,0.05409526305587605
2002 TA100,360474,MBO,MBO,21163615973355585,745319366895075341,19.312262,3.050644,2.9756823,150.5610603668478,1.7653938707437231,2025052800125,128,60824.00419898181,z,150.56106251947224,1.765376196081008,12.290277481079102,9991.54,807.891,False,10250.1,1.82089,10491.4,812.656,False,368.851,15.3275,21.400918917343137,0.08778991979478167,21.373179785400637,0.0001928767737601609,21.347916345929566,0.08410031213412639,24.98287254814014,0.04511746330192372
2002 TA100,360474,MBO,MBO,21163615973355585,745319367029293063,19.31225,3.0506442,2.97569,150.56116238566477,1.76538495445776,2025052800126,128,60824.00471969636,z,150.5611774453886,1.7653647512630988,8.099838256835938,7042.08,863.57,False,6800.77,54.4984,7509.32,872.976,False,377.127,14.7082,21.78074760178214,0.13314378875180186,21.818604778418038,0.008700615899974246,21.710998496359842,0.12621937613336995,24.958780893326406,0.042344422809602766
2002 TA100,360474,MBO,MBO,21163615973355585,745319367141490730,19.312239,3.0506444,2.9756973,150.56126519206845,1.765375969022173,2025052800127,86,60824.00524403843,z,150.5612532443689,1.7653899763669518,10.083342552185059,8386.62,823.12,False,8639.72,25.3341,8699.94,827.227,False,317.795,14.9491,21.59103257116915,0.10656154291852789,21.558750864630785,0.0031836854945274454,21.551209302690975,0.10323637266016052,25.144632304147976,0.05107310660673185
2002 TA100,360474,MBO,MBO,21163615973355585,745319367275184168,19.31223,3.0506446,2.9757047,150.5613668278243,1.7653670855936878,2025052800128,85,60824.00576376874,z,150.56138649387444,1.76538598578288,9.267600059509277,7202.21,768.484,False,8266.08,88.1646,7395.26,772.189,False,226.81,15.4299,21.75633555525013,0.11584929009919352,21.606750979453054,0.011580276691707534,21.72761641596754,0.11336905110631837,25.51084451522345,0.07386271077121936
2002 TA100,360474,MBO,MBO,21163615973355585,745319367409401879,19.312218,3.0506449,2.975712,150.56146885955755,1.7653581672477705,2025052800129,85,60824.00628468541,z,150.5614936930727,1.7653656084911273,9.903495788574219,7569.96,755.889,False,7540.87,18.2527,7892.57,759.069,False,153.511,15.9239,21.702266043914904,0.10841484412025623,21.706446348425462,0.002628028038058648,21.6569539182239,0.1044208262575821,25.93465123683056,0.11262485550115144
2002 TA100,360474,MBO,MBO,21163615973355585,745319367543619617,19.312206,3.050645,2.9757197,150.56157128733966,1.7653492139773237,2025052800130,85,60824.00680797392,z,150.5615778704417,1.7653588615773808,11.101529121398926,8359.3,753.074,False,9030.95,8.69577,8430.01,753.923,False,91.3379,16.2231,21.59457524650288,0.0978119816489904,21.51066638200393,0.0010454395605490325,21.58542980568174,0.09710089203097917,26.498372465045133,0.192844460832257
2002 TA100,360474,MBO,MBO,21163615973355585,745319367812055101,19.312181,3.0506456,2.9757364,150.56180161898976,1.7653290794456442,2025052800132,85,60824.00798357035,z,150.5618484699887,1.7652809291164369,12.91793441772461,8610.42,680.487,False,9340.92,40.2237,8605.38,676.31,False,47.3759,18.1966,21.562439169767117,0.08580642743800275,21.47402587759376,0.004675377730275066,21.563074882670612,0.08532967283127744,27.21110631047785,0.4170201994776837
2002 TA100,360474,MBO,MBO,21163615973355585,745319367947845639,19.31217,3.0506458,2.975744,150.5619044529089,1.765320089686845,2025052800133,88,60824.008508915074,z,150.56192524964206,1.7653216251446564,12.954324722290039,8562.65,656.131,False,8829.88,18.6902,8600.89,652.081,False,20.535,17.5827,21.568479469188212,0.0831968057925885,21.53511301075781,0.002298177093938611,21.56364156101197,0.08231566409779759,28.11876324009352,0.9296408522598608
2002 TA100,360474,MBO,MBO,21163615973355585,745319368079441970,19.312159,3.050646,2.9757514,150.56200748726965,1.765311082104647,2025052800134,83,60824.00903431997,z,150.56204157573333,1.7653154569286407,11.756773948669434,7525.79,630.998,False,7563.61,6.64211,7457.85,626.914,False,6.14255,21.3468,21.708619755416592,0.09103328086483788,21.703177201218022,0.0009534573164381194,21.718465875450647,0.0912680222513565,29.429128250737527,3.773187598805039
2002 TA100,360474,MBO,MBO,21163615973355585,745319368215232543,19.312147,3.0506463,2.9757588,150.56210935070428,1.7653021765947972,2025052800135,86,60824.00955400299,z,150.56207651720317,1.765304346495909,12.112747192382812,7616.1,632.239,False,7943.12,3.93871,7497.19,630.078,False,-6.79711,20.5024,21.69566839174078,0.09013074649785244,21.650022174818364,0.0005383778610969377,21.712753715395166,0.09124732132292007,nan,nan
2002 TA100,360474,MBO,MBO,21163615973355585,745319368482095129,19.312124,3.050647,2.9757738,150.56231465840085,1.7652842264920798,2025052800137,83,60824.010602922135,z,150.56230189421552,1.7652996908873593,12.781396865844727,8510.56,665.378,False,9045.77,7.296,8353.02,660.975,False,-31.6571,17.7176,21.57510471015588,0.08488571972363033,21.50888620358597,0.0008757166901821808,21.59539125778543,0.08591437608255897,nan,nan
2002 TA100,360474,MBO,MBO,21163615973355585,745319368617885710,19.312113,3.0506473,2.9757814,150.5624177109089,1.7652752161483127,2025052800138,86,60824.01112860269,z,150.56243362941134,1.7652547158856577,13.744233131408691,9009.24,648.746,False,9346.06,12.9941,9087.57,639.993,False,57.3032,18.96,21.51327958080185,0.07818272915579468,21.47342863794555,0.0015095307595972968,21.50388053972356,0.07646307278198887,27.004552816686427,0.35923923151783144
2002 TA100,360474,MBO,MBO,21163615973355585,745319368750530588,19.312101,3.0506475,2.9757888,150.56252018030386,1.765266256501921,2025052800139,83,60824.01165192337,z,150.56251630416847,1.765236864262049,13.285154342651367,8459.08,632.621,False,8524.58,9.11083,8561.41,631.736,False,119.825,24.1086,21.581692159399182,0.08119789462900438,21.573317513021898,0.001160404175814922,21.568636741157906,0.08011515152853174,26.20363143349246,0.2184484139536081
2002 TA100,360474,MBO,MBO,21163615973355585,745319368886321168,19.312086,3.0506477,2.9757993,150.56266341010505,1.765253732401388,2025052800140,86,60824.01238206441,z,150.5626732940083,1.7652450339477042,13.205976486206055,7981.28,599.258,False,7928.85,13.1546,8028.21,591.587,False,170.905,21.2734,21.644818661639498,0.08152027235402923,21.65197448203827,0.0018013237050682957,21.63845319494438,0.08000630280624417,25.818113086168964,0.13514701173654564
2002 TA100,360474,MBO,MBO,21163615973355585,745319369018441762,19.312075,3.050648,2.9758067,150.56276608649108,1.765244753978632,2025052800141,82,60824.01290652602,z,150.56279642943937,1.7652480098404073,14.851597785949707,8804.64,586.669,False,9005.39,10.0536,8856.48,583.925,False,188.743,24.2478,21.53822103476068,0.0723445598950964,21.51374372807024,0.0012121138864899044,21.53184707696215,0.07158470030468614,25.710322887475492,0.13948446178931617
2002 TA100,360474,MBO,MBO,21163615973355585,745319369153183811,19.312063,3.0506482,2.9758143,150.56286915957082,1.7652357405868473,2025052800142,83,60824.013432854816,z,150.5628607228457,1.765264454581021,13.418083190917969,8529.12,640.761,False,8360.92,29.5473,8891.91,637.186,False,223.433,18.4054,21.57273942324183,0.08156731197290046,21.59436484018996,0.003836966988130584,21.527512335142347,0.07780284203401226,25.52713171461756,0.08943803523908561
2002 TA100,360474,MBO,MBO,21163615973355585,745319369445212168,19.312037,3.050649,2.9758325,150.56311921954818,1.7652138725344615,2025052800144,128,60824.014708630355,z,150.56306144892542,1.7651910282195713,13.32152271270752,9370.69,698.749,False,10575.3,18.5171,9555.91,692.156,False,356.287,20.144,21.47057102311227,0.08096064195888505,21.33926827934428,0.0019010983684447753,21.449319855244987,0.07864230854146205,25.020500097819976,0.061386101402827874
2002 TA100,360474,MBO,MBO,21163615973355585,745319369558982711,19.312025,3.0506492,2.97584,150.56322211290615,1.765204873915347,2025052800145,89,60824.01523337104,z,150.5632511047865,1.7652176224140337,14.887397766113281,9884.33,659.287,False,9698.45,8.7085,10824.5,652.102,False,156.661,17.5075,21.412631900406097,0.07241884333939581,21.43324415026199,0.0009749118105802048,21.31398038807299,0.06540817030460053,25.91259779528186,0.12133541099243755
2002 TA100,360474,MBO,MBO,21163615973355585,745319369693200428,19.312014,3.0506494,2.9758475,150.5633252070155,1.7651958574688142,2025052800146,89,60824.01575903534,z,150.56334213664863,1.7652079049927711,13.937812805175781,9053.47,645.496,False,9321.88,19.3566,9150.26,637.252,False,138.593,16.8754,21.507962365714132,0.07741102225392488,21.476241243684456,0.0022544981781009586,21.4964164415617,0.0756139826683339,26.045646742687502,0.1322017203822779
2002 TA100,360474,MBO,MBO,21163615973355585,745319369982083105,19.31199,3.05065,2.9758625,150.56353042979148,1.7651779082154782,2025052800148,128,60824.01680674485,z,150.56354775116947,1.7651892158690605,16.629501342773438,9784.01,584.013,False,10104.9,10.5359,9853.56,579.45,False,127.926,21.7362,21.423707806232848,0.06480819969204608,21.388669907997897,0.0011320456178106864,21.416017133785225,0.0638479782469881,26.132602927396892,0.18447992740626984
2002 TA100,360474,MBO,MBO,21163615973355585,745319370095853596,19.31198,3.0506501,2.9758701,150.56363451852957,1.7651688039759783,2025052800149,89,60824.017337786245,z,150.5636699327307,1.7651642120185218,13.800593376159668,7944.34,573.121,False,7681.05,12.5458,8169.6,567.81,False,117.784,23.9736,21.649855464558236,0.07832723686265014,21.686448547178774,0.0017733812240496064,21.619498004211138,0.07546169511404281,26.22228428380987,0.22098932498918697
2002 TA100,360474,MBO,MBO,21163615973355585,745319370384211988,19.311956,3.0506506,2.9758852,150.56383996650703,1.7651508334566532,2025052800151,127,60824.01838595644,z,150.56384865466075,1.7651576843516896,13.080316543579102,7773.04,586.147,False,7841.19,14.2811,8041.64,582.091,False,38.0678,22.4675,21.673522738076073,0.08187285622151763,21.664045064662584,0.00197744318479552,21.63663841367533,0.07859059422332619,27.448605592125958,0.6407982550539798
2002 TA100,360474,MBO,MBO,21163615973355585,745319370498506793,19.311945,3.0506508,2.9758925,150.56394171755397,1.7651419329218436,2025052800152,89,60824.018904653494,z,150.56390829930484,1.7650957993470133,14.222020149230957,8030.1,565.736,False,9092.42,99.6152,8075.78,560.343,False,25.0736,22.0558,21.638197602684734,0.07649220744223617,21.503301287861007,0.011895163885760271,21.632038830374555,0.07533448378399786,27.901958233529474,0.9550594765194191
2002 TA100,360474,MBO,MBO,21163615973355585,745319370632724533,19.311934,3.050651,2.9759,150.56404445381938,1.7651329459553349,2025052800153,89,60824.019428302316,z,150.5640512919908,1.7651563995761947,14.573126792907715,9166.94,625.353,False,9499.46,10.559,8930.51,617.162,False,-94.1022,20.4756,21.49443897713424,0.07406707044188306,21.455752708528234,0.001206835825378509,21.522809375712757,0.07503212374241003,nan,nan
2002 TA100,360474,MBO,MBO,21163615973355585,745319370766942258,19.311922,3.0506513,2.9759076,150.56414660675807,1.7651240097679897,2025052800154,89,60824.01994931261,z,150.56415837398933,1.7651219991578402,14.940703392028809,8533.19,566.342,False,8395.88,2.64476,8415.9,558.529,False,-91.8579,24.7205,21.572221405975927,0.07205956517739605,21.5898344583961,0.0003420143700547514,21.587248533515854,0.07205588464074722,nan,nan
2002 TA100,360474,MBO,MBO,21163615973355585,745319370921607178,19.31191,3.0506516,2.975915,150.56424876461165,1.7651150729058829,2025052800155,128,60824.02047032899,z,150.56424429067846,1.7651262591423282,15.82331657409668,9152.48,571.69,False,8891.15,1.3302,8969.61,565.14,False,-132.501,33.0008,21.49615297305766,0.06781817624940213,21.5276051093917,0.0001624363765447353,21.518066056782693,0.06840798547670031,nan,nan
2002 TA100,360474,MBO,MBO,21163615973355585,745319371035377732,19.3119,3.0506518,2.9759223,150.56435151564378,1.7651060839072004,2025052800156,89,60824.02099459154,z,150.56437905449988,1.7650644926162162,14.749152183532715,8222.91,555.355,False,8918.33,1.24745,7983.83,546.134,False,-172.254,23.682,21.61243613707191,0.07332793346031709,21.524291144819287,0.00015186717808616469,21.644471787054083,0.07426979537750734,nan,nan
2002 TA100,360474,MBO,MBO,21163615973355585,745319371168022560,19.311888,3.050652,2.97593,150.5644546639932,1.765097059905497,2025052800157,86,60824.021520801994,z,150.5644505207148,1.765085076108099,16.46665382385254,9525.06,573.321,False,9566.31,11.8267,9017.75,565.531,False,-233.752,22.3771,21.45283074884815,0.06535133397941997,21.448138923153365,0.0013422811071561818,21.512254522131578,0.06808987696208092,nan,nan
2002 TA100,360474,MBO,MBO,21163615973355585,745319371301715997,19.311876,3.0506523,2.9759374,150.5645572289337,1.7650880867032763,2025052800158,85,60824.022043167475,z,150.56455077727648,1.765067329436771,16.247350692749023,9448.35,578.858,False,9047.25,4.44782,9248.76,576.527,False,-257.939,21.8954,21.46161011315473,0.06651818388597094,21.508708521964316,0.000533770970058521,21.484791252762673,0.0676800163910017,nan,nan
2002 TA100,360474,MBO,MBO,21163615973355585,745319371592695813,19.311682,3.0506563,2.9760654,150.5663120254788,1.7649345281765174,2025052800160,128,60824.030987239064,r,150.56631175853073,1.76492893003788,24.174413681030273,6352.01,262.77,False,6192.22,0.532284,6468.72,264.856,False,1.60015,5.06607,21.89272210723255,0.04491474369891302,21.920384017929003,9.333001947161105e-05,21.87295408140724,0.04445450184549016,30.889598267738805,3.437437577012132
2002 TA100,360474,MBO,MBO,21163615973355585,745319371706466358,19.31167,3.0506566,2.9760728,150.56641448870386,1.7649255599332252,2025052800161,89,60824.03150921826,r,150.56643050087493,1.7649064292379852,26.514575958251953,7006.05,262.731,False,6922.76,0.389005,7155.78,266.004,False,-10.6632,5.2089,21.78631694922435,0.04071574614025223,21.799301847655535,6.100989091782685e-05,21.763357582629972,0.040360405112512036,nan,nan
2002 TA100,360474,MBO,MBO,21163615973355585,745319371840684061,19.311659,3.0506568,2.9760804,150.5665175461973,1.764916539478498,2025052800162,89,60824.032034955926,r,150.56651201838932,1.7649085735847547,27.36829948425293,6956.23,251.854,False,7314.08,3.90604,6897.29,252.987,False,-17.89,5.08026,21.794065170469516,0.03930965639751384,21.739600722759008,0.0005798308125090573,21.80330377759836,0.039823922605454934,nan,nan
2002 TA100,360474,MBO,MBO,21163615973355585,745319371978571845,19.311646,3.050657,2.9760878,150.56662080543953,1.764907501168965,2025052800163,96,60824.03256016,r,150.56662425902155,1.7649119811636718,25.891178131103516,6512.98,250.853,False,6512.01,0.629534,6489.38,250.936,False,-8.73075,5.27596,21.865550641884504,0.0418180589442943,21.865712392090032,0.00010496112370371706,21.86949200466313,0.04198402778594615,nan,nan
2002 TA100,360474,MBO,MBO,21163615973355585,745319372129566743,19.311634,3.0506573,2.9760954,150.56672367754527,1.7648984965527612,2025052800164,128,60824.033084296345,r,150.56673982397746,1.764895293905024,24.485279083251953,6441.24,260.994,False,6206.86,0.983028,6523.06,262.302,False,11.9272,5.10931,21.877576257420813,0.043993177047462736,21.917820149703378,0.00017195636885207417,21.86387155714473,0.04365907680488855,28.708653716767913,0.46510185657462744
2002 TA100,360474,MBO,MBO,21163615973355585,745319372243337231,19.311623,3.0506577,2.9761028,150.56682694791593,1.76488945688427,2025052800165,89,60824.03361075795,r,150.5668279952677,1.7648868787718734,26.000560760498047,6479.8,246.513,False,6210.41,1.01802,6577.71,248.874,False,25.5759,5.64893,21.87109602894334,0.0413049936172516,21.917199291541696,0.00017797555718488092,21.854813200780963,0.041079875236299586,27.880422724167452,0.23980575886690106
2002 TA100,360474,MBO,MBO,21163615973355585,745319372377030714,19.311611,3.050658,2.9761105,150.56693061645245,1.7648803821722052,2025052800166,88,60824.03413813954,r,150.56692931102302,1.764890725001311,28.7948055267334,7139.55,247.981,False,7007.0,0.640542,7221.79,249.371,False,35.7919,6.32969,21.765822931170273,0.03771133477683501,21.786169706266058,9.925212049215014e-05,21.75338785519879,0.037490860858305705,27.515538097327994,0.19200918235172898
2002 TA100,360474,MBO,MBO,21163615973355585,745319372645990423,19.311588,3.0506585,2.9761255,150.56713659596144,1.7648623510265509,2025052800168,89,60824.03518783525,r,150.5671506943515,1.764859259069821,27.665388107299805,6552.95,236.241,False,6218.11,1.45901,6700.55,237.287,False,33.7051,6.07677,21.8589078320489,0.03914197364355795,21.91585402247567,0.0002547558696066427,21.834723900954884,0.038449246272517924,27.58076091738904,0.19574986612635903
2002 TA100,360474,MBO,MBO,21163615973355585,745319372780208165,19.311577,3.0506587,2.9761329,150.56723890673433,1.7648533946198672,2025052800169,89,60824.03570848347,r,150.5672564349003,1.764860963329064,26.10810661315918,6602.63,253.309,False,6640.19,0.722282,6731.65,255.365,False,29.8282,5.51287,21.850707617167814,0.041654123190549674,21.844548743852247,0.00011810019233665669,21.829696196919507,0.041187381387088155,27.713432406325623,0.2006665670392224
2002 TA100,360474,MBO,MBO,21163615973355585,745319373048643640,19.311554,3.0506592,2.9761481,150.56744531247668,1.7648353250795945,2025052800171,89,60824.03675923546,r,150.567484085815,1.7648543736453284,23.5939884185791,6548.25,278.447,False,6909.37,1.52556,6661.66,280.319,False,65.9813,5.15273,21.859686870970993,0.046168056992114105,21.8014038566363,0.00023972601259929124,21.84104381639444,0.04568718312073027,26.851447824166613,0.08478925803834347
2002 TA100,360474,MBO,MBO,21163615973355585,745319373182861351,19.311543,3.0506594,2.9761555,150.56754822920203,1.7648263150965544,2025052800172,89,60824.0372834039,r,150.5675757398483,1.7648242807445704,26.090620040893555,6702.53,255.743,False,6610.52,1.43315,6825.42,258.494,False,74.4227,5.65252,21.834403118483834,0.04142755631161501,21.849410937999323,0.00023538585388473626,21.814676560665617,0.041119269544826156,26.72073646033186,0.08246335985977492
2002 TA100,360474,MBO,MBO,21163615973355585,745319373315506195,19.311531,3.0506597,2.976163,150.5676505623605,1.7648173560319322,2025052800173,86,60824.037804515276,r,150.56764406990018,1.7648215213836016,21.573238372802734,6337.2,292.953,False,6148.3,2.47258,6527.6,297.353,False,167.649,4.56813,21.89525643269731,0.05019088426599586,21.928112408742834,0.0004366360884680846,21.863116149384354,0.049458745851085895,25.838997568375344,0.029584334445032136
2002 TA100,360474,MBO,MBO,21163615973355585,745319373449199634,19.31152,3.05066,2.9761705,150.56775388335123,1.7648083103141683,2025052800174,85,60824.03833093225,r,150.56775589290015,1.7647900751526742,23.21739387512207,6771.91,292.217,False,6565.36,0.635542,7047.6,295.631,False,249.679,4.52097,21.823222030905573,0.046850974189475515,21.8568536604732,0.00010510176849575371,21.77989686772886,0.04554419781056224,25.406544955660646,0.019659565478836242
2002 TA100,360474,MBO,MBO,21163615973355585,745319373852377123,19.311485,3.0506606,2.9761932,150.5680638806725,1.76478116914865,2025052800177,86,60824.039908189545,r,150.56806739689924,1.7647970535624131,22.78398323059082,6180.74,269.331,False,5812.21,1.42037,6792.56,272.409,False,558.027,5.035,21.922398771641774,0.04731187524197924,21.989146763967746,0.00026532887228000425,21.819916282348586,0.0435423916078228,24.53336201200579,0.009796446848135241
2002 TA100,360474,MBO,MBO,21163615973355585,745319373986070540,19.311474,3.0506608,2.9762006,150.56816722466007,1.7647721207549636,2025052800178,85,60824.04043414835,r,150.5681821961425,1.764763343987245,23.08540916442871,6269.27,271.724,False,6034.71,1.48439,6889.84,274.158,False,591.628,4.93006,21.906957561378434,0.04705820335099671,21.948358995106023,0.00026706436556687773,21.80447718317869,0.04320321832966695,24.469878217820273,0.009047483587077338
2002 TA100,360474,MBO,MBO,21163615973355585,745319374120288284,19.31146,3.050661,2.9762082,150.568269985046,1.7647631233005998,2025052800179,85,60824.04095713925,r,150.56827953627416,1.7647619993486243,24.234561920166016,6272.73,257.037,False,6110.53,0.415928,6803.95,258.35,False,508.791,5.13592,21.90635851737394,0.04449009664812643,21.934802836588567,7.390326383335866e-05,21.818097185172228,0.04122604473491263,24.6336514805885,0.010959813565523021
2002 TA100,360474,MBO,MBO,21163615973355585,745319374253457429,19.31145,3.0506613,2.9762158,150.56837530567145,1.7647539015160532,2025052800180,83,60824.04149341594,r,150.56838261901783,1.7647471505468524,23.8424129486084,6171.54,256.517,False,6029.06,3.63132,6613.15,258.507,False,383.018,5.0692,21.92401612273285,0.04512808641240582,21.949375974701375,0.0006539420003141512,21.848979082237904,0.04244125730849368,24.941952024285293,0.014369596035239499
2002 TA100,360474,MBO,MBO,21163615973355585,745319374389248012,19.311438,3.0506616,2.9762235,150.56847886381982,1.7647448338950438,2025052800181,86,60824.04202079975,r,150.56849175366764,1.7647377129580475,25.289766311645508,6591.65,260.758,False,6310.4,1.91786,6900.34,262.691,False,244.717,5.54935,21.852514667687963,0.042950460158442796,21.899857794489506,0.00032997751389428765,21.80282379901527,0.04133320186545168,25.428339671202416,0.024620807265097494
2002 TA100,360474,MBO,MBO,21163615973355585,745319374521892902,19.311426,3.0506618,2.9762309,150.568582427872,1.7647357656033134,2025052800182,83,60824.04254722603,r,150.568576236557,1.7647309936011315,22.669885635375977,6190.29,272.574,False,6174.1,1.31989,6544.73,276.956,False,174.978,4.95081,21.92072250531181,0.04780768978105599,21.923565834483625,0.00023210708618573534,21.860270666675916,0.04594553943867602,25.79254139910953,0.030719711673282656
2002 TA100,360474,MBO,MBO,21163615973355585,745319374635663417,19.311415,3.050662,2.9762385,150.56868521170966,1.7647267654790322,2025052800183,44,60824.0430702788,r,150.56870915577394,1.764701605783778,26.46247673034668,6917.85,264.675,False,6751.48,7.00732,7018.52,265.695,False,60.2792,5.06058,21.800072132280746,0.04153996005754756,21.826502539441705,0.0011268789902821909,21.784386142436713,0.041101925772471785,26.949581273074738,0.09115009063299452
2002 TA100,360474,MBO,MBO,21163615973355585,745319374790328372,19.311403,3.0506623,2.9762459,150.5687883944918,1.764717730273964,2025052800184,83,60824.04359566094,r,150.56882163780367,1.7647185017264468,22.756153106689453,6239.33,271.075,False,6125.57,0.880338,6380.37,274.945,False,30.1282,5.01864,21.912155095903103,0.04717108267605414,21.932133763325666,0.00015603688811885281,21.887885319188495,0.04678690158823913,27.70256701671707,0.18085777097561176
2002 TA100,360474,MBO,MBO,21163615973355585,745319374904098863,19.311392,3.0506625,2.9762535,150.56889197630585,1.7647086599807549,2025052800185,44,60824.044122991545,r,150.56892453995394,1.7647105481958296,22.021865844726562,6134.93,276.095,False,5899.07,3.94145,6179.69,277.238,False,11.7084,4.78838,21.930475939492183,0.0488622250276685,21.973041158206797,0.0007254321818496914,21.922583286434268,0.04870913329725885,28.728756143489093,0.44403315462742077
2002 TA100,360474,MBO,MBO,21163615973355585,745319375058763823,19.31138,3.0506628,2.9762611,150.5689953674882,1.7646996062360412,2025052800186,83,60824.044648688796,r,150.56901047019488,1.7646868718688509,21.983964920043945,5809.1,261.716,False,5814.77,0.995417,5885.71,265.322,False,-1.66516,5.17904,21.989727850130986,0.04891541469394485,21.98866864353559,0.00018586466375579956,21.975502857743564,0.048943915589288706,nan,nan
2002 TA100,360474,MBO,MBO,21163615973355585,745319375172010058,19.311367,3.050663,2.9762685,150.56909837158125,1.7646905862466893,2025052800187,43,60824.045172979844,r,150.56909405886648,1.7646760060266096,22.15989875793457,6265.19,284.768,False,6108.55,1.29106,6478.1,289.435,False,-3.05406,4.97529,21.90766439497299,0.04934933119022987,21.93515470212519,0.00022947354080609536,21.871380864215382,0.04850960174066165,nan,nan
2002 TA100,360474,MBO,MBO,21163615973355585,745319375327199262,19.311356,3.0506632,2.9762762,150.5692023645376,1.7646814795226322,2025052800188,83,60824.04570146889,r,150.56921799393862,1.7646891622783016,23.390262603759766,6356.62,269.306,False,6289.95,1.08885,6429.58,271.576,False,-2.25016,5.0519,21.891934354992724,0.04599854462010723,21.903381983360827,0.0001879512322093962,21.879543475818675,0.04585989749987755,nan,nan
2002 TA100,360474,MBO,MBO,21163615973355585,745319375440969781,19.311344,3.0506635,2.9762838,150.56930636348906,1.7646723721343769,2025052800189,44,60824.04623003084,r,150.5693149832843,1.764660874201276,21.36927604675293,6005.3,279.758,False,5674.36,0.471188,6073.25,281.685,False,-1.77366,5.03007,21.95366326571044,0.05057922073471385,22.015207812661043,9.015746140749802e-05,21.941447102896795,0.05035781503915869,nan,nan
2002 TA100,360474,MBO,MBO,21163615973355585,745319375732998186,19.311316,3.0506642,2.9763021,150.56956019403376,1.7646501431348791,2025052800191,89,60824.04752198832,r,150.56955898360408,1.7646397716399347,21.73335838317871,6398.66,291.517,False,6331.83,1.9488,6570.38,294.889,False,-32.3197,4.77794,21.884777388346883,0.049465130452007566,21.896176871101453,0.00033416605542601274,21.856023799753608,0.04872955256966206,nan,nan
2002 TA100,360474,MBO,MBO,21163615973355585,745319375867215899,19.311304,3.0506644,2.9763098,150.56966342759634,1.7646411023154456,2025052800192,89,60824.0480465993,r,150.56968264423472,1.7646502923745184,25.238174438476562,6435.68,254.029,False,6169.43,4.2033,6474.15,255.634,False,-50.4319,5.61532,21.87851386627428,0.04285615232263814,21.924387366635717,0.0007397239061958562,21.87204312292713,0.04287066195091606,nan,nan
2002 TA100,360474,MBO,MBO,21163615973355585,745319376005103687,19.311293,3.0506647,2.9763172,150.56976666723904,1.764632060836337,2025052800193,96,60824.048571769206,r,150.5697705208871,1.764610528443842,26.191192626953125,6643.56,255.868,False,6894.67,3.29764,6579.27,256.208,False,-55.6282,5.98408,21.843997836416733,0.041815704935349904,21.803716301435937,0.0005192949439719842,21.85455572344084,0.04228042156731604,nan,nan
2002 TA100,360474,MBO,MBO,21163615973355585,745319376156098591,19.311281,3.050665,2.9763248,150.5698701096006,1.7646230014781752,2025052800194,128,60824.04909724841,r,150.56988295879782,1.7646197867851403,23.84795379638672,6030.22,250.895,False,5835.36,1.73003,6130.26,253.441,False,-58.1419,5.71566,21.949167069423595,0.045173439779365464,21.98483089025555,0.0003218920830658718,21.931302805389414,0.04488717831891928,nan,nan
2002 TA100,360474,MBO,MBO,21163615973355585,745323760488284202,19.284794,3.0511181,2.9901934,150.76719987277386,1.7469750275306697,2025052900092,82,60825.028359943615,r,150.76721287700605,1.74696257147094,27.122034072875977,6286.83,229.435,False,6084.79,1.22691,6492.44,230.517,False,179.376,6.33097,21.903920694253348,0.039623447809528235,21.93938600720425,0.0002189230183926236,21.868980147849456,0.03854955195819851,25.76558911908228,0.0383204155693273
2002 TA100,360474,MBO,MBO,21163615973355585,745323760622501927,19.28478,3.0511184,2.9902008,150.76730471992238,1.7469650385511035,2025052900093,82,60825.028885205786,r,150.76731948991232,1.7469600274538808,29.440629959106445,6635.29,224.306,False,6365.62,1.89417,6764.41,225.089,False,149.422,8.28706,21.84535022170823,0.036703315672062774,21.890398206123834,0.0003230744152007687,21.824425167678488,0.03612839491568055,25.963963658526524,0.06021577153851037
2002 TA100,360474,MBO,MBO,21163615973355585,745323760756719642,19.284767,3.0511186,2.9902084,150.7674093730068,1.7469550679060617,2025052900094,82,60825.02941036766,r,150.7674185696887,1.7469528074497422,28.66368865966797,6343.09,220.374,False,6343.01,1.23093,6426.05,219.444,False,114.142,7.42777,21.894247842991234,0.037721052136133214,21.89426154991806,0.0002106989085841297,21.880139781999716,0.03707694512548239,26.25638632125045,0.0706540894671831
2002 TA100,360474,MBO,MBO,21163615973355585,745323760890937405,19.284754,3.0511189,2.9902158,150.7675140316046,1.746945096584107,2025052900095,82,60825.02993560632,r,150.76751403661692,1.7469476079051391,28.690540313720703,6221.89,215.662,False,6273.06,1.76317,6302.34,217.109,False,86.7318,6.7018,21.915194154330766,0.03763358706576137,21.906301386213656,0.00030516805043902663,21.90124545471165,0.03740247281145618,26.554554147579296,0.08389526181606181
2002 TA100,360474,MBO,MBO,21163615973355585,745323761024630814,19.28474,3.051119,2.9902234,150.7676184963238,1.7469351435850533,2025052900096,81,60825.03045977649,r,150.7676383705412,1.746929955200551,27.569181442260742,6572.86,236.441,False,6458.53,1.86092,6617.42,237.507,False,62.0723,6.47548,21.855614067500987,0.03905644621972261,21.874665833055197,0.0003128371678509672,21.848278263600058,0.03896835261121593,26.917755406141477,0.11326571063914577
2002 TA100,360474,MBO,MBO,21163615973355585,745323761159897106,19.284727,3.0511193,2.9902308,150.76772296639092,1.7469251899302989,2025052900097,83,60825.03098396293,r,150.76772910393169,1.7469094773811789,21.699979782104492,6247.29,285.673,False,6470.87,1.33483,6345.2,291.481,False,35.4566,4.23886,21.910770827162978,0.04964801079967843,21.87259329304024,0.00022396884523551996,21.89388667767893,0.04987572518424378,27.525757274337252,0.12980048526435062
2002 TA100,360474,MBO,MBO,21163615973355585,745323761273143365,19.284714,3.0511196,2.9902384,150.76782784078765,1.7469151976071886,2025052900098,43,60825.03150921374,r,150.767842744359,1.7469117125449418,28.841266632080078,6591.07,224.125,False,6795.54,1.60347,6674.31,224.528,False,-25.3305,7.28734,21.852610218808728,0.03691974647230494,21.819440060844034,0.0002561894106018248,21.838984054583456,0.036524850705057024,nan,nan
2002 TA100,360474,MBO,MBO,21163615973355585,745323761407361041,19.2847,3.0511198,2.9902458,150.76793192302247,1.7469052806195795,2025052900099,43,60825.03203120518,r,150.76792776377297,1.7469046534742476,29.173904418945312,6542.02,220.961,False,6382.93,0.65757,6444.42,221.308,False,-52.9345,10.1193,21.860720328012057,0.036671449373876557,21.887449765957747,0.00011185263528615548,21.877040421170783,0.03728529634282498,nan,nan
2002 TA100,360474,MBO,MBO,21163615973355585,745323761562550310,19.284687,3.05112,2.9902534,150.76803680844458,1.746895286964428,2025052900100,83,60825.03255740818,r,150.76804461580883,1.7468826530718675,28.81086540222168,6372.81,219.107,False,6212.92,4.31694,6321.15,219.507,False,-60.9644,9.01458,21.88917256365202,0.03732927775927513,21.91676060989604,0.0007544050023142421,21.898009776281214,0.037703061134192854,nan,nan
2002 TA100,360474,MBO,MBO,21163615973355585,745323761675796530,19.284674,3.0511203,2.9902608,150.76814090166124,1.746885368655628,2025052900101,43,60825.033079287,r,150.7681606787119,1.746875607399771,28.83127212524414,6254.53,216.228,False,6010.37,0.144071,6187.35,215.691,False,-54.9512,9.42965,21.90951333738366,0.0375354459409031,21.952746958552666,2.602553509257495e-05,21.921238274206267,0.037848758808717534,nan,nan
2002 TA100,360474,MBO,MBO,21163615973355585,745323761810014240,19.28466,3.0511205,2.9902682,150.7682453992368,1.7468754116844734,2025052900102,43,60825.03360386954,r,150.76825888814554,1.7468601769682908,28.7972354888916,6638.97,228.833,False,6512.62,0.607148,6637.64,229.499,False,-44.1135,6.88441,21.84474819943181,0.037423313679463284,21.865610633990876,0.00010121925497370325,21.844965742003602,0.037539752146290066,nan,nan
2002 TA100,360474,MBO,MBO,21163615973355585,745323761944231998,19.284647,3.0511208,2.9902759,150.7683501018616,1.746865435042978,2025052900103,43,60825.034128061634,r,150.76835397909838,1.7468699273819908,26.088916778564453,5972.05,226.688,False,5740.47,0.582339,5982.72,226.126,False,-29.6125,7.45862,21.95969144769122,0.041212545219327476,22.00263133026465,0.00011014193957958769,21.957753266750245,0.041037050690602275,nan,nan
2002 TA100,360474,MBO,MBO,21163615973355585,745323762078449720,19.284634,3.051121,2.9902833,150.7684548100893,1.7468554577376103,2025052900104,43,60825.034653270595,r,150.76846464704522,1.7468448379789443,24.999685287475586,6076.09,240.658,False,5838.61,0.463985,6093.93,240.989,False,-27.7966,5.54434,21.940939532729026,0.04300316740746713,21.98422635849142,8.628172124964273e-05,21.93775631557161,0.04293624524372612,nan,nan
2002 TA100,360474,MBO,MBO,21163615973355585,745323762211618867,19.28462,3.0511212,2.9902909,150.7685597234488,1.7468454607578987,2025052900105,41,60825.03517963602,r,150.76856434449607,1.7468431362045096,26.061737060546875,6689.69,255.732,False,6685.45,0.730041,6574.48,252.28,False,-32.7016,5.0205,21.83648502690214,0.041505284656772626,21.837173355538717,0.00011856074772697822,21.855346481827194,0.04166253897262457,nan,nan
2002 TA100,360474,MBO,MBO,21163615973355585,745323762345836576,19.284607,3.0511215,2.9902983,150.7686640440089,1.746835520140307,2025052900106,41,60825.03570259073,r,150.76867947238006,1.7468162191374814,25.28582763671875,6780.81,262.944,False,7182.94,4.09031,6708.04,264.797,False,-17.3459,5.01661,21.821796051850555,0.042102317926923365,21.75924441202649,0.0006182702064817329,21.83351088458497,0.04285896997577416,nan,nan
2002 TA100,360474,MBO,MBO,21163615973355585,745323762483724304,19.284594,3.0511217,2.9903057,150.7687677716926,1.7468256358964682,2025052900107,48,60825.03622262055,r,150.76876662271945,1.7468000318976762,22.045351028442383,6084.1,274.754,False,6633.64,2.72105,6145.05,275.365,False,17.5247,4.33364,21.939509123504305,0.04903113986099292,21.845620229718588,0.00044535767167971425,21.928686482182506,0.048652777263460054,28.290873509421658,0.26848904170487004
2002 TA100,360474,MBO,MBO,21163615973355585,745323762617942042,19.28458,3.051122,2.9903133,150.76887230302083,1.7468156749535189,2025052900108,48,60825.03674677969,r,150.76883844452516,1.746798764246326,22.652095794677734,6447.18,288.086,False,7071.02,2.58931,6558.99,290.93,False,48.0243,4.53879,21.876575481578577,0.04851507018036985,21.776294832940224,0.000397581611909678,21.857907539287147,0.048158819393060485,27.196347400246886,0.10261323773552983
2002 TA100,360474,MBO,MBO,21163615973355585,745323762750062613,19.284567,3.0511222,2.9903207,150.76897664038586,1.7468057323762178,2025052900109,44,60825.03726984469,r,150.76897764699356,1.7467998799067725,22.5301456451416,6305.71,278.453,False,6041.16,1.37812,6355.24,281.294,False,95.3947,4.60553,21.900665022624437,0.047944879875102105,21.94719912651244,0.0002476800284476836,21.89217007009536,0.048056576244147095,26.451189393874536,0.052417906625695454
2002 TA100,360474,MBO,MBO,21163615973355585,745323762881134634,19.284554,3.0511224,2.9903283,150.76908118308458,1.746795770117172,2025052900110,38,60825.037793897034,r,150.76909375379998,1.746775469051174,22.954303741455078,5726.17,247.858,False,5449.99,1.00355,5801.4,249.086,False,72.8025,4.91414,22.00533942150657,0.046996231297014794,22.05901068979502,0.00019992524363966904,21.991167991737335,0.04661662551459206,26.744634299319003,0.07328677055744523
2002 TA100,360474,MBO,MBO,21163615973355585,745323763015352371,19.28454,3.0511227,2.9903357,150.76918573141074,1.746785807208771,2025052900111,38,60825.03831789047,r,150.76919552701452,1.7467860462028688,27.36585807800293,6363.31,228.513,False,6249.99,1.9408,6386.18,227.121,False,40.6975,7.6777,21.89079228704709,0.03898990236268144,21.910301653103957,0.00033715201057510293,21.886897081762136,0.038613613797132657,27.376080715176844,0.20482725596056006
2002 TA100,360474,MBO,MBO,21163615973355585,745323763174211655,19.284521,3.0511231,2.990347,150.76934236521788,1.746770880620493,2025052900112,85,60825.03910224287,r,150.7693654539207,1.7467689502017483,25.734445571899414,6402.08,249.03,False,6204.67,6.23211,6537.81,249.303,False,54.5358,5.19757,21.884197244852448,0.0422332870639042,21.91820329323796,0.0010905378641807972,21.861419252560925,0.041401827809248594,27.05829576066273,0.10347679254971272
2002 TA100,360474,MBO,MBO,21163615973355585,745323763310526531,19.284508,3.0511234,2.9903545,150.76944752662848,1.7467608590146415,2025052900113,89,60825.03962907732,r,150.769450188934,1.7467610426455422,25.23038673400879,6225.74,244.466,False,6400.16,1.52686,6357.49,245.588,False,43.8829,5.47079,21.914522509941282,0.04263357942207161,21.88452289546788,0.0002590196400897762,21.891785745658968,0.04194167359143316,27.294261693641644,0.13535647464048106
2002 TA100,360474,MBO,MBO,21163615973355585,745323763444219917,19.284492,3.0511236,2.990362,150.76955269389376,1.746750836745052,2025052900114,88,60825.04015647087,r,150.7695637541751,1.7467430666464916,25.869543075561523,5776.53,221.684,False,5579.97,3.25962,5806.7,222.59,False,4.03988,10.967,21.99583245747641,0.041666945380130174,22.033420298159424,0.0006342484383532085,21.990176490919197,0.04161985460109002,29.88407889134215,2.947431497625261
2002 TA100,360474,MBO,MBO,21163615973355585,745323763576864819,19.28448,3.0511239,2.9903696,150.76965726825733,1.7467408708753969,2025052900115,85,60825.04068076155,r,150.7696680250915,1.7467347724978686,25.814699172973633,5987.18,224.71,False,6487.38,1.39973,6007.51,224.746,False,-27.4049,7.98609,21.95694418043746,0.04074969897308164,21.869826675638926,0.00023426059975469035,21.953263786368996,0.04061830625003319,nan,nan
2002 TA100,360474,MBO,MBO,21163615973355585,745323763712655372,19.284466,3.051124,2.990377,150.76976164890738,1.7467309233667208,2025052900116,88,60825.041203718705,r,150.76977034111087,1.746719529211126,28.270822525024414,6317.05,219.214,False,6466.65,3.36734,6335.67,219.685,False,-48.2809,9.36891,21.898714247602733,0.037677173467442766,21.873301626662652,0.0005653689471933821,21.895518642167936,0.03764715624910239,nan,nan
2002 TA100,360474,MBO,MBO,21163615973355585,745323763845300289,19.284452,3.0511243,2.9903846,150.76986643457903,1.746720937161654,2025052900117,85,60825.04172892816,r,150.76987440353244,1.746714368123613,26.32025718688965,5887.39,218.179,False,5702.18,2.09456,5862.67,217.43,False,-47.5033,8.59035,21.97519296015103,0.040235967864310974,22.009897660256982,0.0003988193033105352,21.979761391582038,0.04026691220796039,nan,nan
2002 TA100,360474,MBO,MBO,21163615973355585,745323764113211414,19.284426,3.0511248,2.9903996,150.77007662242357,1.746700905712078,2025052900119,84,60825.042781189695,r,150.7700921890013,1.7467032369668245,24.87298583984375,5704.63,222.142,False,5866.5,0.420161,5753.46,221.113,False,4.28855,11.5972,22.009431318546707,0.04227927404520128,21.97905231248047,7.77608487376945e-05,22.00017726217596,0.041726265278557426,29.819223830648568,2.936074112391418
2002 TA100,360474,MBO,MBO,21163615973355585,745323764276265033,19.284407,3.051125,2.9904106,150.77023173361482,1.7466861229753006,2025052900120,139,60825.04355816226,r,150.77024952020741,1.746682070963451,21.710981369018555,5701.77,257.801,False,6298.32,2.47892,5724.36,256.645,False,50.8364,8.63236,22.009975759772118,0.04909069864226884,21.901938224933524,0.00042732875580477693,22.005682680063373,0.04867771471344434,27.13456304910013,0.1843652668579183
2002 TA100,360474,MBO,MBO,21163615973355585,745323764409958455,19.284393,3.0511253,2.9904182,150.77033654584906,1.746676133827849,2025052900121,138,60825.04408396741,r,150.7703365537087,1.746672367553915,23.792293548583984,6330.37,256.826,False,6808.6,7.45509,6344.91,256.788,False,52.5303,12.715,21.89642724345854,0.04404881060157856,21.81735543327256,0.0011888289892930163,21.893936307808573,0.04394136647878831,27.098975294444784,0.2628032958554826
2002 TA100,360474,MBO,MBO,21163615973355585,745323764514816036,19.28437,3.0511258,2.9904304,150.77050545582762,1.746660035655874,2025052900122,82,60825.044929514916,r,150.7705020107936,1.746657181967529,23.134872436523438,5562.99,238.0,False,5527.0,0.555291,5605.7,238.717,False,34.1365,6.87638,22.036729256116278,0.04645077662291933,22.043776338545563,0.00010908260170977372,22.028425332352256,0.046235737801152164,27.566952480654567,0.21870825657455836
2002 TA100,360474,MBO,MBO,21163615973355585,745323764649033764,19.284357,3.051126,2.9904377,150.7706098843437,1.746650082862145,2025052900123,82,60825.04545278364,r,150.7706198187675,1.7466481954458306,25.85242462158203,5983.48,222.843,False,6505.32,9.2131,6028.4,223.32,False,31.4541,12.5116,21.957615394237024,0.04043612018171211,21.866828367863988,0.0015376640916746598,21.94949486467397,0.04022072542076839,27.65580685395898,0.4318768220904953
2002 TA100,360474,MBO,MBO,21163615973355585,745323764783251477,19.284344,3.0511262,2.9904451,150.77071431883775,1.7466401294200784,2025052900124,82,60825.04597517384,r,150.770719541221,1.7466391594177244,24.90548324584961,5928.01,233.809,False,6083.29,2.12398,5925.32,234.457,False,36.6113,9.56312,21.967727723961175,0.04282295619678834,21.939653691884974,0.00037908467598589336,21.968220508170276,0.04296113318874852,27.49096208243976,0.28360165003320403
2002 TA100,360474,MBO,MBO,21163615973355585,745323764917469240,19.28433,3.0511265,2.9904528,150.77081835992357,1.7466302133971223,2025052900125,82,60825.04649620871,r,150.77081645656335,1.7466221350213114,22.616910934448242,5039.58,219.709,False,5349.72,4.91832,5154.69,219.552,False,18.7104,16.5947,22.144014123841984,0.047334502421945354,22.079172326408063,0.000998182721799239,22.11949363186101,0.04624440268129962,28.219792341211868,0.962965345647825
2002 TA100,360474,MBO,MBO,21163615973355585,745323765051686953,19.284317,3.0511267,2.9904602,150.77092340550033,1.746620201563077,2025052900126,82,60825.047022808765,r,150.7709300121386,1.7466091855349024,25.044389724731445,5787.01,224.222,False,5799.89,4.20682,5822.58,224.893,False,2.56332,19.5661,21.993864461901104,0.042067657269543444,21.99145058224296,0.0007875143641218262,21.98721132471671,0.04193578703118336,30.37799296808549,8.287542289680744
