provid,permid,orbit_class,population,ssObjectId,diaSourceId,phaseAngle,helioRange,topoRange,ephRa,ephDec,visit,detector,midpointMjdTai,band,ra,dec,snr,psfFlux,psfFluxErr,psfFlux_flag,trailFlux,trailFluxErr,scienceFlux,scienceFluxErr,forced_PsfFlux_flag,templateFlux,templateFluxErr,psfMag,psfMagErr,trailMag,trailMagErr,scienceMag,scienceMagErr,templateMag,templateMagErr
2008 CP209,364852,MBO,MBO,21163641458604368,745297371231944714,19.67025,3.004341,2.88132,148.58006371030376,2.853200362478322,2025052300085,10,60818.98851694912,u,148.58003417561676,2.8531630893629334,7.733605861663818,3116.39,401.845,False,3569.57,68.5479,3001.41,389.391,False,4.31809,67.726,22.665870532182232,0.14000098882539116,22.51846022175249,0.02084983134539177,22.706686718860343,0.14085909933816562,29.811770784812463,17.02895692246783
2008 CP209,364852,MBO,MBO,21163641458604368,745297371774582790,19.670233,3.0043414,2.8813534,148.58055536990676,2.853102072990448,2025052300089,21,60818.99098326173,u,148.5806857099157,2.8531906814494263,5.97368860244751,2797.73,462.35,False,2650.62,182.352,2979.3,447.31,False,-187.055,30.0049,22.782985508072983,0.1794276589953911,22.841631275566442,0.07469428476763941,22.71471439067981,0.1630116641963152,nan,nan
2008 CP209,364852,MBO,MBO,21163641458604368,745297371907227671,19.670229,3.0043414,2.8813617,148.58067794802028,2.8530775675731266,2025052300090,18,60818.99159898592,u,148.58061313515083,2.853084684123842,5.534636974334717,2729.9,483.836,False,2999.53,50.5021,2490.1,473.137,False,-164.082,41.6228,22.809633192523336,0.19243132699624244,22.707366964594154,0.018280183866039187,22.90945798669238,0.2062977163195989,nan,nan
2008 CP209,364852,MBO,MBO,21163641458604368,745297372043018244,19.670225,3.0043416,2.88137,148.58080092953452,2.853052981377043,2025052300091,21,60818.992215993,u,148.5807914521846,2.8530396889204246,8.086996078491211,3508.49,428.911,False,3831.26,18.19,3223.9,415.872,False,-138.324,40.7636,22.537199395452404,0.1327306659783536,22.441645933684526,0.00515484255677135,22.62904612725935,0.14005623955311514,nan,nan
2008 CP209,364852,MBO,MBO,21163641458604368,745297372177235992,19.67022,3.0043416,2.8813784,148.58092391605277,2.853028394057113,2025052300092,21,60818.992832710624,u,148.58087296352355,2.8530877921409856,7.2365264892578125,3118.1,433.615,False,3967.82,9.80986,3059.76,414.011,False,-140.406,37.9985,22.665274867863143,0.15098665183237017,22.40362007585263,0.0026843254561138732,22.68578158945116,0.14690914175929112,nan,nan
2008 CP209,364852,MBO,MBO,21163641458604368,745297372446720034,19.670212,3.0043418,2.881395,148.58116910639436,2.852979375559299,2025052300094,23,60818.99406224796,u,148.58109223055078,2.8529891808410843,6.280126571655273,2960.71,468.286,False,4131.44,17.5356,2707.23,451.833,False,-140.76,35.475,22.721510337938422,0.17172741766422564,22.359746390462256,0.004608329488310278,22.818687122851152,0.18120789834111276,nan,nan
2008 CP209,364852,MBO,MBO,21163641458604368,745297372580937770,19.670208,3.0043418,2.8814034,148.58129150973215,2.852954904513005,2025052300095,23,60818.99467669737,u,148.58135692264977,2.8527871008589107,5.238650798797607,2212.37,471.298,False,3657.27,337.089,2167.6,447.236,False,-254.988,25.4297,23.037855540608675,0.23129281233776436,22.49210743531614,0.10007183443060073,23.06005209523376,0.22401747886014858,nan,nan
2008 CP209,364852,MBO,MBO,21163641458604368,745297373677223939,19.670174,3.0043426,2.88147,148.58227032238318,2.8527592165122497,2025052300103,66,60818.99958518341,u,148.58226157400006,2.8527844482897704,8.288528442382812,3264.51,382.04,False,4410.93,1.90943,3083.29,372.135,False,-241.501,30.8915,22.615454988517754,0.12706184625027597,22.288674542423692,0.0004700000290545865,22.677464050298813,0.13104198698200023,nan,nan
2008 CP209,364852,MBO,MBO,21163641458604368,745297373811965991,19.670132,3.0043433,2.881552,148.58347611463813,2.852518148786455,2025052300104,67,60819.00563005344,u,148.58353856781903,2.8524596736465297,6.023684024810791,2566.5,431.197,False,nan,nan,2286.18,398.865,False,-130.882,60.6427,22.876646828508044,0.1824142546173448,nan,nan,23.00222397964245,0.18942610540596488,nan,nan
2008 CP209,364852,MBO,MBO,21163641458604368,745297373944610832,19.670128,3.0043435,2.8815603,148.58359861925084,2.852493657309464,2025052300105,64,60819.006244870674,u,148.58352932091177,2.852510928556607,5.992208003997803,2432.76,403.741,False,nan,nan,2327.96,391.849,False,-133.305,37.6239,22.93475182957931,0.1801888457430243,nan,nan,22.982561233695236,0.18275427935910327,nan,nan
2008 CP209,364852,MBO,MBO,21163641458604368,745297374619369494,19.670103,3.004344,2.8816066,148.5842796834237,2.852357498613968,2025052300110,71,60819.00965783103,u,148.5842487420516,2.8523330457023293,8.166176795959473,2897.33,345.693,False,3219.8,8.20631,2832.65,331.399,False,-182.365,33.3021,22.74500506252361,0.12954388636738345,22.630427743421038,0.0027672178504584938,22.769517745551873,0.12702306695544124,nan,nan
2008 CP209,364852,MBO,MBO,21163641458604368,745297374774034462,19.6701,3.004344,2.881615,148.58440262570969,2.852332920294861,2025052300111,110,60819.01027344731,u,148.58438952659367,2.8523806458747014,9.786316871643066,2774.64,284.765,False,2771.63,1.10567,2651.2,271.888,False,-131.62,69.4694,22.791983434789756,0.11143056332438359,22.793161912228612,0.0004331263456642274,22.841393792308246,0.11134529692448891,nan,nan
2008 CP209,364852,MBO,MBO,21163641458604368,745297374908252197,19.670095,3.004344,2.8816233,148.58452537440573,2.852308380810729,2025052300112,110,60819.010888985125,u,148.58450381365685,2.8523271730920805,8.078812599182129,2400.43,290.467,False,2637.36,7.4841,2516.85,270.402,False,35.2596,68.1688,22.949277416328222,0.1313808603319833,22.847076418037524,0.0030810196000710137,22.89785662511339,0.11664788866837464,27.531806498025063,2.0990973021637207
2008 CP209,364852,MBO,MBO,21163641458604368,745297375044042778,19.67009,3.0043442,2.8816316,148.58464852848263,2.852283760426715,2025052300113,113,60819.01150549284,u,148.58469407990813,2.852284185290252,7.087805271148682,2293.77,317.755,False,2122.48,6.07678,2322.26,305.13,False,201.521,33.898,22.998625319896224,0.15040658396732765,23.08289099347911,0.0031085239643841877,22.985222891204337,0.14265874280491528,25.639199247099715,0.18263250624040056
2008 CP209,364852,MBO,MBO,21163641458604368,745297375178260489,19.670086,3.0043442,2.88164,148.5847720878533,2.8522590591701427,2025052300114,113,60819.01212471474,u,148.5847062218678,2.852228173036371,6.3531012535095215,1868.93,304.015,False,1816.86,1.34755,2099.33,290.286,False,181.896,103.77,23.22101738038894,0.1766144792516319,23.25169634977089,0.0008052815693013309,23.094798179582433,0.15013076546737966,25.75044215137274,0.6194025417961249
2008 CP209,364852,MBO,MBO,21163641458604368,745297375801638922,19.670061,3.0043447,2.881685,148.58543250865773,2.852127034703076,2025052300119,22,60819.01543220354,u,148.5853996297916,2.8521500036902663,6.138561248779297,2087.01,334.514,False,2057.09,5.72359,2268.36,325.237,False,193.791,114.189,23.101188669890806,0.17402598325653937,23.116866721155674,0.0030209220340476806,23.010719997627163,0.15567263078793894,25.68166598851818,0.6397569262658014
2008 CP209,364852,MBO,MBO,21163641458604368,745297376070598700,19.670053,3.004345,2.8817017,148.58567811677628,2.8520779367204647,2025052300121,23,60819.01666260169,u,148.58569274770784,2.8520823181845527,6.799080848693848,2584.43,384.011,False,2787.27,13.5564,2726.75,361.177,False,236.099,32.2891,22.869088094525537,0.16132556962635453,22.787052391356298,0.005280677690987402,22.810886695481063,0.14381331157843785,25.467264635432354,0.14848621017667762
2008 CP209,364852,MBO,MBO,21163641458604368,745297376206389256,19.67005,3.004345,2.88171,148.58580172922905,2.8520532264598315,2025052300122,26,60819.017281629225,u,148.5858035402115,2.85209958977532,5.966183185577393,1978.13,324.744,False,1811.32,40.6286,2168.32,320.347,False,168.145,131.854,23.1593629237229,0.17824223090449418,23.255012075988486,0.024353479475190766,23.059691526664228,0.1604063554207362,25.835790078517334,0.8514000543921137
2008 CP209,364852,MBO,MBO,21163641458604368,745297376763183130,19.67003,3.0043454,2.8817434,148.5862934486647,2.8519549336196697,2025052300126,64,60819.019743997706,u,148.5862769026249,2.851932414334216,6.192823886871338,1868.27,304.472,False,1875.99,13.6719,2322.18,295.445,False,464.105,137.812,23.221400888362112,0.17694244078464383,23.216923708066123,0.007912663006256272,22.98526033111986,0.13813543756719426,24.733459356091174,0.3224000397853635
2008 CP209,364852,MBO,MBO,21163641458604368,745297376897400851,19.670027,3.0043454,2.8817518,148.5864160953611,2.851930417652078,2025052300127,64,60819.02035760998,u,148.5864137628912,2.851902840640319,6.007873058319092,1967.26,329.896,False,2012.05,19.3124,2544.99,318.55,False,730.56,78.6399,23.165345590613658,0.1820705066873207,23.14090305151102,0.010421297810646218,22.885784803646665,0.13589886643924876,24.24086027910299,0.11687224468791464
2008 CP209,364852,MBO,MBO,21163641458604368,745297377570586662,19.670004,3.004346,2.8817935,148.58703062792495,2.8518075824053466,2025052300132,68,60819.02343359553,u,148.58702752039687,2.851824703849783,5.011170864105225,1410.8,282.997,False,nan,nan,1974.71,274.39,False,596.186,68.3932,23.52633633493378,0.21779138657239813,nan,nan,23.161241707833547,0.15086528098865004,24.461545613501947,0.12455337877470343
2008 CP209,364852,MBO,MBO,21163641458604368,745297377705852935,19.67,3.004346,2.881802,148.58715391445196,2.85178294031294,2025052300133,70,60819.02405021712,u,148.58717827655883,2.8517227785800743,6.30123233795166,1847.07,291.52,False,1888.86,17.3633,2340.17,280.951,False,467.058,94.2952,23.23379164511327,0.17135994612371974,23.20950058407693,0.009980604142974017,22.976881517315025,0.13034893638205144,24.7265729294264,0.21920126785211602
2008 CP209,364852,MBO,MBO,21163641458604368,745297377812807724,19.669973,3.0043464,2.8818493,148.58785080454274,2.8516436546574147,2025052300134,18,60819.02753780842,g,148.58784979271817,2.851639309006103,49.114524841308594,8854.65,178.716,False,9295.18,1.95544,8861.42,175.353,False,-29.5246,30.3217,21.532071453609884,0.021913731962360423,21.47935552588259,0.00022840785480428768,21.53124170690021,0.021484942474854288,nan,nan
2008 CP209,364852,MBO,MBO,21163641458604368,745297377947549849,19.66997,3.0043464,2.8818564,148.58795594717623,2.8516226410638885,2025052300135,19,60819.02806302253,g,148.58795902973594,2.8516173403847054,42.310916900634766,8330.38,194.18,False,9168.34,0.484459,8336.99,188.06,False,-69.5478,17.5864,21.598337983503605,0.025308359433013555,21.49427324260568,5.737076709903593e-05,21.597476768045688,0.024491278300195547,nan,nan
2008 CP209,364852,MBO,MBO,21163641458604368,745297378081767595,19.669966,3.0043466,2.8818636,148.58806049533612,2.851601746554969,2025052300136,19,60819.028586217355,g,148.58805585033448,2.8515986780310576,47.869049072265625,8909.35,183.217,False,9107.21,1.19493,8923.29,177.643,False,-82.6585,10.5264,21.525384996745416,0.0223277044655356,21.501536627313698,0.00014245622121955296,21.52368747662465,0.02161461093488148,nan,nan
2008 CP209,364852,MBO,MBO,21163641458604368,745297378352300099,19.669958,3.0043466,2.881878,148.588269407199,2.851559995241573,2025052300138,23,60819.029631473495,g,148.588263721797,2.8515632461548366,61.38141632080078,8551.58,139.656,False,8364.2,0.564966,8466.3,138.476,False,-39.2593,61.0759,21.56988408282568,0.017731177207976616,21.593938952464995,7.33368464732174e-05,21.58076589138664,0.01775845504003169,nan,nan
2008 CP209,364852,MBO,MBO,21163641458604368,745297378486517767,19.669954,3.0043468,2.881885,148.5883743707845,2.851539018562021,2025052300139,23,60819.03015675932,g,148.588371826925,2.8515405619762872,53.81856918334961,8370.35,153.538,False,7700.98,0.0183907,8362.77,149.976,False,11.7031,27.3476,21.593141005479367,0.01991574630559998,21.683635014007383,2.5928452108045384e-06,21.594124679323915,0.01947134501114864,28.729247691074036,2.5371294726779414
2008 CP209,364852,MBO,MBO,21163641458604368,745297378622308356,19.66995,3.0043468,2.8818922,148.588479339641,2.8515180411254297,2025052300140,26,60819.030681123004,g,148.5884747300556,2.851518832364156,58.39173126220703,7863.32,134.236,False,7415.46,0.320502,7977.05,131.509,False,43.1977,42.4161,21.660985149868853,0.01853477668754886,21.724654764218236,4.692637287644291e-05,21.645394241059893,0.01789935990915201,27.31134842732203,1.0660913523333715
2008 CP209,364852,MBO,MBO,21163641458604368,745297378756526104,19.669947,3.0043468,2.8818994,148.58858411388013,2.8514971028824805,2025052300141,26,60819.03120546072,g,148.58857865098764,2.85149995149763,56.44675064086914,8123.08,142.525,False,7634.39,0.227851,8205.56,140.773,False,14.2897,51.9756,21.62569816356673,0.019049984053839737,21.693064125672954,3.240417102882415e-05,21.614729493257087,0.018626680607062223,28.512442255737596,3.9491237564427024
2008 CP209,364852,MBO,MBO,21163641458604368,745297379178577926,19.669935,3.004347,2.8819206,148.58889846827157,2.8514342836760616,2025052300144,63,60819.03277742538,g,148.58890082956256,2.8514296046603587,55.835933685302734,7605.64,133.337,False,7065.16,0.283307,7683.63,130.133,False,6.94079,46.7542,21.69716056804952,0.01903440234196442,21.77719497229961,4.3537109571470475e-05,21.686083907718047,0.018388457918638114,29.296477710854305,7.3136813467271224
2008 CP209,364852,MBO,MBO,21163641458604368,745297379449110542,19.669928,3.0043473,2.881935,148.58910746459443,2.851392520353334,2025052300146,67,60819.033822497426,g,148.5891038082158,2.8513950648830093,56.27073669433594,7746.56,137.269,False,7216.89,0.230293,8038.06,134.147,False,230.651,43.1093,21.67722776929012,0.01923923895449243,21.75412476487666,3.464614941610308e-05,21.637121882950648,0.018119827053284035,25.49261164076356,0.20292704635455908
2008 CP209,364852,MBO,MBO,21163641458604368,745297379581755411,19.669924,3.0043473,2.881942,148.5892116708008,2.851371697521754,2025052300147,64,60819.034343319145,g,148.5892156953914,2.8513782189505954,54.23358917236328,7787.15,143.162,False,7390.56,0.58147,8283.78,141.963,False,359.683,22.2023,21.671553662677212,0.019960598072224084,21.72830662351884,8.542289619813492e-05,21.604428573124395,0.01860676659267041,25.010200178297268,0.06701967857441353
2008 CP209,364852,MBO,MBO,21163641458604368,745297379715973170,19.66992,3.0043473,2.881949,148.5893162824297,2.851350794010939,2025052300148,64,60819.03486655337,g,148.58931461292792,2.8513445268294295,50.100589752197266,7381.66,144.496,False,6676.32,0.13847,7796.0,141.363,False,406.276,28.9558,21.729614882835588,0.021253286890422402,21.838657167337267,2.2518676425154926e-05,21.67032042388604,0.019687395365594662,24.877947077529285,0.07738177826902534
2008 CP209,364852,MBO,MBO,21163641458604368,745297379850190903,19.669916,3.0043476,2.881956,148.58942109957144,2.8513298497752584,2025052300149,64,60819.03539085956,g,148.5894204726758,2.8513338330882436,50.67125701904297,7465.11,147.043,False,6855.21,0.303373,7778.52,143.305,False,306.921,27.2744,21.7174094910578,0.021386143122461617,21.809948097817042,4.804857345846157e-05,21.672757565524876,0.020002702118142847,25.18243352407183,0.09648347711904769
2008 CP209,364852,MBO,MBO,21163641458604368,745297379985981466,19.669912,3.0043476,2.8819633,148.5895261221856,2.8513088648295755,2025052300150,67,60819.03591508551,g,148.58953445329422,2.8513052230281324,50.02387619018555,7319.86,145.319,False,6895.07,0.889249,7477.65,143.823,False,153.931,14.2873,21.73874308327828,0.021554797871989894,21.803653328753192,0.0001400261183758694,21.715587180075218,0.02088274231819893,25.931684774866106,0.10077397679561872
2008 CP209,364852,MBO,MBO,21163641458604368,745297380122296363,19.669907,3.0043476,2.8819704,148.58963175044664,2.851287759222769,2025052300151,71,60819.03644384879,g,148.58963339130113,2.8512890095702823,47.91098403930664,7499.92,155.128,False,6896.28,0.364236,7546.13,152.119,False,63.1582,15.1786,21.712358434078574,0.022457318774129438,21.803462818261213,5.7344571501788885e-05,21.70568931015424,0.02188686278595053,26.898925651407108,0.26093137669332883
2008 CP209,364852,MBO,MBO,21163641458604368,745297380255989806,19.669903,3.0043476,2.8819776,148.58973658402113,2.8512668127597656,2025052300152,70,60819.03696702246,g,148.589742160727,2.851262415393221,54.01813888549805,7455.69,137.099,False,7034.64,0.0680149,7512.89,134.843,False,19.8025,34.7842,21.718780403035492,0.019965066686741757,21.781895285955002,1.0497514462930132e-05,21.71048240483581,0.019487031876168133,28.158199957644527,1.9071563885781682
2008 CP209,364852,MBO,MBO,21163641458604368,745297380410654749,19.669899,3.0043478,2.8819847,148.58984122309494,2.8512459055194173,2025052300153,109,60819.03749054286,g,148.58984403274226,2.8512452314148686,51.04309844970703,7308.98,141.33,False,6876.42,0.0741002,7301.55,138.434,False,0.651153,33.55,21.74035806915238,0.020994324819134023,21.806594025357803,1.1699876808494153e-05,21.74146237018287,0.020585056052373134,31.865792338829273,55.941456576703324
2008 CP209,364852,MBO,MBO,21163641458604368,745297380813832255,19.669888,3.004348,2.8820062,148.59015597406258,2.851183019431341,2025052300156,110,60819.039063642136,g,148.59015919898349,2.851188896784298,44.949710845947266,6794.02,150.032,False,6674.05,0.729107,6781.47,148.01,False,-23.5422,10.1299,21.819682944386514,0.023976257250611328,21.83902639193297,0.00011861132511818044,21.821690353468348,0.02369689825524453,nan,nan
2008 CP209,364852,MBO,MBO,21163641458604368,745297381218058280,19.669876,3.0043483,2.8820276,148.59047137606356,2.851120006714001,2025052300159,113,60819.04063972704,g,148.59047147277403,2.8511200197200015,49.493934631347656,6763.88,136.409,False,6569.5,0.7873,6833.88,134.467,False,57.1319,49.3456,21.824510283693613,0.021896335950640184,21.856169207570943,0.0001301164630274413,21.81333164735578,0.021363513491579885,27.00780331663287,0.9377651341251216
2008 CP209,364852,MBO,MBO,21163641458604368,745297381353848928,19.669872,3.0043483,2.8820348,148.59057605444323,2.8510990942865737,2025052300160,116,60819.04116299786,g,148.5905784412593,2.851098529771548,46.369083404541016,6889.93,147.911,False,6480.12,0.828973,7032.4,146.406,False,122.074,12.4475,21.804462948288467,0.023308265654511114,21.871042359649046,0.00013889341207678842,21.782241101930772,0.022603706183230113,26.183442083912404,0.11070909394527198
2008 CP209,364852,MBO,MBO,21163641458604368,745297381488066612,19.669868,3.0043483,2.882042,148.59068153917653,2.851078021171749,2025052300161,116,60819.04168941305,g,148.5906782924094,2.851078346703035,51.47422409057617,6563.04,126.056,False,6207.62,0.100729,6766.08,126.125,False,170.226,47.6427,21.857237365599172,0.020853683955502543,21.917687170280452,1.7617883175412388e-05,21.824157166354574,0.020238968094369217,25.822435277887035,0.30387487883806064
2008 CP209,364852,MBO,MBO,21163641458604368,745297381642731584,19.669863,3.0043485,2.882049,148.59078662934357,2.851057027289574,2025052300162,155,60819.04221461984,g,148.59077385379075,2.8510592926182916,47.00749588012695,6397.31,135.079,False,5898.4,0.134015,6783.19,132.486,False,369.213,37.3716,21.885006499525822,0.022925284808800916,21.97316446573827,2.4668542871498136e-05,21.821415054363218,0.021206075585216873,24.981807502307493,0.10989780683238168
2008 CP209,364852,MBO,MBO,21163641458604368,745297381776949261,19.669859,3.0043485,2.8820562,148.5908917252792,2.8510360326676274,2025052300163,155,60819.04273919154,g,148.59088470087113,2.8510314842863953,44.10200881958008,6180.17,138.492,False,5743.03,2.00574,6683.22,136.631,False,488.907,28.243,21.92249895988388,0.024330363912558106,22.002147328313512,0.00037919086925482015,21.837535571148642,0.02219666793028156,24.67693433280143,0.06272040869234864
2008 CP209,364852,MBO,MBO,21163641458604368,745297381839863977,19.669853,3.0043485,2.8820665,148.59104447501932,2.851005519169357,2025052300164,19,60819.04350260107,g,148.59105123161547,2.8510069250579435,40.69662857055664,6573.63,159.972,False,6420.71,1.60771,6965.37,155.058,False,314.58,14.2769,21.855486879468202,0.02642183928459815,21.881042369442273,0.0002718622969351498,21.79263950406504,0.024169868958444675,25.155672276100844,0.04927505944368308
2008 CP209,364852,MBO,MBO,21163641458604368,745297381974081657,19.669828,3.004349,2.8821123,148.59171728155692,2.8508711292940854,2025052300165,19,60819.04686286381,r,148.59171744181415,2.850873685484014,57.665279388427734,11914.7,204.518,False,10891.2,0.300643,12003.3,201.816,False,-77.892,55.1473,21.20979220288247,0.018636860291597966,21.307310647378124,2.9970892162930663e-05,21.201748366138133,0.01825489117456663,nan,nan
2008 CP209,364852,MBO,MBO,21163641458604368,745297382108299369,19.669823,3.0043492,2.8821194,148.59182182865527,2.850850248158813,2025052300166,19,60819.04738498699,r,148.5918183811163,2.8508536834104055,52.47364044189453,11548.4,218.042,False,10845.6,0.49704,12013.4,218.285,False,-86.8957,34.7175,21.243695418138532,0.020499471237138626,21.311866081497843,4.97579061085731e-05,21.20083512057159,0.019727964083896068,nan,nan
2008 CP209,364852,MBO,MBO,21163641458604368,745297382514622497,19.669811,3.0043492,2.8821409,148.59213690749164,2.850787320411588,2025052300169,26,60819.0489575571,r,148.5921311286007,2.85078382552072,55.36244583129883,11245.1,202.839,False,10183.9,0.115337,11404.0,202.099,False,37.1521,57.0893,21.27259173304968,0.01958449979021683,21.38021464298868,1.2296423873150704e-05,21.257356978406442,0.019241161012374948,27.47504159385682,1.6683826395847443
2008 CP209,364852,MBO,MBO,21163641458604368,745297382917275720,19.6698,3.0043495,2.8821623,148.5924528420259,2.850724226054444,2025052300172,26,60819.05053419755,r,148.59245137438907,2.8507282988091998,55.153160095214844,11440.4,205.73,False,10298.0,0.332415,11520.4,203.155,False,24.1279,48.187,21.25389693964504,0.019524535605341835,21.36811778127196,3.5047098101932094e-05,21.2463310669484,0.01914627355588895,27.943701226789354,2.168376551494671
2008 CP209,364852,MBO,MBO,21163641458604368,745297383205634112,19.66979,3.0043497,2.8821766,148.59266302796752,2.8506822528817146,2025052300174,64,60819.051583761844,r,148.5926617023607,2.8506827464178475,55.83684539794922,11693.3,206.226,False,10766.1,0.104954,11739.0,204.057,False,-17.0852,51.4103,21.230157288232636,0.019148318785051383,21.319854015879642,1.0584367443611957e-05,21.22592224344914,0.0188731646781118,nan,nan
2008 CP209,364852,MBO,MBO,21163641458604368,745297383339851883,19.669786,3.0043497,2.8821838,148.59276802998806,2.850661285203606,2025052300175,64,60819.05210794845,r,148.5927717496272,2.8506623396565582,51.62599182128906,11179.3,214.826,False,10380.8,0.479554,11105.8,211.274,False,-24.8596,52.0495,21.27896349212653,0.020863951622378293,21.35942296078033,5.015693848610652e-05,21.286125398674734,0.020654778333062014,nan,nan
2008 CP209,364852,MBO,MBO,21163641458604368,745297383475642416,19.669783,3.00435,2.882191,148.59287323849887,2.8506402767964047,2025052300176,67,60819.05263225407,r,148.59287547429597,2.8506414033364935,56.564552307128906,11392.0,199.49,False,10337.0,0.07318,11453.2,197.217,False,-58.8268,48.8966,21.258500059268044,0.019012774003803225,21.36401370931616,7.686386065003292e-06,21.252682869996278,0.018695703233451728,nan,nan
2008 CP209,364852,MBO,MBO,21163641458604368,745297383610384550,19.669779,3.00435,2.882198,148.5929782527224,2.8506193076937696,2025052300177,68,60819.053156911876,r,148.5929850543023,2.8506170183644044,51.87654495239258,11259.2,215.813,False,10392.3,0.243153,11047.4,210.001,False,-62.6724,54.531,21.271231146957515,0.020811068933525724,21.35822083227134,2.5403426257528752e-05,21.291849763958623,0.02063885514785889,nan,nan
2008 CP209,364852,MBO,MBO,21163641458604368,745297383878295570,19.66977,3.00435,2.8822124,148.59318870067892,2.8505772872698536,2025052300179,67,60819.05420634805,r,148.5931906852435,2.8505763393374384,53.65008544921875,11151.5,205.851,False,9841.18,0.176184,11343.3,205.482,False,-46.3455,47.4334,21.281666778196985,0.020042136146038742,21.417382096131213,1.9437643863518285e-05,21.263151473285475,0.019667931275370643,nan,nan
2008 CP209,364852,MBO,MBO,21163641458604368,745297384012513322,19.669765,3.0043502,2.8822193,148.59329353309636,2.850556356021589,2025052300180,67,60819.05472985945,r,148.59328714377892,2.8505592266262703,52.42654800415039,11178.0,210.29,False,10161.4,0.180395,11259.7,208.236,False,-23.3409,44.1773,21.27908973680028,0.02042578808454986,21.382616089379553,1.927503915534398e-05,21.27118293251604,0.020079518299332234,nan,nan
2008 CP209,364852,MBO,MBO,21163641458604368,745297384148828174,19.669762,3.0043502,2.8822265,148.59339877264935,2.8505353440112398,2025052300181,71,60819.05525411703,r,148.5933928647105,2.850533720481731,50.711517333984375,11190.7,219.177,False,10051.5,0.253268,11103.7,215.304,False,-15.7241,58.2435,21.277856847699034,0.02126483616910137,21.39442280752101,2.7357333817579006e-05,21.286330682172434,0.02105274319777493,nan,nan
2008 CP209,364852,MBO,MBO,21163641458604368,745297384437186573,19.669754,3.0043504,2.8822408,148.5936082681132,2.8504935179775464,2025052300183,109,60819.05629904333,r,148.59360652405908,2.8504958766418316,54.62175750732422,10953.5,199.703,False,10183.8,0.848509,11070.6,198.876,False,7.61993,42.6536,21.301117718541132,0.019795022639309854,21.380225366810514,9.04629876720879e-05,21.28957214021724,0.019504533517924347,29.195122575502793,6.077556846034547
2008 CP209,364852,MBO,MBO,21163641458604368,745297384706146332,19.669744,3.0043504,2.882255,148.59381798915084,2.850451649064047,2025052300185,110,60819.05734536407,r,148.5938208085778,2.850452415631492,56.1873893737793,11401.7,199.975,False,10381.1,0.0972706,11462.5,198.687,False,11.2016,34.8432,21.25757595710038,0.019042783133569663,21.359391604419613,1.017331656499729e-05,21.251801628304804,0.01881977452311711,28.776799841983287,3.37724291345174
2008 CP209,364852,MBO,MBO,21163641458604368,745297384792653935,19.669722,3.004351,2.8822958,148.59441761809362,2.850331950787581,2025052300186,19,60819.060335375776,i,148.59441306583022,2.85033611722249,46.143516540527344,14592.5,311.178,False,15994.8,2.20964,14661.7,304.193,False,3.20901,18.3119,20.989675745044504,0.023152799762336876,20.890052978237527,0.00014999163510057004,20.98453916314778,0.02252626513380465,30.134072362499204,6.195646829037297
2008 CP209,364852,MBO,MBO,21163641458604368,745297385063186464,19.669712,3.0043511,2.8823102,148.59462803913806,2.850289950828624,2025052300188,23,60819.06138473396,i,148.5946306480245,2.8502865471134755,39.69812774658203,13677.2,334.09,False,14465.4,2.57334,13701.5,331.142,False,-73.8438,18.6971,21.060006990489455,0.026521042281436816,20.999173852320933,0.00019314835840013398,21.05807971238953,0.026240401157574738,nan,nan
2008 CP209,364852,MBO,MBO,21163641458604368,745297385755246614,19.669691,3.0043514,2.882346,148.595155911088,2.850184598221693,2025052300193,63,60819.064015990574,i,148.59515819895475,2.850184918085871,48.78230285644531,14978.7,303.564,False,14269.9,0.621858,14973.4,298.939,False,-163.701,24.1797,20.961314679290865,0.02200393998993092,21.01394764604185,4.731453809461221e-05,20.96169890542358,0.02167636487440971,nan,nan
2008 CP209,364852,MBO,MBO,21163641458604368,745297385889988648,19.669687,3.0043514,2.882353,148.59526186647471,2.8501634534951408,2025052300194,64,60819.06454344802,i,148.5952609107793,2.8501660431592057,49.420433044433594,14448.9,288.55,False,13564.4,0.953923,14365.9,286.487,False,-114.167,51.39,21.00041300726081,0.021682561313289727,21.06899849826838,7.635492124190381e-05,21.006667872939985,0.021651918717561506,nan,nan
2008 CP209,364852,MBO,MBO,21163641458604368,745297386024206456,19.669683,3.0043516,2.8823602,148.59536722651643,2.850142428195938,2025052300195,64,60819.06506858168,i,148.59536675841986,2.850139508184508,50.964717864990234,15041.6,287.581,False,13530.8,1.57227,15060.8,282.209,False,-101.295,80.5409,20.956764939848938,0.02075823746924223,21.071691328813362,0.0001261618327153081,20.95537991072024,0.020344506849007668,nan,nan
2008 CP209,364852,MBO,MBO,21163641458604368,745297386159996946,19.669678,3.0043516,2.8823676,148.5954729946025,2.8501213220938992,2025052300196,67,60819.06559514809,i,148.5954705294021,2.850120359800029,54.06367111206055,15380.9,280.302,False,14979.4,0.96749,15453.9,274.662,False,-67.311,76.1737,20.932545600992796,0.019786490001078873,20.961263926580482,7.012556659517433e-05,20.927404728406152,0.01929677661624014,nan,nan
2008 CP209,364852,MBO,MBO,21163641458604368,745297386294214779,19.669674,3.0043516,2.8823748,148.59557816727985,2.8501003354315846,2025052300197,67,60819.06611941331,i,148.5955803580293,2.8500959950504954,54.26008605957031,14852.1,270.877,False,14607.5,0.764603,15056.8,267.685,False,-60.8564,72.8825,20.970530366824896,0.01980198012709385,20.988560262544233,5.683088685509709e-05,20.955668309855685,0.01930259398344898,nan,nan
2008 CP209,364852,MBO,MBO,21163641458604368,745297386430529594,19.66967,3.0043519,2.882382,148.5956835472854,2.850079308028177,2025052300198,71,60819.06664482081,i,148.5956799935153,2.8500861713756853,55.17185974121094,15896.7,280.195,False,15335.7,1.9552,15996.2,276.269,False,-120.808,61.4445,20.896732540723317,0.019137170614444816,20.93574097567614,0.00013842415759993321,20.889957923078054,0.018751657606717757,nan,nan
2008 CP209,364852,MBO,MBO,21163641458604368,745297386563174435,19.669666,3.0043519,2.8823888,148.5957881310009,2.8500584401436133,2025052300199,68,60819.067165975925,i,148.59579164661156,2.8500560013496257,56.80962371826172,15771.2,272.603,False,14999.7,1.13249,15906.2,268.254,False,-121.485,71.0651,20.90533813852814,0.018766798944553985,20.959793553164566,8.197400086138186e-05,20.896083889554696,0.01831066338341244,nan,nan
2008 CP209,364852,MBO,MBO,21163641458604368,745297386697392219,19.66966,3.0043519,2.882396,148.59589332354412,2.85003745141354,2025052300200,68,60819.06768914743,i,148.5958922919019,2.8500412186446247,54.141502380371094,15534.4,282.004,False,14512.5,0.129394,15531.8,276.792,False,-57.0565,71.9405,20.921763763339623,0.019709930386868444,20.995644418133423,9.68046476082997e-06,20.921945539694295,0.019348890076113404,nan,nan
2008 CP209,364852,MBO,MBO,21163641458604368,745297386967400534,19.669653,3.004352,2.8824103,148.59610372883705,2.8499954718518947,2025052300202,71,60819.068737992246,i,148.59610705396383,2.8499931494400497,52.70465087890625,15849.8,295.195,False,15866.9,2.60431,16010.2,289.085,False,74.2886,44.0464,20.899940547222606,0.020221322090198137,20.89876976167684,0.0001782070615286122,20.88900809381575,0.019604379560904446,26.722694607374667,0.6437430647095346
2008 CP209,364852,MBO,MBO,21163641458604368,745301777600479300,19.657719,3.0044787,2.8946881,148.7839017036865,2.8129298219754792,2025052400147,11,60819.98130642876,i,148.78407952661956,2.8129102998660303,63.64071273803711,4321.84,237.838,False,16942.5,0.330905,9499.48,236.679,False,5206.83,73.4091,22.31082832747297,0.059749859786553935,20.827556264219844,2.1205579368454377e-05,21.455750364600206,0.027051054105437435,22.10856648760297,0.015307378984396687
2008 CP209,364852,MBO,MBO,21163641458604368,745301777738367049,19.657715,3.004479,2.894695,148.7840076033424,2.8129081554222264,2025052400148,18,60819.98182965605,i,148.78400578419985,2.812906028001902,58.730716705322266,15755.0,263.419,False,15570.1,1.35065,19985.6,262.125,False,4202.96,77.7788,20.906453981224953,0.018153192777725286,20.919271522583628,9.418369763819121e-05,20.64820704368652,0.014240183343747312,22.341111868090575,0.020092330394420575
2008 CP209,364852,MBO,MBO,21163641458604368,745301777874157635,19.65771,3.004479,2.8947022,148.78411370855846,2.812886446656178,2025052400149,21,60819.98235309965,i,148.7841081363581,2.8128853385265042,59.67217254638672,15188.0,251.063,False,14064.0,1.71399,19690.2,253.881,False,4353.85,69.7127,20.9462485288306,0.017947602885089464,21.02972785567576,0.000132319465895378,20.664374724488866,0.013999238238241727,22.302816319313003,0.017384521860985633
2008 CP209,364852,MBO,MBO,21163641458604368,745301778006802530,19.657703,3.004479,2.8947093,148.78421961446907,2.812864778516844,2025052400150,18,60819.98287619607,i,148.78421827259152,2.812865804489939,63.8555908203125,15879.9,248.711,False,14892.3,0.390483,19173.3,250.826,False,3033.95,79.8711,20.89788056521588,0.017004800344376545,20.967595573389882,2.8468505687172755e-05,20.693257786703818,0.014203651044512598,22.69497896931254,0.028582853335474466
2008 CP209,364852,MBO,MBO,21163641458604368,745301778142593104,19.657698,3.0044792,2.8947165,148.7843259285568,2.812843026719825,2025052400151,21,60819.98340187362,i,148.78433139040385,2.812844899949005,57.287601470947266,15160.0,264.52,False,14409.1,1.16516,17746.2,265.744,False,2427.55,68.4151,20.94825199675991,0.018944520379575606,21.003407890938163,8.779565457025684e-05,20.777236618504688,0.016258572635871948,22.937079518682935,0.030599060630710825
2008 CP209,364852,MBO,MBO,21163641458604368,745301778278383635,19.657692,3.0044792,2.8947234,148.78443143580074,2.8128214398638582,2025052400152,24,60819.98392289992,i,148.78424093604144,2.8128892325967048,54.94257736206055,3431.99,254.384,False,14029.5,1.13469,7613.65,251.028,False,4161.53,64.4015,22.561134968719397,0.08047631910724944,21.032394516497234,8.78131126881148e-05,21.696017742949103,0.0357975729605832,22.351867481652008,0.01680224350681496
2008 CP209,364852,MBO,MBO,21163641458604368,745301778412077123,19.657644,3.00448,2.8947866,148.78537669082368,2.8126280347505617,2025052400153,23,60819.988589141874,i,148.78537757813302,2.812626406505137,61.43467712402344,15786.4,251.929,False,15727.8,0.714337,15887.3,252.31,False,-18.7344,65.7036,20.904292215939602,0.01732684022246788,20.908330068762183,4.931278014056591e-05,20.89737477233281,0.017242835632205713,nan,nan
2008 CP209,364852,MBO,MBO,21163641458604368,745301778547343376,19.657639,3.00448,2.8947937,148.78548283867948,2.812606315739789,2025052400154,25,60819.98911337381,i,148.78548205479694,2.8126088704800187,61.87897872924805,15611.8,251.13,False,14563.8,0.546453,15809.8,248.493,False,4.78485,86.5951,20.916367566144945,0.017465054754320374,20.99181324887096,4.073825603856806e-05,20.902684073472763,0.017065228273184564,29.700329153516147,19.649400355997404
2008 CP209,364852,MBO,MBO,21163641458604368,745301778682085424,19.657635,3.00448,2.894801,148.78558939507985,2.812584513056442,2025052400155,26,60819.98963994597,i,148.7855856029329,2.8125870972036804,56.57392501831055,15010.6,259.135,False,14219.1,1.43059,14972.3,256.849,False,-26.9245,65.6044,20.95900489799913,0.018743572498407694,21.017819758498824,0.00010923640991634006,20.96177871294129,0.018625746280362572,nan,nan
2008 CP209,364852,MBO,MBO,21163641458604368,745301778832031768,19.657629,3.0044801,2.8948078,148.78569514473574,2.812562875368924,2025052400156,56,60819.99016198833,i,148.78569297381458,2.8125615772454986,53.3116455078125,15345.8,285.199,False,14367.4,1.29099,15390.5,281.998,False,-58.9062,66.5491,20.93502617933643,0.020178217451575706,21.00655451288289,9.75593732648822e-05,20.931868176913568,0.0198937931123218,nan,nan
2008 CP209,364852,MBO,MBO,21163641458604368,745301778969919509,19.657623,3.0044801,2.894815,148.78580130298545,2.8125411540097573,2025052400157,63,60819.990685411554,i,148.78579632777127,2.8125374400503937,52.34414291381836,14989.7,283.692,False,13408.1,0.126971,14913.5,278.369,False,-70.5981,66.7686,20.960517633160073,0.020548420333813076,21.081581930771442,1.0281622497757663e-05,20.966051053623175,0.020265885847974802,nan,nan
2008 CP209,364852,MBO,MBO,21163641458604368,745301779084738572,19.657618,3.0044801,2.8948221,148.78590726222376,2.8125194733084027,2025052400158,26,60819.99120829157,i,148.7858997826839,2.812518535341037,49.63849639892578,14506.8,290.762,False,13344.1,0.16144,14522.7,287.921,False,-50.9054,64.612,20.99607095554447,0.02176157577558376,21.086776812067015,1.3135487440883886e-05,20.99488157016079,0.02152535263677071,nan,nan
2008 CP209,364852,MBO,MBO,21163641458604368,745301779218956332,19.657612,3.0044804,2.894829,148.78601302245548,2.81249783326932,2025052400159,26,60819.991730077396,i,148.7860105843006,2.812495141669145,49.601844787597656,15221.3,300.855,False,13636.1,0.440238,15301.5,297.711,False,52.0993,71.2271,20.943870649810407,0.02146000551872498,21.06327458746165,3.5052716530109005e-05,20.93816498344758,0.021124439412104276,27.107920271462408,1.4843546251416404
2008 CP209,364852,MBO,MBO,21163641458604368,745301779353174078,19.657606,3.0044804,2.8948362,148.78611939405982,2.812476068083008,2025052400160,26,60819.99225536175,i,148.78611825884036,2.812475240293921,48.1982421875,14197.0,293.523,False,13169.9,0.285917,14363.6,290.586,False,149.926,55.9041,21.019508544164474,0.022447598729468034,21.101043774434093,2.3571207398859844e-05,21.006841773739353,0.02196522792235784,25.960307651515755,0.4048470967217821
2008 CP209,364852,MBO,MBO,21163641458604368,745301779506790434,19.6576,3.0044804,2.8948433,148.7862255666258,2.8124543435763827,2025052400161,63,60819.99277955042,i,148.78622635039284,2.8124486823085104,49.49319839477539,14269.2,283.04,False,12937.2,0.223338,14418.5,279.076,False,162.629,53.1862,21.014000922240868,0.02153637067711922,21.1203992533898,1.8743324773931147e-05,21.00269979557535,0.0210148701241983,25.87200503580184,0.355079246827717
2008 CP209,364852,MBO,MBO,21163641458604368,745301779641532515,19.657597,3.0044804,2.8948505,148.78633072972596,2.8124328255814235,2025052400162,64,60819.993298227986,i,148.7863303564168,2.812428591945597,53.72998809814453,14727.2,271.639,False,13601.4,1.28342,14908.2,270.154,False,76.3471,59.2558,20.979699523813434,0.02002609465683828,21.066040936682747,0.00010244941577586534,20.966436959849197,0.019674807542495613,26.69301864668625,0.8426798946620414
2008 CP209,364852,MBO,MBO,21163641458604368,745301779912589323,19.657585,3.0044806,2.8948646,148.78654228261877,2.812389538491623,2025052400164,69,60819.99434295512,i,148.78654063662935,2.812389796954661,51.85777282714844,14273.8,270.597,False,13052.4,0.260402,14418.7,270.108,False,27.3545,49.0584,21.01365099669209,0.02058295249930361,21.1107740310558,2.1660986807389332e-05,21.00268472065148,0.02033928389367964,27.807428054962454,1.9471926197128808
2008 CP209,364852,MBO,MBO,21163641458604368,745301780044185724,19.65758,3.0044806,2.8948715,148.7866474566293,2.812368018175857,2025052400165,64,60819.994861739484,i,148.7866449050389,2.812363464001551,48.77708053588867,14360.8,290.897,False,13494.2,0.849327,14465.7,289.585,False,-28.8773,60.5907,21.007053429988893,0.021993023543046216,21.07463212772345,6.833640307781286e-05,20.99915134997591,0.021735063310605245,nan,nan
2008 CP209,364852,MBO,MBO,21163641458604368,745301780315766802,19.657568,3.0044808,2.8948858,148.78685903168608,2.812324726422076,2025052400167,70,60819.995905787044,i,148.786852668661,2.8123255418804507,46.597496032714844,14437.4,305.45,False,13414.0,2.50981,14527.8,302.695,False,9.67844,23.0721,21.00127749781008,0.022970765374931163,21.081104244988417,0.0002031453371418662,20.994500383566038,0.02262193400719847,28.935486584301795,2.5882491088687
2008 CP209,364852,MBO,MBO,21163641458604368,745301780448411746,19.657564,3.0044808,2.8948927,148.78696502751873,2.8123030379079483,2025052400168,67,60819.99642804626,i,148.78696862704385,2.812301446107929,42.57522201538086,14143.8,327.907,False,13510.9,0.502124,14283.5,328.444,False,6.07805,13.4969,21.023584748533743,0.0251714900280521,21.073289269626624,4.035069483305619e-05,21.01291340219113,0.024966117709290536,29.440589304592056,2.410982506503822
2008 CP209,364852,MBO,MBO,21163641458604368,745301780604649483,19.657558,3.004481,2.8948998,148.78707001369784,2.8122815559832306,2025052400169,109,60819.99694684725,i,148.78707023845575,2.81228375741392,47.296226501464844,13887.2,289.68,False,13196.4,0.883693,14081.7,289.137,False,-8.98982,38.4633,21.043463259358447,0.02264790968796774,21.09886129010662,7.270599812618426e-05,21.02836226553004,0.0222932243638235,nan,nan
2008 CP209,364852,MBO,MBO,21163641458604368,745301780718420079,19.657553,3.004481,2.8949068,148.78717601711818,2.8122598659169094,2025052400170,70,60819.997469902744,i,148.78717704459976,2.8122605025879857,51.015777587890625,14134.1,276.225,False,13366.8,0.570928,14212.1,272.782,False,31.9356,38.0386,21.02432963085353,0.021218719131369124,21.084931390880904,4.637438912872525e-05,21.01835439325189,0.020839236678287628,27.639312290422083,1.293224045763122
2008 CP209,364852,MBO,MBO,21163641458604368,745301781007302706,19.657541,3.004481,2.894921,148.78738742746563,2.8122166078667834,2025052400172,109,60819.998512696766,i,148.78738090673812,2.812217299092829,51.37641143798828,14000.2,265.88,False,13221.3,0.11205,14081.9,263.719,False,20.2721,41.6168,21.034664385251208,0.02061938710842086,21.096814616616467,9.20157171559397e-06,21.028346830053444,0.020333140547670454,28.132753126296578,2.2289187479364636
2008 CP209,364852,MBO,MBO,21163641458604368,745301781091713035,19.657507,3.0044816,2.8949656,148.78805358356772,2.8120803020224203,2025052400173,14,60820.00179829667,z,148.78805773320622,2.812110256156128,18.505626678466797,12543.4,672.269,False,12653.4,4.07883,12543.1,663.706,False,61.5544,34.0083,21.153961786614584,0.05819050259822109,21.14448187348559,0.00034998759325864464,21.15398782205937,0.05745068197375382,26.926852219366424,0.5998603281338049
2008 CP209,364852,MBO,MBO,21163641458604368,745301781229600769,19.657501,3.0044818,2.8949726,148.78815982632736,2.8120585632697392,2025052400174,21,60820.00232259649,z,148.78816094893799,2.8120759159147193,21.198684692382812,13672.0,640.493,False,14945.8,5.29574,13714.9,636.107,False,41.3184,51.9984,21.060419875718296,0.05086354727315008,20.963702098271654,0.0003847085376911565,21.05701835566795,0.05035723005619403,27.35964122563116,1.3663778226095469
2008 CP209,364852,MBO,MBO,21163641458604368,745301781363818500,19.657495,3.0044818,2.8949797,148.78826607326815,2.812036823720597,2025052400175,21,60820.002846007206,z,148.78827516417442,2.8120469864854876,21.425167083740234,13517.7,625.186,False,14429.9,11.4453,13704.0,617.403,False,119.749,35.2194,21.072742974655355,0.05021468422902527,21.001841667060305,0.0008611685707401491,21.05788162510636,0.048915412030120176,26.204320256531474,0.3193260560359809
2008 CP209,364852,MBO,MBO,21163641458604368,745301781498560585,19.657492,3.0044818,2.8949869,148.78837131040035,2.8120152908552054,2025052400176,22,60820.00336581418,z,148.78835908608733,2.8120159079647977,22.130739212036133,13278.8,592.141,False,13151.4,14.2983,13648.0,587.154,False,139.59,32.7713,21.092102941515748,0.048416191367847056,21.10257000015238,0.0011804204333201451,21.062327465441378,0.04670972644754513,26.037864260351697,0.25489640517819784
2008 CP209,364852,MBO,MBO,21163641458604368,745301781634351127,19.657486,3.004482,2.8949938,148.788477362718,2.8119935912617766,2025052400177,25,60820.003888935134,z,148.78847082893637,2.811994089181958,21.72419548034668,11312.3,518.278,False,10337.5,0.507829,11482.3,503.075,False,92.0029,201.647,21.26612273371853,0.0497434840730569,21.36396119359849,5.333671995277392e-05,21.24992779455464,0.047569455923745334,26.490496217677936,2.379658183623612
2008 CP209,364852,MBO,MBO,21163641458604368,745301781766996006,19.65748,3.004482,2.895001,148.7885836219215,2.811971849412073,2025052400178,22,60820.00441263528,z,148.78857466418108,2.8119657507804647,21.469221115112305,12173.5,564.797,False,11541.2,0.474853,12056.9,556.936,False,-16.3641,41.4462,21.186461349791745,0.05037339697358273,21.24437256393466,4.46717061543837e-05,21.19691081760974,0.050152653770424216,nan,nan
2008 CP209,364852,MBO,MBO,21163641458604368,745301781902786591,19.657475,3.004482,2.895008,148.78868947980533,2.81195018975722,2025052400179,25,60820.00493446327,z,148.78868250653304,2.8119531299849045,24.341957092285156,13196.3,534.695,False,12404.3,2.81482,13078.9,526.326,False,-67.4526,50.9291,21.098869565864177,0.04399246277726297,21.166069364159185,0.0002463784403457203,21.10857191953214,0.04369260139956558,nan,nan
2008 CP209,364852,MBO,MBO,21163641458604368,745301782037004350,19.657469,3.0044823,2.895015,148.78879534176895,2.81192852935296,2025052400180,25,60820.005456584026,z,148.7888079620197,2.8119213744785645,23.17681312561035,13580.0,579.014,False,12917.9,8.53566,13714.2,572.551,False,-9.59606,32.3825,21.067750575138792,0.04629281575442016,21.12202017151513,0.0007174134019696679,21.057073787846555,0.04532815391964806,nan,nan
2008 CP209,364852,MBO,MBO,21163641458604368,745301782455910418,19.657452,3.0044823,2.8950365,148.78911356157406,2.8118634190031058,2025052400183,56,60820.00702511784,z,148.78913238046613,2.811864697169589,19.883201599121094,13215.8,655.864,False,12041.6,1.28909,13173.9,655.452,False,-228.87,39.1387,21.097266371861977,0.05388211955124827,21.19828954362145,0.00011623137873225486,21.10071406158146,0.054019536690543726,nan,nan
2008 CP209,364852,MBO,MBO,21163641458604368,745301782595371010,19.657448,3.0044825,2.8950434,148.789219034911,2.811841838509828,2025052400184,66,60820.00754595589,z,148.78921843484252,2.8118422150867297,22.873371124267578,13168.7,569.64,False,11590.0,0.769836,12927.5,561.299,False,-286.748,113.21,21.101142723920812,0.046965818828718725,21.23979141009101,7.211724126038414e-05,21.12121363388973,0.04714157092924848,nan,nan
2008 CP209,364852,MBO,MBO,21163641458604368,745301782729588762,19.657442,3.0044825,2.8950505,148.78932512090614,2.811820132775262,2025052400185,66,60820.00806811941,z,148.7893174789308,2.811819862295379,22.101520538330078,13403.6,600.431,False,12576.7,10.1643,13274.5,595.95,False,-381.29,38.9504,21.081946384581506,0.04863691299553028,21.151083229292333,0.0008774756729934674,21.092454570405394,0.04874341816861072,nan,nan
2008 CP209,364852,MBO,MBO,21163641458604368,745301782862233621,19.657436,3.0044825,2.8950577,148.78943019709754,2.8117986337680727,2025052400186,63,60820.0085868014,z,148.78942349578944,2.8118042504158356,24.366798400878906,13904.5,554.586,False,13717.1,4.46349,13814.4,544.082,False,-305.273,124.872,21.042111558917057,0.04330498020508167,21.05684426909576,0.00035329427070498277,21.04916990185858,0.04276186274572456,nan,nan
2008 CP209,364852,MBO,MBO,21163641458604368,745301782996451369,19.65743,3.0044827,2.8950646,148.78953608892118,2.81177696800161,2025052400187,63,60820.009108688195,z,148.78952499431531,2.811785629630145,21.483257293701172,13132.0,605.715,False,12581.4,1.40813,13184.1,601.282,False,-155.672,37.3118,21.104172814856742,0.050079708682837724,21.150677541091653,0.0001215172976382149,21.09987381106095,0.04951673886929309,nan,nan
2008 CP209,364852,MBO,MBO,21163641458604368,745301783130669091,19.657425,3.0044827,2.8950717,148.78964198520083,2.8117553014516443,2025052400188,63,60820.00963091398,z,148.78964510729529,2.8117610698962485,24.4730281829834,13571.0,552.394,False,12884.0,4.41974,13656.4,535.788,False,171.39,145.569,21.068470373761365,0.044193806313153845,21.124873209630863,0.00037245202971214865,21.061659396676422,0.042597202782050356,25.815036306915978,0.9221631041388187
2008 CP209,364852,MBO,MBO,21163641458604368,745301783266459668,19.65742,3.0044827,2.895079,148.7897486972926,2.8117334681202903,2025052400189,66,60820.01015619562,z,148.78975082630865,2.811736744237446,24.282978057861328,13676.7,558.34,False,12884.9,5.08439,14034.6,545.744,False,318.22,135.015,21.06004668267921,0.04432428678449636,21.12479733625749,0.000428432220054997,21.03199993190934,0.0422195186159218,25.143181317327056,0.4606582630268716
2008 CP209,364852,MBO,MBO,21163641458604368,745301783402774537,19.657413,3.004483,2.895086,148.7898546023988,2.8117118000377617,2025052400190,70,60820.010678378465,z,148.78984857276194,2.8117057099621148,22.61531639099121,11873.0,520.168,False,11899.8,2.19724,12189.4,505.302,False,366.661,133.87,21.21359883049276,0.04756719131604895,21.21115086215961,0.00020047590562045963,21.185044143141823,0.04500834005577699,24.98933817178361,0.39640838859663624
2008 CP209,364852,MBO,MBO,21163641458604368,745301783536467991,19.657408,3.004483,2.895093,148.7899609176367,2.8116900481878635,2025052400191,69,60820.01120266389,z,148.78995642490023,2.811692273621213,27.76736068725586,13339.1,474.65,False,12353.1,2.09078,13943.7,458.725,False,435.238,161.536,21.087183710883217,0.03863414308709736,21.17056014156787,0.0001837624268742818,21.03905490900096,0.03571895122371559,24.803182968635515,0.4029645297784454
2008 CP209,364852,MBO,MBO,21163641458604368,745301783691132937,19.657402,3.004483,2.8951,148.7900674403171,2.811668254046668,2025052400192,108,60820.011727967314,z,148.79006543466494,2.8116805484191785,22.71765899658203,13265.8,574.84,False,12272.6,1.21463,13690.0,566.93,False,463.598,45.9645,21.09316640240783,0.047047644189578526,21.17765858576093,0.00010745626980169113,21.058991379665024,0.04496248492413125,24.734646134584988,0.10764783953934562
2008 CP209,364852,MBO,MBO,21163641458604368,745301783805427724,19.657396,3.0044832,2.8951073,148.79017275003775,2.811646708226619,2025052400193,70,60820.012246618,z,148.7901800027997,2.8116492002947435,25.18922996520996,13379.9,526.632,False,12319.2,11.3726,13684.1,509.997,False,231.301,143.684,21.083867799373202,0.042734507206082024,21.173543717855473,0.0010023088296374476,21.05945943289157,0.04046464386384791,25.489556248089173,0.6744585217166537
2008 CP209,364852,MBO,MBO,21163641458604368,745301783960616982,19.65739,3.0044832,2.8951144,148.79027907887178,2.8116249540618927,2025052400194,110,60820.0127708697,z,148.7902727548215,2.8116216501301174,27.434978485107422,14114.5,508.339,False,12675.9,0.674434,14199.4,494.328,False,41.4545,135.2,21.02583625484244,0.039103194936225924,21.142552955570046,5.776768479565642e-05,21.0193249863207,0.03779806154074655,27.35607084149542,3.54102781655686
2008 CP209,364852,MBO,MBO,21163641458604368,745301784094310443,19.657387,3.0044832,2.8951213,148.79038520928492,2.8116032406590143,2025052400195,109,60820.01329302211,z,148.79038408399975,2.811598479605697,27.11130142211914,14125.0,507.02,False,13018.8,0.910812,14152.5,492.126,False,-51.1515,152.721,21.025028858771307,0.038972740432439826,21.113572628172832,7.595950479356176e-05,21.022917091108418,0.03775439132237388,nan,nan
2008 CP209,364852,MBO,MBO,21163641458604368,745301784766971968,19.657358,3.0044837,2.8951569,148.7909163361332,2.8114945791902555,2025052400200,112,60820.0159104199,z,148.79091114426666,2.811491164900952,29.87418556213379,14746.8,490.606,False,14029.2,2.7235,14998.8,476.25,False,8.53095,172.716,20.97825553869881,0.036120967939332956,21.03241771848459,0.00021077485009750698,20.95985872887004,0.03447488294059756,29.07250656045499,21.98161131029234
2008 CP209,364852,MBO,MBO,21163641458604368,745301784902762562,19.657352,3.0044837,2.895164,148.79102249429488,2.811472861219632,2025052400201,115,60820.016433712604,z,148.79102597853986,2.8114731001961095,29.00693702697754,13454.1,457.855,False,12773.2,0.832152,13589.3,442.44,False,-11.1666,190.328,21.077863403198045,0.036948571542564965,21.134250702603566,7.073384509985814e-05,21.067007299816034,0.03534936575011832,nan,nan
2008 CP209,364852,MBO,MBO,21163641458604368,745301785037504562,19.657347,3.0044837,2.8951712,148.79112946913628,2.811450976377288,2025052400202,116,60820.01696019084,z,148.79112226226383,2.8114531439362107,31.68119239807129,14710.5,456.698,False,13385.6,1.95216,14820.4,440.452,False,-33.176,214.16,20.980931414110717,0.03370745733456033,21.08340542443313,0.00015834410502357492,20.972850158049262,0.03226732515637056,nan,nan
2008 CP209,364852,MBO,MBO,21163641458604368,745301785121914908,19.65734,3.004484,2.8951814,148.7912833427186,2.8114194973944944,2025052400203,21,60820.01771853029,z,148.79128615071065,2.811425069327032,28.231700897216797,14640.1,513.447,False,15256.6,11.6775,14947.2,504.096,False,237.67,63.3474,20.986139920957942,0.038078157616757494,20.94135562785387,0.0008310294959020133,20.96360037179365,0.03661657566196597,25.460064092924235,0.28938682589094245
2008 CP209,364852,MBO,MBO,21163641458604368,745301785390874655,19.657328,3.004484,2.8951957,148.79149650863042,2.8113758893238923,2025052400205,22,60820.01876831184,z,148.79148156452462,2.81136961845343,27.22588348388672,14406.4,518.264,False,14697.2,2.69733,14871.8,508.224,False,377.528,47.4901,21.003611298099585,0.039058886900862934,20.98191347529565,0.00019926168223255008,20.96909117352623,0.037103592242600195,24.957627038114495,0.13657720700089312
2008 CP209,364852,MBO,MBO,21163641458604368,745301785525616690,19.657322,3.0044842,2.8952029,148.7916028957534,2.811354125690324,2025052400206,23,60820.0192924014,z,148.79159654338707,2.8113549320946394,29.237030029296875,14107.0,473.965,False,13950.0,2.52093,14574.4,457.255,False,389.616,225.701,21.026413334142077,0.036478411874395836,21.038564480975957,0.00019620537827282747,20.991023259072374,0.03406372134029419,24.923408049127033,0.6289571095974025
2008 CP209,364852,MBO,MBO,21163641458604368,745301785793003548,19.657278,3.0044847,2.895257,148.79241436042184,2.8111881322624286,2025052400208,21,60820.023288582335,r,148.79241567294244,2.811193631551918,59.83064651489258,13919.9,227.855,False,13785.1,0.221484,14024.4,227.086,False,6.05388,8.82362,21.040909681202415,0.017772427341722543,21.051475228475567,1.7444429877726512e-05,21.0327892445395,0.0175804657123229,29.444915441192794,1.5824765572347899
2008 CP209,364852,MBO,MBO,21163641458604368,745301785927745557,19.657272,3.0044847,2.8952641,148.79252079008097,2.8111663621117025,2025052400209,22,60820.02381293694,r,148.79252262398595,2.8111682001721903,58.35458755493164,14337.0,243.312,False,14731.5,2.0972,14615.0,244.771,False,26.7344,9.08896,21.008854286898856,0.018425935942565485,20.979382574754254,0.00015456714376190417,20.988002950766358,0.018183833892144716,27.832323904111494,0.3691204096122322
2008 CP209,364852,MBO,MBO,21163641458604368,745301786061963291,19.657267,3.004485,2.8952713,148.79262641236977,2.811144757383711,2025052400210,22,60820.024332603716,r,148.79262482576496,2.8111456163370097,62.22153091430664,14895.3,237.608,False,15096.1,0.390441,14902.9,236.268,False,24.8111,6.55433,20.967376877780435,0.01731953121980737,20.95283811801481,2.8081156125908196e-05,20.966823003287708,0.017213074014690268,27.913384951875845,0.28681812730391343
2008 CP209,364852,MBO,MBO,21163641458604368,745301786196705335,19.65726,3.004485,2.8952785,148.7927326489084,2.811123027294498,2025052400211,23,60820.02485572451,r,148.79273289365935,2.811125314353368,57.410953521728516,14343.4,247.679,False,13374.9,0.396592,14479.9,247.599,False,-12.135,6.46226,21.00836969562071,0.01874827802769885,21.084273609241226,3.21942048742084e-05,20.99808606426132,0.018565541906329048,nan,nan
2008 CP209,364852,MBO,MBO,21163641458604368,745301786332495922,19.657255,3.004485,2.8952854,148.7928382812173,2.811101421082541,2025052400212,26,60820.025375670215,r,148.79283376048767,2.811101300494712,59.557464599609375,14699.9,244.727,False,12980.8,0.0668566,14768.1,243.991,False,-43.2881,6.70183,20.981714020263652,0.018075562592606655,21.116746369751823,5.591999923957666e-06,20.976688467587117,0.017937978915796092,nan,nan
2008 CP209,364852,MBO,MBO,21163641458604368,745301786600931387,19.657244,3.0044851,2.8952997,148.79305098295373,2.811057915592006,2025052400214,26,60820.026422853975,r,148.79305122336183,2.8110560331977443,53.99869155883789,15192.8,280.308,False,14442.4,1.22184,15313.5,281.642,False,-67.2868,5.49117,20.945905462038294,0.0200318942594481,21.000901547773644,9.185425653580724e-05,20.937313842822114,0.0199685842116422,nan,nan
2008 CP209,364852,MBO,MBO,21163641458604368,745301786750877720,19.657238,3.0044851,2.8953068,148.79315723995774,2.8110361824983285,2025052400215,56,60820.026945783255,r,148.7931578595682,2.8110308864641107,64.18055725097656,15381.7,238.277,False,14469.3,0.0132818,15459.5,237.562,False,-55.2012,6.12351,20.932489144328557,0.016819074260747774,20.99888121164921,9.966294955003024e-07,20.92701139097833,0.016684217499350052,nan,nan
2008 CP209,364852,MBO,MBO,21163641458604368,745301786888765444,19.657232,3.0044851,2.8953137,148.79326289260817,2.811014573320932,2025052400216,63,60820.02746558065,r,148.79325980754734,2.8110138039304515,66.3968734741211,15570.8,233.559,False,14538.5,0.103164,15617.9,232.671,False,-54.7711,8.27797,20.919222697571143,0.016285834488730857,20.993700998019776,7.704294963311926e-06,20.91594337846044,0.01617498689823723,nan,nan
2008 CP209,364852,MBO,MBO,21163641458604368,745301787022983209,19.657227,3.0044854,2.895321,148.79336976944597,2.8109927140755877,2025052400217,63,60820.027991999144,r,148.7933667428616,2.810992357053287,65.56815338134766,15950.3,240.923,False,14751.4,1.31567,15970.8,239.866,False,-63.3831,6.4882,20.893077873633338,0.01639961827477995,20.977916872426093,9.6836268372252e-05,20.891683335504652,0.016306709792848338,nan,nan
2008 CP209,364852,MBO,MBO,21163641458604368,745301787292991569,19.657215,3.0044854,2.8953352,148.7935825229817,2.810949201106285,2025052400219,66,60820.0290386908,r,148.79357399149592,2.81095135274679,66.43413543701172,16102.8,240.868,False,14522.9,0.205086,16075.5,239.384,False,-64.6918,6.7614,20.882746515819143,0.01624059835749386,20.994866603398567,1.53322877315677e-05,20.884588775579502,0.016167949896153496,nan,nan
2008 CP209,364852,MBO,MBO,21163641458604368,745301787560378484,19.657204,3.0044856,2.8953495,148.79379590708032,2.8109055604976305,2025052400221,64,60820.030088322615,r,148.79379440708982,2.8109005437894594,61.08916091918945,15567.4,251.624,False,14497.8,0.733843,15794.4,252.836,False,-55.3405,7.09294,20.919459761172387,0.01754931923402492,20.996744753927352,5.49573007928734e-05,20.90374214186871,0.017380412721380283,nan,nan
2008 CP209,364852,MBO,MBO,21163641458604368,745301787696168978,19.657198,3.0044856,2.8953567,148.7939026071524,2.810883739063109,2025052400222,67,60820.030613783456,r,148.79390539465388,2.8108827538560712,64.40760803222656,16682.5,253.994,False,15082.4,0.117386,16867.2,256.418,False,-48.2444,6.60741,20.844347166192975,0.01653052511133299,20.953823835581645,8.450261567072793e-06,20.83239256395165,0.016505544385043733,nan,nan
2008 CP209,364852,MBO,MBO,21163641458604368,745301787829862464,19.657192,3.0044858,2.8953638,148.7940084995505,2.8108620831510414,2025052400223,66,60820.031134837554,r,148.79400943511428,2.810861495894717,74.08340454101562,16576.8,219.767,False,14889.6,0.198442,16670.2,220.283,False,-52.2011,20.764,20.851248204535825,0.01439415179106598,20.967792451351087,1.4470211860956137e-05,20.845148025162015,0.01434711309824281,nan,nan
2008 CP209,364852,MBO,MBO,21163641458604368,745306225845469304,19.641832,3.004618,2.9080002,148.990207187627,2.7712252101319184,2025052500521,13,60820.97064975185,g,148.9902028696892,2.771227149227865,47.17115783691406,7774.8,164.836,False,7160.54,0.0474215,7886.71,163.652,False,-56.153,6.46715,21.673276962292643,0.023019037911326715,21.76263555626233,7.190412908424093e-06,21.65776032587982,0.022529406361017332,nan,nan
2008 CP209,364852,MBO,MBO,21163641458604368,745306225979686982,19.641825,3.004618,2.9080074,148.99031451370234,2.771202763773382,2025052500522,13,60820.97117170756,g,148.9903096720772,2.7712005789985916,45.607200622558594,7787.42,169.981,False,7296.21,0.0527042,7871.36,169.439,False,-22.3757,4.84571,21.671516015411907,0.02369905960135863,21.742256692330763,7.842819566664734e-06,21.659875580124705,0.02337157174325285,nan,nan
2008 CP209,364852,MBO,MBO,21163641458604368,745306226114428991,19.641817,3.0046182,2.9080145,148.99042225377156,2.771180230602157,2025052500523,14,60820.97169588203,g,148.99042068469265,2.771180164633347,50.302757263183594,8049.0,160.277,False,7743.7,0.0636021,8136.5,159.031,False,13.2732,5.75197,21.635645181520992,0.021619894877672432,21.67762867374098,8.917584362863443e-06,21.623905928062097,0.021221129569301993,28.592560901195732,0.47050612207677683
2008 CP209,364852,MBO,MBO,21163641458604368,745306226252316749,19.641811,3.0046182,2.9080215,148.9905302021268,2.771157653644277,2025052500524,21,60820.972220035575,g,148.9905217322207,2.771153222452777,49.61928939819336,7914.4,158.868,False,7508.34,0.101238,8040.75,156.008,False,29.8283,5.22294,21.653955023223578,0.02179429108931092,21.711140196238503,1.463942247894581e-05,21.636758601490136,0.021065638038815355,27.713428726709623,0.19011257524386765
2008 CP209,364852,MBO,MBO,21163641458604368,745306226388107333,19.641804,3.0046182,2.9080286,148.990637741982,2.77113516190424,2025052500525,24,60820.97274321155,g,148.99063024834342,2.7711281615239587,48.937435150146484,8085.19,164.67,False,7487.25,0.478562,8092.51,160.577,False,26.5669,6.11557,21.630774432425596,0.022113046217239807,21.714194163737996,6.93969196718889e-05,21.629791919602013,0.021543904560460153,27.83914778704744,0.24993114637561728
2008 CP209,364852,MBO,MBO,21163641458604368,745306226520752207,19.641796,3.0046182,2.9080355,148.99074446206885,2.771112841407448,2025052500526,21,60820.97326288884,g,148.99074456244892,2.7711112197628847,46.83538055419922,7765.41,165.133,False,7088.08,0.316921,7794.82,163.438,False,11.3361,5.7106,21.67458900151538,0.02308839691934624,21.773678461545686,4.85452471332464e-05,21.670484797484164,0.022765190431402054,28.76384086512339,0.5469434167706284
2008 CP209,364852,MBO,MBO,21163641458604368,745306226656542804,19.641788,3.0046184,2.9080427,148.9908520074366,2.771090348097387,2025052500527,24,60820.97378587482,g,148.99084427823573,2.771087654708635,51.08650588989258,8129.62,158.596,False,7788.54,0.0769577,8101.64,155.508,False,-5.61165,6.09499,21.624824369367786,0.02118099112788936,21.671359857873085,1.0728039346094604e-05,21.62856762866121,0.020840306173683956,nan,nan
2008 CP209,364852,MBO,MBO,21163641458604368,745306226806489101,19.641783,3.0046184,2.9080498,148.9909593499195,2.771067897020703,2025052500528,54,60820.9743077991,g,148.9909619160708,2.7710698953967494,50.80223846435547,8008.81,156.455,False,7626.14,0.215044,7952.78,154.098,False,-16.6412,5.21506,21.641080015462418,0.021210249545274198,21.694238046159516,3.061588949460812e-05,21.648702607811146,0.02103789995703551,nan,nan
2008 CP209,364852,MBO,MBO,21163641458604368,745306226925502492,19.641775,3.0046184,2.9080567,148.9910662840239,2.771045531164342,2025052500529,25,60820.97482747467,g,148.991067775615,2.7710427773921946,48.16405487060547,8165.39,169.142,False,7880.74,0.333267,8210.66,168.104,False,-16.9586,4.59365,21.62005765035063,0.022490485845112384,21.658582468774306,4.591447510899605e-05,21.61405480796556,0.022229223927491992,nan,nan
2008 CP209,364852,MBO,MBO,21163641458604368,745306227059720265,19.641768,3.0046186,2.908064,148.99117383776317,2.7710230355187364,2025052500530,25,60820.97535075101,g,148.99117555316468,2.771020361619965,55.12390899658203,8352.45,151.479,False,7957.12,0.168651,8359.39,148.957,False,-11.9264,5.87825,21.59546526332378,0.019690777551001053,21.648110214927115,2.3012156861840356e-05,21.594563577333187,0.019346868066809533,nan,nan
2008 CP209,364852,MBO,MBO,21163641458604368,745306227209666597,19.641762,3.0046186,2.9080708,148.991280777553,2.7710006681024013,2025052500531,55,60820.97587058709,g,148.9912800733912,2.771000065735548,57.7363395690918,8391.92,144.319,False,7935.33,0.292037,8418.61,141.698,False,-16.5655,6.15125,21.590346672395437,0.01867181348943939,21.651087509031864,3.995739962598243e-05,21.586898977443358,0.018274589296401498,nan,nan
2008 CP209,364852,MBO,MBO,21163641458604368,745306227344408658,19.641754,3.0046186,2.908078,148.99138957113564,2.770977912767543,2025052500532,56,60820.97639929077,g,148.99138877195273,2.7709800646230174,60.924068450927734,8643.05,141.793,False,8232.01,0.310825,8624.49,139.379,False,-28.5394,6.89451,21.558332461038326,0.0178119756758267,21.61123530760551,4.09953285881274e-05,21.560666413083283,0.01754640795976262,nan,nan
2008 CP209,364852,MBO,MBO,21163641458604368,745306227478626396,19.641747,3.004619,2.908085,148.99149692798545,2.77095545776721,2025052500533,56,60820.97692103904,g,148.9914966660554,2.770953909980187,58.796199798583984,8439.01,142.877,False,7814.42,0.335481,8358.07,139.603,False,-28.0834,6.94312,21.584271276372803,0.018382101080897734,21.667758137227445,4.661175856289231e-05,21.594734949156408,0.018134811299711596,nan,nan
2008 CP209,364852,MBO,MBO,21163641458604368,745306227596591172,19.641739,3.004619,2.908092,148.99160490485113,2.7709328729146985,2025052500534,25,60820.977446518904,g,148.99159645756453,2.770932112405687,60.05678176879883,8935.68,147.697,False,8291.04,0.123309,9072.09,145.632,False,-1.18367,7.47727,21.522181018834885,0.017946031259136436,21.603477468891278,1.614767827462499e-05,21.50573164368864,0.01742905348197013,nan,nan
2008 CP209,364852,MBO,MBO,21163641458604368,745306227746537487,19.641733,3.004619,2.9080992,148.99171226772663,2.7709104163252194,2025052500535,55,60820.97796848843,g,148.99171144797523,2.770908533433752,59.72457504272461,8505.46,141.217,False,7950.8,0.00832169,8643.29,139.211,False,74.6416,6.8401,21.575755488757085,0.018026585882783778,21.648972954053463,1.1363838538054616e-06,21.558302283318703,0.017487139795964113,26.717547626587237,0.0994960431461922
2008 CP209,364852,MBO,MBO,21163641458604368,745306227880755228,19.641726,3.0046191,2.908106,148.99181860511757,2.7708881740781712,2025052500536,55,60820.9784858992,g,148.9918128118957,2.7708856012505527,60.39139175415039,8905.61,146.878,False,8279.76,0.173231,9153.85,145.014,False,172.994,6.32331,21.525840776343514,0.017906775895349714,21.604955659842446,2.271601833448918e-05,21.495990567426126,0.01720008137918132,25.80492237773638,0.039686037433504205
2008 CP209,364852,MBO,MBO,21163641458604368,745306228015497303,19.641718,3.0046191,2.9081132,148.99192638526446,2.7708656299044114,2025052500537,56,60820.979009012066,g,148.991921963581,2.7708661241529837,63.56294250488281,9138.12,143.442,False,8708.89,0.136494,9460.82,140.692,False,277.656,7.72256,21.497857844008713,0.01704291168682367,21.550093031050267,1.701668972039862e-05,21.460178014770655,0.016145999451644112,25.29123232012489,0.03019802464658814
2008 CP209,364852,MBO,MBO,21163641458604368,745306228154957857,19.64171,3.0046191,2.9081202,148.99203293438745,2.7708433430785764,2025052500538,66,60820.97952775342,g,148.99203136454602,2.770840362527783,60.871726989746094,9057.9,148.481,False,8547.95,0.170191,9348.65,146.262,False,347.181,6.60893,21.50743114886542,0.017797855299212424,21.57034504230056,2.1617175052725248e-05,21.473127702821422,0.016986616782956238,25.04861012641583,0.02066805125050129
2008 CP209,364852,MBO,MBO,21163641458604368,745306228285505604,19.641705,3.0046194,2.9081273,148.99214154347135,2.7708206252310137,2025052500539,59,60820.98005534505,g,148.9921439011039,2.7708184506371087,54.80228805541992,9073.37,163.501,False,8831.27,0.24559,9516.35,162.239,False,329.743,7.68495,21.505578432998103,0.019564832097500963,21.534942150799807,3.019338896213893e-05,21.45382402833731,0.018510118021226516,25.104561000145242,0.025304033809823167
2008 CP209,364852,MBO,MBO,21163641458604368,745306228664565801,19.641642,3.0046198,2.908188,148.99306546858867,2.770627362155293,2025052500542,14,60820.98454604609,u,148.99310282426327,2.7706048343083247,6.52396821975708,2745.54,415.914,False,2702.26,18.3084,3003.58,414.526,False,57.2803,16.1488,22.803430546143012,0.16447506976092102,22.82068216440109,0.00735609889175912,22.705901962209655,0.14984314563532913,27.00498678763695,0.30609715151233785
2008 CP209,364852,MBO,MBO,21163641458604368,745306228938244125,19.641624,3.00462,2.9082048,148.99331876196217,2.770574377974597,2025052500544,24,60820.985777339905,u,148.99327851153092,2.770572139278728,5.605048656463623,1951.22,350.642,False,1994.89,37.0545,1777.56,340.745,False,-9.81277,22.8007,23.174234419187407,0.1951111192840581,23.150202608775167,0.02016723354838532,23.275439292001515,0.20812752626853115,nan,nan
2008 CP209,364852,MBO,MBO,21163641458604368,745306229070888991,19.641617,3.00462,2.9082131,148.99344551855535,2.7705478627381197,2025052500545,21,60820.986393106185,u,148.99342930513438,2.770583891453736,7.880372524261475,2755.86,346.302,False,2680.78,6.3224,2680.8,337.573,False,-34.3887,20.3198,22.799357079498762,0.13643385609020328,22.829347051187774,0.002560619896822364,22.829338943156348,0.13671859857226376,nan,nan
2008 CP209,364852,MBO,MBO,21163641458604368,745306229356625936,19.6416,3.0046203,2.9082298,148.99369904595187,2.770494829026637,2025052500547,54,60820.987625629394,u,148.99367568967253,2.770420511977657,8.887659072875977,2749.71,306.237,False,2998.39,4.59093,2710.02,297.636,False,28.5705,21.8793,22.80178278270379,0.12091915232143571,22.707779736936885,0.0016624051830659925,22.817568752205275,0.11924419888648521,27.760205419910612,0.8314571925237219
2008 CP209,364852,MBO,MBO,21163641458604368,745306229476163609,19.641592,3.0046203,2.9082382,148.99382561108072,2.770468353593808,2025052500548,26,60820.98824021709,u,148.99383609421207,2.770380665661491,6.79282283782959,2637.92,377.832,False,2837.16,48.8324,2983.77,374.126,False,96.2773,33.9715,22.846845980669798,0.15551112037540818,22.7677904629518,0.018687387272018453,22.713086635218282,0.1361372184751194,26.441190266796628,0.3831026491913457
2008 CP209,364852,MBO,MBO,21163641458604368,745306229625585672,19.641582,3.0046206,2.9082463,148.9939515635586,2.7704420062541315,2025052500549,55,60820.98885259776,u,148.99398700035377,2.7704561965753056,6.605869770050049,2014.63,305.493,False,2007.35,40.6679,2037.33,297.202,False,160.232,24.4225,23.139511755435247,0.16463808344692432,23.143442257352184,0.021996468992094856,23.127346572701768,0.15838522673331493,25.88812690253601,0.1654875056932143
2008 CP209,364852,MBO,MBO,21163641458604368,745306229759803411,19.641575,3.0046206,2.9082546,148.9940779324928,2.770415571743169,2025052500550,55,60820.98946626492,u,148.99409059685487,2.770383256953842,7.478180408477783,2256.19,294.092,False,2345.31,18.9302,2326.84,283.779,False,103.326,35.6029,23.016560853219723,0.14152458419738295,22.97449933457386,0.008763533868041911,22.983083656451285,0.13241525579736418,26.364475995034127,0.3741106832296869
2008 CP209,364852,MBO,MBO,21163641458604368,745306229896118276,19.641565,3.0046206,2.908263,148.9942043063178,2.77038913616303,2025052500551,59,60820.99008081766,u,148.9942567173836,2.770306955157158,7.10693883895874,2011.16,286.227,False,2414.26,11.5049,1973.34,281.311,False,-26.9085,24.1966,23.141383424706753,0.1545212714377668,22.943039898225514,0.005173960711936997,23.161995220776078,0.15477796417411627,nan,nan
2008 CP209,364852,MBO,MBO,21163641458604368,745306230030336004,19.641558,3.0046208,2.9082713,148.99433109674197,2.7703626133991306,2025052500552,59,60820.99069647894,u,148.99440847572436,2.770397507321207,8.70433521270752,2862.43,330.264,False,2954.2,24.418,2809.62,322.081,False,-50.637,29.689,22.75816283863824,0.12527104547846793,22.72390028343375,0.008974174494197809,22.778380990417105,0.12446344384196548,nan,nan
2008 CP209,364852,MBO,MBO,21163641458604368,745306230162980872,19.64155,3.0046208,2.9082797,148.9944580979629,2.7703360465112423,2025052500553,56,60820.99131314667,u,148.99447910291738,2.7703556712746185,8.833795547485352,2668.87,305.486,False,2775.98,1.10231,2636.23,293.558,False,-51.1071,28.0737,22.834181402512588,0.12427626203819431,22.79145917551711,0.0004311334453351029,22.847541763180892,0.12090241225799123,nan,nan
2008 CP209,364852,MBO,MBO,21163641458604368,745306230297198609,19.64154,3.004621,2.908288,148.99458448673863,2.7703096077193807,2025052500554,56,60820.99192794111,u,148.99459155494878,2.7702454014973976,7.39253568649292,2622.26,356.929,False,3213.88,80.8107,2728.13,348.928,False,-30.8725,21.1354,22.853310620280027,0.14778501016132448,22.632425897032604,0.0273000564233618,22.8103373932812,0.13886573899881935,nan,nan
2008 CP209,364852,MBO,MBO,21163641458604368,745306230431416352,19.641533,3.004621,2.9082963,148.99471067465674,2.770283210934097,2025052500555,56,60820.99254046436,u,148.9947656535221,2.7703621883806426,7.826596260070801,2854.95,363.88,False,3557.01,84.867,2964.7,355.284,False,-54.6101,24.8057,22.761003751925717,0.13838340504941823,22.522287281665953,0.025904670137004024,22.72004813445441,0.13011255925167037,nan,nan
2008 CP209,364852,MBO,MBO,21163641458604368,745306230567206916,19.641523,3.004621,2.9083047,148.9948376912106,2.7702566408084235,2025052500556,59,60820.99315735164,u,148.9948839719209,2.7702527347909873,6.42677116394043,2822.13,438.91,False,3299.07,27.3546,2964.71,433.491,False,-41.0451,15.582,22.773557506494285,0.16885845138054414,22.60402115113461,0.009002500691210669,22.72004446867144,0.1587530910012458,nan,nan
2008 CP209,364852,MBO,MBO,21163641458604368,745306230705094674,19.641516,3.0046213,2.9083128,148.99496430109545,2.7702301557603763,2025052500557,66,60820.9937722632,u,148.99477694827254,2.7700972692779438,7.2442097663879395,2919.32,398.347,False,3352.02,4.62041,3036.65,393.147,False,-13.6759,20.7225,22.736795718078117,0.14815084793541086,22.58673349065781,0.0014965741108809258,22.69401318833458,0.1405673847382043,nan,nan
2008 CP209,364852,MBO,MBO,21163641458604368,745306230946267174,19.641462,3.0046217,2.908365,148.99575681329833,2.7700643738411856,2025052500559,14,60820.99762132482,r,148.99575914438321,2.770055371289059,37.64143371582031,21472.3,568.077,False,21202.1,0.357285,21482.1,571.645,False,-180.072,4.49731,20.570303544816987,0.028724532172946224,20.584052823666944,1.829617157693574e-05,20.569808184968064,0.02889176129245234,nan,nan
2008 CP209,364852,MBO,MBO,21163641458604368,745306231084154934,19.641455,3.0046217,2.9083722,148.99586430962987,2.770041887358538,2025052500560,21,60820.99814325482,r,148.99585655774538,2.7700225971590426,43.73577880859375,20207.4,459.498,False,20406.9,1.08293,20353.5,469.095,False,-173.909,4.47109,20.63622388328549,0.024688658095338812,20.625557388439546,5.7616602809544704e-05,20.628402246196842,0.02502338301994135,nan,nan
2008 CP209,364852,MBO,MBO,21163641458604368,745306231220469773,19.641447,3.004622,2.908379,148.99597201588855,2.770019357020897,2025052500561,25,60820.998666450614,r,148.99597153545335,2.7700192451343444,76.69388580322266,21463.3,279.668,False,19985.4,0.617689,21455.8,279.532,False,-118.708,5.41772,20.570758720737686,0.014147202949433557,20.64821786648352,3.3556862114826666e-05,20.571138179828026,0.014145266817657345,nan,nan
2008 CP209,364852,MBO,MBO,21163641458604368,745306231488905231,19.641432,3.004622,2.9083934,148.9961880582781,2.769974164785165,2025052500563,25,60820.99971589072,r,148.99619372217353,2.769962204993548,62.659393310546875,21798.0,348.013,False,20755.1,0.593714,21456.4,345.788,False,-167.506,4.6002,20.553958379384103,0.017334173518517088,20.607187944957438,3.105823609113408e-05,20.57110783798634,0.017497554941148488,nan,nan
2008 CP209,364852,MBO,MBO,21163641458604368,745306231772545060,19.641418,3.0046222,2.9084077,148.9964041167489,2.7699289694869687,2025052500565,54,60821.000764293705,r,148.99639712563203,2.7699206543266275,80.24382781982422,22109.5,274.991,False,20427.1,0.13389,22192.6,276.251,False,-196.607,5.27433,20.538552696888388,0.013504044947504344,20.624483233328927,7.116488706432083e-06,20.534479555384422,0.013515123296372672,nan,nan
2008 CP209,364852,MBO,MBO,21163641458604368,745306232042029099,19.641403,3.0046222,2.9084218,148.99661957366308,2.7698839003673075,2025052500567,56,60821.00181050827,r,148.9966208280576,2.769885677786886,85.71630096435547,22422.2,261.073,False,21007.2,0.117071,22459.8,261.22,False,-156.076,5.26754,20.523304482728335,0.012641775380677525,20.594079614930386,6.050698375294623e-06,20.521485250639156,0.012627717204377423,nan,nan
2008 CP209,364852,MBO,MBO,21163641458604368,745306232176246854,19.641396,3.0046225,2.908429,148.99672751423392,2.7698613215807097,2025052500568,56,60821.00233476552,r,148.99672596265495,2.769863072834091,86.56432342529297,22244.2,256.125,False,20917.0,0.19763,22390.1,256.127,False,-125.519,5.94718,20.531958060105403,0.012501424875266995,20.598751508985334,1.025835681533431e-05,20.52485993580391,0.012420059630902296,nan,nan
2008 CP209,364852,MBO,MBO,21163641458604368,745306232312037422,19.641388,3.0046225,2.9084358,148.99683504704248,2.769838828191119,2025052500569,59,60821.002856651525,r,148.99683350587023,2.769840416086007,91.43987274169922,22516.5,245.665,False,20727.2,0.148205,22571.3,244.473,False,-85.5047,6.00013,20.51874778997119,0.011845863142691678,20.608648445925418,7.763303158725621e-06,20.51610852966043,0.011759765091871138,nan,nan
2008 CP209,364852,MBO,MBO,21163641458604368,745306232449925179,19.641382,3.0046225,2.908443,148.99694196590596,2.769816463331275,2025052500570,66,60821.003375144894,r,148.99694248830238,2.769811664865001,89.43141174316406,22318.0,248.789,False,20964.3,0.136055,22424.9,247.846,False,-55.7053,5.76618,20.528361816885585,0.012103200386952421,20.596299044921693,7.0462560582185085e-06,20.523173693440775,0.011999846740118449,nan,nan
2008 CP209,364852,MBO,MBO,21163641458604368,745306232578900033,19.641375,3.0046227,2.9084501,148.9970499189589,2.7697938822571397,2025052500571,56,60821.00389933289,r,148.9970485150184,2.7697869358271467,91.74493408203125,21483.0,234.126,False,20300.2,0.187237,21662.3,234.35,False,-30.5221,7.43218,20.5697626788848,0.011832569118014195,20.631249250145625,1.0014186639918975e-05,20.560738545692374,0.011745856951266707,nan,nan
2008 CP209,364852,MBO,MBO,21163641458604368,745306232713117777,19.641367,3.0046227,2.908457,148.99715767025572,2.7697713435040896,2025052500572,56,60821.00442242049,r,148.99715678074983,2.769769375262097,65.39640045166016,22536.8,341.499,False,21334.8,0.446599,22661.7,342.325,False,-35.1626,6.25011,20.517769335815885,0.016452105340970854,20.57727852028303,2.2727594951725016e-05,20.51176882249454,0.016401005765707258,nan,nan
2008 CP209,364852,MBO,MBO,21163641458604368,745306232848908297,19.64136,3.0046227,2.9084642,148.99726563187338,2.7697487608821008,2025052500573,59,60821.00494649089,r,148.99726527594933,2.7697558154914983,83.03955078125,22286.5,267.143,False,20715.4,0.229629,22549.7,268.487,False,-78.8774,6.48889,20.529895325663198,0.013014463140434428,20.609266670425612,1.2035321977783178e-05,20.517148116561316,0.012927270250876114,nan,nan
2008 CP209,364852,MBO,MBO,21163641458604368,745306232983126059,19.641352,3.004623,2.9084713,148.9973733915736,2.7697262206255777,2025052500574,59,60821.00546957778,r,148.99737567860154,2.7697248600068383,75.25215148925781,22989.6,304.273,False,21662.8,0.0517096,22964.9,304.461,False,-142.16,6.0877,20.49617148102137,0.014369985949154545,20.560713485480953,2.5916770964057966e-06,20.49733858494409,0.014394328885544733,nan,nan
2008 CP209,364852,MBO,MBO,21163641458604368,745306233123110947,19.641344,3.004623,2.9084783,148.99747991941365,2.7697039381717925,2025052500575,70,60821.00598691785,r,148.99747440765532,2.769705294299146,69.22307586669922,22781.6,327.78,False,21553.4,0.565743,22988.4,329.886,False,-182.117,4.82978,20.50603946302871,0.015621493572549952,20.566210508144827,2.8498876194480696e-05,20.4962281183355,0.015580429812978946,nan,nan
2008 CP209,364852,MBO,MBO,21163641458604368,745306233253134370,19.641338,3.004623,2.9084854,148.997588099777,2.769681310199932,2025052500576,62,60821.00651108364,r,148.99758619843192,2.7696833894359316,47.6514892578125,22434.7,470.385,False,21373.5,0.440277,22948.9,479.421,False,-210.605,4.74373,20.52269937165809,0.022764469908792512,20.575310886187374,2.236529768636014e-05,20.498095297726906,0.0226819027183553,nan,nan
2008 CP209,364852,MBO,MBO,21163641458604368,745306233407799317,19.64133,3.0046232,2.9084926,148.99769587245297,2.769658767649953,2025052500577,101,60821.00703421028,r,148.99769532622474,2.769662081451336,75.20393371582031,23853.2,313.526,False,22235.0,0.159111,23709.1,314.13,False,-198.338,6.03758,20.456133411594134,0.014270896212769111,20.532407165537617,7.769398058673622e-06,20.46271234682435,0.01438529193100422,nan,nan
2008 CP209,364852,MBO,MBO,21163641458604368,745306233525239829,19.641323,3.0046232,2.9084997,148.99780364947924,2.7696362243414057,2025052500578,69,60821.00755743646,r,148.99780455750334,2.769635273543659,62.74055862426758,23295.0,369.459,False,22137.0,0.183192,23514.5,374.758,False,-173.466,5.44312,20.481843213039397,0.017219790884015665,20.537203087338465,8.984875394017302e-06,20.471660628574742,0.017303719996234042,nan,nan
2008 CP209,364852,MBO,MBO,21163641458604368,745306233680429090,19.641315,3.0046232,2.9085066,148.99791101870255,2.769613766487437,2025052500579,109,60821.00807812068,r,148.99790944015584,2.7696082582013384,72.5687255859375,22770.8,312.317,False,22289.3,0.52616,23266.1,314.764,False,-138.845,4.9761,20.50655424068185,0.014891608881473345,20.529758887974793,2.562982881371065e-05,20.483191042224107,0.014688782593968705,nan,nan
2008 CP209,364852,MBO,MBO,21163641458604368,745306233904300036,19.641264,3.0046237,2.9085555,148.99865241942288,2.769458696292495,2025052500581,24,60821.011675497255,i,148.99866873350507,2.769469691397699,8.104695320129395,26625.1,3231.55,False,28130.6,42.2033,26456.1,3279.19,False,-228.209,8.50829,20.33677189693738,0.1317783195922833,20.277052526655293,0.0016288899605214576,20.343685457342733,0.13457521305981973,nan,nan
2008 CP209,364852,MBO,MBO,21163641458604368,745306234038517763,19.641258,3.004624,2.9085624,148.9987604421806,2.7694361031700105,2025052500582,24,60821.01219956014,i,148.99877455269802,2.769449865593341,12.964533805847168,30663.7,2347.18,False,30156.7,43.184,30612.1,2384.45,False,-296.261,7.48702,20.18343863435473,0.08310863645915399,20.2015404890292,0.0015547600177280962,20.185267205450124,0.08457060030041876,nan,nan
2008 CP209,364852,MBO,MBO,21163641458604368,745306234173259796,19.64125,3.004624,2.9085696,148.99886826341768,2.7694135524009806,2025052500583,25,60821.012722662526,i,148.99881819529284,2.769395799030086,8.261490821838379,23614.7,2951.27,False,28499.9,122.833,25057.9,3018.53,False,-309.848,8.52375,20.467043954190153,0.13569093895882037,20.262891644704823,0.004679463212500543,20.40263830372246,0.13079018141453672,nan,nan
2008 CP209,364852,MBO,MBO,21163641458604368,745306234323206157,19.641243,3.004624,2.9085767,148.9989760892562,2.7693910008799016,2025052500584,55,60821.013245726775,i,148.99887128263967,2.769250372435919,5.076316833496094,23463.4,4442.27,False,31468.2,282.65,24790.8,4574.06,False,-313.321,7.53596,20.474022620803737,0.20555986392508582,20.155320272661076,0.009752173281819829,20.414273611553497,0.20032521951083657,nan,nan
2008 CP209,364852,MBO,MBO,21163641458604368,745306234441695252,19.641235,3.0046241,2.9085839,148.99908391971965,2.7693684486070724,2025052500585,25,60821.013768803256,i,148.99914450766423,2.769373451439681,9.218500137329102,30556.7,3294.85,False,31349.5,9.25959,31406.7,3357.44,False,-212.336,7.65788,20.187233901787422,0.11707213579145832,20.159423453588154,0.00032069003543630487,20.15744426171066,0.11606740569252545,nan,nan
2008 CP209,364852,MBO,MBO,21163641458604368,745306234591641620,19.641228,3.0046241,2.908591,148.99919257959723,2.7693457230895144,2025052500586,55,60821.01429518061,i,148.99914105659872,2.7693369324483497,8.401534080505371,28787.9,3354.07,False,32672.3,9.72449,31346.2,3480.57,False,-292.608,7.31004,20.251975021724313,0.12649881572117966,20.11455070364782,0.0003231554189102403,20.159537776508387,0.1205562725497776,nan,nan
2008 CP209,364852,MBO,MBO,21163641458604368,745306234996391938,19.641205,3.0046244,2.9086123,148.99951487583655,2.769278318268288,2025052500589,59,60821.01585861315,i,148.99953945322883,2.769263471482473,10.265406608581543,28728.2,2836.67,False,33011.6,84.1628,28551.1,2877.75,False,-160.846,8.43926,20.254228990525775,0.10720738921630574,20.103333513251503,0.002768075424745567,20.260942901987757,0.10943457190758277,nan,nan
2008 CP209,364852,MBO,MBO,21163641458604368,745306235130609683,19.6412,3.0046244,2.9086192,148.99962314220136,2.7692556759913325,2025052500590,59,60821.01638391444,i,148.99962542727206,2.769261713623791,31.283063888549805,31392.6,1001.97,False,31828.2,6.81336,32077.8,1023.41,False,-254.241,8.30488,20.157931797619952,0.03465387023723721,20.1429698306768,0.0002324200564980104,20.13448853529851,0.034639321683269816,nan,nan
2008 CP209,364852,MBO,MBO,21163641458604368,745306235270070275,19.641191,3.0046244,2.9086263,148.99973100088962,2.769233119222072,2025052500591,69,60821.0169068641,i,148.99973363575893,2.7692204840026955,15.757030487060547,27989.8,1774.01,False,27066.0,60.7834,27852.5,1815.31,False,-312.691,8.61829,20.282500481586624,0.06881459822665603,20.318939806296612,0.0024382893536258185,20.287839542744816,0.07076376818873838,nan,nan
2008 CP209,364852,MBO,MBO,21163641458604368,745306235404288010,19.641184,3.0046246,2.9086335,148.99983865806684,2.769210604847833,2025052500592,69,60821.01742884031,i,148.99982927846744,2.7692001027743998,9.665212631225586,29820.6,3051.9,False,30515.5,81.35,30690.1,3124.05,False,-377.056,8.78489,20.213709070850683,0.11111641820343185,20.18869877420932,0.0028944188560034033,20.182504254993127,0.11052079617405233,nan,nan
2008 CP209,364852,MBO,MBO,21163641458604368,745306235671150611,19.641169,3.0046246,2.9086475,149.00005419321514,2.7691655307033693,2025052500594,66,60821.01847391052,i,149.00005497585457,2.7691972714793303,11.306479454040527,22040.1,1946.7,False,22214.7,46.9256,22866.9,1985.8,False,-409.791,8.27046,20.541966117596893,0.09589805192573372,20.533398906544097,0.0022934733589571113,20.50198175010079,0.0942871561773671,nan,nan
2008 CP209,364852,MBO,MBO,21163641458604368,745306236095823915,19.641096,3.0046253,2.908717,149.0011078126332,2.768945207044496,2025052500597,108,60821.023580709094,i,149.0010925310867,2.768940621616052,16.451330184936523,28234.2,1735.39,False,29525.4,24.7016,27883.4,1759.39,False,-427.901,7.49552,20.273061313142513,0.0667338129082935,20.224510510640055,0.0009083507802220647,20.28663566244343,0.06850790830504323,nan,nan
2008 CP209,364852,MBO,MBO,21163641458604368,745306236366356485,19.64108,3.0046256,2.9087312,149.0013242897496,2.768899942872226,2025052500599,112,60821.02462903415,i,149.00133597548432,2.768904506273499,19.743682861328125,30211.8,1530.04,False,29872.7,22.7073,30588.5,1561.67,False,-180.735,8.52043,20.199558469334853,0.05498579436452138,20.21181383478144,0.0008253066702773016,20.18610454860526,0.055431345329049954,nan,nan
2008 CP209,364852,MBO,MBO,21163641458604368,745306236633219103,19.641066,3.0046258,2.9087453,149.00153975549546,2.768854891494907,2025052500601,109,60821.02567340035,i,149.00152760026313,2.768879926010423,12.920141220092773,27427.1,2103.86,False,27955.2,95.9146,28162.5,2160.28,False,-92.3813,8.09753,20.304550290525995,0.08328394620310016,20.283843521141108,0.0037251728822425075,20.275821988170282,0.0832843050234734,nan,nan
2008 CP209,364852,MBO,MBO,21163641458604368,745306236770582532,19.641058,3.0046258,2.9087524,149.00164811527824,2.768832235238585,2025052500602,115,60821.02619863588,i,149.00166466942017,2.7688404813908005,27.18442726135254,28719.5,1042.33,False,28578.5,2.42779,29646.1,1067.56,False,-16.6545,8.07407,20.254557813331584,0.03940512093151079,20.259901424413588,9.223505155202473e-05,20.220081091293228,0.03909750765333073,nan,nan
2008 CP209,364852,MBO,MBO,21163641458604368,745306236902703127,19.64105,3.0046258,2.9087596,149.00175586098143,2.7688097077228,2025052500603,111,60821.02672083935,i,149.00175622789178,2.7688063348619667,20.472761154174805,28489.0,1401.52,False,29266.7,5.28139,28808.8,1428.86,False,48.5727,7.9604,20.26330698694904,0.05341293225098806,20.23406563941582,0.00019592904884876573,20.25118704910333,0.053850385144669284,27.184019375872825,0.17793728799892058
2008 CP209,364852,MBO,MBO,21163641458604368,745306237172711438,19.641035,3.004626,2.908774,149.00197260665675,2.768764391515957,2025052500605,114,60821.02777030504,i,149.00193984093661,2.7687820754293817,8.276202201843262,23044.1,2810.43,False,25682.4,142.011,25535.2,2870.88,False,281.366,8.25154,20.493600640449785,0.13241504677738636,20.375910969062076,0.006003585472998092,20.382151873866476,0.12206751165632344,25.276820969020804,0.03184107535494286
2008 CP209,364852,MBO,MBO,21163641458604368,745306237327376400,19.641027,3.004626,2.908781,149.0020809874062,2.7687417323037886,2025052500606,153,60821.02829560958,i,149.0020554465639,2.7687346639578805,9.538335800170898,30910.5,3212.75,False,34091.5,69.3914,32796.5,3256.15,False,256.751,8.31504,20.174734924620555,0.11284835223748177,20.068384724311812,0.002209957284111893,20.110431252900042,0.10779564395878392,25.376219610626972,0.035162236277351225
2008 CP209,364852,MBO,MBO,21163641458604368,745306237441671200,19.64102,3.004626,2.908788,149.00218937345952,2.768719072353431,2025052500607,115,60821.02882074547,i,149.002235277172,2.768719794714248,10.86690616607666,29493.9,2710.58,False,33058.5,34.5262,30112.0,2830.9,False,234.311,8.29841,20.225669477054247,0.09978249359151874,20.10179214010728,0.0011339396717039451,20.20315099563209,0.10207261277965138,25.475518284678976,0.03845267380465786
2008 CP209,364852,MBO,MBO,21163641458604368,745306237528178702,19.64101,3.0046263,2.9087985,149.0023460781258,2.7686863112398474,2025052500608,24,60821.029579858296,i,149.0023353645485,2.768706034265807,10.473326683044434,34968.7,3329.23,False,34650.5,80.5288,37319.9,3358.8,False,110.558,9.05334,20.0408013061747,0.10336860119243327,20.05072623555437,0.00252328349469018,19.970148867036066,0.09771652577413496,26.29102457895847,0.08890843797803161
2008 CP209,364852,MBO,MBO,21163641458604368,745306237662920719,19.641003,3.0046263,2.9088054,149.0024538578468,2.768663778975641,2025052500609,25,60821.03010185724,i,149.00242458894985,2.7686166213430203,8.531563758850098,24706.9,2878.94,False,24822.1,444.287,25570.6,2944.14,False,-61.0602,8.83855,20.417954339214795,0.12651402143892895,20.412903714808806,0.019433427268877215,20.38064772002121,0.12500916373008397,nan,nan
2008 CP209,364852,MBO,MBO,21163641458604368,745306237797138457,19.640995,3.0046265,2.9088125,149.00256246875418,2.768641073333621,2025052500610,25,60821.030627249565,i,149.0025573524909,2.7686340868752257,28.051965713500977,28536.0,1015.4,False,29938.9,5.04022,29543.2,1031.84,False,-130.389,7.89503,20.261517259174255,0.038633885927201995,20.2094103866569,0.00018278390414448717,20.223856192345387,0.03792094417778852,nan,nan
2008 CP209,364852,MBO,MBO,21163641458604368,745306237931880484,19.640987,3.0046265,2.9088197,149.00267087862886,2.7686184101126607,2025052500611,26,60821.03115241413,i,149.00269066712684,2.7685931559199783,13.556839942932129,26384.0,1957.01,False,26650.7,128.025,26758.1,2005.16,False,-174.507,7.97497,20.34664840424889,0.08053352867937384,20.335728480396412,0.0052156744499055295,20.331361834740832,0.08136134020071337,nan,nan
2008 CP209,364852,MBO,MBO,21163641458604368,745306238081302575,19.64098,3.0046265,2.9088268,149.0027792939249,2.7685957461575383,2025052500612,55,60821.03167765079,i,149.0027836963002,2.7685924305889413,21.77951431274414,26059.4,1184.79,False,25781.9,8.4291,26283.5,1206.7,False,-194.843,7.78398,20.36008895333513,0.04936297156360253,20.37171268460709,0.00035496914287262666,20.350792007838102,0.049847159825258114,nan,nan
2008 CP209,364852,MBO,MBO,21163641458604368,745306238349738039,19.640965,3.0046268,2.9088411,149.00299510815594,2.768550631923313,2025052500614,55,60821.032722705946,i,149.00299931231172,2.7685534354612877,34.61516571044922,28380.7,822.45,False,26808.4,1.42509,28535.8,832.589,False,-162.738,8.06949,20.26744227245147,0.03146376866807403,20.329322747050462,5.771592996946954e-05,20.26152483906508,0.03167852257765118,nan,nan
2008 CP209,364852,MBO,MBO,21163641458604368,745319361485471795,19.573614,3.005051,2.9482899,149.63445131772534,2.635209710457917,2025052800085,50,60823.970929467236,i,149.63445113640248,2.635212696755655,64.5608139038086,23936.2,367.298,False,23470.6,0.780794,23848.8,365.341,False,-100.85,10.3383,20.45236202302047,0.016660487214239787,20.47368953807036,3.6119074711858605e-05,20.456333635603677,0.016632448655674568,nan,nan
2008 CP209,364852,MBO,MBO,21163641458604368,745319361619689509,19.5736,3.005051,2.9482968,149.63456310311244,2.6351848714505963,2025052800086,50,60823.971449116994,i,149.63455246982187,2.635183410950931,63.90210723876953,24234.5,375.927,False,23789.5,0.243787,24265.4,374.879,False,-86.8085,9.48875,20.438914840253403,0.016842004430324034,20.459036714318653,1.1126269075364149e-05,20.437531345561162,0.016773665126709594,nan,nan
2008 CP209,364852,MBO,MBO,21163641458604368,745319361753907237,19.57359,3.005051,2.948304,149.63467575121743,2.635159840639685,2025052800087,50,60823.971973280684,i,149.63467439026437,2.6351557130290812,63.42446517944336,25303.3,395.941,False,24679.0,0.0741662,25364.1,394.334,False,-79.6507,9.22411,20.392057055007193,0.01698938382396773,20.41918110504114,3.262892728831729e-06,20.389451374823224,0.016879870499256936,nan,nan
2008 CP209,364852,MBO,MBO,21163641458604368,745319361891795000,19.573576,3.0050511,2.9483109,149.63478840238227,2.6351348090492066,2025052800088,57,60823.9724977966,i,149.6347883185546,2.6351367748945904,70.84398651123047,24627.9,345.835,False,24382.6,1.29422,24741.7,345.127,False,-49.3006,12.0002,20.42143152903335,0.015246349268081785,20.432299982251514,5.7630502966267074e-05,20.41642619264991,0.015145156005687013,nan,nan
2008 CP209,364852,MBO,MBO,21163641458604368,745319362027585590,19.573565,3.0050511,2.948318,149.6349017014611,2.635109633394556,2025052800089,60,60823.97302420653,i,149.63489770179456,2.6351115551724926,67.59831237792969,23857.2,351.243,False,23893.9,2.13136,23985.8,351.748,False,-49.6651,10.421,20.45595135715856,0.01598499684432948,20.45428237783728,9.684876634576135e-05,20.450114444394764,0.015922150219625293,nan,nan
2008 CP209,364852,MBO,MBO,21163641458604368,745319362160230461,19.573551,3.0050511,2.9483252,149.63501457348602,2.6350845525449067,2025052800090,57,60823.97354942407,i,149.63501366977218,2.6350846690581906,64.14667510986328,24562.5,378.207,False,25273.6,1.73003,24654.5,378.827,False,-32.2715,9.95754,20.424318580701243,0.01671788431911144,20.393332247479897,7.432087913325271e-05,20.420259501635883,0.016682803736992373,nan,nan
2008 CP209,364852,MBO,MBO,21163641458604368,745319362296021034,19.57354,3.0050514,2.948332,149.63512680369234,2.6350596142293887,2025052800091,60,60823.97407135773,i,149.63512438015505,2.635060211683599,66.22514343261719,24219.7,362.753,False,24211.7,1.32192,24393.6,362.59,False,8.91986,10.5355,20.439578136513408,0.016261723642999264,20.43993682488489,5.927945954108509e-05,20.431810272161506,0.01613854014213903,29.02410491875178,1.282393834357079
2008 CP209,364852,MBO,MBO,21163641458604368,745319362447015942,19.573526,3.0050514,2.9483392,149.6352394668554,2.6350345796317947,2025052800092,92,60823.97459561535,i,149.6352372052765,2.635040327138564,63.1130256652832,24151.8,380.045,False,24394.8,0.851043,24173.2,377.57,False,29.0235,9.77271,20.44262620573838,0.01708479770322636,20.431756810445908,3.787725876100665e-05,20.441664671963423,0.016958509424963675,27.743125524267974,0.36558598160676753
2008 CP209,364852,MBO,MBO,21163641458604368,745319362564980755,19.573515,3.0050514,2.9483461,149.63535170316877,2.6350096398132328,2025052800093,61,60823.975117617665,i,149.6353530309247,2.6350105984186314,68.40049743652344,25081.7,365.059,False,25066.6,0.362931,25250.6,363.221,False,36.969,10.2958,20.401607611356827,0.01580266788857262,20.402261439839734,1.572001575406213e-05,20.394320761293894,0.015617934034900824,27.4804056900147,0.30237557166020856
2008 CP209,364852,MBO,MBO,21163641458604368,745319362698674258,19.573502,3.0050514,2.9483533,149.6354635124216,2.6349847948270866,2025052800094,60,60823.97563737584,i,149.63545738380995,2.6349820813626197,68.14623260498047,24773.2,356.939,False,25105.8,1.64443,24954.7,358.365,False,19.0361,11.6028,20.415044762165635,0.015643582677059762,20.40056480424314,7.111572530994656e-05,20.407119150892598,0.015591846690057769,28.201055033998422,0.6617731668253439
2008 CP209,364852,MBO,MBO,21163641458604368,745319362853339152,19.57349,3.0050516,2.9483602,149.63557618497313,2.634959757949975,2025052800095,99,60823.97616159748,i,149.63557385307425,2.63495547584363,64.11538696289062,25066.2,386.586,False,24878.5,2.08021,25129.0,384.125,False,-25.4272,8.85935,20.402278782521883,0.01674487668430505,20.410439520298823,9.07835793332687e-05,20.399561984161522,0.016596697825329954,nan,nan
2008 CP209,364852,MBO,MBO,21163641458604368,745319362988081206,19.573477,3.0050516,2.9483674,149.6356884305126,2.6349348159059263,2025052800096,100,60823.97668360425,i,149.63570530959103,2.6349269465251806,63.62896728515625,25144.6,390.229,False,25675.5,2.16729,25277.0,390.249,False,-66.8443,8.89283,20.398888188716054,0.016849970342329438,20.37620272569218,9.164788179942378e-05,20.39318617889729,0.01676256915312569,nan,nan
2008 CP209,364852,MBO,MBO,21163641458604368,745319363122298929,19.573465,3.0050516,2.9483743,149.63580089430016,2.6349098253181724,2025052800097,100,60823.97720658222,i,149.63579897654688,2.634906668068233,69.09464263916016,25170.5,359.382,False,24528.3,0.74434,25275.8,358.971,False,-75.971,10.4262,20.397770393282034,0.015502037555073886,20.425831342171307,3.2947936206885834e-05,20.393237690789583,0.015419801079450289,nan,nan
2008 CP209,364852,MBO,MBO,21163641458604368,745319363235545166,19.573452,3.0050519,2.9483814,149.6359144364652,2.634884595062148,2025052800098,60,60823.97773406464,i,149.6359168343828,2.6348817203312693,66.97344207763672,25546.7,378.857,False,25444.4,1.35899,25584.8,378.15,False,-121.35,10.607,20.38166301315662,0.016101444338161606,20.38601944756437,5.798936395837946e-05,20.380044900896227,0.016047462816414372,nan,nan
2008 CP209,364852,MBO,MBO,21163641458604368,745319363369762890,19.57344,3.0050519,2.9483886,149.63602690669535,2.634859602965765,2025052800099,60,60823.9782570753,i,149.63602304800807,2.6348615060673612,65.64264678955078,26482.2,400.533,False,25657.5,1.22756,26664.1,403.267,False,-146.645,8.32281,20.342614879188474,0.016421338889195357,20.376964156058094,5.194607356769854e-05,20.335182692364363,0.016420639985711232,nan,nan
2008 CP209,364852,MBO,MBO,21163641458604368,745319363503980623,19.573427,3.0050519,2.9483955,149.63613916515965,2.634834657896447,2025052800100,60,60823.978779000485,i,149.63613689672195,2.6348354859864807,65.4851303100586,25861.8,389.245,False,25567.6,1.23397,25855.3,390.125,False,-136.28,9.08872,20.368353095184762,0.016341374960479646,20.380775108496664,5.240092832512569e-05,20.368626014012573,0.016382437027707523,nan,nan
2008 CP209,364852,MBO,MBO,21163641458604368,745319363658645534,19.573416,3.005052,2.9484026,149.63625078163182,2.634809855461424,2025052800101,99,60823.979298783684,i,149.63625119782648,2.6348122308842954,69.77429962158203,25986.4,369.905,False,24571.6,0.290751,25978.8,369.779,False,-117.519,10.4999,20.363134685891204,0.015454978121578727,20.42391642514984,1.2847307596590513e-05,20.36345225114307,0.015454232950451063,nan,nan
2008 CP209,364852,MBO,MBO,21163641458604368,745319363793387588,19.573402,3.005052,2.9484096,149.63636326163171,2.6347848611227684,2025052800102,100,60823.97982178057,i,149.63635942319954,2.634785124153564,72.24494171142578,25811.8,356.23,False,25239.8,0.309954,26230.7,359.946,False,-95.1531,11.3695,20.370454238729586,0.014984302080550625,20.394785193294922,1.3333237812033532e-05,20.35297533120641,0.014898818225851311,nan,nan
2008 CP209,364852,MBO,MBO,21163641458604368,745319363928653840,19.573391,3.005052,2.9484167,149.63647552981885,2.634759913839294,2025052800103,102,60823.980343354226,i,149.63647277781158,2.6347582130801355,69.64904022216797,26401.8,376.372,False,25757.3,0.485577,26414.1,376.145,False,-76.1922,10.1423,20.345916125752677,0.015477759275427251,20.372749126303592,2.0468313809358515e-05,20.345410471844893,0.015461221046714893,nan,nan
2008 CP209,364852,MBO,MBO,21163641458604368,745319364062871650,19.573378,3.0050523,2.9484236,149.63658715612976,2.6347351091815705,2025052800104,102,60823.980862001554,i,149.63659069292837,2.634735222386755,68.55487823486328,25702.4,372.131,False,24561.5,1.08049,25940.2,373.503,False,-53.2362,8.75941,20.375065788196856,0.015719781283493033,20.424362784601776,4.776284446725708e-05,20.365066732226644,0.015633099661004415,nan,nan
2008 CP209,364852,MBO,MBO,21163641458604368,745319364196040735,19.573366,3.0050523,2.9484308,149.63670007629818,2.6347100170130053,2025052800105,100,60823.98138725439,i,149.63669843321844,2.634710276404025,70.73576354980469,26354.0,370.499,False,24838.2,0.496,26537.6,371.013,False,-47.6171,9.58214,20.34788364599701,0.01526387532972547,20.41219973477623,2.1681328183899823e-05,20.34034590672612,0.015179302310513666,nan,nan
2008 CP209,364852,MBO,MBO,21163641458604368,745319364332355599,19.573353,3.0050523,2.9484377,149.6368129998805,2.6346849240909305,2025052800106,104,60823.98191238269,i,149.63681541002214,2.634682901796741,66.64988708496094,25720.9,382.1,False,24483.5,0.16263,25709.9,378.793,False,-64.7541,8.59923,20.374284581220664,0.016129288017308337,20.427816245520162,7.211929921077808e-06,20.374749014916155,0.01599653313179294,nan,nan
2008 CP209,364852,MBO,MBO,21163641458604368,745319364466049046,19.573341,3.0050526,2.9484448,149.63692592690097,2.63465983041597,2025052800107,103,60823.98243712131,i,149.6369181355296,2.6346662084087673,64.97872161865234,26469.3,402.938,False,25187.9,0.977745,26830.1,405.146,False,-89.3727,8.23065,20.34314382740923,0.01652799088894935,20.397020082125053,4.2146154515049186e-05,20.32844428741057,0.01639508173939377,nan,nan
2008 CP209,364852,MBO,MBO,21163641458604368,745319364598693968,19.573328,3.0050526,2.948452,149.6370386423237,2.634634783777144,2025052800108,100,60823.98296152153,i,149.63703972413165,2.634634653902319,65.88179779052734,26866.7,406.49,False,26871.9,0.863532,27045.1,409.569,False,-106.662,7.96701,20.326964216791865,0.01642706071467209,20.32675404754032,3.489027385695335e-05,20.31977853668973,0.016442309266167684,nan,nan
2008 CP209,364852,MBO,MBO,21163641458604368,745319364868702235,19.573303,3.0050528,2.948466,149.6372642985885,2.634584640482361,2025052800110,103,60823.984010136104,i,149.63726192804273,2.6345888410406255,72.13914489746094,27682.7,378.501,False,26808.8,0.977396,27825.5,377.744,False,-86.5329,9.06843,20.29447891499485,0.014845093091424712,20.329306531411145,3.958380102752808e-05,20.28889255757388,0.014739369425225472,nan,nan
2008 CP209,364852,MBO,MBO,21163641458604368,745319365004492828,19.57329,3.0050528,2.948473,149.6373763790697,2.634559735019239,2025052800111,106,60823.984531787224,i,149.63738100627515,2.6345604423811078,74.88380432128906,26872.5,357.48,False,26358.6,0.0730384,26856.8,355.283,False,-76.6445,10.4697,20.32672982110547,0.014443352512985033,20.347694167106727,3.0085222866695163e-06,20.327364305843613,0.01436297672901825,nan,nan
2008 CP209,364852,MBO,MBO,21163641458604368,745319365138186241,19.573278,3.0050528,2.9484801,149.63748889333155,2.634534733205334,2025052800112,105,60823.98505448804,i,149.63749216187117,2.634531224255053,71.81396484375,27236.4,377.085,False,26000.5,0.052166,27320.1,375.234,False,-80.989,9.27371,20.312125725175257,0.015031899282645743,20.362545750731318,2.178362526364167e-06,20.308794303863245,0.014912286354146842,nan,nan
2008 CP209,364852,MBO,MBO,21163641458604368,745319365272928349,19.573265,3.005053,2.948487,149.63760119595568,2.634509778464749,2025052800113,106,60823.98557674613,i,149.6375997845105,2.6345117647568537,70.83956146240234,27073.3,378.043,False,27163.4,0.475931,27355.8,380.465,False,-78.731,9.17725,20.31864697936831,0.015160876561620702,20.315039661968555,1.9023226034413064e-05,20.30737641919783,0.015100439737459639,nan,nan
2008 CP209,364852,MBO,MBO,21163641458604368,745319365407145989,19.573254,3.005053,2.9484942,149.63771371734808,2.634484775163113,2025052800114,106,60823.98609996366,i,149.63770892212278,2.6344872380688233,73.3961410522461,27130.2,366.36,False,25995.3,0.410947,27237.3,366.001,False,-75.8857,9.37272,20.31636754293787,0.014661532591914975,20.362762882883043,1.7163872596984935e-05,20.312089833114356,0.014589571395353967,nan,nan
2008 CP209,364852,MBO,MBO,21163641458604368,745319365512003645,19.573235,3.005053,2.9485044,149.63787723482406,2.6344484401598662,2025052800115,50,60823.9868594163,i,149.63787108203334,2.6344447827652693,70.71661376953125,27268.6,383.874,False,26660.5,0.391909,27353.1,382.929,False,-108.71,8.74913,20.310842912162556,0.015284462647466985,20.335329274851844,1.5960308089031056e-05,20.30748363246958,0.015199734927666537,nan,nan
2008 CP209,364852,MBO,MBO,21163641458604368,745319365646221360,19.573223,3.0050533,2.9485114,149.6379893347651,2.634423530658074,2025052800116,50,60823.98738087852,i,149.63798242224885,2.634426022181806,68.7116470336914,27744.4,402.138,False,27604.8,1.99706,28005.1,404.673,False,-125.877,8.37128,20.292061641699846,0.015737077763147634,20.297538456839042,7.85472171494685e-05,20.28190719570226,0.015688861593880308,nan,nan
2008 CP209,364852,MBO,MBO,21163641458604368,745319365784109104,19.57321,3.0050533,2.9485185,149.63810337486785,2.634398190109412,2025052800117,57,60823.98791093669,i,149.63810123894066,2.634399793818679,64.59881591796875,27747.8,425.812,False,29046.9,2.22618,28130.6,430.83,False,-153.9,7.72431,20.291928580579956,0.016661483235685566,20.242250511460277,8.321178077420618e-05,20.277052526655293,0.016628430286323367,nan,nan
2008 CP209,364852,MBO,MBO,21163641458604368,745319366188335161,19.572882,3.0050552,2.948703,149.64104655890833,2.633744237314412,2025052800120,60,60824.00158213176,z,149.64104952082994,2.6337587465406433,36.742347717285156,27156.2,736.079,False,28062.7,6.34018,27021.5,734.47,False,-195.563,17.4963,20.315327534969214,0.02942928762447307,20.279676396399054,0.0002452993858637276,20.320726365927335,0.029511338693263715,nan,nan
2008 CP209,364852,MBO,MBO,21163641458604368,745319366343000083,19.57287,3.0050554,2.9487102,149.64115920119713,2.6337192114853467,2025052800121,99,60824.00210505076,z,149.64115947576747,2.6337206167672447,37.175506591796875,26722.9,713.77,False,27385.5,6.51442,26737.7,711.901,False,-172.481,17.7253,20.33279101787856,0.029000068882787545,20.30619831346218,0.0002582732351897247,20.332189916356647,0.028908122746095482,nan,nan
2008 CP209,364852,MBO,MBO,21163641458604368,745319366457294892,19.572857,3.0050554,2.948717,149.6412712017833,2.633694328452936,2025052800122,61,60824.002625896646,z,149.64126424594227,2.633699330516785,37.342899322509766,26746.1,710.644,False,27926.5,7.6172,26776.5,711.138,False,-203.498,18.5227,20.33184885575473,0.02884801564144084,20.2849587264416,0.0002961441536850157,20.33061547738631,0.02883529489326205,nan,nan
2008 CP209,364852,MBO,MBO,21163641458604368,745319366881968131,19.572819,3.0050557,2.9487386,149.64161002965733,2.633619052928951,2025052800125,103,60824.00419898181,z,149.6416182398968,2.6336245839574874,30.260892868041992,27030.6,889.549,False,27547.1,2.92198,26810.4,891.183,False,-301.516,15.8007,20.320360801018207,0.035730452944326946,20.299810301463644,0.00011516636656944422,20.32924175037098,0.03609008504320551,nan,nan
2008 CP209,364852,MBO,MBO,21163641458604368,745319367016185863,19.572807,3.0050557,2.9487455,149.6417222630369,2.6335941191550147,2025052800126,103,60824.00471969636,z,149.6417164345055,2.6336006308971895,29.67577362060547,26291.6,885.549,False,27400.0,6.91234,26186.6,889.526,False,-305.388,15.3147,20.350457475358745,0.03656957495419349,20.30562359294903,0.0002739043056882825,20.354802230145552,0.0368810994455427,nan,nan
2008 CP209,364852,MBO,MBO,21163641458604368,745319367416741905,19.57277,3.005056,2.9487667,149.64205942057043,2.6335192177875286,2025052800129,99,60824.00628468541,z,149.64205282700468,2.6335095540577935,34.133689880371094,27714.8,803.443,False,28531.3,2.66575,27973.6,808.307,False,-206.839,16.8524,20.29322059710914,0.03147513680587665,20.26169606952178,0.00010144302003672838,20.283129113843877,0.03137272979296289,nan,nan
2008 CP209,364852,MBO,MBO,21163641458604368,745319367550959655,19.572756,3.0050561,2.9487736,149.64217210262274,2.6334941854042597,2025052800130,99,60824.00680797392,z,149.64216590346456,2.6335001909083866,34.012535095214844,26801.7,793.064,False,27895.0,6.327,26875.3,796.878,False,-165.831,16.3316,20.329594177434284,0.032127005029053725,20.286184085634027,0.0002462610905448868,20.326616666350738,0.03219310147799802,nan,nan
2008 CP209,364852,MBO,MBO,21163641458604368,745319367687798806,19.57274,3.0050561,2.9487824,149.64231258444323,2.633462977681068,2025052800131,104,60824.0074593559,z,149.64229847069052,2.6334700702740967,34.28828048706055,27136.0,781.462,False,28168.7,4.90419,27213.3,781.079,False,-144.682,17.2775,20.31613542355845,0.031267009102495615,20.27558301877646,0.0001890274259944282,20.31304694542731,0.03116291307794992,nan,nan
2008 CP209,364852,MBO,MBO,21163641458604368,745319367820967973,19.572727,3.0050561,2.9487896,149.6424254921212,2.633437895816515,2025052800132,102,60824.00798357035,z,149.6424359222758,2.6334339244937257,35.419979095458984,25923.6,728.753,False,26329.6,4.32823,26201.0,726.434,False,-88.0449,17.6189,20.365761737139742,0.03052174537008401,20.34888936275146,0.00017848034072672116,20.354205332178303,0.030102504368668605,nan,nan
2008 CP209,364852,MBO,MBO,21163641458604368,745319367956758529,19.572716,3.0050564,2.9487967,149.64253861992927,2.6334127653471286,2025052800133,105,60824.008508915074,z,149.6425380937206,2.633405207714771,38.957462310791016,25908.1,662.887,False,25751.4,2.33949,25980.7,656.526,False,-21.7669,20.1318,20.36641110468621,0.02777974658087828,20.37299787137408,9.86380890573573e-05,20.363372912337766,0.027436291942092704,nan,nan
2008 CP209,364852,MBO,MBO,21163641458604368,745319368088354873,19.572702,3.0050564,2.948804,149.64265196791723,2.63338758626908,2025052800134,100,60824.00903431997,z,149.64265742450112,2.633379087651534,38.085693359375,25608.5,666.733,False,26353.1,1.14794,25847.8,665.357,False,-18.5331,19.5068,20.379039648206252,0.028267806616102804,20.347920741064172,4.729462873048503e-05,20.368941005622233,0.02794830338841417,nan,nan
2008 CP209,364852,MBO,MBO,21163641458604368,745319368358363187,19.572678,3.0050566,2.948818,149.64287695372158,2.633337608929609,2025052800136,103,60824.0100783978,z,149.64288332803545,2.6333385351351857,39.60183334350586,28006.7,702.009,False,28454.5,5.46246,28161.5,698.051,False,-155.821,18.6847,20.2818451818463,0.02721479426027928,20.264622603433708,0.00020843067471255425,20.275860541405308,0.026912603058613274,nan,nan
2008 CP209,364852,MBO,MBO,21163641458604368,745319368492580876,19.572664,3.0050566,2.9488251,149.642989884579,2.6333125234465258,2025052800137,103,60824.010602922135,z,149.64299797706107,2.6333245627171915,34.80306625366211,24892.3,705.196,False,26352.6,7.057,24934.5,698.798,False,-192.054,19.4421,20.40983739985849,0.030758780310599816,20.34794134104142,0.00029075084373103127,20.40799834016188,0.03042813209748586,nan,nan
2008 CP209,364852,MBO,MBO,21163641458604368,745319368628371491,19.57265,3.0050566,2.948832,149.6431032512056,2.633287341490189,2025052800138,106,60824.01112860269,z,149.6431099393927,2.6332970730540115,38.49259948730469,26165.9,676.3,False,25391.7,0.911978,26112.5,670.203,False,-118.906,19.6635,20.35566079057259,0.028062607097877435,20.38827058765088,3.8995717888788897e-05,20.357878867529088,0.027866487881986805,nan,nan
2008 CP209,364852,MBO,MBO,21163641458604368,745319368761016379,19.57264,3.0050569,2.9488392,149.64321597602196,2.633262302426305,2025052800139,103,60824.01165192337,z,149.6432147282568,2.6332624868449543,37.02804946899414,25201.7,676.883,False,25039.8,6.06185,25476.8,674.233,False,-15.7617,21.0196,20.396425440065215,0.02916138187091842,20.40342282682774,0.0002628443471793929,20.384637772305823,0.028733558563715303,nan,nan
2008 CP209,364852,MBO,MBO,21163641458604368,745319368896806989,19.572622,3.0050569,2.948849,149.64337354009476,2.633227303975844,2025052800140,106,60824.01238206441,z,149.64337182989783,2.6332221067248054,40.65266799926758,25734.7,628.152,False,26098.6,0.431146,25707.3,620.986,False,58.7945,19.7264,20.3737022582956,0.026501469409351903,20.35845698819045,1.7936242719646898e-05,20.374858802689694,0.026227063412915246,26.976658275258963,0.36428012218921413
2008 CP209,364852,MBO,MBO,21163641458604368,745319369030500374,19.572609,3.0050569,2.948856,149.64348649180576,2.6332022153217163,2025052800141,105,60824.01290652602,z,149.64349483838032,2.6332054589830505,40.12828826904297,25396.3,628.188,False,26737.4,2.87718,25563.9,623.371,False,-40.7501,25.1565,20.388073844994413,0.026856133424545087,20.332202050920834,0.00011683479156478838,20.38093220835617,0.026475476066089618,nan,nan
2008 CP209,364852,MBO,MBO,21163641458604368,745319369185689612,19.572596,3.005057,2.9488633,149.6435998795643,2.633177030162693,2025052800142,145,60824.013432854816,z,149.64359467292167,2.6331802230291217,37.91515350341797,26055.9,676.432,False,25730.2,2.96912,25963.5,670.168,False,-167.426,20.8568,20.360234786772352,0.02818657996340917,20.373892128015825,0.0001252878409800614,20.36409190754623,0.028024946298040268,nan,nan
2008 CP209,364852,MBO,MBO,21163641458604368,745319369299460123,19.572582,3.005057,2.9488704,149.64371305655342,2.633151892173148,2025052800143,106,60824.013957535906,z,149.64371533940877,2.6331509303765337,40.1515998840332,26568.3,658.399,False,26182.9,1.33685,26520.9,653.818,False,-222.855,20.9961,20.339090551773037,0.02690603449006158,20.354955616209306,5.543566506487142e-05,20.341029339050316,0.026766582432904973,nan,nan
2008 CP209,364852,MBO,MBO,21163641458604368,745319369812738094,19.572527,3.0050576,2.948902,149.64421454330957,2.633040510251651,2025052800147,61,60824.01628337175,z,149.64421407445715,2.63304116222916,40.73299026489258,25411.2,623.793,False,24896.7,2.204,25783.9,620.973,False,214.507,22.4362,20.38743709752793,0.02665260584056867,20.409645568616625,9.611565654225335e-05,20.37162846318988,0.02614859980257549,25.57139630817175,0.11356176407339048
2008 CP209,364852,MBO,MBO,21163641458604368,745319369966878755,19.572514,3.0050576,2.9489088,149.64432731572197,2.633015464134891,2025052800148,99,60824.01680674485,z,149.64432830430192,2.6330170748970487,41.02329635620117,25383.6,616.014,False,25108.2,4.46757,25880.2,609.73,False,363.789,22.5309,20.38861697809743,0.0263488507466867,20.400461085342805,0.0001931879808392905,20.367580962273525,0.025579629790553192,24.997876088053058,0.0672439593376958
2008 CP209,364852,MBO,MBO,21163641458604368,745319370081173537,19.5725,3.0050576,2.9489162,149.644441818117,2.6329900341942363,2025052800149,61,60824.017337786245,z,149.644446471898,2.6329808209549426,40.39891815185547,25149.7,615.573,False,24810.5,5.62356,25689.7,612.969,False,361.409,21.4027,20.398668011452365,0.026574866157950655,20.413411208520113,0.00024609349425758626,20.375602451323413,0.02590620558324439,25.005002601786217,0.0642974772346752
2008 CP209,364852,MBO,MBO,21163641458604368,745319370235314190,19.572489,3.0050578,2.948923,149.64455546312828,2.632964795070459,2025052800150,99,60824.01786417225,z,149.6445616552587,2.632952911888497,40.59757995605469,24653.9,605.053,False,23112.8,0.428635,24999.4,600.019,False,210.267,26.2252,20.42028590758708,0.026646003843714846,20.490368560129554,2.0135358921450266e-05,20.40517601933648,0.026059118300762164,25.593072212777734,0.13541663721609315
2008 CP209,364852,MBO,MBO,21163641458604368,745319370369531952,19.572475,3.0050578,2.9489303,149.64466781924045,2.6329398425917434,2025052800151,99,60824.01838595644,z,149.64467428537492,2.632945185788161,39.25487518310547,24867.9,625.894,False,23420.5,3.05484,25138.2,619.691,False,65.9544,21.5657,20.41090220221102,0.02732662371374627,20.476009593726708,0.00014161740710784816,20.399164590826743,0.02676488183627367,26.85189058008939,0.35501289017626386
2008 CP209,364852,MBO,MBO,21163641458604368,745319370504273941,19.572462,3.0050578,2.9489372,149.6447797489857,2.6329149851998124,2025052800152,100,60824.018904653494,z,149.64478798481198,2.63290677780804,41.72389602661133,25574.9,612.325,False,25850.2,3.6209,25521.3,607.311,False,-54.3082,23.5502,20.38046512276738,0.025995152461115424,20.36884026399082,0.00015208169573503304,20.38274298517086,0.025836438267857885,nan,nan
2008 CP209,364852,MBO,MBO,21163641458604368,745319370638491704,19.57245,3.005058,2.9489443,149.6448927621399,2.632889887612109,2025052800153,100,60824.019428302316,z,149.64489054569722,2.6328926072297296,37.041996002197266,24167.0,652.393,False,23745.6,2.45953,24097.0,647.257,False,-114.923,19.6646,20.44194314480316,0.029309666307872774,20.46104214851139,0.00011245876863992201,20.44509255586,0.02916339707676363,nan,nan
2008 CP209,364852,MBO,MBO,21163641458604368,745319370772709439,19.572437,3.005058,2.9489515,149.64500513324856,2.6328649330195915,2025052800154,100,60824.01994931261,z,149.6450089033881,2.6328679774069106,39.67535400390625,24226.6,606.626,False,23519.1,3.64091,24244.6,602.489,False,-164.358,21.0957,20.439268845436054,0.027186472559929106,20.471448271345714,0.0001680790410102804,20.438462459256257,0.02698102446120097,nan,nan
2008 CP209,364852,MBO,MBO,21163641458604368,745319370908499998,19.572424,3.005058,2.9489584,149.64511750939576,2.632839977724071,2025052800155,103,60824.02047032899,z,149.64511033188677,2.6328288366294736,37.422115325927734,23420.2,617.924,False,23112.6,0.82384,23465.0,613.746,False,-151.411,25.3223,20.476023537544723,0.028646317843665926,20.490378010327333,3.870066344877448e-05,20.473948603628713,0.028398304793398433,nan,nan
2008 CP209,364852,MBO,MBO,21163641458604368,745319371042717776,19.572412,3.005058,2.9489655,149.64523053768033,2.632814878033731,2025052800156,103,60824.02099459154,z,149.64523046317404,2.632813200727665,38.79844665527344,24372.8,623.162,False,23160.6,0.58319,24304.6,618.366,False,-127.408,24.2494,20.4327364033461,0.027760023852745945,20.48812550315684,2.733912480161713e-05,20.435778822594905,0.02762367597081243,nan,nan
2008 CP209,364852,MBO,MBO,21163641458604368,745319371175362592,19.5724,3.0050583,2.9489727,149.64534400264327,2.632789681806258,2025052800157,100,60824.021520801994,z,149.6453433445276,2.632783483051087,37.041038513183594,22411.8,602.923,False,21094.9,1.42642,22418.0,597.508,False,-70.4821,22.7687,20.523808116589652,0.029208509728554925,20.589556302501176,7.34165973578108e-05,20.523507837928417,0.028938177511879683,nan,nan
2008 CP209,364852,MBO,MBO,21163641458604368,745319371309580330,19.572386,3.0050583,2.9489799,149.64545682546822,2.6327646286096025,2025052800158,100,60824.022043167475,z,149.64545030180875,2.6327681563577565,40.08207702636719,24506.2,598.688,False,24506.8,6.12658,24613.6,593.982,False,-53.5761,23.1978,20.42681010072755,0.026524603771825517,20.426783449096934,0.00027142873668003196,20.422062170926708,0.02620127761798056,nan,nan
2008 CP209,364852,MBO,MBO,21163641458604368,745319371557044237,19.572166,3.0050597,2.9491007,149.64738706492193,2.632336076387087,2025052800160,60,60824.030987239064,r,149.6473844599249,2.6323350529422953,62.5808219909668,18123.4,288.98,False,17984.7,0.281241,18042.9,290.792,False,-121.336,4.31563,20.75440078702094,0.017312207070233926,20.76274205262444,1.697851779010211e-05,20.75923412119856,0.0174984834553407,nan,nan
2008 CP209,364852,MBO,MBO,21163641458604368,745319371691261964,19.572155,3.0050597,2.949108,149.6474997686712,2.632311058417016,2025052800161,60,60824.03150921826,r,149.64749917568724,2.6323140531882885,63.28562927246094,18042.7,281.344,False,18140.7,0.533903,18090.2,282.14,False,-102.773,4.431,20.759246226835735,0.01693013649045901,20.75336494354918,3.195454667500423e-05,20.7563916260888,0.01693345800179443,nan,nan
2008 CP209,364852,MBO,MBO,21163641458604368,745319371825479690,19.572142,3.0050597,2.949115,149.64761312566267,2.6322858959791,2025052800162,60,60824.032034955926,r,149.64761273531573,2.632285302422469,63.718013763427734,17624.9,274.53,False,17598.8,0.774742,17522.7,273.988,False,-87.0963,4.91613,20.784683322000863,0.01691170743441109,20.78629231225866,4.779674803299834e-05,20.790997484358762,0.01697676223922788,nan,nan
2008 CP209,364852,MBO,MBO,21163641458604368,745319371960221741,19.572128,3.00506,2.9491222,149.64772670414166,2.632260684923642,2025052800163,61,60824.03256016,r,149.64772395198813,2.6322664285152064,65.56111145019531,17883.2,270.667,False,17208.7,0.910327,17938.5,271.333,False,-62.3207,4.87361,20.768886963463878,0.01643290718043545,20.81062989034457,5.743461422017864e-05,20.765534687644333,0.016422558749502558,nan,nan
2008 CP209,364852,MBO,MBO,21163641458604368,745319372114362404,19.572115,3.00506,2.949129,149.64783985637104,2.6322355690329458,2025052800164,99,60824.033084296345,r,149.6478300979218,2.632235887901024,62.7405891418457,17149.8,272.372,False,16626.9,0.747596,17353.5,273.875,False,-39.4376,5.0627,20.814352301313427,0.017243591071824375,20.847971762506635,4.881800289369528e-05,20.801532299676992,0.017135217856808868,nan,nan
2008 CP209,364852,MBO,MBO,21163641458604368,745319372228657195,19.572104,3.00506,2.9491363,149.6479534462366,2.632210356559349,2025052800165,61,60824.03361075795,r,149.64795910406366,2.6322029264214772,64.05079650878906,17077.6,266.035,False,16264.5,0.170007,17180.4,266.08,False,-14.3062,5.33561,20.8189329321362,0.016913608575900126,20.87189820792714,1.1348812490609865e-05,20.81241679779675,0.016815246921760257,nan,nan
2008 CP209,364852,MBO,MBO,21163641458604368,745319372382797858,19.57209,3.0050602,2.9491434,149.6480674736227,2.6321850475400663,2025052800166,99,60824.03413813954,r,149.64805905577407,2.6321839021086535,63.2657470703125,17329.9,273.464,False,16727.3,0.612191,17574.9,274.826,False,-12.6397,4.94047,20.803009833827762,0.017132802101702514,20.841435334441687,3.9736115521575406e-05,20.787767819386918,0.016978106241484072,nan,nan
2008 CP209,364852,MBO,MBO,21163641458604368,745319372517015594,19.572077,3.0050602,2.9491506,149.64818085887052,2.632159881615402,2025052800167,99,60824.03466371316,r,149.64817905254637,2.6321587373823307,59.66490173339844,17077.7,283.726,False,16238.7,0.225361,17141.6,284.225,False,-20.6435,4.66361,20.818926599326446,0.01803823810217322,20.873621840538057,1.5067868656525826e-05,20.814871633233057,0.01800260106737138,nan,nan
2008 CP209,364852,MBO,MBO,21163641458604368,745319372651757615,19.572063,3.0050602,2.9491577,149.6482940338825,2.632134762922855,2025052800168,100,60824.03518783525,r,149.64829257450418,2.6321433079646406,62.540103912353516,16622.4,261.867,False,15396.5,0.206299,16757.5,264.034,False,-31.2985,5.31501,20.84826565217267,0.017104538503539705,20.93144498418215,1.4547871323953467e-05,20.83947692983559,0.0171070427794179,nan,nan
2008 CP209,364852,MBO,MBO,21163641458604368,745319372785975353,19.57205,3.0050604,2.9491646,149.64840656654476,2.632109787366941,2025052800169,100,60824.03570848347,r,149.6484076812813,2.6321014084540826,62.828887939453125,16811.9,267.536,False,16053.6,0.377239,16922.7,269.237,False,-50.9641,5.05589,20.83595797956117,0.017277852365895092,20.88606893225813,2.5513407462224634e-05,20.828825911411144,0.017273861235235742,nan,nan
2008 CP209,364852,MBO,MBO,21163641458604368,745319372921765897,19.572039,3.0050604,2.9491718,149.64851996880918,2.6320846193911507,2025052800170,103,60824.036233814564,r,149.64851478447002,2.632086893695353,61.51591110229492,16336.5,264.505,False,16583.6,1.3693,16492.5,266.105,False,-60.5616,5.30146,20.8671024572544,0.017579203632417918,20.85080299073492,8.96487269763464e-05,20.856783768118774,0.017518256461750262,nan,nan
2008 CP209,364852,MBO,MBO,21163641458604368,745319373055983651,19.572025,3.0050604,2.949179,149.64863359301157,2.6320594027484483,2025052800171,103,60824.03675923546,r,149.6486297267268,2.632063683474026,53.942562103271484,15971.8,294.861,False,15934.4,1.01696,16179.9,297.419,False,-62.5904,4.55713,20.891615355051062,0.020044156498880483,20.89416068581643,6.929349650353196e-05,20.87756039097733,0.01995800810751249,nan,nan
2008 CP209,364852,MBO,MBO,21163641458604368,745319373190201404,19.572012,3.0050607,2.949186,149.64874679085204,2.632034281319949,2025052800172,103,60824.0372834039,r,149.64873291520416,2.6320397389255556,60.29487228393555,16889.2,278.33,False,16439.1,0.169693,17024.3,280.844,False,-48.1841,4.67233,20.830977353740124,0.01789267444698415,20.860304932529537,1.1207537562880009e-05,20.82232679076713,0.01791101415825477,nan,nan
2008 CP209,364852,MBO,MBO,21163641458604368,745319373322846243,19.571999,3.0050607,2.9491932,149.64885934639116,2.6320093030243883,2025052800173,100,60824.037804515276,r,149.64885978972177,2.632015258304268,49.976871490478516,15641.0,310.093,False,15869.4,1.66995,15889.1,314.317,False,-48.8425,4.33931,20.914338709936207,0.02152542566928137,20.898598705791265,0.00011425291060894903,20.897251780858078,0.021477952807375134,nan,nan
2008 CP209,364852,MBO,MBO,21163641458604368,745319373457063990,19.571985,3.0050607,2.9492002,149.64897298799465,2.6319840843121702,2025052800174,100,60824.03833093225,r,149.64896465244863,2.6319778286889366,50.468231201171875,15885.0,314.327,False,15425.4,0.0336961,16078.5,318.67,False,-38.435,4.25282,20.89753195209208,0.02148418001427631,20.929408885873386,2.371742381292595e-06,20.88438617505554,0.02151889610033588,nan,nan
2008 CP209,364852,MBO,MBO,21163641458604368,745319373590757423,19.571974,3.005061,2.9492073,149.6490868514813,2.63195881697284,2025052800175,99,60824.038857291715,r,149.64907622798015,2.6319611133811764,53.52010726928711,15921.1,295.882,False,15602.2,1.98008,16198.6,300.088,False,-26.2658,4.47148,20.895067351264714,0.02017761305184479,20.91703538467372,0.00013779111449931827,20.876306322934973,0.020113863411294546,nan,nan
2008 CP209,364852,MBO,MBO,21163641458604368,745319373727072267,19.57196,3.005061,2.9492145,149.64920028861934,2.6319336448585706,2025052800176,103,60824.03938280088,r,149.64920086092047,2.6319320899898133,52.898502349853516,15731.6,296.898,False,15508.5,0.558855,16002.2,300.978,False,-14.8629,4.4404,20.908067788768466,0.02049079094672707,20.923575514045282,3.9124938170970564e-05,20.889550751642897,0.02042111109730249,nan,nan
2008 CP209,364852,MBO,MBO,21163641458604368,745319373994983505,19.571934,3.005061,2.9492288,149.6494276129695,2.6318832026228223,2025052800178,102,60824.04043414835,r,149.6494182782202,2.631880134792517,54.370948791503906,15979.2,293.933,False,15605.7,0.353413,16189.6,296.408,False,-1.52524,4.4794,20.891112405398495,0.01997182030899839,20.916791851678227,2.4588020346041843e-05,20.876909729504654,0.019878248588401128,nan,nan
2008 CP209,364852,MBO,MBO,21163641458604368,745319374130774071,19.57192,3.0050611,2.949236,149.64954063571705,2.6318581243277044,2025052800179,105,60824.04095713925,r,149.64953510744488,2.631862152428328,54.14154815673828,15146.8,279.131,False,14705.4,0.545472,15305.8,280.845,False,0.074022,4.78398,20.94919778654698,0.020008361466895185,20.981307865656344,4.0273553350425795e-05,20.937859928530415,0.01992209421537538,34.22659792526957,70.17021960594974
2008 CP209,364852,MBO,MBO,21163641458604368,745319374263943213,19.571907,3.0050611,2.949243,149.64965647391634,2.631832421972501,2025052800180,103,60824.04149341594,r,149.64966521074146,2.631832644707136,56.48605728149414,15601.6,276.118,False,14778.2,0.335408,15841.8,278.82,False,-0.973604,4.74647,20.917077179448754,0.019215422094517758,20.975946136239955,2.4642013673794846e-05,20.90048869814775,0.019109254017542657,nan,nan
2008 CP209,364852,MBO,MBO,21163641458604368,745319374399733807,19.571894,3.0050611,2.9492502,149.64977037316538,2.6318071504837595,2025052800181,106,60824.04202079975,r,149.649768407714,2.6318123939956846,54.36143112182617,15298.0,280.215,False,14197.6,0.244587,15494.4,284.493,False,4.73645,4.88964,20.938413358534316,0.019887538674350537,21.01946268913456,1.8704356578792968e-05,20.924563064063754,0.01993522529245766,29.711367562562593,1.1208518614717335
2008 CP209,364852,MBO,MBO,21163641458604368,745319374533951519,19.571882,3.0050614,2.9492574,149.64988427844276,2.6317818783062337,2025052800182,106,60824.04254722603,r,149.6498884996154,2.631766873885559,51.72751235961914,14960.3,287.115,False,14156.0,0.876622,15209.0,290.458,False,25.5752,4.90672,20.96264925778705,0.020837225449757576,21.022648615086304,6.723511347154655e-05,20.944748350265126,0.02073514202406147,27.880452440519825,0.20830350916895077
2008 CP209,364852,MBO,MBO,21163641458604368,745319374822834188,19.571856,3.0050614,2.9492717,149.650110810144,2.631731619638972,2025052800184,145,60824.04359566094,r,149.65010439487241,2.631736989983241,50.86022186279297,15075.0,293.921,False,14436.6,0.272716,15310.3,294.354,False,76.554,4.76336,20.954356697969526,0.021168866346318354,21.001337720653844,2.0510205130294717e-05,20.937540762273514,0.020874235196797614,26.690080268337738,0.06755691898637607
2008 CP209,364852,MBO,MBO,21163641458604368,745319374936604707,19.571842,3.0050616,2.9492788,149.65022473355384,2.6317063454081198,2025052800185,106,60824.044122991545,r,149.6502319206208,2.6317072935760395,51.71923065185547,14684.8,282.051,False,14292.2,0.468905,14892.9,283.401,False,86.7111,4.62898,20.98282992440422,0.020853738613717063,21.012252272821314,3.562132702975291e-05,20.967551788027205,0.020660765811516647,26.55481328950029,0.05796087793680554
2008 CP209,364852,MBO,MBO,21163641458604368,745319375090745379,19.571829,3.0050616,2.949286,149.65033844682705,2.631681118463985,2025052800186,144,60824.044648688796,r,149.6503331009741,2.6316885233455407,50.48752975463867,14316.1,281.088,False,13038.6,0.509165,14604.1,283.236,False,70.3891,4.88097,21.010438221281465,0.021317777916755994,21.111922627066264,4.2398637837549884e-05,20.9888130338596,0.021057071623657077,26.781236482759798,0.0752878771121471
2008 CP209,364852,MBO,MBO,21163641458604368,745319375204515911,19.571815,3.0050616,2.949293,149.65045173389512,2.6316559867400047,2025052800187,105,60824.045172979844,r,149.65045031534427,2.6316554975242585,47.304447174072266,14517.0,305.042,False,13682.7,0.0523913,14684.9,308.794,False,31.0109,4.43316,20.99530780792928,0.02281429599018497,21.059570472145356,4.157303193866436e-06,20.98282248750202,0.022830855067835616,27.671214056239197,0.15521129827683613
2008 CP209,364852,MBO,MBO,21163641458604368,745319375359180863,19.571804,3.0050619,2.9493003,149.65056610806656,2.631630614533201,2025052800188,144,60824.04570146889,r,149.65056609873815,2.631631423221108,50.99699401855469,14369.9,279.795,False,13609.8,0.0810578,14490.1,281.444,False,-15.1739,4.5672,21.00636560575209,0.02114027012932311,21.065370657667447,6.4664720570251615e-06,20.997321572613778,0.021088463772831134,nan,nan
2008 CP209,364852,MBO,MBO,21163641458604368,745319375493922830,19.57179,3.0050619,2.9493074,149.6506804883487,2.631605241660316,2025052800189,145,60824.04623003084,r,149.65068211733472,2.6316068529501413,48.563697814941406,13843.2,282.11,False,13729.4,0.344887,13924.6,282.728,False,-48.9985,5.09202,21.046908751123993,0.02212617173041342,21.05587107364686,2.727404542102984e-05,21.040543209405154,0.022045016076889152,nan,nan
2008 CP209,364852,MBO,MBO,21163641458604368,745319375583576087,19.571772,3.005062,2.9493177,149.650846556441,2.631568404165935,2025052800190,60,60824.046998932594,r,149.65086175791097,2.631580658888222,43.402809143066406,14048.0,322.894,False,13899.7,0.794477,14172.0,327.403,False,-60.7375,4.24443,21.030963753594932,0.024955703275758793,21.042486417516848,6.205834768750844e-05,21.02142214084715,0.025082790508108202,nan,nan
2008 CP209,364852,MBO,MBO,21163641458604368,745319375717793812,19.571758,3.005062,2.9493248,149.65095965459588,2.6315433173952933,2025052800191,60,60824.04752198832,r,149.65095883426721,2.6315495933157558,44.2570686340332,13878.0,311.987,False,13382.1,0.200031,14080.6,316.933,False,-54.5881,4.31734,21.04418279211434,0.02440809776507637,21.083689354456947,1.6229209338274644e-05,21.028447126923297,0.02443828084299914,nan,nan
2008 CP209,364852,MBO,MBO,21163641458604368,745319375852011546,19.571745,3.005062,2.949332,149.65107319142345,2.6315181340159723,2025052800192,60,60824.0480465993,r,149.6510687503196,2.63152044534242,51.41770553588867,14327.9,276.983,False,13950.3,0.413487,14369.4,278.699,False,-36.1167,4.96258,21.009543616046688,0.020989151575537227,21.03854114726228,3.218122898075543e-05,21.006403384548904,0.021058192539044642,nan,nan
2008 CP209,364852,MBO,MBO,21163641458604368,745319375986753587,19.571732,3.005062,2.9493392,149.65118673445332,2.631492949962429,2025052800193,61,60824.048571769206,r,149.65119038270504,2.6314925753713876,46.74091720581055,13185.0,281.007,False,12951.2,0.470865,13249.5,281.867,False,-39.2964,4.86607,21.099799664676368,0.02313989087842767,21.11922495848405,3.947396245293392e-05,21.09450127626853,0.02309771777032049,nan,nan
2008 CP209,364852,MBO,MBO,21163641458604368,745319376140894272,19.571718,3.0050623,2.9493463,149.65130049994573,2.6314677172746483,2025052800194,99,60824.04909724841,r,149.65130847070404,2.631467117344217,49.79915237426758,13648.1,272.287,False,12983.2,0.110181,13755.7,274.898,False,-42.387,5.00303,21.0623195412686,0.021661025978894837,21.11654561555258,9.214022353735513e-06,21.053793245424764,0.021697675735208692,nan,nan
2008 CP209,364852,MBO,MBO,21163641458604368,745323760500342815,19.542742,3.0052073,2.9624565,149.8677973443004,2.5838789413498366,2025052900092,105,60825.028359943615,r,149.8678015430458,2.5838771578659596,49.65829086303711,11860.3,236.261,False,11447.7,1.10135,11946.0,236.987,False,-71.5174,6.39264,21.21476083184006,0.021628215763479113,21.253204382176072,0.0001044555233142744,21.206943723972365,0.02153903946315672,nan,nan
2008 CP209,364852,MBO,MBO,21163641458604368,745323760634560561,19.542727,3.0052073,2.9624634,149.86791247193025,2.583852911644513,2025052900093,105,60825.028885205786,r,149.86791396872744,2.583852503872561,50.374168395996094,11768.8,231.001,False,10844.3,0.441959,11830.1,231.155,False,-55.2519,6.78211,21.223169561833373,0.021311107409825593,21.31199621073294,4.4249134484660756e-05,21.21752899649869,0.021214813008557844,nan,nan
2008 CP209,364852,MBO,MBO,21163641458604368,745323760768778294,19.542713,3.0052075,2.9624705,149.8680273860605,2.5838269307700226,2025052900094,105,60825.02941036766,r,149.86802724562642,2.583831203663475,51.04288101196289,11727.3,227.709,False,10978.8,0.0713171,11811.0,227.616,False,-50.4054,7.22931,21.22700493026487,0.021081741677043145,21.29861283520915,7.052825246647482e-06,21.219283326225266,0.020923793841878834,nan,nan
2008 CP209,364852,MBO,MBO,21163641458604368,745323760923443236,19.542698,3.0052075,2.9624777,149.8681423058364,2.58380094918379,2025052900095,144,60825.02993560632,r,149.8681382660418,2.5838022852680664,52.60548782348633,11903.1,224.131,False,11178.6,0.0183402,11977.7,224.604,False,-52.0192,7.79074,21.210849830140067,0.020444014224539078,21.279031497388324,1.7813160896744767e-06,21.20406640402511,0.020359559414426433,nan,nan
2008 CP209,364852,MBO,MBO,21163641458604368,745323761053990936,19.542685,3.0052075,2.9624848,149.8682570123157,2.583775016388857,2025052900096,137,60825.03045977649,r,149.86825000602968,2.5837791750474612,51.255184173583984,12454.8,240.763,False,12290.9,0.994189,12531.5,241.537,False,-69.7278,5.96173,21.161658122028495,0.020988302541638883,21.17604075243466,8.782326626960634e-05,21.15499235389271,0.020926901685506413,nan,nan
2008 CP209,364852,MBO,MBO,21163641458604368,745323761191878666,19.54267,3.0052078,2.9624918,149.86837172425635,2.5837490829323646,2025052900097,144,60825.03098396293,r,149.8683823300385,2.583748297686138,42.180076599121094,12703.2,301.771,False,12900.3,1.04282,12768.4,306.572,False,-136.415,4.17545,21.14021714404955,0.025792216997871875,21.123500491304505,8.776752641458707e-05,21.134658768007988,0.026068755660405837,nan,nan
2008 CP209,364852,MBO,MBO,21163641458604368,745323761301979211,19.542654,3.0052078,2.962499,149.86848687975038,2.5837230497811983,2025052900098,98,60825.03150921374,r,149.8684849756823,2.5837279544453313,51.30740737915039,12105.9,235.014,False,11771.7,1.48079,12030.9,234.767,False,-98.9993,6.49935,21.19250725964116,0.021077590960509738,21.222902017887794,0.00013657732601373535,21.19925467228897,0.02118669604525783,nan,nan
2008 CP209,364852,MBO,MBO,21163641458604368,745323761590861910,19.542625,3.005208,2.9625132,149.86871633177654,2.583671179422275,2025052900100,137,60825.03255740818,r,149.86871401301238,2.5836735475029005,56.106590270996094,13027.2,230.119,False,12689.8,1.04857,12969.6,230.304,False,-105.305,10.7614,21.11287228197365,0.019178989309699388,21.141363073290684,8.971539896582616e-05,21.117683577546757,0.01927965391064367,nan,nan
2008 CP209,364852,MBO,MBO,21163641458604368,745323761725079582,19.54261,3.005208,2.9625201,149.86883062826325,2.583645342226132,2025052900101,137,60825.033079287,r,149.86883121881965,2.583651881937567,55.86573791503906,12438.7,222.794,False,11455.7,0.295448,12417.1,222.888,False,-96.8347,6.69317,21.16306249917257,0.019447009341532383,21.25244590178948,2.8001657724933262e-05,21.164949587440468,0.019489057779126188,nan,nan
2008 CP209,364852,MBO,MBO,21163641458604368,745323761859297332,19.542597,3.005208,2.9625273,149.86894536832418,2.5836194053564503,2025052900102,137,60825.03360386954,r,149.868938067176,2.583620017062891,54.89255142211914,13206.8,238.387,False,12568.7,1.15227,13327.2,239.892,False,-98.4874,8.1805,21.09800601340862,0.019597888460068772,21.151774082473924,9.95378355111357e-05,21.088152696127906,0.019543446782463798,nan,nan
2008 CP209,364852,MBO,MBO,21163641458604368,745323761992990785,19.542582,3.0052083,2.9625344,149.86906033310822,2.5835934182944382,2025052900103,136,60825.034128061634,r,149.86905003538132,2.5835952241844153,53.860652923583984,12957.9,239.349,False,12528.5,0.353425,12965.5,239.177,False,-96.116,8.34236,21.11866340716599,0.020054936832233968,21.155252306696365,3.062827265619308e-05,21.11802682622734,0.02002877871011636,nan,nan
2008 CP209,364852,MBO,MBO,21163641458604368,745323762261950497,19.542551,3.0052083,2.9625485,149.86929049893445,2.583541392609719,2025052900105,137,60825.03517963602,r,149.86929519979958,2.583549704825788,50.58460998535156,13524.0,263.685,False,14325.3,0.631233,13582.9,264.729,False,-74.1307,5.25155,21.07223709476567,0.021169206484836157,21.00974070051156,4.784210494833257e-05,21.06751871042065,0.021160860767922215,nan,nan
2008 CP209,364852,MBO,MBO,21163641458604368,745323762396168206,19.542538,3.0052085,2.9625556,149.86940504292588,2.583515502509918,2025052900106,137,60825.03570259073,r,149.86940104162477,2.583516383459097,49.40222930908203,13832.6,277.868,False,13894.0,2.11907,13962.7,280.0,False,-28.3527,4.92711,21.04774048430519,0.021810170808216005,21.04293176365416,0.00016559313927378997,21.037576467439944,0.021772732571765447,nan,nan
2008 CP209,364852,MBO,MBO,21163641458604368,745323762509938745,19.542522,3.0052085,2.9625628,149.86951893551375,2.583489760262539,2025052900107,98,60825.03622262055,r,149.8695084240939,2.583488620708529,48.36561584472656,14035.1,287.977,False,14419.7,1.53236,14330.3,290.987,False,16.0168,4.88617,21.031961251900825,0.022277508005411156,21.002609422702182,0.00011537956145107279,21.009361809045117,0.022046651137086853,28.38856062340354,0.3312204434477507
2008 CP209,364852,MBO,MBO,21163641458604368,745323762799869978,19.542494,3.0052087,2.9625769,149.8697482712198,2.583437927201992,2025052900109,139,60825.03726984469,r,149.8697381837698,2.5834307608506184,47.13478469848633,13763.5,288.472,False,13518.6,2.61814,14165.7,291.789,False,59.3812,4.66417,21.053177782002436,0.022756165076071023,21.07267073648533,0.0002102739521816707,21.02190488476057,0.02236429394047435,26.965877596041587,0.08528049449347003
2008 CP209,364852,MBO,MBO,21163641458604368,745323762912067635,19.542479,3.0052087,2.962584,149.86986305738864,2.5834119848886026,2025052900110,97,60825.037793897034,r,149.86986306458087,2.5834103551670915,53.77199935913086,14036.5,259.266,False,13395.3,0.814816,14206.2,259.584,False,34.5814,5.33439,21.031852924992148,0.020054463243701623,21.08261890464216,6.60437050478837e-05,21.018805173739857,0.01983920818167421,27.55289351431652,0.16748136932244437
2008 CP209,364852,MBO,MBO,21163641458604368,745323763045761098,19.542463,3.0052087,2.962591,149.86997784929758,2.58338604192347,2025052900111,96,60825.03831789047,r,149.8699748992517,2.583386196063298,58.87430953979492,14397.7,242.488,False,13007.0,0.179636,14587.0,242.996,False,-5.68047,8.27848,21.004267185083336,0.018286115449331137,21.114557149388876,1.4994795925340307e-05,20.99008504261279,0.018086622142802305,nan,nan
2008 CP209,364852,MBO,MBO,21163641458604368,745323763317866562,19.542427,3.005209,2.9626088,149.87026529311748,2.583321082502207,2025052900113,103,60825.03962907732,r,149.87026729797384,2.5833183847829466,53.626766204833984,14842.9,274.679,False,15110.5,0.889481,14944.1,275.191,False,-34.895,5.20063,20.97120306762785,0.02009236143199192,20.951802912010102,6.391196412347111e-05,20.96382561582401,0.01999349911144701,nan,nan
2008 CP209,364852,MBO,MBO,21163641458604368,745323763451560044,19.542412,3.005209,2.962616,149.87038076304597,2.5832949886228005,2025052900114,102,60825.04015647087,r,149.87038573864,2.5832984155504266,57.59171676635742,14501.9,246.84,False,14746.5,3.22244,14587.4,246.898,False,-22.3619,10.9445,20.996437705605285,0.018480551761317233,20.9782776121057,0.0002372576394657978,20.990055241239546,0.01837654995887206,nan,nan
2008 CP209,364852,MBO,MBO,21163641458604368,745323763585777698,19.542398,3.0052092,2.9626231,149.8704955815404,2.5832690426250613,2025052900115,102,60825.04068076155,r,149.87049119316828,2.5832638818507494,57.210723876953125,15053.7,256.366,False,16274.6,2.46017,15263.0,257.155,False,-4.55584,10.2965,20.9558918437147,0.018490194526386273,20.871224218048123,0.00016412665971444202,20.94090023944662,0.018292766324393313,nan,nan
2008 CP209,364852,MBO,MBO,21163641458604368,745323763721568286,19.542383,3.0052092,2.96263,149.87061018689678,2.5832431454628177,2025052900116,105,60825.041203718705,r,149.8706119640754,2.583247723480939,59.49953842163086,15119.4,249.935,False,15722.9,2.4918,15237.8,250.495,False,-6.67381,10.1187,20.951163579660843,0.01794803158025782,20.908668342392957,0.00017206987792300568,20.942694341294356,0.017848474766401418,nan,nan
2008 CP209,364852,MBO,MBO,21163641458604368,745323763854213216,19.542368,3.0052092,2.9626372,149.870725236497,2.583217148595804,2025052900117,102,60825.04172892816,r,149.87071953312736,2.583212268902499,60.28359603881836,15031.2,243.997,False,15525.8,1.99308,15208.8,244.912,False,-10.5247,12.4802,20.95751585235987,0.01762443230186716,20.922365045218967,0.0001393782712557826,20.944762641850986,0.017483945582676835,nan,nan
2008 CP209,364852,MBO,MBO,21163641458604368,745323763990003782,19.542355,3.0052094,2.9626443,149.87084051121693,2.583191101548728,2025052900118,105,60825.04225404642,r,149.8708348370929,2.5831882382035323,58.612003326416016,15343.9,253.338,False,16725.8,2.35608,15395.4,253.743,False,-22.4638,11.8482,20.935160573781793,0.017926226634383917,20.84153270085808,0.0001529422388043036,20.931522529620718,0.01789482252524495,nan,nan
2008 CP209,364852,MBO,MBO,21163641458604368,745323764120551453,19.54234,3.0052094,2.9626515,149.87095601121226,2.583165004295485,2025052900119,98,60825.042781189695,r,149.87096095083365,2.583164748030571,59.216552734375,15485.0,256.452,False,16847.2,1.82724,15473.5,255.678,False,-44.729,13.2797,20.925221975767982,0.017981221612941713,20.833680721394686,0.00011775848236966179,20.926028601859624,0.017940275606734415,nan,nan
2008 CP209,364852,MBO,MBO,21163641458604368,745323764231176228,19.542316,3.0052097,2.962662,149.8711263136021,2.5831265257093285,2025052900120,53,60825.04355816226,r,149.87111867296204,2.58312728922825,56.646583557128906,15762.4,274.139,False,16975.2,3.98695,15766.4,272.891,False,-61.6935,8.71416,20.905944112258666,0.01888307860968051,20.825462800483727,0.0002550058953435174,20.90566862161299,0.018792344591618104,nan,nan
2008 CP209,364852,MBO,MBO,21163641458604368,745323764365393955,19.542303,3.0052097,2.9626691,149.87124139031008,2.583100525836416,2025052900121,53,60825.04408396741,r,149.87123798621909,2.5831017592736383,60.76317596435547,16107.6,260.822,False,17077.9,2.32313,16134.7,260.801,False,-60.3637,13.5199,20.882422935742003,0.017580762215180065,20.81891380964683,0.00014769416466816154,20.880597749919033,0.017549819887751682,nan,nan
2008 CP209,364852,MBO,MBO,21163641458604368,745323764526874665,19.542278,3.0052097,2.9626806,149.87142684100712,2.5830586275002987,2025052900122,105,60825.044929514916,r,149.87142778403395,2.583065234967236,58.21004867553711,15906.1,268.984,False,16622.8,0.963217,15997.7,269.689,False,-11.3038,6.91297,20.89609075543957,0.018360609075472743,20.848239499911152,6.29135610450579e-05,20.889856115903036,0.01830332502258281,nan,nan
2008 CP209,364852,MBO,MBO,21163641458604368,745323764661092422,19.542263,3.00521,2.9626877,149.87154149520933,2.5830327249403995,2025052900123,105,60825.04545278364,r,149.87153102186318,2.5830050760597443,61.34782409667969,16266.9,258.721,False,17857.9,11.614,16434.7,259.132,False,15.6416,8.75298,20.87173798174686,0.01726836452540016,20.770424009526863,0.0007061155205338788,20.860595599481062,0.01711920480004889,28.414297085051096,0.607573889320458
2008 CP209,364852,MBO,MBO,21163641458604368,745323764795310156,19.54225,3.00521,2.9626946,149.87165615550904,2.583006821719822,2025052900124,105,60825.04597517384,r,149.87165644976014,2.5830201090038747,60.78096008300781,16334.6,260.447,False,17933.8,2.07683,16622.8,260.982,False,171.623,9.33949,20.867228766006278,0.01731151875621545,20.76581914734438,0.0001257340511483357,20.848239499911152,0.017046321139709122,25.813561269936244,0.05908428528505565
2008 CP209,364852,MBO,MBO,21163641458604368,745323764949975132,19.542234,3.00521,2.9627018,149.87177038341548,2.58298101689984,2025052900125,144,60825.04649620871,r,149.8717691915089,2.5829786135692343,64.9979019165039,16530.2,248.992,False,16995.2,1.93951,16816.4,249.405,False,237.658,13.5182,20.854304780910695,0.016354287706332963,20.824184350562447,0.00012390535622289238,20.8356674021108,0.01610261593041646,25.46011888320559,0.0617576466308755
2008 CP209,364852,MBO,MBO,21163641458604368,745323765080522789,19.54222,3.0052102,2.962709,149.87188571369194,2.5829549637789904,2025052900126,137,60825.047022808765,r,149.87189127132666,2.58296892376347,66.4518051147461,17028.1,250.501,False,18039.9,0.688096,17529.2,251.071,False,344.977,10.6619,20.822084544981177,0.015972305715517013,20.759414661985378,4.141324004497199e-05,20.790594808000197,0.015551016925262258,25.055524679415143,0.033555891306047365
