provid,permid,orbit_class,population,ssObjectId,diaSourceId,phaseAngle,helioRange,topoRange,ephRa,ephDec,visit,detector,midpointMjdTai,band,ra,dec,snr,psfFlux,psfFluxErr,psfFlux_flag,trailFlux,trailFluxErr,scienceFlux,scienceFluxErr,forced_PsfFlux_flag,templateFlux,templateFluxErr,psfMag,psfMagErr,trailMag,trailMagErr,scienceMag,scienceMagErr,templateMag,templateMagErr
2014 DS39,501503,MBO,MBO,21164723805567315,745284180501856324,20.474123,2.8930976,2.6971717,149.90936653730748,3.952050946497126,2025052000110,113,60815.997173178526,g,149.90939644108389,3.952086535522324,12.062529563903809,3085.79,248.403,False,3164.78,14.6487,3213.13,246.394,False,69.4858,29.23,22.676584067991527,0.08740067435694218,22.649141176503996,0.005025506839434828,22.63267929703882,0.0832580359785144,26.79525981854937,0.4567273888061279
2014 DS39,501503,MBO,MBO,21164723805567315,745284181463400582,20.474098,2.8931081,2.6972406,149.91015583265286,3.951691235156548,2025052000117,155,60816.00153897185,g,149.9102198403396,3.95170855592843,19.403884887695312,3666.08,188.431,False,3990.43,1.76146,3470.76,173.415,False,24.4301,13.8926,22.489495132457975,0.05580520724422952,22.39745077652232,0.00047926686348400706,22.548938537874086,0.05424833066212399,27.93018691108672,0.617422735862068
2014 DS39,501503,MBO,MBO,21164723805567315,745284181866053713,20.474089,2.8931124,2.6972678,149.91046655568576,3.95154964203241,2025052000120,155,60816.003256159864,g,149.91046719732026,3.951534526695845,24.099777221679688,3650.36,149.291,False,3383.04,2.66729,3673.21,147.732,False,-3.74257,30.0692,22.494160725878054,0.04440401477448576,22.576732155514527,0.0008560269042286284,22.487385616605827,0.043666977078761715,nan,nan
2014 DS39,501503,MBO,MBO,21164723805567315,745284182268706820,20.474081,2.893116,2.6972914,149.91073625497873,3.9514267503675233,2025052000123,155,60816.00474765939,g,149.91072322101593,3.9514365084396457,22.129884719848633,3485.89,155.717,False,3533.31,2.27587,3563.64,151.849,False,100.787,18.3817,22.54421583724245,0.048500550687896514,22.52954562561194,0.0006993426864259202,22.52026547017918,0.046263921402213776,26.391488676643768,0.19801836791800853
2014 DS39,501503,MBO,MBO,21164723805567315,745284182402924586,20.474077,2.8931172,2.6972988,149.91082272436594,3.9513873510749447,2025052000124,155,60816.00522575411,g,149.9108411482497,3.951382884434715,23.103790283203125,4008.58,170.146,False,3835.58,0.690544,4054.86,161.354,False,127.602,13.7252,22.392523590544155,0.04608456472198709,22.440422364373717,0.00019547203200179412,22.3800603108594,0.043204421159448246,26.135356318693024,0.11678458439270936
2014 DS39,501503,MBO,MBO,21164723805567315,745284182537142443,20.474073,2.8931193,2.6973128,149.91098210417906,3.951314732518322,2025052000125,155,60816.00610655401,g,149.91100057125414,3.951311620668595,22.207204818725586,3647.97,164.284,False,3636.96,2.31875,3636.15,150.609,False,105.251,13.9869,22.494871863367006,0.04889543619710567,22.498153700098726,0.0006922129328556286,22.49839555261117,0.04497109344490988,26.344434428662897,0.14428446437028558
2014 DS39,501503,MBO,MBO,21164723805567315,745284182671360123,20.47407,2.893121,2.697324,149.91111037559742,3.9512562898276538,2025052000126,155,60816.00681531953,g,149.9111227162989,3.9512416137426616,24.12027931213379,4053.99,164.009,False,3887.31,2.18503,4142.59,152.506,False,140.011,20.6031,22.38029331991126,0.04392475377367092,22.425877044764796,0.0006102847794056559,22.356820159762968,0.039970474584681004,26.034594594004986,0.15976981204715218
2014 DS39,501503,MBO,MBO,21164723805567315,745284182940844104,20.474062,2.8931239,2.6973426,149.91132423759427,3.951158854405068,2025052000128,157,60816.00799732409,g,149.91132589588085,3.951144277536255,22.663570404052734,3963.34,172.002,False,4016.95,3.60987,4089.53,168.971,False,161.939,20.9647,22.40484664987535,0.04711904438091612,22.390258948219543,0.0009757070798474414,22.370816496125002,0.04486039309782679,25.87662139832925,0.14055993443626102
2014 DS39,501503,MBO,MBO,21164723805567315,745284183076634647,20.47406,2.893125,2.69735,149.9114105479876,3.951119532813495,2025052000129,160,60816.0084747443,g,149.91142612691036,3.9511106223794576,20.41877555847168,4051.48,193.729,False,4463.02,7.13334,4217.15,193.373,False,130.715,17.8585,22.38096575681469,0.051916483474369494,22.275927912658673,0.0017353552833567771,22.33745240331792,0.04978529888132145,26.109186462318974,0.1483350804598916
2014 DS39,501503,MBO,MBO,21164723805567315,745284183208230991,20.474056,2.8931265,2.6973596,149.91151749056655,3.9510708126613943,2025052000130,155,60816.00906569423,g,149.91153947554997,3.9510799931192513,15.763347625732422,3575.78,227.059,False,3739.2,8.97721,3666.61,222.068,False,86.1755,12.5388,22.516573013701,0.06894333016168538,22.46805327655764,0.002606675783778042,22.48933817178361,0.06575753980718026,26.561540483290297,0.15797795833202014
2014 DS39,501503,MBO,MBO,21164723805567315,745284183478239315,20.47405,2.8931289,2.6973763,149.91171039811093,3.950982932389953,2025052000132,158,60816.01013182878,g,149.9117039470098,3.9509903958845145,19.636621475219727,3921.46,195.284,False,3771.71,0.744315,4024.82,191.174,False,20.8125,15.5852,22.416380537209555,0.054068359083356554,22.458654278176787,0.00021426084779097026,22.388133825547943,0.05157113245048649,28.10418937287401,0.8130410202862174
2014 DS39,501503,MBO,MBO,21164723805567315,745284183612456995,20.474047,2.8931303,2.6973855,149.9118173550394,3.950934209279235,2025052000133,158,60816.010722717605,g,149.9118205740293,3.95094045353682,19.83234977722168,3770.36,190.786,False,3707.02,0.328977,3732.31,180.776,False,33.5816,14.6209,22.45904292077369,0.05493991469127563,22.477437671459356,9.635292644289647e-05,22.47005571192335,0.052588087841125626,27.584746533092776,0.4727124542616668
2014 DS39,501503,MBO,MBO,21164723805567315,745284184150376494,20.474035,2.8931353,2.6974182,149.91219111183648,3.950763958688235,2025052000137,160,60816.01278751195,g,149.9121921655475,3.9507529892516513,19.24442481994629,3938.02,202.255,False,3727.06,2.39129,3942.17,199.168,False,44.9495,14.9051,22.41180520097351,0.05576294186054967,22.471584022203338,0.0006966107423382938,22.41066164994978,0.05485403012034521,27.268187811985985,0.36002638938145
2014 DS39,501503,MBO,MBO,21164723805567315,745284184529961026,20.474026,2.8931396,2.697445,149.9124975864943,3.950624368379045,2025052000140,116,60816.014480708174,g,149.91251075966335,3.9506216168677857,18.13761329650879,3488.47,191.986,False,3600.71,6.94977,3574.96,189.093,False,48.6892,12.677,22.543412527859477,0.05975288437051923,22.50902964966635,0.002095591413111767,22.516822044686116,0.05742864841224028,27.181418372732082,0.2826885127375774
2014 DS39,501503,MBO,MBO,21164723805567315,745284189518037032,20.473719,2.8932579,2.6982198,149.92138193311484,3.946584533948967,2025052000177,158,60816.06343342403,r,149.9213615350355,3.946603035807365,22.06629753112793,6325.79,281.994,False,6562.04,1.31478,6016.29,275.017,False,49.504,14.0513,21.897213067404607,0.04840044965852137,21.857402810106997,0.00021753970341509797,21.951678087570258,0.04963123619867727,27.16339923447783,0.30817721170969603
2014 DS39,501503,MBO,MBO,21164723805567315,745284189652254782,20.473715,2.893259,2.6982274,149.92146875124476,3.946545136982792,2025052000178,158,60816.0639107544,r,149.92147629666303,3.9465432856108724,19.426986694335938,6296.19,319.438,False,6262.68,3.26672,5831.27,318.474,False,76.2345,9.26808,21.902305446992422,0.05508496285526497,21.908099415996595,0.0005663383945270417,21.985592119789303,0.05929733143135204,26.694621151145068,0.13199653868286745
2014 DS39,501503,MBO,MBO,21164723805567315,745284189786472504,20.473711,2.8932602,2.698235,149.92155521080133,3.946505904569469,2025052000179,158,60816.06438575081,r,149.92160818409093,3.9465371092816253,16.36405372619629,5911.94,364.836,False,6052.67,1.22791,5427.55,361.753,False,74.751,8.65665,21.97067496632348,0.06700265163967152,21.945132523469482,0.00022026418188771698,22.063490456624567,0.07236567757847298,26.715957490685582,0.12573528033518058
2014 DS39,501503,MBO,MBO,21164723805567315,745284189921738805,20.47368,2.8932712,2.6983075,149.92238731901463,3.946128417339519,2025052000180,160,60816.06895572477,r,149.92240019034583,3.946137134544559,12.849430084228516,6367.82,484.601,False,6104.05,7.8085,6632.77,491.418,False,96.8245,9.87716,21.89002308336071,0.08262621735539621,21.935954828764693,0.0013889092034271,21.845762652231247,0.08044155185593492,26.43503683092767,0.11075698997459615
2014 DS39,501503,MBO,MBO,21164723805567315,745284190727045192,20.47366,2.8932786,2.6983554,149.9229387572077,3.945878353800667,2025052000186,160,60816.07198260975,r,149.9229601915586,3.945904244038409,12.738449096679688,6076.19,463.069,False,5448.57,16.4153,6046.27,464.466,False,71.8975,18.0569,21.94092164643093,0.08274441446276698,22.059293697959895,0.003271075988356913,21.946281154070718,0.08340473616977127,26.758215540131225,0.27268027889496227
2014 DS39,501503,MBO,MBO,21164723805567315,745284190861262904,20.473656,2.8932798,2.6983635,149.9230316878902,3.945836219850107,2025052000187,160,60816.072492731924,r,149.92298644609733,3.945849723532136,9.625441551208496,6171.32,644.588,False,6101.54,8.36989,6223.61,641.888,False,112.491,10.1858,21.92405486500674,0.1134040306564391,21.93640133622198,0.0014893769074594003,21.914894098984966,0.11198019426662709,26.272205582172724,0.09831090187420569
2014 DS39,501503,MBO,MBO,21164723805567315,745284190994956343,20.473652,2.893281,2.6983712,149.92311842900463,3.945796894249027,2025052000188,159,60816.07296889353,r,149.9231252317064,3.945817379182746,9.848774909973145,5865.02,589.824,False,6352.46,74.4369,6122.57,589.086,False,126.695,17.469,21.979326252836554,0.10918858614892166,21.892645158983512,0.012722446869618173,21.932665633270474,0.10446463081494158,26.14310131298474,0.1497038214412768
2014 DS39,501503,MBO,MBO,21164723805567315,745284192619200530,20.473608,2.8932958,2.698469,149.9242433020305,3.94528709639994,2025052000200,185,60816.07913864023,r,149.9242396530666,3.9452970834790437,12.600127220153809,5320.23,415.08,False,5405.4,1.75675,5605.21,413.622,False,261.727,16.2806,22.085173984539765,0.08470824963328372,22.067930426359652,0.00035286326612414315,22.02852028721367,0.08011910235064652,25.355378724605828,0.06753769044472914
2014 DS39,501503,MBO,MBO,21164723805567315,745297372516974593,20.42767,2.9003453,2.7442596,150.48007788809437,3.700432220288368,2025052300094,157,60818.99406224796,u,150.48019137978238,3.700407037579027,5.011266708374023,1738.43,339.099,False,1713.32,29.8923,1601.81,329.875,False,-343.267,20.5134,23.299606946516345,0.21178422419186185,23.315403822689618,0.018942843714660002,23.388472458761875,0.22359531869778546,nan,nan
2014 DS39,501503,MBO,MBO,21164723805567315,745297377863663628,20.427103,2.9004264,2.744789,150.48646783143053,3.6975612806523337,2025052300134,115,60819.02753780842,g,150.4864814408866,3.6975513013887347,15.101777076721191,1939.35,127.193,False,1850.71,0.329062,1922.99,124.822,False,0.582457,30.1068,23.18085952739265,0.07120841915681675,23.231654093898577,0.00019304729030462708,23.19005744098634,0.07047554262601008,31.986840316337652,56.120954027662506
2014 DS39,501503,MBO,MBO,21164723805567315,745297378132099113,20.427084,2.900429,2.7448056,150.48666837402558,3.697471264116916,2025052300136,115,60819.028586217355,g,150.48665912827437,3.6974557229946865,14.729949951171875,1828.59,121.675,False,1783.65,1.27492,1881.27,119.573,False,49.9499,37.9865,23.24470916925803,0.07224525918695263,23.271725889720727,0.0007760641206571072,23.213872163734017,0.06900909053093468,27.153663407881933,0.8256936811653502
2014 DS39,501503,MBO,MBO,21164723805567315,745297378287288344,20.427074,2.9004302,2.7448137,150.48676836625955,3.697426383440925,2025052300137,155,60819.02910952353,g,150.48674789263936,3.6974252630558344,14.221756935119629,1689.71,119.511,False,1556.96,0.179675,1825.41,117.864,False,104.214,33.7136,23.33046958931566,0.07679271844845235,23.41930638920829,0.00012529522610226493,23.246598916265413,0.07010436445428525,26.35518486855471,0.35123953958553217
2014 DS39,501503,MBO,MBO,21164723805567315,745297378422554651,20.427067,2.9004314,2.744822,150.48686817238448,3.6973815878594847,2025052300138,157,60819.029631473495,g,150.48688099459557,3.697383975687817,13.79196548461914,1676.59,120.001,False,1594.1,0.399406,1853.62,117.203,False,172.837,41.4643,23.338932843418185,0.07771096831479621,23.39371111217451,0.0002720340920365502,23.229948236076297,0.06865028642458611,25.805908166016074,0.2604725165933476
2014 DS39,501503,MBO,MBO,21164723805567315,745297378555199563,20.427057,2.9004328,2.7448304,150.48696855734605,3.697336534065801,2025052300139,154,60819.03015675932,g,150.48696833961847,3.6973332967071997,16.196012496948242,1863.44,113.358,False,1887.56,0.648545,2048.57,111.84,False,177.825,22.954,23.224211499945305,0.066048217503376,23.210248052623236,0.00037304710532738125,23.1213729426144,0.059274874235232915,25.775017975208225,0.14014896547333847
2014 DS39,501503,MBO,MBO,21164723805567315,745297378690990137,20.427048,2.900434,2.7448387,150.48706894753585,3.697291479526411,2025052300140,157,60819.030681123004,g,150.48707860490313,3.697268376646309,13.963006019592285,1566.57,111.009,False,1543.35,4.5381,1713.94,109.318,False,122.445,35.8276,23.412625523485858,0.07693655400149696,23.428838951479698,0.003192522301779605,23.315011000916595,0.0692500993913773,26.18014736381828,0.3176881129966109
2014 DS39,501503,MBO,MBO,21164723805567315,745297378826256402,20.427038,2.9004352,2.744847,150.48716915178656,3.697246510042966,2025052300141,159,60819.03120546072,g,150.48718905162,3.697254128085406,14.52334976196289,1695.58,117.834,False,1658.37,0.0807084,1779.52,116.379,False,67.4916,39.391,23.3267043149881,0.07545302661606516,23.350796421329324,5.2839855720357936e-05,23.274242804591406,0.07100616458430158,26.826875689579907,0.6336823183822555
2014 DS39,501503,MBO,MBO,21164723805567315,745297378960998404,20.42703,2.9004366,2.7448552,150.48726897871188,3.69720171150329,2025052300142,160,60819.03172731136,g,150.4872787378217,3.697190254784787,14.806260108947754,1799.44,122.057,False,1707.02,0.274446,1814.12,119.853,False,5.31523,30.9306,23.262156609747915,0.07364608289127625,23.319403463878412,0.00017455915369427586,23.253334974703456,0.07173105321212778,29.586194866899124,6.318159717976092
2014 DS39,501503,MBO,MBO,21164723805567315,745297379094691886,20.427021,2.9004378,2.7448635,150.4873693846885,3.697156654737967,2025052300143,159,60819.0322521672,g,150.48737372009361,3.697191883174801,14.033535957336426,1683.68,115.25,False,1618.24,0.875974,1627.46,113.564,False,-51.9421,17.5887,23.334351082728226,0.07431999762815836,23.377392676670986,0.0005877228911803621,23.371224218048123,0.0757625702405979,nan,nan
2014 DS39,501503,MBO,MBO,21164723805567315,745297379631562802,20.426985,2.9004428,2.7448967,150.4877693403444,3.6969771927515738,2025052300147,159,60819.034343319145,g,150.4877683254863,3.6969824852265334,14.930644989013672,1754.5,118.84,False,1651.78,0.548299,1799.81,118.252,False,24.2085,28.5916,23.289616568621437,0.07354168515096686,23.35511947247759,0.0003604039766744539,23.26193331343236,0.07133557003928989,27.940080302486948,1.282315543850233
2014 DS39,501503,MBO,MBO,21164723805567315,745297379777839118,20.426975,2.900444,2.744905,150.4878693904646,3.696932303960207,2025052300148,182,60819.03486655337,g,150.48785513550382,3.696947656032153,11.07196044921875,1574.33,142.607,False,1566.2,3.42325,1573.68,140.674,False,24.3738,26.4678,23.40726060199416,0.09834887313480882,23.41288198477049,0.0023730982858662874,23.407708899497663,0.09705584698381586,27.93269187964723,1.1790138815158038
2014 DS39,501503,MBO,MBO,21164723805567315,745297380045750303,20.426958,2.9004467,2.7449214,150.4880700809516,3.696842266663919,2025052300150,181,60819.03591508551,g,150.48806702354588,3.6968629691789827,12.86232852935791,1884.2,142.46,False,1758.23,1.51793,1866.74,141.582,False,-11.6301,9.30972,23.212182529491045,0.08209000691414549,23.28731079710894,0.0009373469961617341,23.222290421879045,0.08234714258089168,nan,nan
2014 DS39,501503,MBO,MBO,21164723805567315,745297380182065184,20.426949,2.9004478,2.7449298,150.48817110401507,3.696796946522372,2025052300151,185,60819.03644384879,g,150.48817232038115,3.6968070937587454,12.694254875183105,1706.35,133.835,False,1718.07,0.46071,1733.86,133.396,False,8.07429,21.9612,23.31982972354589,0.08515809437240189,23.31239789772731,0.0002911461876790379,23.302464940223825,0.08353204050636859,29.13223910374545,2.953085646103611
2014 DS39,501503,MBO,MBO,21164723805567315,745297380315234322,20.426939,2.9004493,2.7449381,150.48827136725657,3.696751968983597,2025052300152,183,60819.03696702246,g,150.48826709659613,3.6967563631242397,11.777942657470703,1517.84,127.547,False,1465.86,1.13236,1541.96,125.734,False,29.7268,25.0087,23.446935040180744,0.09123649109646083,23.484768775623976,0.0008387187323890006,23.42981725794622,0.08853275097049387,27.717129563361976,0.9134131340081092
2014 DS39,501503,MBO,MBO,21164723805567315,745297380451024905,20.42693,2.9004505,2.7449465,150.48837144469547,3.6967070765323897,2025052300153,186,60819.03749054286,g,150.48837808011535,3.6967035616814408,12.004060745239258,1569.45,131.421,False,1539.11,0.44981,1573.94,128.111,False,31.7929,35.372,23.410631322841432,0.09091627506696241,23.431825860550372,0.0003173100071055388,23.407529608807522,0.08837360248082372,27.64417463698707,1.2079634987913384
2014 DS39,501503,MBO,MBO,21164723805567315,745297380584194050,20.42692,2.9004517,2.7449548,150.4884715276485,3.696662183354648,2025052300154,184,60819.03801396572,g,150.4884894575867,3.6966645482680365,11.146065711975098,1517.42,135.377,False,1494.16,0.695196,1519.59,133.448,False,32.6721,23.3367,23.447235458849526,0.09686422001949851,23.464007210720947,0.0005051663944519227,23.44568395711952,0.09534764389798366,27.61455737361723,0.7755087831710412
2014 DS39,501503,MBO,MBO,21164723805567315,745297380719984650,20.426912,2.900453,2.7449632,150.48857219032482,3.696617031909726,2025052300155,187,60819.03853933948,g,150.48858412392502,3.696575642383069,11.0206298828125,1619.13,145.305,False,1638.87,3.91878,1720.82,143.308,False,28.4237,10.9664,23.37679569754758,0.09743682768180736,23.363638739689605,0.002596155542028643,23.310661421542957,0.09041892088078082,27.76579846051141,0.4188975233892912
2014 DS39,501503,MBO,MBO,21164723805567315,745297380852105264,20.426903,2.9004543,2.7449715,150.48867247575316,3.696572051456013,2025052300156,183,60819.039063642136,g,150.48868433431372,3.696584680333468,11.910022735595703,1782.41,146.056,False,1887.24,1.40647,1804.47,145.961,False,14.0624,8.37016,23.272480954034364,0.08896846618688554,23.21043217353142,0.0008091474025035066,23.259125852266163,0.08782365080340818,28.529851392664803,0.6462471520538786
2014 DS39,501503,MBO,MBO,21164723805567315,745297380986322968,20.426893,2.9004555,2.7449796,150.48877276687475,3.6965270702360096,2025052300157,183,60819.039587964784,g,150.48876607862815,3.6965338565758996,12.802674293518066,1753.73,134.695,False,1721.65,1.75578,1806.57,133.029,False,10.9589,11.9392,23.290093183952546,0.08338983063571549,23.31013781732957,0.0011072598185428277,23.25786304718386,0.07994952502891896,28.8005825452249,1.1828579143263545
2014 DS39,501503,MBO,MBO,21164723805567315,745297381118443541,20.426884,2.900457,2.744988,150.48887306353453,3.696482088330465,2025052300158,179,60819.040111307746,g,150.4888722774496,3.6964809282098123,12.812567710876465,1753.72,136.147,False,1770.9,1.16738,1755.95,134.687,False,26.7174,30.9562,23.290099381027396,0.08428924399821898,23.27951489017963,0.0007157189488055698,23.28871966674626,0.08327945125606598,27.83301453498582,1.2579916917116971
2014 DS39,501503,MBO,MBO,21164723805567315,745297381251088431,20.426874,2.900458,2.7449963,150.4889741315382,3.6964367623165386,2025052300159,176,60819.04063972704,g,150.4889591611158,3.6964221401336816,10.59965991973877,1449.6,137.859,False,1377.85,4.63271,1491.56,136.057,False,15.9577,27.404,23.496879567454048,0.1032550379057737,23.55199516783109,0.0036505432670949876,23.46589813703082,0.0990385988024342,28.392574274743556,1.864524000605568
2014 DS39,501503,MBO,MBO,21164723805567315,745297381518999597,20.426857,2.9004607,2.745013,150.4891751362635,3.696346623140298,2025052300161,175,60819.04168941305,g,150.4891762444319,3.696353176727183,14.749835968017578,1777.19,118.01,False,1799.34,1.74954,1772.23,116.41,False,-38.6519,40.6959,23.27566538364336,0.07209568817472883,23.262216934144554,0.0010556864876293487,23.27869980210488,0.07131724266313824,nan,nan
2014 DS39,501503,MBO,MBO,21164723805567315,745297381654790176,20.426847,2.900462,2.7450213,150.4892756472248,3.696301552465759,2025052300162,178,60819.04221461984,g,150.48927764035477,3.696294114523169,12.518665313720703,1517.73,119.987,False,1459.07,0.980298,1514.4,117.454,False,0.572372,38.8532,23.447013717384927,0.08583491869214703,23.489809719959258,0.0007294681204063268,23.44939848010719,0.08420764706964187,32.005804012772316,73.70088580290557
2014 DS39,501503,MBO,MBO,21164723805567315,745297381787435048,20.426838,2.900463,2.7450297,150.48937616394863,3.696256481068336,2025052300163,175,60819.04273919154,g,150.4893666458323,3.6962596356472224,13.162830352783203,1683.07,126.053,False,1597.57,2.71065,1716.41,123.259,False,17.82,40.2211,23.33474458727948,0.08131587617276419,23.391350295173737,0.0018422046650569744,23.313447388086512,0.07796899290561227,28.272730769341596,2.4505895092039496
2014 DS39,501503,MBO,MBO,21164723805567315,745297381890195529,20.426825,2.900465,2.7450418,150.4895222585606,3.6961909760235545,2025052300164,115,60819.04350260107,g,150.48953840803358,3.6961833515142577,13.958154678344727,1729.88,123.795,False,1725.47,4.22769,1697.24,122.267,False,-19.5396,12.7553,23.30496005290728,0.07769828606643471,23.30773148642734,0.0026602354211671224,23.325641859931608,0.07821504763938797,nan,nan
2014 DS39,501503,MBO,MBO,21164723805567315,745297382024413288,20.426765,2.900473,2.745095,150.49016575812547,3.695902495384377,2025052300165,115,60819.04686286381,r,150.49016030032428,3.695900336559804,22.112407684326172,3549.57,157.147,False,3273.65,1.33039,3531.56,154.966,False,-52.4214,45.0122,22.524560616127363,0.04806784695869581,22.6124194192208,0.00044123611474177805,22.530083509073542,0.04764245761816603,nan,nan
2014 DS39,501503,MBO,MBO,21164723805567315,745297382179078148,20.426756,2.9004743,2.7451034,150.49026575219386,3.695857675205223,2025052300166,154,60819.04738498699,r,150.49026398093727,3.6958595380967125,20.347885131835938,3630.01,176.383,False,3444.23,0.442568,3585.38,175.035,False,-36.4164,33.1545,22.50023044348411,0.05275616423022376,22.557269643108494,0.00013951220094992613,22.513662056567306,0.05300465969783049,nan,nan
2014 DS39,501503,MBO,MBO,21164723805567315,745297382313295906,20.426748,2.9004757,2.7451117,150.49036613524382,3.695812682631968,2025052300167,154,60819.04790885035,r,150.49037290081597,3.6958213804168545,20.720531463623047,3513.37,171.103,False,3335.56,1.58433,3524.02,169.525,False,-6.74767,38.9519,22.535690242239767,0.05287593171239917,22.592078088074864,0.0005157048203607256,22.53240408269647,0.052229959666715176,nan,nan
2014 DS39,501503,MBO,MBO,21164723805567315,745297382584877060,20.42673,2.9004781,2.7451282,150.4905671109582,3.695722609473519,2025052300169,160,60819.0489575571,r,150.49056561163434,3.6957273525200693,19.97260856628418,3455.74,173.761,False,3348.92,3.68801,3541.86,170.883,False,151.825,52.2021,22.553647353166905,0.05459282553984977,22.58773809255941,0.0011956708578645622,22.526921490257948,0.052383168583536206,25.946641797337332,0.373309466959906
2014 DS39,501503,MBO,MBO,21164723805567315,745297382717521964,20.42672,2.9004796,2.7451365,150.4906678953467,3.695677442998764,2025052300170,157,60819.04948372305,r,150.4906749248419,3.6956770594048747,20.3740291595459,3533.33,168.454,False,3487.99,0.955551,3888.08,165.607,False,342.34,41.8655,22.529539473910578,0.05176323663322369,22.54356192516878,0.0002974424667993268,22.425661997526912,0.04624532062531453,25.063855895785863,0.1327770377131253
2014 DS39,501503,MBO,MBO,21164723805567315,745297382852788246,20.42671,2.9004807,2.7451448,150.49076811091322,3.695632533444583,2025052300171,159,60819.05000675553,r,150.49077129885328,3.6956451458828155,19.081050872802734,3605.27,188.06,False,3363.45,2.4252,4228.35,186.751,False,620.74,30.6172,22.50765550724981,0.0566347449455778,22.583037575811126,0.0007828650541160355,22.334572653230854,0.04795306088165986,24.41772568737158,0.05355254047706661
2014 DS39,501503,MBO,MBO,21164723805567315,745297382987006037,20.4267,2.900482,2.7451532,150.4908692906596,3.695587193850408,2025052300172,159,60819.05053419755,r,150.4908755756222,3.6955936204344035,19.611774444580078,3528.99,177.233,False,3316.62,0.283681,4286.76,177.1,False,724.698,36.032,22.530873933720464,0.05452786411010018,22.59826067336987,9.286645051525471e-05,22.31967713527918,0.04485529840775625,24.24960734600883,0.05398282961847288
2014 DS39,501503,MBO,MBO,21164723805567315,745297383121748057,20.426691,2.9004834,2.7451615,150.49096990169383,3.6955421111417226,2025052300173,160,60819.05105965396,r,150.49097189866137,3.6955498768881636,20.831710815429688,3794.04,177.738,False,3657.79,3.63712,4371.51,177.359,False,573.135,24.1922,22.45224522562409,0.05086308703424676,22.4919530677433,0.0010796007512931796,22.298421367733,0.044050017234205915,24.504357654987054,0.04582924903750701
2014 DS39,501503,MBO,MBO,21164723805567315,745297383804370974,20.426645,2.9004896,2.745203,150.4914722825245,3.695317030573821,2025052300178,182,60819.05368098723,r,150.4914713169678,3.695334707237329,19.051488876342773,3856.39,200.069,False,3705.95,2.49365,3911.45,199.807,False,7.53793,22.3415,22.43454766018862,0.05632785145321659,22.47775112530363,0.0007305673521673905,22.41915555595761,0.05546222091404687,29.206869748024005,3.2179888446623766
2014 DS39,501503,MBO,MBO,21164723805567315,745297383938588744,20.426636,2.900491,2.7452114,150.49157312232956,3.6952718577997343,2025052300179,182,60819.05420634805,r,150.49159514126185,3.695279702950642,19.883543014526367,3768.36,189.33,False,3591.64,2.00773,3823.35,189.387,False,21.0184,26.87,22.45961900594427,0.054549573760225005,22.51176803337077,0.0006069275382173137,22.443889831385366,0.05378118932389293,28.093500858033277,1.3880091950946476
2014 DS39,501503,MBO,MBO,21164723805567315,745297384072282161,20.426626,2.9004922,2.7452197,150.49167339327877,3.695226941952753,2025052300180,181,60819.05472985945,r,150.49167074097787,3.6952290879422534,22.220069885253906,4095.11,180.5,False,3926.34,2.87867,4143.54,180.015,False,36.9114,29.1448,22.369336041594764,0.047855950100990315,22.415030214528848,0.000796027890050276,22.356571150521866,0.04716952180847643,27.482098710376626,0.8572843316318544
2014 DS39,501503,MBO,MBO,21164723805567315,745297384208072707,20.426617,2.9004934,2.745228,150.49177405395176,3.695181853646918,2025052300181,184,60819.05525411703,r,150.49175679036725,3.695189243115711,20.395584106445312,4194.2,201.689,False,3864.35,1.7689,4143.4,198.984,False,48.7463,24.0933,22.343377109662075,0.05221044160214975,22.432308836986717,0.000496994000033646,22.356607871316335,0.05214175098593984,27.180145863344602,0.536634946526698
2014 DS39,501503,MBO,MBO,21164723805567315,745297384342290490,20.426607,2.9004948,2.7452364,150.4918737621186,3.695137194091236,2025052300182,184,60819.05577405935,r,150.49187350554016,3.6951546620365487,19.980762481689453,4084.5,207.974,False,3727.05,0.32471,4148.35,206.443,False,44.3651,19.5555,22.372152749010887,0.05528336403184672,22.471586938169104,9.45920797668238e-05,22.35531149674886,0.05403175397936991,27.282396317023235,0.47857694389103994
2014 DS39,501503,MBO,MBO,21164723805567315,745297384608104467,20.42659,2.9004972,2.745253,150.49207511497124,3.695047014021063,2025052300184,179,60819.056824495594,r,150.49206475385355,3.6950506044769447,20.187374114990234,3814.28,189.002,False,3532.13,1.36765,3856.3,188.218,False,-22.7088,24.8373,22.44646856485715,0.053799488082341536,22.52990833751558,0.000420399929927215,22.434572955283556,0.052992530902115156,nan,nan
2014 DS39,501503,MBO,MBO,21164723805567315,745297384744419359,20.42658,2.9004984,2.7452612,150.49217503378404,3.695002266503592,2025052300185,183,60819.05734536407,r,150.49218225406437,3.6950035292236363,22.43410873413086,4192.5,183.335,False,3949.29,2.58868,4155.42,182.547,False,-39.0199,30.7658,22.343817321804693,0.047478462585288095,22.408702425383332,0.000711678200924178,22.353462706150797,0.047696234680341044,nan,nan
2014 DS39,501503,MBO,MBO,21164723805567315,745297384863432730,20.426527,2.9005058,2.7453086,150.49274858655497,3.694745449025004,2025052300186,154,60819.060335375776,i,150.49274788439763,3.694742571263003,17.486753463745117,4875.51,272.954,False,4626.0,1.12586,4956.56,270.588,False,85.918,14.0106,22.179949923337297,0.06078462871533701,22.236985928913498,0.0002642427447536233,22.162049067778582,0.05927239829314303,26.56478961185011,0.17705039570061276
2014 DS39,501503,MBO,MBO,21164723805567315,745297384997650467,20.426517,2.900507,2.745317,150.49284893193482,3.69470052515083,2025052300187,154,60819.06085855108,i,150.49285495690768,3.694699438335737,20.4398250579834,5569.78,269.168,False,5450.03,0.202908,5603.66,266.064,False,52.869,17.4318,22.03540493844902,0.052469837810458574,22.059002810595707,4.042263334846351e-05,22.02882052783608,0.05155118342146392,27.09199727079566,0.3579855392446372
2014 DS39,501503,MBO,MBO,21164723805567315,745297385131868236,20.426508,2.9005082,2.7453253,150.4929498594971,3.694655342881777,2025052300188,154,60819.06138473396,i,150.4929509385457,3.694642654703682,19.264997482299805,4874.34,250.939,False,4531.72,3.82754,4898.41,248.976,False,-4.21472,53.6606,22.180210486647177,0.05589547737398183,22.259342277527086,0.0009170245447997905,22.17486213278821,0.055185712596531884,nan,nan
2014 DS39,501503,MBO,MBO,21164723805567315,745297385268183105,20.426498,2.9005096,2.7453337,150.4930504097527,3.694610331769475,2025052300189,158,60819.06190884062,i,150.49304486743816,3.6946038413760682,19.86043357849121,5187.84,258.448,False,4984.56,1.10892,5148.4,255.996,False,-12.91,46.3742,22.11253359922685,0.05408924658011721,22.155932917130354,0.00024154480120514414,22.120819316503486,0.05398650709560888,nan,nan
2014 DS39,501503,MBO,MBO,21164723805567315,745297385403449397,20.426489,2.9005108,2.745342,150.49315115851144,3.694565234057705,2025052300190,160,60819.06243327331,i,150.49314833408678,3.6945559238105163,21.331703186035156,5539.51,257.26,False,5352.87,4.90055,5514.91,254.451,False,-29.8842,62.0032,22.04132166918275,0.05042260388676377,22.078533235681668,0.0009939909470629573,22.04615389571255,0.05009450010668141,nan,nan
2014 DS39,501503,MBO,MBO,21164723805567315,745297385536094287,20.42648,2.900512,2.7453504,150.49325229770932,3.694519963860918,2025052300191,157,60819.06296078522,i,150.49325553172753,3.6945219482683602,23.239301681518555,5766.97,244.476,False,5381.68,0.546403,5766.99,241.354,False,-40.6041,57.9768,21.997630729051394,0.046027018044608625,22.07270528799352,0.00011023499913447215,21.997626960019936,0.04543908859813598,nan,nan
2014 DS39,501503,MBO,MBO,21164723805567315,745297385671360587,20.42647,2.9005134,2.7453587,150.49335363546243,3.6944746070969554,2025052300192,159,60819.063488538115,i,150.49334355072003,3.6944727448704913,22.202075958251953,5774.0,253.283,False,5311.35,3.9231,5786.98,249.613,False,9.71973,51.333,21.996308051138243,0.04762703988892682,22.086987677788493,0.0008019527277947159,21.99387005009035,0.046831659924507135,28.930864455307642,5.73411963447123
2014 DS39,501503,MBO,MBO,21164723805567315,745297386220290106,20.426432,2.9005184,2.745392,150.49375809399027,3.694293602696778,2025052300196,182,60819.06559514809,i,150.49375670345253,3.6942879663420936,25.087072372436523,6423.53,255.082,False,6318.21,1.8223,6397.59,253.573,False,-51.9929,35.4356,21.880565644411433,0.04311519875214424,21.89851486529153,0.0003131483524250447,21.884959016094758,0.04303392234460241,nan,nan
2014 DS39,501503,MBO,MBO,21164723805567315,745297386356080685,20.426422,2.9005196,2.7454004,150.49385869753073,3.694248586132628,2025052300197,185,60819.06611941331,i,150.4938542467592,3.694253461988553,22.33193016052246,5643.21,250.926,False,5304.51,1.34816,5652.04,248.471,False,-55.7669,30.622,22.021184477736096,0.048277388088420456,22.08838686678729,0.00027594371909535863,22.01948692567409,0.04773036834725668,nan,nan
2014 DS39,501503,MBO,MBO,21164723805567315,745297386490298430,20.426413,2.900521,2.7454088,150.49395949974834,3.694203483008746,2025052300198,185,60819.06664482081,i,150.49395934959742,3.6942071882611818,23.937685012817383,6244.36,255.924,False,5995.9,3.43555,6222.17,254.448,False,-28.6625,27.8257,21.911280191100523,0.04449870830263374,21.955364065069162,0.0006221086160976381,21.915145332182316,0.04439984879494713,nan,nan
2014 DS39,501503,MBO,MBO,21164723805567315,745297386622943302,20.426403,2.9005222,2.745417,150.49405954062195,3.6941587228687545,2025052300199,182,60819.067165975925,i,150.4940631378637,3.6941572617912763,23.83824920654297,5570.55,226.854,False,5084.43,1.70877,5620.07,224.169,False,3.76037,58.7684,22.035254846285582,0.04421531336603408,22.134394281081555,0.00036489310115526535,22.0256457217159,0.043307007526394735,29.961923547226604,16.968271058544513
2014 DS39,501503,MBO,MBO,21164723805567315,745297386756636726,20.426394,2.9005234,2.7454255,150.4941601642363,3.694113704347544,2025052300200,181,60819.06768914743,i,150.49416000855882,3.6941219667054526,25.886396408081055,5988.6,230.087,False,5552.76,0.110743,6029.13,228.565,False,-26.5369,53.4988,21.95668671736455,0.041714889651525776,22.03872778854995,2.1653680475405655e-05,21.949363400561705,0.04116038352378327,nan,nan
2014 DS39,501503,MBO,MBO,21164723805567315,745297386890854477,20.426384,2.9005249,2.7454338,150.49426060261442,3.694068771057725,2025052300201,181,60819.06821238123,i,150.4942568071891,3.694064814969509,26.886905670166016,6600.28,244.771,False,6083.33,1.29961,6476.95,240.764,False,-88.5969,39.5297,21.85109413592788,0.040264464686992615,21.939646545798496,0.0002319508610054967,21.87157360613171,0.04035945806852321,nan,nan
2014 DS39,501503,MBO,MBO,21164723805567315,745301777384996891,20.405205,2.9027307,2.759755,150.67422759858192,3.615461239465992,2025052400145,112,60819.98026129721,i,150.6742300378949,3.6154559880306287,20.14808464050293,5818.61,281.276,False,5886.23,0.803383,5824.35,277.797,False,-48.1616,30.8781,21.98795190298841,0.052485309200232144,21.975406934041022,0.00014818687078212321,21.986881319423645,0.05178504935918902,nan,nan
2014 DS39,501503,MBO,MBO,21164723805567315,745301777519214601,20.405193,2.902732,2.7597632,150.67432869064424,3.61541593950048,2025052400146,112,60819.9807832778,i,150.67433001093178,3.6154099376274362,22.427350997924805,6111.17,265.899,False,6115.71,1.46969,6118.58,263.137,False,-30.0799,36.7874,21.934689101244246,0.04724073466877197,21.93388279823727,0.00026091747568666215,21.933373379188094,0.046693408749508024,nan,nan
2014 DS39,501503,MBO,MBO,21164723805567315,745301777653432350,20.405184,2.9027333,2.7597713,150.6744299792886,3.6153705519450168,2025052400147,112,60819.98130642876,i,150.67441914130487,3.615371623054731,24.089725494384766,5578.93,229.295,False,5635.48,2.17509,5709.01,227.199,False,36.0606,61.9203,22.033622685138113,0.044623946390780996,22.022672721674827,0.0004190546414363838,22.00859803526074,0.04320857656202581,27.50741762023672,1.8643369906708742
2014 DS39,501503,MBO,MBO,21164723805567315,745301777788174430,20.405172,2.9027345,2.7597797,150.67453127083493,3.615325163601536,2025052400148,113,60819.98182965605,i,150.67452955499766,3.615322857163545,25.788610458374023,6244.17,239.664,False,5914.84,0.495857,6339.05,236.64,False,66.3606,69.6122,21.91131321760807,0.04167277422351917,21.970142525695486,9.102019866736872e-05,21.894939590117314,0.040531092631784255,26.84522418535665,1.1389360513800066
2014 DS39,501503,MBO,MBO,21164723805567315,745301777944412178,20.405163,2.9027357,2.759788,150.6746327589487,3.6152796877032114,2025052400149,155,60819.98235309965,i,150.67462949491335,3.615276969302681,24.711942672729492,6072.36,234.319,False,5488.36,0.166994,6039.99,229.183,False,47.9954,89.6827,21.941606247423145,0.04189617014732072,22.051393550872866,3.3035632174672e-05,21.947409408894387,0.04119746382055749,27.197000973140856,2.0287726865793068
2014 DS39,501503,MBO,MBO,21164723805567315,745301778212323401,20.405142,2.9027383,2.7598045,150.67483574419188,3.6151887334965127,2025052400151,154,60819.98340187362,i,150.67483374138237,3.61518565403958,25.259143829345703,6120.67,239.439,False,5900.4,1.68064,6101.18,235.73,False,-68.1198,67.789,21.93300260172318,0.04247371438306047,21.972796382125317,0.00030925559386903704,21.936465373844158,0.04194935791682228,nan,nan
2014 DS39,501503,MBO,MBO,21164723805567315,745301778348113974,20.40513,2.9027395,2.7598126,150.67493666022588,3.615143515585477,2025052400152,157,60819.98392289992,i,150.6749264073703,3.6151450199465014,23.14181900024414,6278.62,263.955,False,5925.59,2.92958,6246.87,262.303,False,-66.2912,62.9008,21.905339481954442,0.04564466076924085,21.968171031802754,0.0005367821812734963,21.91084380916054,0.04558953014578889,nan,nan
2014 DS39,501503,MBO,MBO,21164723805567315,745301778481283194,20.405037,2.9027507,2.7598863,150.67584078055458,3.614738429083857,2025052400153,155,60819.988589141874,i,150.67583740743797,3.614743278147638,28.194950103759766,6904.15,236.187,False,6318.61,1.27857,6838.52,234.033,False,-99.6893,63.4463,21.80222446955962,0.037142410981344305,21.89844614729774,0.0002196986093640952,21.812594693395987,0.037156885649431315,nan,nan
2014 DS39,501503,MBO,MBO,21164723805567315,745301778616549429,20.405025,2.9027522,2.7598946,150.6759423090642,3.614692942991376,2025052400154,157,60819.98911337381,i,150.67594177347064,3.6147014066666414,28.705244064331055,6506.02,225.705,False,5784.29,0.305247,6494.84,223.983,False,-69.79,75.0656,21.866711511735254,0.03766605257089755,21.994374846335035,5.729618096788047e-05,21.868578884315404,0.0374430255489464,nan,nan
2014 DS39,501503,MBO,MBO,21164723805567315,745301778886557794,20.405005,2.9027545,2.759911,150.6761453759436,3.614601968497324,2025052400156,160,60819.99016198833,i,150.67614866769034,3.6145978680931594,24.110137939453125,6638.03,271.164,False,5956.29,5.88587,6517.38,265.478,False,-5.78941,47.2691,21.84490200805747,0.04435240325010641,21.962560406540128,0.0010728997566809403,21.864817410645507,0.044226219416943414,nan,nan
2014 DS39,501503,MBO,MBO,21164723805567315,745301779020775497,20.404995,2.902756,2.7599194,150.676246914366,3.614556480096741,2025052400157,160,60819.990685411554,i,150.67624451089543,3.614558331243186,25.82684898376465,7184.65,278.689,False,6745.52,0.512879,7243.05,274.574,False,52.7349,43.5973,21.758985973899076,0.0421151672307313,21.82746141115977,8.255128034082213e-05,21.750196321228987,0.041158758574163824,27.094754653583745,0.8976060894784015
2014 DS39,501503,MBO,MBO,21164723805567315,745301779152896065,20.404984,2.9027572,2.7599277,150.67634826243392,3.614511077706855,2025052400158,156,60819.99120829157,i,150.67634449901786,3.6145220586558877,24.87374496459961,6980.4,278.356,False,6490.92,0.514941,7269.06,276.55,False,165.459,51.2228,21.790299240574537,0.04329568186938566,21.869234371757898,8.613417957338745e-05,21.746304357225593,0.041306624481285734,25.853274014370072,0.3361222411853348
2014 DS39,501503,MBO,MBO,21164723805567315,745301779288686663,20.404974,2.9027584,2.7599359,150.67644942015332,3.614465761332991,2025052400159,159,60819.991730077396,i,150.6764500025316,3.6144580543851097,22.390716552734375,6606.71,291.525,False,6229.0,6.15748,6762.23,288.631,False,192.972,29.6309,21.850036896491105,0.047908753727156396,21.91395417281465,0.0010732699805407401,21.824775157886698,0.046342277681949554,25.686264254354228,0.16671506886807494
2014 DS39,501503,MBO,MBO,21164723805567315,745301779419234357,20.404963,2.9027598,2.7599442,150.67655116264035,3.614420183757335,2025052400160,152,60819.99225536175,i,150.67654430605722,3.6144247652318398,23.93505859375,6774.94,280.734,False,6012.3,2.81185,6904.42,278.444,False,140.767,52.7534,21.822736375942547,0.044989782918415835,21.952398428381876,0.0005077803043031167,21.80218200752556,0.04378597123053405,26.028747875414453,0.40688709569713755
2014 DS39,501503,MBO,MBO,21164723805567315,745301779838664713,20.40493,2.9027634,2.759969,150.6768546666538,3.6142842277366047,2025052400163,184,60819.99382186806,i,150.6768516235539,3.6142865399555806,26.837305068969727,7137.47,264.87,False,6732.34,0.69848,7155.18,258.788,False,36.0317,39.2221,21.766139227707967,0.040291438646533805,21.829584923162066,0.00011264509112627545,21.763448564312448,0.039268821742787875,27.508288113669753,1.1818718817732472
2014 DS39,501503,MBO,MBO,21164723805567315,745301779972882473,20.40492,2.9027648,2.759977,150.67695564784506,3.614238994332564,2025052400164,184,60819.99434295512,i,150.67695315301853,3.6142382571310714,27.68051528930664,7015.52,252.185,False,6139.98,0.768246,7025.97,248.187,False,21.6352,45.2625,21.78485032932158,0.0390286652142574,21.929582612206577,0.00013584938283736796,21.78323423910565,0.03835279674790792,28.062097689243544,2.2714435114713503
2014 DS39,501503,MBO,MBO,21164723805567315,745301780105527324,20.40491,2.902766,2.7599852,150.67705624489787,3.6141939338061673,2025052400165,181,60819.994861739484,i,150.6770609193296,3.614194908626248,27.251379013061523,7257.88,261.311,False,6826.13,1.9337,7283.58,258.937,False,-23.9296,36.2173,21.747975559015764,0.0390905916078599,21.81456363131979,0.0003075663806140299,21.744137751581228,0.03859877771087808,nan,nan
2014 DS39,501503,MBO,MBO,21164723805567315,745301780241842201,20.4049,2.9027672,2.7599936,150.67715742695364,3.61414861206346,2025052400166,185,60819.99538363117,i,150.67715513451748,3.6141506388497753,26.61797332763672,7342.48,274.516,False,6634.26,2.23217,7267.93,271.085,False,-31.7519,34.0887,21.735393072307016,0.040592817581472165,21.84551881901419,0.00036530795955767517,21.74647313420891,0.04049664521683279,nan,nan
2014 DS39,501503,MBO,MBO,21164723805567315,745301780375535637,20.404888,2.9027686,2.760002,150.67725861269312,3.6141032895095737,2025052400167,184,60819.995905787044,i,150.6772650288865,3.61409752890855,25.447566986083984,7246.91,277.656,False,6596.53,1.38418,7198.12,275.239,False,-6.8919,23.4223,21.749617807062634,0.041598580847599945,21.851711180654597,0.00022782498287765975,21.756952276051177,0.0415159732319438,nan,nan
2014 DS39,501503,MBO,MBO,21164723805567315,745301780508180516,20.404879,2.9027698,2.76001,150.67735999586063,3.614057879378433,2025052400168,181,60819.99642804626,i,150.67735756080936,3.6140564240745636,22.75697898864746,7243.25,310.536,False,6846.51,2.8927,7189.62,307.501,False,-37.679,13.6297,21.75016631228236,0.04654819172939666,21.81132692011049,0.00045873140917302157,21.758235140304187,0.046437081646120544,nan,nan
2014 DS39,501503,MBO,MBO,21164723805567315,745301780643446848,20.404867,2.902771,2.7600183,150.6774604133359,3.6140129026406393,2025052400169,183,60819.99694684725,i,150.6774610547888,3.6140108152625436,26.044675827026367,7258.99,278.478,False,7224.64,2.77944,7150.34,274.332,False,-86.6396,32.7231,21.747809469647457,0.041652300612128726,21.752959451196556,0.0004177008819347424,21.764183291036503,0.04165566837767467,nan,nan
2014 DS39,501503,MBO,MBO,21164723805567315,745301780777664532,20.404856,2.9027722,2.7600265,150.67756180381153,3.613967490972702,2025052400170,183,60819.997469902744,i,150.67756509162143,3.6139697599213663,27.287261962890625,7242.8,264.381,False,6607.09,1.56973,7147.69,260.342,False,-83.9359,35.4154,21.750233796980638,0.039632192560800396,21.849974468948794,0.00025795210601538136,21.764585737386085,0.03954602798028462,nan,nan
2014 DS39,501503,MBO,MBO,21164723805567315,745301780913455120,20.404846,2.9027736,2.7600348,150.67766242249573,3.613922425861955,2025052400171,186,60819.99798851295,i,150.67766297054956,3.613922371181017,28.0101318359375,7663.84,272.832,False,7103.73,0.774613,7535.61,267.956,False,-118.365,39.7579,21.688883948922935,0.038652110045509704,21.771283887154837,0.00011839208498184268,21.707203985267935,0.038607296405815915,nan,nan
2014 DS39,501503,MBO,MBO,21164723805567315,745301781042430004,20.404835,2.9027748,2.760043,150.67776401431593,3.613876925804672,2025052400172,176,60819.998512696766,i,150.67776080598324,3.613881313541915,29.578670501708984,7298.88,242.273,False,6605.33,0.284454,7198.39,239.597,False,-140.951,52.479,21.741859458616283,0.03603903151232899,21.850263687922087,4.675648147606446e-05,21.7569115481281,0.03613851606305812,nan,nan
2014 DS39,501503,MBO,MBO,21164723805567315,745301781144666143,20.404768,2.9027827,2.760095,150.67840118260887,3.6135915778545136,2025052400173,115,60820.00179829667,z,150.67843081144233,3.613611092630387,12.18124771118164,7489.35,610.958,False,7640.7,21.1786,7345.49,604.456,False,-116.262,22.7824,21.71388966845082,0.08857100015614434,21.692167101915956,0.0030094588894044763,21.734948035770383,0.08934458226085165,nan,nan
2014 DS39,501503,MBO,MBO,21164723805567315,745301781278883881,20.404758,2.902784,2.7601032,150.6785028023781,3.6135460722332176,2025052400174,115,60820.00232259649,z,150.6785030723309,3.6135366421866917,14.266241073608398,8306.8,584.572,False,8304.2,0.337895,8194.14,578.509,False,-128.082,27.0073,21.601415639951988,0.07640620009357622,21.60175547380181,4.417822700910039e-05,21.616241597165082,0.07665333553107648,nan,nan
2014 DS39,501503,MBO,MBO,21164723805567315,745301781413101647,20.404747,2.9027853,2.7601113,150.67860442620008,3.6135005658034336,2025052400175,115,60820.002846007206,z,150.67862275313502,3.6134846540010916,13.341011047363281,7929.22,587.288,False,7772.65,30.9498,7791.11,577.993,False,-94.1722,25.2519,21.651923801265312,0.08041646643432686,21.67357723363877,0.004323277047812035,21.67100167893621,0.08054666363757719,nan,nan
2014 DS39,501503,MBO,MBO,21164723805567315,745301781568290847,20.404736,2.9027865,2.7601197,150.67870508420776,3.613455492862352,2025052400176,155,60820.00336581418,z,150.67871141632403,3.61346104135054,15.570009231567383,8636.63,547.825,False,8044.25,14.9907,8718.94,540.099,False,-81.4043,38.2082,21.5591392285315,0.06886869736179373,21.636286102046355,0.00202330179604674,21.54884072387833,0.0672564564607754,nan,nan
2014 DS39,501503,MBO,MBO,21164723805567315,745301781703557181,20.404726,2.902788,2.7601278,150.6788065219882,3.6134100717748576,2025052400177,157,60820.003888935134,z,150.67880543565067,3.613412369710788,16.77571678161621,8434.25,504.934,False,8248.18,3.08892,8303.21,498.62,False,-57.6654,142.541,21.58488382546813,0.06499986536746255,21.609104716171288,0.0004066051578738526,21.601884950138373,0.06520005921347642,nan,nan
2014 DS39,501503,MBO,MBO,21164723805567315,745301781836202042,20.404715,2.902789,2.7601361,150.6789081577135,3.613364563094352,2025052400178,154,60820.00441263528,z,150.67892660617795,3.613355619175666,15.245758056640625,8671.53,557.139,False,7918.18,7.785,8614.69,547.856,False,-109.825,33.3532,21.554760638470402,0.06975769436207592,21.65343655058138,0.0010674745965272097,21.561900810947336,0.0690479964038474,nan,nan
2014 DS39,501503,MBO,MBO,21164723805567315,745301781971468366,20.404705,2.9027903,2.7601445,150.67900940964438,3.61331922731098,2025052400179,156,60820.00493446327,z,150.679024411153,3.613314854821135,13.653524398803711,7708.12,559.08,False,7213.96,7.296,7424.47,545.63,False,-161.066,31.2616,21.682628815663783,0.07874986464698751,21.75456568110186,0.0010980836318680667,21.72333632673688,0.07979158560286471,nan,nan
2014 DS39,501503,MBO,MBO,21164723805567315,745301782107258924,20.404694,2.9027915,2.7601526,150.6791106655428,3.613273890809443,2025052400180,159,60820.005456584026,z,150.67910908026755,3.6132945410883384,15.209869384765625,8616.07,572.186,False,8713.79,13.4384,8340.83,566.709,False,-178.032,27.3392,21.561726913955386,0.07210282709239085,21.549482271769286,0.0016744215364604955,21.596976815728713,0.07376921195305824,nan,nan
2014 DS39,501503,MBO,MBO,21164723805567315,745301782375694388,20.404673,2.9027941,2.7601693,150.67931357770078,3.613183041780677,2025052400182,159,60820.00650210535,z,150.67930003871385,3.613181034347218,13.757644653320312,8252.46,592.283,False,7815.23,6.84237,8187.0,590.592,False,-68.2878,27.0177,21.60854143522696,0.07792380954801209,21.66764559344694,0.000950580966911149,21.6171880240261,0.07832259617742558,nan,nan
2014 DS39,501503,MBO,MBO,21164723805567315,745301782908895290,20.404629,2.9027991,2.7602022,150.6797178997675,3.6130020295070473,2025052400186,152,60820.0085868014,z,150.67969747998262,3.6129999465248424,15.719278335571289,8787.94,553.722,False,8528.73,3.94736,8937.85,547.992,False,5.2794,73.7484,21.540282239172196,0.0684114794753992,21.572789025671362,0.0005025122699090783,21.52191739292042,0.066567998466325,29.59353860614997,15.16674385494951
2014 DS39,501503,MBO,MBO,21164723805567315,745301783058841619,20.40462,2.9028006,2.7602103,150.67981918475692,3.612956687716649,2025052400187,182,60820.009108688195,z,150.67982708800398,3.6129395248219,13.982780456542969,8358.67,594.695,False,7686.55,0.273531,8452.33,585.971,False,105.262,28.1005,21.594657061051635,0.07724696707439396,21.685671386199452,3.8636645359498406e-05,21.582558878342613,0.0752703612814795,26.344320945683645,0.2898456236536624
2014 DS39,501503,MBO,MBO,21164723805567315,745301783192535053,20.404608,2.9028018,2.7602186,150.67992047409447,3.6129113451326975,2025052400188,181,60820.00963091398,z,150.6799259841878,3.612882788742722,16.744375228881836,8501.93,511.687,False,8138.47,2.36913,8727.35,502.952,False,160.137,93.3964,21.576206227620375,0.06534482576871395,21.62364305402064,0.0003160606396701597,21.54779406564605,0.06257033527827102,25.88877082421188,0.6332319047977172
2014 DS39,501503,MBO,MBO,21164723805567315,745301783326752806,20.404598,2.902803,2.760227,150.68002254384254,3.612865654372945,2025052400189,181,60820.01015619562,z,150.68001481958188,3.612861082913071,17.874675750732422,9460.31,519.347,False,8942.52,8.12153,9644.9,508.748,False,163.361,84.6819,21.460236629799233,0.05960416201046266,21.521350256601426,0.0009860575278920654,21.43925563312056,0.05727027599590384,25.867129092184967,0.5628161495326887
2014 DS39,501503,MBO,MBO,21164723805567315,745301783463067668,20.404587,2.9028041,2.7602353,150.6801238418026,3.6128203102793752,2025052400190,185,60820.010678378465,z,150.68011644673263,3.612812597764648,16.04792594909668,7966.96,491.326,False,7236.43,4.34339,8322.56,483.754,False,174.238,89.99,21.646768413590287,0.06695783799105388,21.75118906009475,0.0006516715627380938,21.5993577190358,0.06310909824958955,25.797142765503335,0.5607582447594489
2014 DS39,501503,MBO,MBO,21164723805567315,745301783596236828,20.404575,2.9028056,2.7602434,150.68022553214718,3.612774791737613,2025052400191,183,60820.01120266389,z,150.6802259265444,3.6127723389394726,18.63170623779297,8479.27,453.902,False,8406.32,6.16346,8634.74,446.264,False,147.444,109.457,21.579103898901728,0.058120318235344554,21.588485164395067,0.000796054775287595,21.55937680779905,0.05611344137123246,25.978432237398568,0.8060106098766147
2014 DS39,501503,MBO,MBO,21164723805567315,745301783732027404,20.404566,2.9028068,2.7602518,150.68032742100698,3.6127291855493024,2025052400192,186,60820.011727967314,z,150.6803342972788,3.612741762317485,15.016471862792969,8533.94,557.51,False,8199.58,5.56533,8549.82,547.282,False,90.5481,36.9646,21.572125982537646,0.0709295790268087,21.6155209709989,0.000736925579826598,21.570107531340312,0.0694989883773925,26.50780160552963,0.4432318581307374
2014 DS39,501503,MBO,MBO,21164723805567315,745301783999414303,20.404543,2.9028094,2.7602682,150.68052985341677,3.6126385789917927,2025052400194,184,60820.0127708697,z,150.6805307385254,3.6126533299885746,18.641557693481445,8866.72,466.571,False,8728.25,2.34856,8590.07,453.827,False,-74.4438,123.634,21.53059254797966,0.057131956129379415,21.547682057267906,0.00029214524377862457,21.565008203284005,0.05736116028916826,nan,nan
2014 DS39,501503,MBO,MBO,21164723805567315,745301784133107735,20.404533,2.9028106,2.7602766,150.68063136737806,3.612593144291139,2025052400195,183,60820.01329302211,z,150.68063933904736,3.6125947868566106,19.050636291503906,8602.91,448.512,False,7882.43,1.42562,8419.8,436.703,False,-144.713,110.86,21.563386531481395,0.05660476520933393,21.65834966908643,0.0001963667511283972,21.58674558620133,0.056313008860779556,nan,nan
2014 DS39,501503,MBO,MBO,21164723805567315,745301784267325446,20.404522,2.9028118,2.7602847,150.6807323034255,3.612547969489033,2025052400196,183,60820.01381386521,z,150.68072705888702,3.6125439598921734,19.77837562561035,8155.03,404.367,False,7579.06,8.0803,8200.8,396.247,False,-89.3701,124.542,21.621436121045654,0.05383621007489923,21.70096162862363,0.001157541244822809,21.61535947458227,0.052460703132105845,nan,nan
2014 DS39,501503,MBO,MBO,21164723805567315,745301784399446034,20.40451,2.9028132,2.760293,150.68083402040722,3.612502446436446,2025052400197,179,60820.014337399916,z,150.68081755162714,3.612504558856431,19.08932113647461,8760.2,448.365,False,8176.02,8.92038,8923.87,436.421,False,240.597,121.54,21.543714922157974,0.055570202962253235,21.618645134522517,0.0011845835884399618,21.523616898245052,0.05309782225944367,25.446774479881885,0.5484705929557403
2014 DS39,501503,MBO,MBO,21164723805567315,745301784532090901,20.404501,2.9028144,2.7603014,150.68093554784238,3.612457009491097,2025052400198,176,60820.01486095751,z,150.68092894284567,3.612446287182259,19.85819435119629,8872.16,431.138,False,8504.06,4.25651,9363.15,419.289,False,567.201,136.137,21.529926567748056,0.052760785212764685,21.575934265682914,0.0005434400755077022,21.471445002336928,0.048620093681617946,24.515657551858062,0.260593450076413
2014 DS39,501503,MBO,MBO,21164723805567315,745301784799477812,20.404478,2.902817,2.7603178,150.68113939296862,3.612365785831795,2025052400200,174,60820.0159104199,z,150.6811365885974,3.6123627517861885,20.139211654663086,8995.77,437.598,False,8524.04,4.06308,9274.42,423.914,False,332.599,152.132,21.514904198950425,0.05281549080730419,21.573386297469945,0.0005175284088722639,21.481783110645374,0.04962669180081955,25.09519765537432,0.49661972794826453
2014 DS39,501503,MBO,MBO,21164723805567315,745301784935792657,20.404469,2.9028182,2.7603261,150.6812409341505,3.6123203466404936,2025052400201,178,60820.016433712604,z,150.68123260969134,3.6123101702687475,19.647018432617188,8616.37,434.377,False,8092.59,2.98092,8599.98,421.025,False,107.17,148.262,21.561689135347656,0.05473521266776306,21.629781175927693,0.00039993289081679054,21.56375633768286,0.05315385083053867,26.324816941769065,1.5020380403397504
2014 DS39,501503,MBO,MBO,21164723805567315,745301785068437530,20.404457,2.9028194,2.7603345,150.68134325661646,3.612274559165756,2025052400202,175,60820.01696019084,z,150.68133996346492,3.612269295823136,20.46735191345215,8344.64,407.155,False,7171.81,2.51841,8504.87,389.81,False,221.472,154.985,21.596481032445112,0.05297567561299176,21.760928052514238,0.000381260638209161,21.57583078591027,0.04976334988005704,25.53670293049991,0.7597927786102592
2014 DS39,501503,MBO,MBO,21164723805567315,745301785191645197,20.404442,2.9028213,2.7603464,150.68149043840276,3.612208700324703,2025052400203,154,60820.01771853029,z,150.68149674731015,3.612206884921612,17.01497459411621,7968.97,467.416,False,7607.8,1.60423,8159.69,456.379,False,323.555,143.683,21.646494491022317,0.06368331717045639,21.69685231038673,0.00022894538325330798,21.620815859026713,0.060726229129272925,25.12512973581976,0.48214936311208906
2014 DS39,501503,MBO,MBO,21164723805567315,745301785325862935,20.40443,2.9028225,2.7603548,150.68159218980074,3.612163171693016,2025052400204,154,60820.01824204062,z,150.6815944850551,3.6121644398876267,17.76959800720215,8844.39,490.984,False,8477.89,3.34649,8902.51,482.42,False,75.6659,146.392,21.53333033098449,0.060273137603536676,21.57928060169909,0.00042857425618994446,21.526218853133223,0.0588351923522571,26.702749477733004,2.100590756789704
2014 DS39,501503,MBO,MBO,21164723805567315,745301785460080699,20.404419,2.902824,2.760363,150.68169433440548,3.612117468496435,2025052400205,154,60820.01876831184,z,150.68170075253934,3.612107860174966,17.225433349609375,8750.55,498.116,False,7921.07,0.701279,8670.88,485.932,False,-11.9924,158.458,21.54491164754694,0.061804410525587404,21.653040395970216,9.612388226023797e-05,21.55484207497695,0.060846647630115824,nan,nan
2014 DS39,501503,MBO,MBO,21164723805567315,745301785596395525,20.40441,2.902825,2.7603714,150.68179609529008,3.612071938372046,2025052400206,158,60820.0192924014,z,150.68179141135164,3.6120576371586877,19.60553741455078,9607.22,474.634,False,8902.31,9.59956,10022.8,464.711,False,-74.734,154.907,21.4435056911072,0.05363958932886315,21.526243268915795,0.0011707736655121826,21.397527360374053,0.050340580046600324,nan,nan
2014 DS39,501503,MBO,MBO,21164723805567315,745301785731661846,20.404398,2.9028263,2.7603798,150.68189805520564,3.612026320591633,2025052400207,160,60820.01981795414,z,150.681892211616,3.61201767569034,20.830793380737305,10077.7,479.258,False,9380.37,2.79896,9958.62,474.037,False,-21.4901,172.343,21.391596414379613,0.05163358178592198,21.46945006378554,0.0003239671929409741,21.404502084916537,0.05168177051184918,nan,nan
2014 DS39,501503,MBO,MBO,21164723805567315,745301785862733849,20.404325,2.9028347,2.7604346,150.6825722781304,3.611724703187432,2025052400208,154,60820.023288582335,r,150.68257321320766,3.611728975872882,35.294864654541016,6921.06,195.463,False,6279.29,0.501574,6979.13,194.005,False,42.6694,27.8239,21.79956845520952,0.03066311391762419,21.905223641273043,8.672589192488579e-05,21.790496798258907,0.030181163159649162,27.324708678723713,0.7079878402863692
2014 DS39,501503,MBO,MBO,21164723805567315,745301785996951600,20.404316,2.902836,2.760443,150.68267408096128,3.61167916667722,2025052400209,154,60820.02381293694,r,150.68266855326792,3.6116848090443088,31.46530532836914,6383.58,201.324,False,5798.64,0.677444,6420.36,198.815,False,27.9666,9.15771,21.887339223218852,0.034241719940552154,21.99168460676662,0.00012684447382669832,21.881101572251055,0.033621269024847286,27.783400806666467,0.3555261359219366
2014 DS39,501503,MBO,MBO,21164723805567315,745301786131169340,20.404305,2.9028373,2.760451,150.6827751116777,3.611633977008249,2025052400210,154,60820.024332603716,r,150.6827708488898,3.6116361659559066,32.056236267089844,6603.57,202.717,False,6230.23,0.115179,6690.25,201.89,False,44.5887,9.43529,21.850553064239723,0.03333003010641788,21.913739804136565,2.007213428730266e-05,21.836394133236695,0.03276398964402496,27.276937989755222,0.22974961082756534
2014 DS39,501503,MBO,MBO,21164723805567315,745301786267484189,20.404293,2.9028385,2.7604594,150.6828767301011,3.611588525958085,2025052400211,158,60820.02485572451,r,150.68288388517902,3.611587125804203,29.323802947998047,6345.6,214.779,False,6083.79,1.80745,6242.67,211.142,False,73.2475,8.53058,21.893818251977933,0.036748824427564754,21.939564456324888,0.0003225643803572621,21.911574068925994,0.03672219014595612,26.738018020098746,0.1264474472456148
2014 DS39,501503,MBO,MBO,21164723805567315,745301786402750510,20.404284,2.90284,2.7604678,150.6829777707222,3.6115433348374943,2025052400212,160,60820.025375670215,r,150.68297000454044,3.611552668790996,27.8947696685791,6875.38,243.801,False,6389.79,4.58902,6929.2,240.693,False,65.2977,7.50548,21.806758252307397,0.03850020964680663,21.88628353002445,0.0007797540895762578,21.79829222761483,0.03771417906017621,26.862755306392607,0.12479721788992475
2014 DS39,501503,MBO,MBO,21164723805567315,745301786535395379,20.404272,2.902841,2.7604759,150.68307978789437,3.611497708471343,2025052400213,157,60820.02590084262,r,150.68308538225406,3.6115011434067315,26.4247989654541,6708.29,250.388,False,6185.86,4.73891,6821.13,248.64,False,55.9416,8.14209,21.833470421351038,0.04052527779569823,21.921499807216286,0.0008317689839431136,21.81535920220507,0.03957664696703754,27.030662775530253,0.15802482587917435
2014 DS39,501503,MBO,MBO,21164723805567315,745301786670661672,20.40426,2.9028423,2.7604842,150.6831812271111,3.6114523421202094,2025052400214,159,60820.026422853975,r,150.68317936365332,3.6114498449825976,28.935556411743164,6970.5,239.009,False,6570.36,1.2825,7036.76,239.072,False,48.3712,6.6678,21.791840171163624,0.03722842371118732,21.856027107928078,0.00021193005294082437,21.781568188739723,0.03688759334534775,27.18853283348388,0.14966491894711584
2014 DS39,501503,MBO,MBO,21164723805567315,745301786939621448,20.40424,2.902845,2.7605007,150.6833839265255,3.611361694092418,2025052400216,160,60820.02746558065,r,150.68338731903174,3.6113645981885463,31.860027313232422,6922.3,216.681,False,6033.51,0.036481,6973.54,211.638,False,74.1637,14.8439,21.799373988369737,0.033985584698139844,21.94857494999206,6.564793055593577e-06,21.791366753055662,0.03295070195992406,26.72452158315069,0.21731062716242175
2014 DS39,501503,MBO,MBO,21164723805567315,745301787219591219,20.404217,2.9028473,2.7605174,150.68358761814386,3.611270608614489,2025052400218,182,60820.0285134994,r,150.68358028815274,3.6112666790988057,28.031047821044922,6712.36,237.9,False,6142.9,1.07658,6930.4,238.809,False,186.923,7.84629,21.832811920359077,0.038480749206864805,21.929066403469747,0.00019028178117661262,21.798104261821734,0.037412499596682434,25.720843119469016,0.04557492153444386
2014 DS39,501503,MBO,MBO,21164723805567315,745301787355381792,20.404207,2.9028487,2.7605257,150.68368966611197,3.611224977865964,2025052400219,185,60820.0290386908,r,150.683690907256,3.6112174499957055,26.411890029907227,6308.86,235.544,False,5791.85,0.484426,6460.88,233.799,False,182.494,6.92923,21.900122798333825,0.04053642988551324,21.99295671725309,9.0810160644058e-05,21.87427083263276,0.03928939078991998,25.74687850443369,0.04122500453529437
2014 DS39,501503,MBO,MBO,21164723805567315,745301787489599529,20.404196,2.90285,2.760534,150.6837919136637,3.611179259488871,2025052400220,185,60820.029564888915,r,150.68378616052829,3.6111767516912328,28.665433883666992,6875.22,235.799,False,6324.39,0.769941,6905.84,236.084,False,129.652,7.1751,21.80678346681341,0.037237426434621815,21.897453368276658,0.00013217919374232368,21.801958744441556,0.037117128628242346,26.11805200895159,0.06008596945919061
2014 DS39,501503,MBO,MBO,21164723805567315,745301787622244380,20.404184,2.902851,2.7605424,150.68389377768656,3.6111337142199744,2025052400221,182,60820.030088322615,r,150.68389813761462,3.6111441096335413,28.84145736694336,7224.23,250.319,False,6765.85,1.46828,7312.24,250.586,False,54.1008,8.60981,21.75302109220886,0.03762067404259019,21.824194071381143,0.00023561927708467436,21.739873872114188,0.03720751538442054,27.066990790922695,0.17278824664023534
2014 DS39,501503,MBO,MBO,21164723805567315,745301787755937884,20.404173,2.9028525,2.7605505,150.68399584143071,3.6110880812838655,2025052400222,181,60820.030613783456,r,150.6840045882374,3.611085472805002,26.90452003479004,6904.24,253.929,False,6293.79,0.497342,7038.21,254.645,False,4.65666,6.51628,21.802210264173503,0.03993196938500469,21.902719373130207,8.57960309843999e-05,21.781344454040337,0.03928233201820711,29.729813657254983,1.5193209691190164
2014 DS39,501503,MBO,MBO,21164723805567315,745301787890155566,20.404163,2.9028537,2.7605588,150.68409713278524,3.6110427953112687,2025052400223,181,60820.031134837554,r,150.68410340709787,3.611051003223972,34.85243606567383,6879.07,196.813,False,6149.04,0.341771,6925.16,196.374,False,-25.1357,26.783,21.806175705835578,0.031063357251920106,21.92798169766676,6.034651803009475e-05,21.79892544584964,0.030787786704637016,nan,nan
2014 DS39,501503,MBO,MBO,21164723805567315,745306225897373766,20.379204,2.905126,2.7753127,150.8722203303254,3.5290500530225986,2025052500521,112,60820.97064975185,g,150.87221681795705,3.5290379274884747,25.918731689453125,3616.79,138.423,False,3366.44,1.38934,3585.43,136.885,False,-41.989,6.56306,22.50419175513717,0.041553660996152396,22.582072822772147,0.00044808664694280894,22.51364690072686,0.04145137326841673,nan,nan
2014 DS39,501503,MBO,MBO,21164723805567315,745306226031591505,20.379192,2.9051273,2.7753208,150.87232300032628,3.5290041918668464,2025052500522,112,60820.97117170756,g,150.8723154445193,3.5290296201739455,23.72928237915039,3543.5,147.492,False,3472.43,0.992777,3478.42,145.579,False,-41.9143,5.50769,22.526418907256158,0.04519187500592287,22.548416272261576,0.00031041488019772294,22.546544975654513,0.04544028288805004,nan,nan
2014 DS39,501503,MBO,MBO,21164723805567315,745306226302124074,20.379168,2.90513,2.7753375,150.8725293313697,3.528912027862973,2025052500524,116,60820.972220035575,g,150.87252928607327,3.5289170959620044,26.653343200683594,3805.15,141.28,False,3712.04,0.281714,3756.3,138.65,False,-12.6979,6.26235,22.44907057425167,0.04031189667150457,22.475968370026983,8.23986480939129e-05,22.463099310220265,0.04007595671433936,nan,nan
2014 DS39,501503,MBO,MBO,21164723805567315,745306226456789053,20.379154,2.905131,2.7753456,150.87263220560575,3.5288660764914934,2025052500525,155,60820.97274321155,g,150.87264775084807,3.528870640868335,22.185138702392578,3347.12,149.664,False,3234.04,0.827436,3326.77,148.31,False,-28.2609,7.66119,22.588321754887104,0.04854789169499406,22.625636519023747,0.00027778789972595806,22.594943052457324,0.04840296531818689,nan,nan
2014 DS39,501503,MBO,MBO,21164723805567315,745306226726273037,20.379131,2.9051337,2.775362,150.87283717489856,3.528774522878993,2025052500527,157,60820.97378587482,g,150.87285615843697,3.528762668299819,24.862136840820312,3721.69,149.535,False,3759.3,1.01414,3653.52,146.229,False,-53.3471,6.18417,22.473149528271986,0.04362415190698158,22.462232524136667,0.0002928972178647442,22.493221271468776,0.04345565998762568,nan,nan
2014 DS39,501503,MBO,MBO,21164723805567315,745306226859966567,20.379118,2.905135,2.7753701,150.87293986008015,3.5287286570698777,2025052500528,156,60820.9743077991,g,150.87293545204645,3.528707961865821,23.864957809448242,3458.74,144.024,False,3491.98,0.815187,3375.71,141.316,False,-50.7789,6.40274,22.55270521179753,0.045210705010700514,22.542320636927105,0.0002534602202607795,22.579087186940253,0.04545173994740632,nan,nan
2014 DS39,501503,MBO,MBO,21164723805567315,745306226995232778,20.379107,2.905136,2.7753785,150.87304215452463,3.528682966183756,2025052500529,158,60820.97482747467,g,150.8730082259329,3.5286867672178537,21.117971420288086,3508.28,167.316,False,3309.36,0.343675,3424.85,163.824,False,-72.7579,5.57804,22.53726437184207,0.05178065350801544,22.600639931483123,0.00011275302914933186,22.563396081002182,0.05193501861484014,nan,nan
2014 DS39,501503,MBO,MBO,21164723805567315,745306227264716851,20.379082,2.9051387,2.775395,150.87324734138195,3.5285913185585187,2025052500531,160,60820.97587058709,g,150.87325260876662,3.528587171679258,25.027292251586914,3486.39,138.201,False,3485.91,2.79272,3482.68,135.33,False,-35.0735,6.73598,22.54406011540683,0.04303874157244995,22.5442096018569,0.0008698323756016569,22.54521609156726,0.042189545253084104,nan,nan
2014 DS39,501503,MBO,MBO,21164723805567315,745306227666845731,20.379044,2.9051425,2.7754197,150.87355740458307,3.5284528307602248,2025052500534,159,60820.977446518904,g,150.8735654947286,3.528461382327404,27.63669776916504,3525.34,125.998,False,3295.59,0.0209547,3460.68,123.208,False,-52.8673,9.6223,22.53199745117093,0.03880493459052184,22.60516703008757,6.903551730025893e-06,22.552096413748316,0.03865465433297845,nan,nan
2014 DS39,501503,MBO,MBO,21164723805567315,745306227797393478,20.379032,2.9051437,2.7754278,150.87366010878495,3.528406959496296,2025052500535,152,60820.97796848843,g,150.87365207082243,3.5284019565506997,27.85561180114746,3599.4,127.545,False,3252.39,0.23906,3545.36,125.832,False,-51.8236,8.3414,22.50942474865464,0.03847314163609934,22.619493493145892,7.980472982386376e-05,22.52584911578379,0.03853497381728308,nan,nan
2014 DS39,501503,MBO,MBO,21164723805567315,745306228081557551,20.379007,2.9051464,2.7754443,150.87386493519196,3.528315478360468,2025052500537,182,60820.979009012066,g,150.87385158244288,3.5283074210811627,23.029987335205078,3303.78,142.422,False,3127.53,0.98287,3204.11,140.883,False,-60.4543,9.23525,22.602472190941796,0.04680478639678203,22.661996279229985,0.00034120776293501627,22.63573142012111,0.047739236117174386,nan,nan
2014 DS39,501503,MBO,MBO,21164723805567315,745306228351041564,20.378983,2.9051487,2.7754607,150.8740707568927,3.5282235547284206,2025052500539,184,60820.98005534505,g,150.87406841011853,3.5282394397518058,21.47433853149414,3499.8,161.604,False,3376.93,0.219532,3505.31,159.821,False,-43.5332,6.06259,22.539891917817997,0.050134097784712214,22.578694876259807,7.058299792950219e-05,22.538183902316987,0.0495030231712254,nan,nan
2014 DS39,501503,MBO,MBO,21164723805567315,745306230865002549,20.378576,2.90519,2.7757297,150.87742630546475,3.526725277433932,2025052500558,115,60820.99709920843,r,150.87742228172525,3.5267491846510244,14.398195266723633,5218.19,369.525,False,5484.21,15.5379,5242.51,370.113,False,-76.1152,4.92621,22.10620029171958,0.07688617488851292,22.05221481690404,0.0030761150037279285,22.101151879670567,0.07665128136593771,nan,nan
2014 DS39,501503,MBO,MBO,21164723805567315,745306231153885193,20.378551,2.9051926,2.775746,150.8776319645836,3.526633476888511,2025052500560,154,60820.99814325482,r,150.87760861682258,3.526622523477763,9.611451148986816,4284.4,441.43,False,4384.92,6.4456,4368.18,447.936,False,-49.1268,5.09396,22.32027499815112,0.11186549711478305,22.295095833456003,0.0015959747137219414,22.299248641112143,0.11133705984642205,nan,nan
2014 DS39,501503,MBO,MBO,21164723805567315,745306231288627255,20.37854,2.9051938,2.7757545,150.8777349968403,3.526587487556032,2025052500561,155,60820.998666450614,r,150.87775149189775,3.5265801612839534,18.09165382385254,4860.96,268.777,False,4960.09,2.77028,4844.18,267.769,False,-11.1506,5.49702,22.183194890337464,0.06003360056423519,22.161276142296945,0.0006063989287470941,22.186949279897846,0.06001562716103565,nan,nan
2014 DS39,501503,MBO,MBO,21164723805567315,745306231423893570,20.378527,2.9051952,2.7757628,150.87783842696828,3.526541321598763,2025052500562,157,60820.99919193251,r,150.8778164338764,3.5265388068097763,18.889862060546875,4948.75,267.275,False,5065.38,7.22056,5095.57,268.58,False,23.1157,5.70006,22.163761213099345,0.0586390780499967,22.138469946922807,0.0015476871769111746,22.132018107320384,0.0572275575361525,27.9902323872098,0.2677297877533146
2014 DS39,501503,MBO,MBO,21164723805567315,745306231558111238,20.378515,2.9051964,2.775771,150.87794166401676,3.5264952428019063,2025052500563,157,60820.99971589072,r,150.8779245382297,3.5265016459563236,15.415484428405762,4611.37,298.059,False,4836.98,3.3453,4694.29,298.512,False,82.0529,5.42356,22.240425047736355,0.07017728546880479,22.188564275218102,0.0007509051714348021,22.221075202015605,0.0690424486132803,26.61476513321918,0.07176535437473062
2014 DS39,501503,MBO,MBO,21164723805567315,745306231693377564,20.378502,2.9051976,2.7757792,150.87804490488045,3.5264491632927166,2025052500564,159,60821.000239021814,r,150.87805673248317,3.5264591834092065,17.161977767944336,4881.47,285.312,False,5035.02,1.1651,5174.84,287.756,False,177.307,5.27331,22.17862339067424,0.06345907424231575,22.144996995817284,0.00025123856982807967,22.115257716635067,0.06037425886759817,25.77818525391853,0.032291018208356004
2014 DS39,501503,MBO,MBO,21164723805567315,745306231827595348,20.378489,2.905199,2.7757876,150.87814834676016,3.5264029950693745,2025052500565,159,60821.000764293705,r,150.87815104262586,3.526402895436284,20.624732971191406,5206.08,252.17,False,4869.18,0.0363972,5497.39,252.496,False,243.213,6.20485,22.10872289001935,0.052590450522693885,22.181360387059062,8.115895581933786e-06,22.049608602732192,0.04986803634531366,25.435033049607114,0.027699302976463214
2014 DS39,501503,MBO,MBO,21164723805567315,745306231962337309,20.378477,2.9052002,2.775796,150.87825179261324,3.5263568260910905,2025052500566,160,60821.00128955838,r,150.87825343167316,3.5263829458629394,9.56717300415039,4054.01,422.096,False,3875.9,15.7895,4404.02,425.047,False,258.098,5.96405,22.380287958310404,0.11304484127865806,22.429068618540473,0.004423032713370851,22.290376788764682,0.10478810527570677,25.37053843586341,0.025088861651338158
2014 DS39,501503,MBO,MBO,21164723805567315,745306232644960275,20.378414,2.9052064,2.7758372,150.8787661260684,3.526127289160985,2025052500571,182,60821.00389933289,r,150.87875556706126,3.526118577896596,19.486114501953125,4629.6,236.496,False,4348.78,3.24091,4624.03,233.263,False,30.1732,7.50615,22.236141303708877,0.05546316451741074,22.3040814592874,0.0008091403922526144,22.23744844280135,0.054770859321374855,27.70094654952405,0.27009725181037725
2014 DS39,501503,MBO,MBO,21164723805567315,745306232778653732,20.3784,2.9052079,2.7758453,150.8788692019941,3.5260812915903443,2025052500572,181,60821.00442242049,r,150.87885865011347,3.526108514299321,14.518831253051758,4285.02,296.353,False,4114.21,6.84903,4319.93,296.149,False,22.3693,6.79932,22.320117861801407,0.07508977241089859,22.364283871692074,0.0018074526892068233,22.311308181873585,0.07443168382481101,28.02586897416641,0.3300178304040524
2014 DS39,501503,MBO,MBO,21164723805567315,745306232912871459,20.37839,2.905209,2.7758536,150.8789724791836,3.526035205302385,2025052500573,181,60821.00494649089,r,150.87897070904282,3.526030724442486,22.06988525390625,5110.83,230.743,False,4871.0,0.626823,5178.92,231.341,False,16.489,6.87718,22.128771394931128,0.04901865668713332,22.180954676070574,0.00013971760086771363,22.114402010327765,0.048499553351855296,28.357014183884374,0.4528354221330194
2014 DS39,501503,MBO,MBO,21164723805567315,745306233048662017,20.378376,2.9052103,2.775862,150.87907556328776,3.525989206282942,2025052500574,184,60821.00546957778,r,150.87908897893942,3.5259790393963475,16.7187442779541,4856.22,294.578,False,4807.97,1.54755,4945.17,294.327,False,-14.8428,5.83184,22.184254068874935,0.06586068768637972,22.195095578578737,0.0003494678520076948,22.164546952348605,0.064620929205695,nan,nan
2014 DS39,501503,MBO,MBO,21164723805567315,745306233316573231,20.378351,2.9052129,2.7758784,150.8792809557172,3.52589755775957,2025052500576,183,60821.00651108364,r,150.87926194675958,3.525908372589121,13.037181854248047,4791.08,371.02,False,4862.93,0.907242,4850.58,375.338,False,-59.6544,6.33854,22.198916425705203,0.08407912791947224,22.182754915474277,0.00020255801551391877,22.18551580315187,0.08401429578352491,nan,nan
2014 DS39,501503,MBO,MBO,21164723805567315,745306233448693786,20.37834,2.905214,2.7758865,150.87938405246084,3.525851556477801,2025052500577,179,60821.00703421028,r,150.87937516429352,3.5258364858682065,14.891453742980957,4645.49,314.359,False,4736.23,0.310046,4533.77,316.331,False,-74.817,6.23055,22.232421121371964,0.07347146154965145,22.21141804357204,7.107512832214728e-05,22.25885128428959,0.07575417610860054,nan,nan
2014 DS39,501503,MBO,MBO,21164723805567315,745306233585008645,20.378326,2.9052153,2.7758949,150.87948715344737,3.5258055544549087,2025052500578,183,60821.00755743646,r,150.87948126946836,3.52580787721626,15.092874526977539,5353.47,350.132,False,5181.71,11.0977,5270.04,352.755,False,-65.1465,5.81391,22.078411523176317,0.07101019733553703,22.113817249260084,0.0023253279129090915,22.09546521307022,0.07267475718818882,nan,nan
2014 DS39,501503,MBO,MBO,21164723805567315,745306233720799233,20.378313,2.9052167,2.7759032,150.8795898644068,3.5257597276131807,2025052500579,186,60821.00807812068,r,150.8795897419191,3.525754162826482,16.6048641204834,4782.86,288.153,False,4708.98,3.42118,4893.42,289.572,False,-30.6602,5.98363,22.20078085918077,0.06541236205685494,22.217682889730117,0.0007888118053350461,22.175968785693133,0.06424929793396474,nan,nan
2014 DS39,501503,MBO,MBO,21164723805567315,745306236401483790,20.377913,2.9052567,2.7761648,150.88285510671673,3.5243035338300577,2025052500599,179,60821.02462903415,i,150.88290457647923,3.524351304135342,6.2619218826293945,4311.12,693.382,False,4368.35,35.4715,4425.97,701.458,False,-177.824,7.99231,22.313524691470604,0.1746251418052288,22.299206406878206,0.00881630166008986,22.284978782603762,0.17207489391711342,nan,nan
2014 DS39,501503,MBO,MBO,21164723805567315,745306238416322583,20.377716,2.9052763,2.776293,150.88445351930795,3.5235912316902533,2025052500614,182,60821.032722705946,i,150.88440647942895,3.5235645489878658,6.319522857666016,5288.94,834.496,False,5796.41,202.321,5405.61,848.455,False,-240.636,7.3152,22.091578411467452,0.17130890106809346,21.992102228165322,0.03789711697993963,22.06788825413034,0.170415245173455,nan,nan
2014 DS39,501503,MBO,MBO,21164723805567315,745319361543143434,20.279999,2.9123828,2.8223944,151.489865598168,3.260712869471335,2025052800085,160,60823.970929467236,i,151.48984982270153,3.260733149035444,11.425230026245117,4165.03,361.358,False,4525.72,6.6255,14596.2,354.756,False,10441.7,15.1203,22.350954721247575,0.09419847769942798,22.260780745322045,0.00158948081247801,20.989400471667473,0.026388473773291652,21.353071951293103,0.0015722207253432642
2014 DS39,501503,MBO,MBO,21164723805567315,745319361677361162,20.279982,2.912384,2.8224027,151.48997254570725,3.260665477978101,2025052800086,160,60823.971449116994,i,151.48993447956676,3.2606688677230182,11.967527389526367,4408.21,364.72,False,4270.83,16.3801,12237.1,358.021,False,7814.79,17.3447,22.28934432106162,0.08983004744187159,22.323719268342735,0.00416417126271284,21.180803762034067,0.031765399476257644,21.667706714329995,0.0024097600196704575
2014 DS39,501503,MBO,MBO,21164723805567315,745319361811578936,20.279963,2.9123852,2.8224108,151.49008031855882,3.2606177212506853,2025052800087,160,60823.971973280684,i,151.49003723449326,3.2606142562917295,11.286521911621094,4301.09,381.583,False,4230.79,0.865418,9679.23,376.716,False,5455.34,13.5516,22.316053713867426,0.09632407174766666,22.333946317042326,0.00022208988499414632,21.4353979229636,0.0422568927502247,22.057945473977796,0.0026970754653554492
2014 DS39,501503,MBO,MBO,21164723805567315,745319361945796690,20.279945,2.9123864,2.8224192,151.49018809427142,3.2605699637546537,2025052800088,160,60823.9724977966,i,151.49021667122875,3.260560638095962,12.670839309692383,4505.49,346.874,False,4277.5,11.8213,5240.75,344.848,False,700.775,21.6988,22.26564486826029,0.08358993872160017,22.322024954467153,0.0030005407158138157,22.101516392486545,0.07144281829719887,24.286053461993067,0.033618737823165795
2014 DS39,501503,MBO,MBO,21164723805567315,745319362495774804,20.279875,2.9123917,2.822452,151.49061963641572,3.260378744350299,2025052800092,185,60823.97459561535,i,151.49062542711232,3.2603996010032277,12.93323802947998,4999.76,380.253,False,4864.9,4.4505,5182.47,379.875,False,-103.518,15.6443,22.152627156644918,0.08257485526277794,22.182315227804068,0.000993251472527397,22.113657963107528,0.07958444982494307,nan,nan
2014 DS39,501503,MBO,MBO,21164723805567315,745319362764210263,20.279839,2.912394,2.8224685,151.4908339848266,3.2602837683217567,2025052800094,185,60823.97563737584,i,151.49082748144838,3.2602700774489426,14.276373863220215,5086.19,355.074,False,4977.9,10.1837,4702.5,350.933,False,-90.7016,21.4722,22.13401856332826,0.07579675693908856,22.157384601528705,0.0022211799312029283,22.219177989443956,0.08102513102679566,nan,nan
2014 DS39,501503,MBO,MBO,21164723805567315,745319363300556864,20.279768,2.9123993,2.8225014,151.4912653913688,3.2600926226899576,2025052800098,184,60823.97773406464,i,151.49129113844162,3.260065378489174,13.299447059631348,4859.07,362.318,False,4654.45,1.85304,5051.45,358.233,False,120.192,14.4218,22.183617150338456,0.08095824448803422,22.230329031198576,0.0004322556930796191,22.141459811431808,0.07699700574214285,26.20031108308531,0.13027713868979274
2014 DS39,501503,MBO,MBO,21164723805567315,745319363435823117,20.27975,2.9124005,2.8225098,151.4913729934052,3.2600449484163634,2025052800099,186,60823.9782570753,i,151.49138578120258,3.2600573091342118,12.315533638000488,4746.46,383.202,False,4508.69,7.30838,4793.67,375.347,False,76.4738,12.7814,22.209075445734,0.08765612352228032,22.26487407427867,0.0017599287165648214,22.19832968380949,0.08501374050666076,26.691218313356885,0.18146382566746563
2014 DS39,501503,MBO,MBO,21164723805567315,745319363566370836,20.279732,2.9124017,2.8225179,151.49148039280414,3.259997364561478,2025052800100,179,60823.978779000485,i,151.49146807798095,3.260014305097301,14.130871772766113,5359.75,378.543,False,5212.04,0.293337,5509.81,373.539,False,64.6565,14.0004,22.077138667630287,0.07668227797239416,22.107480641705465,6.110593647238165e-05,22.04715843114933,0.07360776750316719,26.873469491310686,0.23509995591025448
2014 DS39,501503,MBO,MBO,21164723805567315,745319363700588572,20.279715,2.9124029,2.8225262,151.4915871779651,3.259950053491293,2025052800101,179,60823.979298783684,i,151.4915883480516,3.259940873279803,14.285724639892578,5048.51,352.382,False,5055.19,9.7556,5285.19,348.241,False,86.7238,15.7331,22.142091998306178,0.07578352832983291,22.140656304457984,0.002095274008573592,22.092348500540247,0.0715391240347321,26.554654243724897,0.1969701060760328
2014 DS39,501503,MBO,MBO,21164723805567315,745319363838476374,20.279697,2.9124043,2.8225343,151.49169478924316,3.2599023770714544,2025052800102,186,60823.97982178057,i,151.49169430425783,3.259901857401883,12.813960075378418,4774.13,368.882,False,4702.18,6.94911,4924.89,365.791,False,123.502,17.8277,22.20276442487455,0.08389141897187867,22.219251834535356,0.0016045536473705895,22.169008632991552,0.08064190365267232,26.17081503303896,0.15672765738178177
2014 DS39,501503,MBO,MBO,21164723805567315,745319364236935185,20.279644,2.912408,2.822559,151.49201702464094,3.259759617029032,2025052800105,178,60823.98138725439,i,151.49202018350536,3.259758809784689,14.151455879211426,5148.46,362.272,False,4930.46,4.916,5182.39,354.23,False,123.088,13.3101,22.120806650935435,0.07639795837985969,22.167781409119776,0.00108255195352305,22.113674739738677,0.07421292831944867,26.174460734877766,0.1174058992551608
2014 DS39,501503,MBO,MBO,21164723805567315,745319364504846390,20.279608,2.9124105,2.8225756,151.49223309901558,3.259663893083363,2025052800107,177,60823.98243712131,i,151.49225706222455,3.2596657383988226,12.411593437194824,5068.17,407.589,False,5005.95,8.3933,5242.62,407.618,False,150.449,12.3446,22.137872082096017,0.08731635464468822,22.151283688861312,0.0018204155840838324,22.10112902584081,0.08441687989533761,25.95652669942595,0.08908652365021846
2014 DS39,501503,MBO,MBO,21164723805567315,745319364639064069,20.27959,2.912412,2.822584,151.49234093538064,3.2596161211782446,2025052800108,177,60823.98296152153,i,151.49237014030092,3.2595953989159447,12.137762069702148,4816.29,391.814,False,5188.37,17.8166,4976.54,384.799,False,121.167,12.2001,22.193218418904465,0.08832662419506902,22.11242262670949,0.0037283632618506295,22.157681243593117,0.08395194548193666,26.191539113561717,0.10932093913396919
2014 DS39,501503,MBO,MBO,21164723805567315,745319364903829517,20.279554,2.9124143,2.8226004,151.49255682372666,3.2595204841110097,2025052800110,170,60823.984010136104,i,151.49256518491833,3.2595170034086323,15.065004348754883,5780.64,376.872,False,5759.56,1.38122,5655.46,368.566,False,-3.41413,14.0346,21.99506016499927,0.07078516831262524,21.99902672174669,0.00026037414787444724,22.018830169873013,0.07075736777285398,nan,nan
2014 DS39,501503,MBO,MBO,21164723805567315,745319365038047300,20.279537,2.9124157,2.8226085,151.49266405259402,3.259472983597457,2025052800111,170,60823.984531787224,i,151.49264574914628,3.259484962047529,12.785608291625977,5299.49,411.414,False,5040.68,2.61193,4978.71,408.974,False,-77.229,15.4173,22.08941475951005,0.08428868754911016,22.14377714268697,0.0005625960685388207,22.15720793297239,0.08918733588185337,nan,nan
2014 DS39,501503,MBO,MBO,21164723805567315,745319365438603317,20.279484,2.9124193,2.8226333,151.49298678851156,3.2593300219520653,2025052800114,166,60823.98609996366,i,151.4929844282236,3.259320633517385,12.564140319824219,4650.59,365.501,False,4293.56,16.9471,4504.12,362.089,False,-112.521,14.533,22.23122990291484,0.08533061172782513,22.31795614445919,0.00428550653613132,22.265975090276257,0.08728300195221433,nan,nan
2014 DS39,501503,MBO,MBO,21164723805567315,745319365703893082,20.27944,2.9124224,2.8226533,151.4932504752662,3.2592132226202755,2025052800116,160,60823.98738087852,i,151.49325686055755,3.2592273844398783,14.360426902770996,5522.44,381.504,False,5430.17,0.509678,5459.41,377.137,False,-71.3296,13.4902,22.044672496363223,0.07500537933761905,22.06296645043947,0.00010190765151581048,22.0571356916464,0.07500284392960407,nan,nan
2014 DS39,501503,MBO,MBO,21164723805567315,745319366389137443,20.278936,2.9124582,2.8228855,151.4962831384122,3.257870319693068,2025052800121,187,60824.00210505076,z,151.49631245553073,3.2578709126482654,8.227385520935059,6294.37,770.587,False,6333.28,37.7855,6886.52,756.865,False,490.718,26.5283,21.902619308972376,0.13292103295514768,21.895928314328714,0.006477699753161877,21.80500046414018,0.11932815408664188,24.672920057116322,0.05869508718761478
2014 DS39,501503,MBO,MBO,21164723805567315,745319366657572893,20.2789,2.9124606,2.822902,151.4964980678345,3.257775178294809,2025052800123,187,60824.003148237476,z,151.49648281851577,3.2577979445592313,8.480249404907227,6954.35,789.221,False,7581.97,13.7017,5405.57,765.379,False,494.634,24.9895,21.794358624348675,0.1232158016543719,21.700544814992377,0.0019620799823553393,22.067896296149996,0.1537302723732854,24.664290080475013,0.054852688636840306
2014 DS39,501503,MBO,MBO,21164723805567315,745319366791790649,20.278883,2.912462,2.8229103,151.49660626015637,3.257727287297259,2025052800124,187,60824.0036734024,z,151.4965779661121,3.257700757631573,9.085585594177246,7845.03,846.331,False,8174.11,50.518,7943.19,833.99,False,495.035,24.4269,21.663513507979594,0.11713049232214873,21.618898823737425,0.006710115743390513,21.650012630665948,0.1139961568944973,24.663410228121485,0.05357433401982606
2014 DS39,501503,MBO,MBO,21164723805567315,745319367193919501,20.27883,2.9124658,2.822935,151.49693003864377,3.257583975038328,2025052800127,186,60824.00524403843,z,151.49685257851957,3.257557870274017,10.387259483337402,8125.18,814.167,False,8914.19,78.0642,7913.25,777.639,False,302.85,24.1279,21.625417499417342,0.10879396653527164,21.524795231301322,0.009508112977299522,21.654112783929236,0.10669583187882467,25.19693103312021,0.08650002689642902
2014 DS39,501503,MBO,MBO,21164723805567315,745319367324467220,20.27881,2.912467,2.8229432,151.49703701160772,3.2575366286329426,2025052800128,179,60824.00576376874,z,151.49704409686996,3.2575082577118746,9.851640701293945,7785.04,774.437,False,8024.54,45.3557,7866.41,749.863,False,20.3472,23.8493,21.67184787370009,0.10800641971123356,21.638949629152567,0.006136716486301553,21.66055853282986,0.10349744871675667,28.1287383441337,1.2726099111735278
2014 DS39,501503,MBO,MBO,21164723805567315,745319367458160663,20.278793,2.9124682,2.8229513,151.49714440113485,3.257489099092787,2025052800129,178,60824.00628468541,z,151.4971414492554,3.2574663436984816,10.63713550567627,8092.97,753.574,False,7670.0,21.7431,7916.12,731.125,False,-119.976,24.7177,21.62973014492644,0.10109793134987811,21.688011590127545,0.003077870928137975,21.653719061354877,0.10027751865213207,nan,nan
2014 DS39,501503,MBO,MBO,21164723805567315,745319367592378408,20.278776,2.9124696,2.8229597,151.49725220729982,3.257441386410334,2025052800130,178,60824.00680797392,z,151.4972811677029,3.257458418450616,11.186227798461914,8657.61,769.768,False,8822.34,33.7998,8675.99,758.24,False,-232.832,24.0103,21.55650491035609,0.09653529770429208,21.536040542141418,0.004159629777492083,21.554202363739883,0.09488814383759117,nan,nan
2014 DS39,501503,MBO,MBO,21164723805567315,745319368128725003,20.2787,2.9124749,2.8229947,151.4977113093253,3.257238212126877,2025052800134,177,60824.00903431997,z,151.49770365039208,3.257218210055064,10.504270553588867,7390.23,691.786,False,8226.71,7.42455,7168.13,652.272,False,-304.942,29.0901,21.72835511588898,0.10163379486065038,21.611934534534683,0.0009798695758828375,21.76148533520714,0.09879777677577829,nan,nan
2014 DS39,501503,MBO,MBO,21164723805567315,745319368262942785,20.27868,2.912476,2.823003,151.49781852042034,3.257190769576502,2025052800135,177,60824.00955400299,z,151.49784220808428,3.2572134166033164,11.884293556213379,8211.44,678.32,False,8797.24,6.88067,8128.68,670.488,False,-288.976,30.6806,21.61395163345181,0.08968908642399194,21.539133870465548,0.0008491972947956181,21.624949908741257,0.08955612162571225,nan,nan
2014 DS39,501503,MBO,MBO,21164723805567315,745319368393490471,20.278664,2.9124775,2.8230112,151.49792656086632,3.257142961355593,2025052800136,170,60824.0100783978,z,151.4979296044233,3.2571753426773533,12.734456062316895,8958.52,687.461,False,8895.9,40.9629,8183.61,669.18,False,-309.923,28.6437,21.519409387823757,0.08331748263372349,21.527025221566717,0.004999482877920921,21.617637707239858,0.08878147390772137,nan,nan
2014 DS39,501503,MBO,MBO,21164723805567315,745319368526135338,20.278645,2.9124787,2.8230195,151.49803460580532,3.2570951524927936,2025052800137,167,60824.010602922135,z,151.49795630386433,3.2569785197200507,11.941271781921387,8103.64,675.125,False,9308.01,63.1309,7662.34,666.217,False,-459.938,29.8724,21.62829963299758,0.09045412220564555,21.47785792434777,0.007363927084968358,21.68909647472461,0.09440143743812483,nan,nan
2014 DS39,501503,MBO,MBO,21164723805567315,745319368794046509,20.278608,2.9124813,2.8230362,151.49825091580965,3.256999441453296,2025052800139,166,60824.01165192337,z,151.498283799387,3.2570194348664305,11.345176696777344,7608.22,651.281,False,7452.81,12.2135,7519.2,640.392,False,-272.14,32.279,21.696792313813773,0.09294149585118666,21.719199867511982,0.001779280440184203,21.709570880314537,0.09246951708367229,nan,nan
2014 DS39,501503,MBO,MBO,21164723805567315,745319368929837102,20.278584,2.912483,2.8230476,151.4984016634308,3.256932743172248,2025052800140,169,60824.01238206441,z,151.49840984081584,3.2569165953677155,11.59552001953125,8327.05,713.867,False,8181.23,8.40737,6433.97,689.01,False,-173.872,30.7527,21.598772094468018,0.0930787337932177,21.617953497064324,0.0011157473384946217,21.87880238483588,0.11627083869884819,nan,nan
2014 DS39,501503,MBO,MBO,21164723805567315,745319369061957677,20.278566,2.9124842,2.823056,151.49850972882868,3.256884931309052,2025052800141,165,60824.01290652602,z,151.49850927057625,3.256878190794011,12.391355514526367,7975.71,630.971,False,8070.14,12.0669,7892.48,617.576,False,-128.126,35.2822,21.645576619142794,0.08589430548755493,21.632797309392082,0.0016234501832994618,21.65696627759094,0.08495740399161028,nan,nan
2014 DS39,501503,MBO,MBO,21164723805567315,745319369330393095,20.27853,2.9124868,2.8230724,151.49872649271057,3.2567890317345785,2025052800143,165,60824.013957535906,z,151.49872122769617,3.2567778632997944,12.916522979736328,8421.28,644.687,False,8478.5,18.614,8307.15,615.986,False,-28.1657,30.058,21.586554696006807,0.0831180066014662,21.579202438740694,0.0023836638630978634,21.601369817755483,0.08050875393994411,nan,nan
2014 DS39,501503,MBO,MBO,21164723805567315,745319369741959222,20.278467,2.912491,2.823101,151.49909819140458,3.2566246001145123,2025052800146,182,60824.01575903534,z,151.4990935376705,3.2566218545880137,12.89021110534668,8244.29,631.033,False,7557.89,0.615384,8320.34,626.275,False,-43.8461,33.4003,21.609616844710033,0.08310423250356398,21.70399856345145,8.8403596468595e-05,21.599647336541487,0.081723761398148,nan,nan
2014 DS39,501503,MBO,MBO,21164723805567315,745319370146185275,20.278414,2.912495,2.8231258,151.49942373264494,3.256480601805393,2025052800149,185,60824.017337786245,z,151.49942706434592,3.256492671753232,12.9254732131958,8135.47,625.356,False,8177.77,17.0858,8365.09,603.083,False,101.734,32.2959,21.624043351498102,0.08345819623790687,21.618412767791497,0.00226842669682589,21.593823475536,0.07827639251785067,26.38133468632288,0.3446716515528788
2014 DS39,501503,MBO,MBO,21164723805567315,745319370281451569,20.278395,2.9124963,2.8231342,151.49953246260597,3.256432509745188,2025052800150,187,60824.01786417225,z,151.49952851318778,3.2564344799030476,11.892879486083984,7394.15,610.947,False,7916.1,22.3437,8036.65,595.634,False,85.7149,38.2545,21.727779372945008,0.0897097447543593,21.653721807139053,0.0030645600968882275,21.637312375681482,0.08046902331505822,26.567359229022436,0.48456334290807324
2014 DS39,501503,MBO,MBO,21164723805567315,745319370415145031,20.278378,2.9124975,2.8231425,151.4996399595548,3.2563849645578125,2025052800151,186,60824.01838595644,z,151.4996333472189,3.2564081356584578,12.698071479797363,8552.67,665.99,False,8120.2,7.64366,8694.51,653.878,False,-7.56298,34.941,21.569745721562427,0.08454546369836417,21.626083158840487,0.001022018949488235,21.55188725096918,0.0816537133386099,nan,nan
2014 DS39,501503,MBO,MBO,21164723805567315,745319370549887011,20.278358,2.9124987,2.8231506,151.4997470487205,3.256337601226009,2025052800152,187,60824.018904653494,z,151.49975462822727,3.256385652873051,11.754898071289062,7614.42,633.131,False,8506.86,9.018,6645.44,612.014,False,-67.2909,40.3721,21.69590794070971,0.09027781971078268,21.575576741263756,0.0011509732508620482,21.84369065651699,0.0999912328695926,nan,nan
2014 DS39,501503,MBO,MBO,21164723805567315,745319371216781351,20.278269,2.9125051,2.823192,151.50028690260436,3.2560988580852306,2025052800157,179,60824.021520801994,z,151.50030990154798,3.2560911354706095,12.185441017150879,7449.52,600.674,False,7197.81,7.87376,7066.5,572.773,False,-321.867,31.1389,21.719679271009895,0.08754571026594116,21.756999045080587,0.0011876982682963069,21.77698909176521,0.08800401816188569,nan,nan
2014 DS39,501503,MBO,MBO,21164723805567315,745319371350474777,20.27825,2.9125063,2.8232002,151.50039484715256,3.256051125758026,2025052800158,178,60824.022043167475,z,151.50038636666937,3.2560104904160196,15.476371765136719,9342.86,599.711,False,9138.82,0.930057,8854.78,576.394,False,-307.864,34.4739,21.473800356340433,0.06969256940593938,21.49777465422052,0.00011049528397816826,21.532055527804637,0.07067502468325626,nan,nan
2014 DS39,501503,MBO,MBO,21164723805567315,745319371622580234,20.27794,2.912528,2.8233416,151.50224165325642,3.2552347363017984,2025052800160,185,60824.030987239064,r,151.50225601416383,3.2552373281052027,20.47092056274414,5755.74,281.445,False,5916.9,3.5967,5649.42,279.629,False,-94.7756,8.03346,21.999747036718375,0.05309048387474748,21.969764444319498,0.0006599853675339577,22.01999035729301,0.05374061957035342,nan,nan
2014 DS39,501503,MBO,MBO,21164723805567315,745319371756797963,20.277922,2.9125292,2.8233497,151.5023494871731,3.2551870833129466,2025052800161,185,60824.03150921826,r,151.5023469965835,3.255199036378961,21.98886489868164,6385.12,287.968,False,6418.86,1.01835,6358.17,285.852,False,-84.0146,7.65467,21.887077320887464,0.04896654465768683,21.88135526435217,0.00017225169161764648,21.891669674402216,0.04881276503820766,nan,nan
2014 DS39,501503,MBO,MBO,21164723805567315,745319371891015700,20.277903,2.9125304,2.823358,151.5024579463112,3.2551391558241134,2025052800162,185,60824.032034955926,r,151.50246293859834,3.2551427132891666,23.62137794494629,6559.46,275.843,False,6343.91,4.64748,6579.72,271.362,False,-70.8125,8.92834,21.857829786331898,0.0456581364416865,21.89410744053491,0.000795398608198498,21.854481433036867,0.044778127009223824,nan,nan
2014 DS39,501503,MBO,MBO,21164723805567315,745319372025233464,20.277885,2.9125319,2.8233664,151.50256661757558,3.2550911364109623,2025052800163,185,60824.03256016,r,151.50255283343998,3.25509326970667,20.12552833557129,5990.24,295.263,False,5801.76,0.250978,5650.49,293.294,False,-99.2186,7.63721,21.956389400466072,0.053516673290665125,21.99110064515166,4.696780022237544e-05,22.019784678306355,0.05635615816004213,nan,nan
2014 DS39,501503,MBO,MBO,21164723805567315,745319372160499768,20.277866,2.912533,2.8233747,151.50267488121708,3.2550432989323057,2025052800164,187,60824.033084296345,r,151.50267344362229,3.2550570839552435,15.810866355895996,5780.9,360.798,False,5819.0,5.32276,6298.79,363.6,False,-135.427,8.39207,21.995011376179974,0.0677630580580946,21.98787910701647,0.0009931454468783548,21.901857169947792,0.06267452768367258,nan,nan
2014 DS39,501503,MBO,MBO,21164723805567315,745319372293144634,20.27785,2.9125342,2.823383,151.50278356380076,3.2549952781718225,2025052800165,184,60824.03361075795,r,151.50280371145107,3.2550069326796596,22.945703506469727,6149.96,268.25,False,6037.0,0.580316,6123.35,267.923,False,-127.219,9.25696,21.927819279179552,0.04735782651859253,21.947947060366317,0.0001043680800314133,21.93252727353478,0.04750564659123166,nan,nan
2014 DS39,501503,MBO,MBO,21164723805567315,745319372428410939,20.27783,2.9125357,2.8233914,151.50289266522043,3.254947074207972,2025052800166,186,60824.03413813954,r,151.50288853448333,3.2549237541630474,23.903133392333984,6715.97,279.684,False,6581.98,25.0464,7025.84,276.295,False,-113.162,8.98289,21.83222809653661,0.04521506567771715,21.854108607438192,0.004131550602669204,21.783254385779415,0.04269717299910872,nan,nan
2014 DS39,501503,MBO,MBO,21164723805567315,745319372697370674,20.277794,2.912538,2.823408,151.50310943876545,3.254851303343284,2025052800168,187,60824.03518783525,r,151.5031094791808,3.2548506287343617,22.0311279296875,6140.09,276.582,False,6478.97,0.379339,6309.9,278.096,False,-89.7512,8.58843,21.92956318519293,0.04890727976648426,21.871235041477448,6.356906774675887e-05,21.899943825425545,0.04785161560149682,nan,nan
2014 DS39,501503,MBO,MBO,21164723805567315,745319373363740693,20.277702,2.9125445,2.8234494,151.50365033539788,3.2546123671713203,2025052800173,178,60824.037804515276,r,151.50367716507225,3.2546091316065437,20.53026008605957,6365.29,307.88,False,6224.7,1.64045,6437.16,307.014,False,-118.407,7.21052,21.89045450654013,0.0525155124072889,21.914703902410654,0.0002861336131923391,21.878264213774457,0.05178311791127484,nan,nan
2014 DS39,501503,MBO,MBO,21164723805567315,745319373497434143,20.277683,2.9125457,2.8234577,151.5037590695064,3.2545643405911004,2025052800174,177,60824.03833093225,r,151.5037697756925,3.254536880383884,20.818876266479492,6716.09,319.135,False,6470.94,1.51798,6823.84,317.742,False,-97.6427,7.13874,21.832208756921677,0.05159198914392549,21.872581577417474,0.0002546965103649771,21.814927936646995,0.050555699700298856,nan,nan
2014 DS39,501503,MBO,MBO,21164723805567315,745319373631651882,20.277666,2.912547,2.823466,151.50386801615363,3.254516222080461,2025052800175,177,60824.038857291715,r,151.50386527432738,3.2545131134833087,23.182388305664062,7152.51,308.784,False,7054.01,1.94689,7139.51,306.648,False,-57.511,7.2539,21.763853851404036,0.046872772708437725,21.778909858568788,0.00029966062227662225,21.76582902006703,0.04663329244995609,nan,nan
2014 DS39,501503,MBO,MBO,21164723805567315,745319374030110787,20.27761,2.912551,2.8234909,151.50419406436308,3.2543722279689704,2025052800178,169,60824.04043414835,r,151.50421207607857,3.2543747608910296,19.366058349609375,6616.75,340.885,False,6688.63,1.77707,6150.64,334.959,False,280.088,7.26605,21.848388184877923,0.055935496544658264,21.836657087969886,0.0002884640532610757,21.927699205123616,0.05912833810709732,25.281763694664406,0.028166194349892315
2014 DS39,501503,MBO,MBO,21164723805567315,745319374296973374,20.277573,2.9125533,2.8235075,151.50441304487026,3.2542755286172,2025052800180,166,60824.04149341594,r,151.50441879204095,3.2542806870970606,22.09969139099121,6243.72,281.544,False,6405.25,8.46541,6748.64,279.435,False,584.865,7.98949,21.9113914154782,0.04895839506030024,21.883659787162948,0.0014349482655014085,21.826959323706426,0.044956122652789275,24.48236093634671,0.014831591444776485
2014 DS39,501503,MBO,MBO,21164723805567315,745319374699626517,20.277517,2.9125571,2.8235326,151.50473918266803,3.254131524862569,2025052800183,166,60824.0430702788,r,151.50473323538776,3.254134808949874,24.694324493408203,7162.62,290.061,False,7187.06,4.22626,7528.0,286.798,False,397.772,7.5707,21.76232020460526,0.04396851001060534,21.758621814876747,0.000638453506223035,21.708300973951996,0.0413638385438963,24.90091446891007,0.02066455960410028
2014 DS39,501503,MBO,MBO,21164723805567315,745319375649112090,20.27738,2.9125667,2.8235948,151.50555176565214,3.2537728148057146,2025052800190,185,60824.046998932594,r,151.5055623154684,3.253787622347938,20.71731948852539,6750.53,323.435,False,6826.93,0.62441,6810.33,323.068,False,-105.055,7.06429,21.826655355425693,0.05202037438711845,21.814436347465787,9.930444541205617e-05,21.81707959627005,0.05150508312415696,nan,nan
2014 DS39,501503,MBO,MBO,21164723805567315,745319375783329818,20.277363,2.912568,2.8236032,151.50565998422374,3.253725051117102,2025052800191,185,60824.04752198832,r,151.5056827237341,3.2537148844667114,18.842607498168945,6189.21,325.43,False,5966.66,0.416817,6267.82,326.337,False,-63.5501,6.85476,21.920911960447683,0.05708824347409089,21.960671744030808,7.58470075497349e-05,21.90720874081184,0.05652936936376924,nan,nan
2014 DS39,501503,MBO,MBO,21164723805567315,745319375917547569,20.277344,2.9125693,2.8236113,151.5057686228167,3.2536771041512806,2025052800192,185,60824.0480465993,r,151.50576317958283,3.2536828269911235,21.748149871826172,6271.55,286.193,False,6066.31,1.78503,6275.48,282.663,False,-38.2513,8.38333,21.906562811219324,0.04954598207831686,21.942688489969825,0.0003194811486477599,21.9058826288416,0.048904218912982654,nan,nan
2014 DS39,501503,MBO,MBO,21164723805567315,745319376187031608,20.277308,2.912572,2.823628,151.5059861255739,3.2535811170413376,2025052800194,187,60824.04909724841,r,151.50598398788242,3.2535703790285058,18.219223022460938,6642.86,362.188,False,6383.29,5.24265,6516.48,363.723,False,25.64,8.41762,21.844112273173415,0.05919748721166375,21.887388554951393,0.0008917243167446517,21.86496733654116,0.06060130960878787,27.877704973728633,0.35644753078703634
2014 DS39,501503,MBO,MBO,21164723805567315,745323760531800104,20.238108,2.91494,2.8389664,151.71352839358792,3.1638020516513965,2025052900092,165,60825.028359943615,r,151.71354538711182,3.163781859216125,13.661667823791504,3610.93,263.337,False,3270.29,0.0823193,3655.67,259.415,False,-35.7872,12.6075,22.505952346917613,0.07918030160146297,22.61353432111804,2.733000434919818e-05,22.492582561325154,0.07704641634888064,nan,nan
2014 DS39,501503,MBO,MBO,21164723805567315,745323760666017832,20.238089,2.9149415,2.8389747,151.71363854158585,3.163753471138551,2025052900093,165,60825.028885205786,r,151.71365483902275,3.1637570702361746,13.948505401611328,3650.64,260.461,False,3494.53,2.01206,3710.59,255.15,False,11.189,15.6497,22.49407751183235,0.07746366236012456,22.541528057955436,0.0006251387999410046,22.476392549724885,0.07465809465758336,28.77802180279343,1.5185848481157476
2014 DS39,501503,MBO,MBO,21164723805567315,745323762251464756,20.237848,2.9149566,2.8390741,151.71495698058578,3.163172118205699,2025052900105,117,60825.03517963602,r,151.71493659590953,3.163195626434379,11.618066787719727,3316.08,280.43,False,3452.16,2.93534,3145.64,272.705,False,-27.2024,11.7981,22.59843747616396,0.09181714216030329,22.554772737390515,0.0009231915420742189,22.655727490373415,0.09412573824428466,nan,nan
2014 DS39,501503,MBO,MBO,21164723805567315,745323762499452947,20.237808,2.9149592,2.8390906,151.71517554222544,3.1630757714957367,2025052900107,78,60825.03622262055,r,151.71512913083,3.1630558663788957,10.10826301574707,3309.53,327.894,False,3811.57,1.74415,3169.9,326.152,False,-32.8203,10.4266,22.6005841848767,0.1075700771681124,22.44724023038676,0.0004968259309803437,22.647386128797987,0.1117117430553045,nan,nan
2014 DS39,501503,MBO,MBO,21164723805567315,745323763222446138,20.237698,2.914966,2.8391361,151.7157791681197,3.162809719757995,2025052900112,177,60825.03910224287,r,151.71576561680254,3.162812814636063,12.823044776916504,3551.61,276.271,False,3361.37,0.230453,3428.27,270.34,False,-87.3095,13.6115,22.523936791840306,0.08445674319845772,22.58370916288878,7.443725513686733e-05,22.56231244807532,0.08561692047184803,nan,nan
2014 DS39,501503,MBO,MBO,21164723805567315,745323763621429299,20.237638,2.91497,2.8391612,151.71610997983552,3.162663937641961,2025052900115,170,60825.04068076155,r,151.7161121175108,3.1626922858280393,12.541474342346191,3474.47,271.477,False,3753.91,5.06248,3520.0,257.653,False,-16.1706,19.3602,22.54777859376783,0.08483377292405744,22.46379038492283,0.0014642114278352696,22.53364334130467,0.07947250193154257,nan,nan
2014 DS39,501503,MBO,MBO,21164723805567315,745323763889340484,20.237598,2.9149725,2.8391776,151.71632971217107,3.1625671159977915,2025052900117,169,60825.04172892816,r,151.71633105594688,3.1625675711938226,12.771465301513672,3404.22,265.672,False,3250.64,3.71858,3882.13,252.815,False,59.3316,26.9237,22.569955962114935,0.08473298091546536,22.62007784796725,0.0012420314393201048,22.427324846734702,0.0707061354314577,26.966784846164124,0.49268915930105145
2014 DS39,501503,MBO,MBO,21164723805567315,745323764421492782,20.237507,2.9149783,2.8392148,151.71682356840174,3.162349535512849,2025052900121,160,60825.04408396741,r,151.7168205661968,3.1623506843499545,12.158341407775879,3268.11,262.877,False,3466.11,8.87381,3104.57,257.765,False,-100.968,39.2984,22.61425829968796,0.08733337687252937,22.550394113081367,0.0027796625874808383,22.6699963348273,0.09014607580485824,nan,nan
