provid,permid,orbit_class,population,ssObjectId,diaSourceId,phaseAngle,helioRange,topoRange,ephRa,ephDec,visit,detector,midpointMjdTai,band,ra,dec,snr,psfFlux,psfFluxErr,psfFlux_flag,trailFlux,trailFluxErr,scienceFlux,scienceFluxErr,forced_PsfFlux_flag,templateFlux,templateFluxErr,psfMag,psfMagErr,trailMag,trailMagErr,scienceMag,scienceMagErr,templateMag,templateMagErr
2000 EL94,50655,MBO,MBO,21163607131239500,745416141080363062,16.957159,2.2302628,1.3525907,225.43124951253645,-39.77428669222284,2025061900253,94,60846.18571192013,g,225.43123691070065,-39.77428622840225,594.1756591796875,266155.0,447.32,False,279547.0,3.09959,272966.0,456.725,False,-118.174,2.37588,17.837163426846487,0.0018247695029759948,17.783862910189505,1.2038537889553017e-05,17.809728610712725,0.0018166470356929599,nan,nan
2000 EL94,50655,MBO,MBO,21163607131239500,745416141727858754,16.957909,2.2302601,1.3526018,225.43099783586945,-39.773982360557895,2025061900258,49,60846.188051312194,g,225.430985711785,-39.773981377317625,584.7835083007812,263070.0,448.845,False,254366.0,0.318704,271166.0,458.915,False,-73.1301,2.54783,17.849821688008095,0.0018524623413921169,17.88635234851027,1.3603566562896027e-06,17.81691191291638,0.0018374746084837627,nan,nan
2000 EL94,50655,MBO,MBO,21163607131239500,745416142522155165,16.958815,2.2302568,1.3526152,225.43069444546128,-39.7736147249477,2025061900264,28,60846.190876307934,g,225.43068050054998,-39.77361497767718,530.7435302734375,266680.0,501.933,False,246821.0,0.185716,270754.0,501.267,False,-48.0357,3.51101,17.835023883866185,0.0020435234947202043,17.919044731166196,8.169425958691257e-07,17.818562796451012,0.002010104110354739,nan,nan
2000 EL94,50655,MBO,MBO,21163607131239500,745416143324840025,16.959715,2.2302535,1.3526287,225.43039359096025,-39.77324931985734,2025061900270,23,60846.19368268379,g,225.43037763223214,-39.773248935898046,528.188232421875,265435.0,502.363,False,242897.0,0.313449,269638.0,507.493,False,-60.2261,3.19384,17.84010453012325,0.0020548673090883293,17.93644462273904,1.4010997360959687e-06,17.823047257091027,0.0020434936330180325,nan,nan
2000 EL94,50655,MBO,MBO,21163607131239500,745424936928018905,17.531984,2.2280984,1.3614773,225.2699514870237,-39.54113660529723,2025062100251,138,60848.03025114289,r,225.26993934897865,-39.54113454431313,776.4638061523438,460988.0,592.028,False,434076.0,0.391767,466937.0,604.749,False,-109.262,27.3173,17.240775949007514,0.0013943665567542525,17.306085563943363,9.799104546411135e-07,17.22685427823164,0.001406180939908845,nan,nan
2000 EL94,50655,MBO,MBO,21163607131239500,745424937062236780,17.532124,2.228098,1.3614794,225.2699117281065,-39.54108212121663,2025062100252,138,60848.0306865646,r,225.26989980315165,-39.54108043879278,776.7483520507812,454948.0,587.165,False,445544.0,0.253694,459944.0,597.603,False,-81.9807,28.8405,17.255095599585967,0.0014012728373578927,17.277773501157473,6.182212270985232e-07,17.243237605423694,0.00141069182957093,nan,nan
2000 EL94,50655,MBO,MBO,21163607131239500,745424937168666733,17.532267,2.2280974,1.3614815,225.2698706875509,-39.54102587606727,2025062100253,85,60848.03113540527,r,225.2698582881776,-39.54102430806167,687.2493896484375,456899.0,664.57,False,446375.0,0.208059,461896.0,672.074,False,-81.548,23.8693,17.2504494811737,0.001579228051600637,17.275750341997906,5.060704269773875e-07,17.238639496772944,0.001579782129546682,nan,nan
2000 EL94,50655,MBO,MBO,21163607131239500,745424937289252886,17.532406,2.228097,1.3614837,225.2698310160878,-39.54097150257014,2025062100254,59,60848.03156985359,r,225.2698196659459,-39.54096956837824,741.2980346679688,461402.0,632.597,False,458208.0,1.28761,462852.0,630.551,False,-75.2659,20.6154,17.239801318278744,0.0014885792638239426,17.247343331485467,3.0510267242297493e-06,17.23639463832174,0.0014791166014491977,nan,nan
2000 EL94,50655,MBO,MBO,21163607131239500,745424937460695371,17.532555,2.2280965,1.361486,225.26978860029143,-39.54091336257211,2025062100255,130,60848.03203380895,r,225.26977977614692,-39.540914619237746,728.301513671875,462120.0,631.124,False,439931.0,0.433347,462726.0,628.519,False,-83.5396,16.0049,17.23811308832411,0.0014828057689316887,17.291538585313674,1.0694870621977423e-06,17.236690243365604,0.001474751395130214,nan,nan
2000 EL94,50655,MBO,MBO,21163607131239500,745424937609593051,17.5327,2.2280958,1.3614882,225.26974727939395,-39.54085671819978,2025062100256,158,60848.032485754215,r,225.26973472110373,-39.54085839914174,670.056640625,466168.0,684.97,False,501010.0,1.14367,468425.0,684.617,False,-186.271,8.14906,17.22864385460404,0.0015953405132151887,17.150384014166832,2.478441318529479e-06,17.22339983634594,0.0015868356045561146,nan,nan
2000 EL94,50655,MBO,MBO,21163607131239500,745424937742237945,17.532839,2.2280953,1.3614904,225.26970741933695,-39.540802071513,2025062100257,155,60848.03292131689,r,225.26969359527945,-39.54079996832815,672.3192138671875,474430.0,708.345,False,471410.0,0.906815,474429.0,705.584,False,-177.602,7.73238,17.209569641739556,0.0016210521681822804,17.216503022609658,2.0885468452013312e-06,17.209571930248607,0.0016147370361707057,nan,nan
2000 EL94,50655,MBO,MBO,21163607131239500,745424937843949832,17.53298,2.2280948,1.3614925,225.2696670089692,-39.54074666539934,2025062100258,93,60848.03336336161,r,225.26965366536402,-39.54074632156907,716.9205932617188,466838.0,652.067,False,435482.0,0.280041,469549.0,650.979,False,-146.429,10.0493,17.22708450046863,0.0015165277202218684,17.30257447800262,6.981934098127777e-07,17.220797700085676,0.0015052560501212851,nan,nan
2000 EL94,50655,MBO,MBO,21163607131239500,745424937955098943,17.533125,2.2280943,1.3614948,225.2696256824415,-39.54068999791059,2025062100259,49,60848.03381525183,r,225.26961286021984,-39.540689589490036,749.3571166992188,472285.0,628.948,False,431655.0,0.159571,475961.0,629.807,False,-142.002,18.1353,17.214489619017584,0.001445888843367114,17.31215806037428,4.013668772854388e-07,17.206071579221348,0.0014366813023170555,nan,nan
2000 EL94,50655,MBO,MBO,21163607131239500,745424938094035181,17.533264,2.2280939,1.3614969,225.2695859999544,-39.54063557970471,2025062100260,58,60848.034249650664,r,225.26957578928113,-39.54063431350597,736.9843139648438,472188.0,642.125,False,438949.0,0.163934,475652.0,641.362,False,-160.728,7.22043,17.214712635265233,0.00147648470626173,17.29396484008511,4.0548921834337597e-07,17.206776682029023,0.0014639903610747748,nan,nan
2000 EL94,50655,MBO,MBO,21163607131239500,745424938249748835,17.533403,2.2280934,1.3614991,225.2695462244071,-39.54058102885743,2025062100261,99,60848.03468406972,r,225.26953324550243,-39.540580029838395,707.0375366210938,466224.0,661.207,False,441112.0,0.00443574,472226.0,663.208,False,-146.488,7.99706,17.228513434721545,0.0015398099334240321,17.288627818811207,1.0917960640045643e-08,17.214625262617638,0.0015248396855902548,nan,nan
2000 EL94,50655,MBO,MBO,21163607131239500,745424938693820549,17.533882,2.2280915,1.3615065,225.2694089637461,-39.54039274095359,2025062100264,178,60848.03618528384,r,225.2693990053297,-39.54039453896293,653.7306518554688,480660.0,730.427,False,440913.0,0.00987592,483533.0,726.191,False,-142.83,6.00406,17.195405044699633,0.0016499210272405542,17.28911774031777,2.4319182108164373e-08,17.188934702458972,0.0016306060547538464,nan,nan
2000 EL94,50655,MBO,MBO,21163607131239500,745424938810212638,17.53403,2.228091,1.3615087,225.269366803484,-39.54033489489042,2025062100265,144,60848.036646992834,r,225.26935420317287,-39.54033498865618,640.222900390625,481864.0,751.786,False,452604.0,0.239058,485586.0,756.781,False,-181.517,5.77486,17.192688796435,0.001693924613777906,17.260704030448082,5.734680398520906e-07,17.184334607397865,0.0016921091982363525,nan,nan
2000 EL94,50655,MBO,MBO,21163607131239500,745424939051909254,17.534328,2.2280898,1.3615134,225.2692813806411,-39.54021767180475,2025062100267,93,60848.03758049334,r,225.26927011153435,-39.54021590946691,654.9697265625,476447.0,730.546,False,450957.0,0.331165,480063.0,730.736,False,-120.955,10.2193,17.20496350822381,0.0016647817358642345,17.26466216832635,7.973217289776787e-07,17.196754413035087,0.001652671745660328,nan,nan
2000 EL94,50655,MBO,MBO,21163607131239500,745424939218633085,17.53447,2.2280893,1.3615155,225.26924150231545,-39.54016293940506,2025062100268,155,60848.0380160037,r,225.26922817262445,-39.5401621520412,629.638671875,469463.0,744.088,False,476602.0,1.27402,469885.0,742.271,False,-132.422,6.44016,17.22099657574194,0.0017208668093328492,17.204610348809716,2.902315962695878e-06,17.22002104652544,0.0017151228368661787,nan,nan
2000 EL94,50655,MBO,MBO,21163607131239500,745424939477631204,17.534777,2.2280884,1.3615203,225.26915369230704,-39.54004240177107,2025062100270,137,60848.03897609806,r,225.26914284987302,-39.54004494077091,477.2080078125,468863.0,984.109,False,448798.0,0.503894,471173.0,989.961,False,-115.269,16.7376,17.2223850948955,0.002278880569102107,17.269872717787152,1.219024880135864e-06,17.217049010572417,0.0022811928896777378,nan,nan
2000 EL94,50655,MBO,MBO,21163607131239500,745424939591401716,17.534916,2.2280877,1.3615224,225.2691139014404,-39.53998777140495,2025062100271,98,60848.03941194208,r,225.2691018429108,-39.53998585910402,617.8389892578125,466043.0,750.7,False,453134.0,0.29032,472650.0,757.817,False,-127.828,9.81718,17.228935026938217,0.0017488990976488082,17.25943337545911,6.956241304549369e-07,17.213650844425796,0.0017408005321191342,nan,nan
2000 EL94,50655,MBO,MBO,21163607131239500,745424939742396853,17.535059,2.2280872,1.3615246,225.26907310312583,-39.53993175191741,2025062100272,130,60848.03985719467,r,225.269062750582,-39.539931138779274,697.930419921875,464484.0,667.757,False,447761.0,0.248572,463737.0,664.732,False,-134.555,13.3114,17.232573103698932,0.0015608890113681308,17.2723843404387,6.027403621477328e-07,17.23432062960073,0.0015563209168767856,nan,nan
2000 EL94,50655,MBO,MBO,21163607131239500,745424939881333121,17.535204,2.2280867,1.3615268,225.26903148032068,-39.53987459405374,2025062100273,139,60848.040312246674,r,225.26902108132205,-39.53987234082027,749.413330078125,467056.0,622.897,False,452135.0,0.433038,471732.0,626.277,False,-135.904,20.3616,17.226577611042345,0.0014480100781215212,17.26182968176994,1.0398775379262057e-06,17.215761655834527,0.0014414362153100785,nan,nan
2000 EL94,50655,MBO,MBO,21163607131239500,745424939994054839,17.535349,2.2280862,1.3615291,225.26898994779185,-39.53981755376783,2025062100274,98,60848.04076636207,r,225.26897802464075,-39.5398146040928,759.2454833984375,468469.0,618.568,False,431708.0,0.0407966,470786.0,616.081,False,-170.038,15.1349,17.22329785598734,0.0014336096204504497,17.31202475834738,1.0260255996511953e-07,17.21794115117489,0.0014208184607692517,nan,nan
2000 EL94,50655,MBO,MBO,21163607131239500,745424940169691288,17.535503,2.2280855,1.3615315,225.26894576110143,-39.53975686120404,2025062100275,177,60848.041249810056,r,225.26893416219522,-39.53975614029692,732.9072875976562,469735.0,644.13,False,443526.0,0.269965,472337.0,643.562,False,-182.771,7.35338,17.22036769821888,0.0014888293758657544,17.28270229062033,6.608649028859821e-07,17.21437008277408,0.001479322128332149,nan,nan
2000 EL94,50655,MBO,MBO,21163607131239500,745424940420825215,17.53581,2.2280846,1.3615363,225.26885793294807,-39.53963620296682,2025062100277,144,60848.042209381165,r,225.26884718827185,-39.539636212433514,774.7431640625,465453.0,602.185,False,437566.0,0.370541,470718.0,608.68,False,-140.578,23.2811,17.230310415445462,0.0014046832952232576,17.297391077895703,9.194265228934208e-07,17.218097985478416,0.0014039529084505134,nan,nan
2000 EL94,50655,MBO,MBO,21163607131239500,745424940506284164,17.535952,2.228084,1.3615384,225.2688175854082,-39.53958076359847,2025062100278,51,60848.04265095129,r,225.26880570414656,-39.53958012000722,730.8139038085938,465882.0,635.294,False,440728.0,0.726761,470255.0,640.301,False,-121.956,22.0031,17.22931017199969,0.0014805502323710536,17.289573393357564,1.7903802616485836e-06,17.21916644526073,0.0014783426124344364,nan,nan
2000 EL94,50655,MBO,MBO,21163607131239500,745424940686114945,17.5361,2.2280834,1.3615407,225.2687753156088,-39.53952267614224,2025062100279,138,60848.043112665444,r,225.26876975938407,-39.539532293078004,314.24609375,463401.0,1474.84,False,436263.0,2.78822,465615.0,1482.61,False,-94.3154,18.6804,17.235107583389205,0.0034555107716974184,17.300629046247266,6.939097112206924e-06,17.229932592844005,0.003457198197291993,nan,nan
2000 EL94,50655,MBO,MBO,21163607131239500,745424940829245719,17.536657,2.2280815,1.3615494,225.26861620116603,-39.5393039562078,2025062100280,155,60848.04485197742,g,225.26860417856207,-39.53930126273719,570.668701171875,250705.0,439.135,False,245497.0,0.255916,253040.0,440.449,False,-64.8728,10.0646,17.902092511227757,0.0019017761068959684,17.924884526585792,1.1318153213238907e-06,17.892027052730832,0.0018898649668670248,nan,nan
2000 EL94,50655,MBO,MBO,21163607131239500,745424940936200461,17.536797,2.228081,1.3615515,225.2685763064217,-39.53924910049109,2025062100281,103,60848.04528746153,g,225.26856377392028,-39.53924783260023,628.4849853515625,251790.0,402.601,False,239861.0,0.116711,255699.0,409.235,False,-68.6873,16.8151,17.89740380541808,0.0017360439099477053,17.950100900106346,5.282949547866793e-07,17.88067742607545,0.0017376729664560836,nan,nan
2000 EL94,50655,MBO,MBO,21163607131239500,745424941046300963,17.536942,2.2280803,1.3615538,225.26853458096429,-39.53919172049197,2025062100282,57,60848.045743727074,g,225.26852611467493,-39.53919191636159,607.8646240234375,248737.0,408.718,False,237987.0,0.148926,251332.0,410.469,False,-83.4107,10.5532,17.910649019930958,0.0017840526985832442,17.9586169138972,6.794251585421363e-07,17.899380532013765,0.0017731965999917602,nan,nan
2000 EL94,50655,MBO,MBO,21163607131239500,745424941199393024,17.53709,2.2280798,1.361556,225.26849212287047,-39.53913332553504,2025062100283,93,60848.04620762013,g,225.26848188602673,-39.5391318525163,603.5523681640625,249597.0,411.28,False,235995.0,0.0165554,251683.0,412.639,False,-85.0415,12.1475,17.906901597266458,0.0017890502889360122,17.967742995704107,7.616601105101023e-08,17.89786529501398,0.0017800849084460672,nan,nan
2000 EL94,50655,MBO,MBO,21163607131239500,745424941470974243,17.5374,2.2280786,1.3615608,225.2684036360686,-39.53901160029409,2025062100285,99,60848.04717470215,g,225.2683935635835,-39.53900930851907,597.170166015625,249256.0,415.818,False,248820.0,0.203713,248555.0,414.095,False,-86.299,7.31546,17.90838594677819,0.0018112649234846543,17.910286785630845,8.889099722097513e-07,17.9114437401279,0.0018088468750766598,nan,nan
2000 EL94,50655,MBO,MBO,21163607131239500,745424941649232174,17.53756,2.2280781,1.3615633,225.26835788192557,-39.53894864631122,2025062100286,183,60848.04767462213,g,225.2683462702679,-39.53894822485663,541.0765380859375,254667.0,468.885,False,244756.0,1.33392,257485.0,473.118,False,-71.0832,10.9395,17.885068319240172,0.0019990239448806017,17.928166632520416,5.917261437532385e-06,17.873120165168395,0.00199499525867975,nan,nan
2000 EL94,50655,MBO,MBO,21163607131239500,745424941731020868,17.53772,2.2280777,1.3615658,225.2683121272617,-39.53888568253786,2025062100287,83,60848.04817453929,g,225.26829992639338,-39.538884404144085,572.5502319335938,253103.0,442.703,False,242148.0,0.265027,252702.0,440.955,False,-64.1601,12.1832,17.891756767924946,0.0018990635363306872,17.939797784048775,1.1883203437090031e-06,17.893478302149887,0.0018945666974940585,nan,nan
2000 EL94,50655,MBO,MBO,21163607131239500,745424941888307470,17.537868,2.228077,1.3615681,225.2682696665465,-39.53882724342744,2025062100288,127,60848.04863855502,g,225.26825994089168,-39.53882976805097,404.2967834472656,250162.0,617.462,False,241426.0,1.03057,251690.0,620.296,False,-60.4109,15.8186,17.904446649113282,0.002679866732057578,17.943039902617294,4.634659039789768e-06,17.897835098108565,0.0026758228262256075,nan,nan
2000 EL94,50655,MBO,MBO,21163607131239500,745424942028816662,17.538015,2.2280765,1.3615704,225.26822784604943,-39.53876967767069,2025062100289,139,60848.04909597774,g,225.26821900050598,-39.538769227936506,401.77471923828125,250141.0,618.924,False,248708.0,0.1909,253128.0,625.375,False,-68.4569,8.04906,17.90453779571969,0.0026864376770983044,17.910775612217435,8.333750392513857e-07,17.891649530694743,0.0026824068417978853,nan,nan
2000 EL94,50655,MBO,MBO,21163607131239500,745424942181384304,17.53816,2.228076,1.3615726,225.26818620829016,-39.53871235570898,2025062100290,174,60848.04955011366,g,225.26817509631152,-39.538709711043346,301.49212646484375,252275.0,835.237,False,241151.0,0.584101,255378.0,842.754,False,-67.5129,12.5938,17.895314462885633,0.0035946766422492163,17.94427733203738,2.6298030116008744e-06,17.88204129636332,0.0035829576559183686,nan,nan
2000 EL94,50655,MBO,MBO,21163607131239500,745424942245347653,17.538326,2.2280753,1.3615751,225.2681389880173,-39.53864733896691,2025062100291,40,60848.05006643802,g,225.2681345800868,-39.538650743047114,256.3966369628906,251190.0,972.628,False,247151.0,3.32144,255298.0,990.131,False,-71.7981,11.8939,17.89999413518011,0.004204058375288594,17.917594069991587,1.459111085855575e-05,17.88238146859421,0.004210847926767446,nan,nan
2000 EL94,50655,MBO,MBO,21163607131239500,745424942408925241,17.538467,2.2280748,1.3615774,225.26809844796864,-39.5385915120313,2025062100292,96,60848.050509545894,g,225.26808483772587,-39.53858677970767,411.6761779785156,248447.0,601.704,False,243781.0,0.92104,249954.0,605.446,False,-63.8435,11.3012,17.911915607492453,0.002629501644542743,17.932500364479772,4.102068957120743e-06,17.905349772163177,0.002629902400966648,nan,nan
2000 EL94,50655,MBO,MBO,21163607131239500,745424942524268668,17.538612,2.2280743,1.3615797,225.26805680962428,-39.5385341648209,2025062100293,60,60848.05096470863,g,225.2680472302902,-39.53853821546345,246.9481964111328,246942.0,993.828,False,252275.0,3.64756,250210.0,1001.71,False,-64.2296,9.43031,17.918512596990873,0.004369588988844465,17.895314462885633,1.5698296787447484e-05,17.90423834274127,0.0043467201052107204,nan,nan
2000 EL94,50655,MBO,MBO,21163607131239500,745424942684700781,17.538761,2.2280738,1.3615819,225.26801462210608,-39.5384760530858,2025062100294,110,60848.05142554871,g,225.26800267541526,-39.53847439791193,176.9687042236328,244981.0,1382.19,False,252354.0,2.84915,246837.0,1391.28,False,-51.5491,9.98714,17.927168992304303,0.0061257553085230405,17.89497451745691,1.225827704433504e-05,17.9189743513515,0.006119678568304461,nan,nan
2000 EL94,50655,MBO,MBO,21163607131239500,745424942787985539,17.538916,2.2280731,1.3615843,225.2679700551812,-39.53841465480438,2025062100295,51,60848.051912363575,g,225.26796031769297,-39.53841288574289,254.38282775878906,249561.0,982.591,False,237318.0,0.764514,251276.0,990.705,False,-36.3642,18.6618,17.907058207011023,0.004274845135580109,17.96167330085146,3.4976721544892077e-06,17.899622474950277,0.004280728383490523,nan,nan
2000 EL94,50655,MBO,MBO,21163607131239500,745424943212658769,17.539371,2.2280715,1.3615913,225.2678401067924,-39.53823557591181,2025062100298,93,60848.05333274409,g,225.26782971790158,-39.53823619925588,399.2776794433594,248703.0,617.896,False,255624.0,1.70011,250884.0,619.76,False,-56.0139,11.3552,17.910797439965613,0.0026974827554716754,17.88099593400856,7.221039238000813e-06,17.901317586782035,0.002682099619201667,nan,nan
2000 EL94,50655,MBO,MBO,21163607131239500,745424943348449346,17.53951,2.228071,1.3615935,225.267800207363,-39.53818057518747,2025062100299,96,60848.05376822651,g,225.2677883286069,-39.53817829024645,439.72027587890625,250832.0,564.789,False,254732.0,1.1574,253077.0,567.35,False,-58.3401,10.7739,17.901542647505032,0.002444711467992812,17.884791236428107,4.933149727688657e-06,17.8918683058812,0.0024340118195738574,nan,nan
2000 EL94,50655,MBO,MBO,21163607131239500,745433741884129355,18.161457,2.2257288,1.3719949,225.1287139225335,-39.28154542361822,2025062300317,147,60850.07379568908,r,225.1287043220614,-39.28154460812412,764.8847045898438,457316.0,597.482,False,469933.0,2.94845,453901.0,586.899,False,1174.24,4.24649,17.249459009503944,0.0014185111241673278,17.219910141354703,6.81211791682606e-06,17.257597151129197,0.0014038688580162552,23.725607833140693,0.003926427285997528
2000 EL94,50655,MBO,MBO,21163607131239500,745433742144176634,18.161734,2.2257278,1.3719996,225.1286512675708,-39.2814328935516,2025062300319,131,60850.07467867204,r,225.12863987755108,-39.28143190610504,757.6438598632812,460994.0,606.466,False,458905.0,1.73204,468801.0,607.829,False,593.614,5.12225,17.240761817674734,0.0014283528567960886,17.24569302605873,4.0978821059256045e-06,17.222528676487187,0.001407722955658914,24.46623963763234,0.009368734958594319
2000 EL94,50655,MBO,MBO,21163607131239500,745433742230683655,18.1619,2.225727,1.3720024,225.1286140914268,-39.28136610035951,2025062300320,40,60850.07520280946,r,225.128602689135,-39.28136610566629,754.1121215820312,453172.0,601.155,False,444564.0,1.21577,452424.0,595.439,False,369.601,5.30971,17.259342329000617,0.001440282674084125,17.28016427151476,2.969213684347887e-06,17.26113591215657,0.0014289465371479877,24.980667117307853,0.015597750563797565
2000 EL94,50655,MBO,MBO,21163607131239500,745433742418903567,18.162071,2.2257264,1.3720052,225.12857528785497,-39.28129636413679,2025062300321,143,60850.07574989271,r,225.12856531313625,-39.281297594937605,765.2603149414062,467903.0,606.978,False,460400.0,1.85378,470409.0,603.102,False,473.547,4.84774,17.224610425706935,0.001408450084269131,17.24216171260561,4.371668322189575e-06,17.21881094451439,0.0013920007173098307,24.711592282647292,0.011114772240175375
2000 EL94,50655,MBO,MBO,21163607131239500,745433742491254841,18.162249,2.225726,1.3720083,225.1285350702263,-39.2812240659018,2025062300322,25,60850.0763166853,r,225.12852347743151,-39.2812226697811,732.11767578125,456000.0,621.027,False,462017.0,1.01952,457630.0,618.462,False,483.802,4.82931,17.252587893338912,0.0014786655123808635,17.238355110512494,2.3958638396470265e-06,17.24871378261257,0.0014673132391446058,24.68833084719353,0.010837815108362153
2000 EL94,50655,MBO,MBO,21163607131239500,745433742624948345,18.16239,2.2257254,1.3720107,225.1285035804644,-39.28116744270213,2025062300323,24,60850.07676085681,r,225.12849102236774,-39.28116851816607,731.1551513671875,459457.0,628.12,False,431731.0,0.659019,459749.0,621.024,False,520.916,4.82144,17.244387818619394,0.0014843012939866624,17.311966915389824,1.6573300984488283e-06,17.243698016806842,0.001466600746298105,24.60808072481604,0.010049244117631922
2000 EL94,50655,MBO,MBO,21163607131239500,745433742817362009,18.162552,2.2257247,1.3720134,225.12846677536808,-39.28110124512542,2025062300324,135,60850.077279511446,r,225.12845656283696,-39.28110011239711,760.7562866210938,455682.0,597.729,False,459059.0,1.10484,458176.0,592.39,False,730.839,6.78257,17.253345315613597,0.0014241862091876108,17.245328734262756,2.6130951187517696e-06,17.247419158995697,0.0014037821410135126,24.24044572921609,0.010076202547979533
2000 EL94,50655,MBO,MBO,21163607131239500,745433742924841176,18.16269,2.2257242,1.3720157,225.12843571771137,-39.28104537084772,2025062300325,84,60850.077717199776,r,225.12842582123844,-39.28104498144015,759.69970703125,456117.0,599.642,False,431697.0,0.852273,461667.0,600.132,False,870.857,5.20234,17.252309352018766,0.0014273817037560703,17.312052423459935,2.143502592606233e-06,17.239177919373212,0.0014113745637213538,24.05013288900951,0.006485989156821206
2000 EL94,50655,MBO,MBO,21163607131239500,745433743035990453,18.16283,2.2257237,1.3720181,225.1284039541387,-39.28098821321932,2025062300326,40,60850.078165884326,r,225.12839316531165,-39.2809889417954,759.3302001953125,459512.0,604.559,False,438246.0,0.701967,458346.0,595.546,False,982.479,5.04387,17.24425785669177,0.0014284537009013672,17.295705097873526,1.7390939962696113e-06,17.2470163859975,0.0014107374692153077,23.919191804887927,0.005573973814369645
2000 EL94,50655,MBO,MBO,21163607131239500,745433743196422401,18.162973,2.2257233,1.3720206,225.1283718393765,-39.28093040980696,2025062300327,90,60850.07861881157,r,225.12836035236086,-39.28092950048209,753.0843505859375,454579.0,602.006,False,447216.0,0.592759,456742.0,596.981,False,1151.51,6.41894,17.25597657768016,0.001437857203117888,17.273706667838702,1.4390807155867534e-06,17.250822626831184,0.0014191029177699098,23.746830706196654,0.006052292700998067
2000 EL94,50655,MBO,MBO,21163607131239500,745433743322251499,18.16311,2.2257228,1.3720229,225.1283409329776,-39.28087476811595,2025062300328,74,60850.07905422094,r,225.12833032215724,-39.28087387253882,723.6958618164062,457769.0,632.562,False,432510.0,0.965185,461327.0,628.787,False,1226.51,5.71802,17.24838405244327,0.0015003101517963929,17.31000961706085,2.4229180463600993e-06,17.239977816937692,0.0014798544138918586,23.678322257722183,0.005061729006024894
2000 EL94,50655,MBO,MBO,21163607131239500,745433743472722140,18.163252,2.225722,1.3720253,225.1283091083698,-39.28081745972463,2025062300329,105,60850.07950386724,r,225.1282980190569,-39.28081768504693,762.2081298828125,449390.0,589.745,False,440097.0,1.27994,455657.0,590.695,False,1349.1,4.79737,17.268441489745157,0.001424836985188003,17.291128979682654,3.157661169735114e-06,17.25340488379871,0.001407503792154565,23.574889663929074,0.003860854157705616
2000 EL94,50655,MBO,MBO,21163607131239500,745433743633678536,18.163393,2.2257216,1.3720276,225.12827721627457,-39.28076001585424,2025062300330,156,60850.07995350675,r,225.12826590317215,-39.28075844480745,752.9292602539062,456854.0,604.907,False,460333.0,3.1883,460370.0,604.061,False,1681.57,3.76223,17.25055642064039,0.001437591465383731,17.24231972654852,7.5198880525700575e-06,17.24223246227416,0.0014246168722652104,23.335712657840986,0.0024291521403363233
2000 EL94,50655,MBO,MBO,21163607131239500,745433743739584554,18.163538,2.2257211,1.3720301,225.12824433562548,-39.28070077669895,2025062300331,102,60850.08041742332,r,225.12823502281591,-39.28070077501973,768.0982666015625,464173.0,609.88,False,446982.0,2.13381,461004.0,599.712,False,1368.19,4.17844,17.233300312931846,0.0014265560509967928,17.274274913971468,5.183105400497738e-06,17.240738265862152,0.0014124150848811097,23.55963401681313,0.003315828856919906
2000 EL94,50655,MBO,MBO,21163607131239500,745433744021651538,18.163834,2.22572,1.3720351,225.1281780187688,-39.28058125166447,2025062300333,128,60850.08135304042,r,225.1281656819163,-39.28058016158461,754.8826293945312,456262.0,605.032,False,420439.0,0.375791,457820.0,601.014,False,774.205,5.39961,17.251964250364708,0.0014397541946338153,17.340742513845406,9.704378245079394e-07,17.248263097415418,0.0014253257490928852,24.17786004661081,0.0075723509734317565
2000 EL94,50655,MBO,MBO,21163607131239500,745433744229269865,18.16414,2.225719,1.3720404,225.12810888445253,-39.2804565827449,2025062300335,12,60850.082329187964,r,225.12809674044058,-39.28045396551715,718.7059936523438,454390.0,633.638,False,444836.0,2.09556,458827.0,631.535,False,561.795,5.12768,17.25642808734805,0.0015140379802387291,17.27950018278775,5.114751147450569e-06,17.245877584130533,0.0014944203041973784,24.526055358920843,0.009909856445113746
2000 EL94,50655,MBO,MBO,21163607131239500,745433744407003527,18.164291,2.2257183,1.3720429,225.12807467788625,-39.28039487340524,2025062300336,95,60850.08281278591,r,225.1280633627529,-39.28039385646802,752.4126586914062,449720.0,598.279,False,425168.0,0.444233,452553.0,595.506,False,238.054,5.10137,17.267644495020022,0.0014443946496353957,17.328598574543996,1.1344218091452466e-06,17.260826379491398,0.001428699852183498,25.458311287895143,0.023266745900430583
2000 EL94,50655,MBO,MBO,21163607131239500,745433744540696915,18.164429,2.2257178,1.3720453,225.12804380358756,-39.28033916114506,2025062300337,94,60850.083248289615,r,225.1280341223143,-39.28033888967532,752.0289916992188,454217.0,602.756,False,442346.0,0.659781,456317.0,597.694,False,177.598,5.16443,17.256841538632692,0.0014407959008352726,17.285594738918352,1.6194293523191674e-06,17.251833378426312,0.0014221209867213763,25.776404779191488,0.031572475783092385
2000 EL94,50655,MBO,MBO,21163607131239500,745433744700604866,18.164574,2.2257173,1.3720477,225.12801123363,-39.280280374191534,2025062300338,143,60850.08370881601,r,225.12800148260462,-39.28027969297072,762.8740844726562,453885.0,594.099,False,444566.0,2.17237,454891.0,589.044,False,186.439,5.93267,17.25763542398046,0.0014211414619348748,17.280159387026757,5.305445563564065e-06,17.255231638959422,0.0014059332980591566,25.723658114893134,0.03454918175140979
2000 EL94,50655,MBO,MBO,21163607131239500,745433744814899700,18.164717,2.2257168,1.3720502,225.12797923404543,-39.28022260174736,2025062300339,105,60850.08416063573,r,225.12797066309844,-39.28022508561223,766.2083129882812,449849.0,592.471,False,432782.0,1.83161,452403.0,590.075,False,176.235,5.95583,17.2673331015163,0.0014299625518378665,17.309327026080183,4.595027638194395e-06,17.26118630954812,0.0014161396018069487,25.784769589094722,0.03669225944631513
2000 EL94,50655,MBO,MBO,21163607131239500,745433744943349954,18.16486,2.2257164,1.3720526,225.12794674287449,-39.28016392650816,2025062300340,94,60850.08461954887,r,225.12793544269323,-39.28016643766728,770.9639892578125,455184.0,590.792,False,459963.0,2.27104,454365.0,585.107,False,275.667,4.46407,17.254532530162926,0.0014091977209197833,17.243192755264076,5.36075795233611e-06,17.256487824912355,0.0013981531317901331,25.299038080827536,0.017582091388491983
2000 EL94,50655,MBO,MBO,21163607131239500,745433745110073856,18.165007,2.2257156,1.372055,225.1279139019017,-39.28010460382807,2025062300341,156,60850.08508339952,r,225.12790153164576,-39.28010291295323,759.8777465820312,454812.0,605.26,False,445522.0,4.14401,458274.0,604.304,False,302.97,5.47712,17.255420212945417,0.0014448886702523196,17.277827113788884,1.0098944075957982e-05,17.24718695396875,0.0014317084298365811,25.196500928325875,0.01962804031372758
2000 EL94,50655,MBO,MBO,21163607131239500,745433745208115440,18.16516,2.2257152,1.3720577,225.1278792253052,-39.28004194807378,2025062300342,87,60850.08557360824,r,225.12786743329087,-39.280040482469154,756.20166015625,450643.0,596.09,False,422471.0,0.153243,452106.0,591.752,False,244.258,5.88207,17.265418426494225,0.0014361623800929516,17.33550774324864,3.93829349124075e-07,17.261899323270267,0.0014210972338615875,25.43037802766678,0.02614602814605737
2000 EL94,50655,MBO,MBO,21163607131239500,745433745344954712,18.165308,2.2257147,1.3720602,225.12784611007885,-39.27998209683358,2025062300343,92,60850.08604196491,r,225.12783460965196,-39.27997981155231,761.4547119140625,456755.0,599.279,False,436975.0,1.20295,454312.0,589.377,False,360.675,6.47209,17.250791724549813,0.0014245249598554767,17.298858522405894,2.988926982875777e-06,17.256614479419767,0.0014085209339086933,25.007209935582928,0.019482865235460195
2000 EL94,50655,MBO,MBO,21163607131239500,745433745475502524,18.165451,2.2257142,1.3720626,225.1278138481653,-39.27992377209254,2025062300344,85,60850.08649710279,r,225.1278044160308,-39.27992480673143,762.3713989257812,459707.0,603.34,False,450001.0,0.596308,462874.0,600.349,False,437.218,5.19962,17.24379720789512,0.0014249687538730636,17.2669663028172,1.438737196398187e-06,17.236343032994657,0.0014082031907820464,24.798254948916693,0.012912129881192853
2000 EL94,50655,MBO,MBO,21163607131239500,745433745636982957,18.165594,2.2257135,1.3720651,225.127781378316,-39.27986505565188,2025062300345,137,60850.08695661336,r,225.12777123588003,-39.27986458681612,763.1187133789062,463977.0,609.68,False,440762.0,0.638173,467555.0,606.139,False,423.681,5.33685,17.233758868767204,0.0014266906363133664,17.28948963737399,1.5720218933599668e-06,17.225418235820666,0.0014075499834224638,24.83240252943704,0.01367635425776207
2000 EL94,50655,MBO,MBO,21163607131239500,745433745710383406,18.166172,2.2257113,1.3720748,225.12765133041412,-39.27962972469603,2025062300346,21,60850.08879551603,g,225.12764065397772,-39.27962957979505,568.3176879882812,257046.0,452.993,False,241409.0,0.39229,260984.0,454.082,False,124.544,3.32088,17.874972874954768,0.0019133964856889356,17.94311635737094,1.7643230019651054e-06,17.858465292235778,0.0018890555287841319,26.161692986383247,0.02895040801254079
2000 EL94,50655,MBO,MBO,21163607131239500,745433745860854164,18.16632,2.2257109,1.3720773,225.12761824649616,-39.2795698155444,2025062300347,52,60850.08926385996,g,225.12760696331043,-39.27957027221331,601.6492309570312,257848.0,430.924,False,244116.0,0.235968,259605.0,430.179,False,182.676,3.68351,17.871590582131745,0.0018145178573908606,17.931009387139255,1.0494969357338506e-06,17.864217368166283,0.0017991213543166761,25.74579629690502,0.02189297089103764
2000 EL94,50655,MBO,MBO,21163607131239500,745433745990353365,18.166466,2.2257104,1.3720798,225.12758537934096,-39.27951028208194,2025062300348,43,60850.089728972605,g,225.1275731580083,-39.27950805581017,605.337158203125,258602.0,427.056,False,246896.0,0.28383,259384.0,424.814,False,284.259,3.07811,17.868420301639787,0.0017929875267558464,17.918714865206617,1.2481550650283594e-06,17.86514204177499,0.0017781973254007415,25.265714430015333,0.011756937917664054
2000 EL94,50655,MBO,MBO,21163607131239500,745433746172805227,18.166609,2.22571,1.3720822,225.12755315291105,-39.27945189281111,2025062300349,135,60850.09018429268,g,225.12754099602245,-39.27945028356274,604.7424926757812,258440.0,431.617,False,242522.0,0.512724,262190.0,433.72,False,445.677,3.49744,17.86910066907967,0.0018132727451648013,17.938122147342654,2.2953917197942456e-06,17.853459691107957,0.001796046790697805,24.777449440040048,0.008520290083611123
2000 EL94,50655,MBO,MBO,21163607131239500,745433746271371333,18.166767,2.2257092,1.372085,225.1275176809015,-39.27938760420129,2025062300350,67,60850.09068660913,g,225.127506658017,-39.27938720636757,592.7235717773438,258674.0,436.511,False,248918.0,0.325416,263727.0,440.902,False,907.317,4.13598,17.868118052908944,0.0018321740168363505,17.909859242829448,1.419406918716855e-06,17.847113513677698,0.0018151470001086546,24.005602359787794,0.004949299182437985
2000 EL94,50655,MBO,MBO,21163607131239500,745433746417647916,18.16692,2.2257087,1.3720876,225.12748355680583,-39.27932573976572,2025062300351,90,60850.09116919188,g,225.12747184893635,-39.27932647881804,606.87255859375,261026.0,430.715,False,245921.0,0.466718,265501.0,432.852,False,1075.6,3.39244,17.85829057941151,0.001791556647446281,17.92301095962222,2.06055040951269e-06,17.83983459706208,0.0017700990827489483,23.820873040765974,0.0034244097263203058
2000 EL94,50655,MBO,MBO,21163607131239500,745433746564448268,18.167067,2.2257082,1.3720901,225.12745035621725,-39.27926553183132,2025062300352,114,60850.09163979355,g,225.1274382107012,-39.27926471578337,610.0526123046875,246258.0,409.879,False,249688.0,0.81091,249686.0,409.762,False,1775.07,5.23022,17.92152413000054,0.0018071310068481286,17.906505823326814,3.526137944709406e-06,17.90651452010482,0.0017818116817809092,23.276961322453403,0.0031991071969267493
2000 EL94,50655,MBO,MBO,21163607131239500,745433746705481894,18.167221,2.2257075,1.3720927,225.1274156069553,-39.27920249658013,2025062300353,127,60850.0921310609,g,225.12740466865202,-39.27920083338287,607.628173828125,261889.0,431.231,False,246981.0,0.233338,267962.0,434.388,False,2882.05,4.21326,17.85470685664432,0.001787792140163828,17.918341138232833,1.0257611427520004e-06,17.829816973514085,0.001760065901294284,22.75074620406778,0.0015872344453621238
2000 EL94,50655,MBO,MBO,21163607131239500,745433746863292487,18.167366,2.225707,1.3720951,225.1273832640689,-39.27914380907899,2025062300354,172,60850.092589598906,g,225.1273733492972,-39.279146871910875,584.316650390625,261734.0,447.143,False,247143.0,0.284557,269823.0,450.214,False,3941.7,4.06619,17.855349643980453,0.0018548577931631167,17.917629214620653,1.2501015735090753e-06,17.82230258340468,0.0018116084545268364,22.41079109506148,0.0011200267648416122
2000 EL94,50655,MBO,MBO,21163607131239500,745433746982830137,18.16751,2.2257066,1.3720976,225.12735078490027,-39.27908485729033,2025062300355,144,60850.09304924487,g,225.1273411848912,-39.27908338825202,607.0416870117188,263446.0,435.145,False,243334.0,0.276811,273963.0,437.411,False,6158.02,4.03977,17.84827097774521,0.0017933567747896039,17.934493011882353,1.2351078294699377e-06,17.805770216862093,0.0017334931020708637,21.926397258881735,0.0007122621672484502
2000 EL94,50655,MBO,MBO,21163607131239500,745433747119669736,18.167654,2.225706,1.3721,225.1273183812873,-39.2790260255745,2025062300356,149,60850.0935088047,g,225.12730698043643,-39.27902562306783,587.7860717773438,259781.0,441.483,False,238735.0,0.359037,270749.0,442.747,False,8585.1,5.29976,17.86348153940174,0.0018451467918775407,17.955209765296438,1.6328543473999683e-06,17.81858284687003,0.0017754690045791322,21.565636653834556,0.0006702474547251122
2000 EL94,50655,MBO,MBO,21163607131239500,745433747380764823,18.167955,2.225705,1.3721051,225.12725069582288,-39.27890308106149,2025062300358,135,60850.09446741521,g,225.12723916214904,-39.27890101376772,594.4427490234375,263811.0,445.033,False,243004.0,0.250556,278745.0,447.277,False,11515.0,5.03563,17.846767749611523,0.0018315704387383961,17.935966443950413,1.1194783294546414e-06,17.786982285122996,0.0017421831466142468,21.246840144249376,0.00047480382547020504
2000 EL94,50655,MBO,MBO,21163607131239500,745464541882614446,20.24866,2.2176816,1.4139066,224.96921671791253,-38.38213874816261,2025063000419,114,60857.21840192778,g,224.96922275852592,-38.38189295174877,530.1250610351562,231244.0,438.283,False,234444.0,1.18245,240790.0,451.988,False,223.642,2.29237,17.989823817290663,0.0020578251095461834,17.974902193623716,5.476057549777548e-06,17.945903883184606,0.0020380403790571447,25.526116589695498,0.01112898834122705
2000 EL94,50655,MBO,MBO,21163607131239500,745464542013162034,20.248781,2.2176812,1.4139094,224.9692203621651,-38.382082807272056,2025063000420,107,60857.21883607846,g,224.96920893641328,-38.38207657440357,526.7633056640625,232660.0,443.344,False,240871.0,1.38832,239550.0,451.698,False,150.322,2.24005,17.98319569060687,0.0020689187036901594,17.945538710860443,6.257910891408373e-06,17.95150956201459,0.0020472756004853224,25.95744359173385,0.016179290914307334
2000 EL94,50655,MBO,MBO,21163607131239500,745464542313054407,20.249031,2.2176802,1.4139152,224.96922785514215,-38.38196847254066,2025063000422,167,60857.21972568116,g,224.9692108859043,-38.38196795988854,500.1529541015625,234281.0,469.968,False,234023.0,0.363465,241877.0,482.686,False,187.304,2.20731,17.97565732726715,0.0021779882219596803,17.97685364405782,1.6862749462045574e-06,17.94101356646594,0.0021666783975584965,25.71863236475102,0.01279500880490559
2000 EL94,50655,MBO,MBO,21163607131239500,745464542538498099,20.249277,2.2176793,1.4139209,224.96923525551676,-38.38185644055048,2025063000424,85,60857.220596073355,g,224.969218472039,-38.38185219270341,544.7775268554688,235063.0,433.329,False,242379.0,0.524861,240085.0,438.749,False,222.799,2.24461,17.97203931362346,0.0020015102110481037,17.93876252664392,2.3511136130470615e-06,17.949087432226523,0.0019841542221060346,25.530216926530127,0.010938354588263357
2000 EL94,50655,MBO,MBO,21163607131239500,745464542672716614,20.249401,2.2176788,1.4139237,224.9692390076679,-38.38179996976408,2025063000425,85,60857.22103535601,g,224.9692302946427,-38.38168414185991,539.3277587890625,234498.0,436.232,False,238072.0,0.401962,240453.0,443.319,False,291.925,2.30927,17.97465214242201,0.0020197736025145516,17.9582291990199,1.8331626962551745e-06,17.947424500256698,0.0020017528948370012,25.23682182320024,0.008588706165479309
2000 EL94,50655,MBO,MBO,21163607131239500,745464542857265442,20.249527,2.217678,1.4139267,224.9692428693141,-38.381742080925626,2025063000426,181,60857.221485952716,g,224.96923191055322,-38.38170116491884,502.5537414550781,227500.0,453.498,False,227714.0,0.443961,234153.0,462.29,False,304.155,2.26205,18.00754649751717,0.002164304096752562,18.006525669665063,2.116797936049498e-06,17.976250684016097,0.0021435770601921254,25.192262603810427,0.008074795738397257
2000 EL94,50655,MBO,MBO,21163607131239500,745464542990434701,20.24965,2.2176776,1.4139296,224.9692466257925,-38.381685990007945,2025063000427,179,60857.22192128851,g,224.96923140546113,-38.38168527205631,471.9692077636719,228590.0,484.89,False,225787.0,0.196158,237117.0,498.625,False,366.183,2.22792,18.002356930912775,0.0023030869426900052,18.015752666997454,9.432600186111805e-07,17.962593270879864,0.0022831564801238306,24.990754512822274,0.006605804675576234
2000 EL94,50655,MBO,MBO,21163607131239500,745464543118360965,20.249771,2.217677,1.4139324,224.9692503796904,-38.38163015345579,2025063000428,167,60857.22235545619,g,224.96923398361972,-38.38162901078051,494.4918518066406,229990.0,466.328,False,227659.0,0.0239152,237291.0,478.945,False,404.642,2.24098,17.995727616904208,0.0022014400455381395,18.006787940337905,1.1405478373121272e-07,17.961796833601824,0.002191435556089577,24.882322608167556,0.006013001696775785
2000 EL94,50655,MBO,MBO,21163607131239500,745464543508955574,20.250143,2.2176757,1.413941,224.9692618695454,-38.3814605675816,2025063000431,144,60857.22367359555,g,224.96924942787774,-38.38145781093699,533.4297485351562,226148.0,425.428,False,224553.0,0.552703,231129.0,430.991,False,273.111,2.42278,18.01401812174966,0.0020424792256642428,18.021702846106344,2.672374372658186e-06,17.990363899285597,0.0020245946190617166,25.309152049025165,0.009631615259552395
2000 EL94,50655,MBO,MBO,21163607131239500,745464543600181780,20.250265,2.2176752,1.4139439,224.96926569142872,-38.38140459066682,2025063000432,62,60857.22410888336,g,224.96924982933618,-38.38140560607653,528.3385009765625,226969.0,430.865,False,224683.0,0.635916,230974.0,435.064,False,279.645,2.39615,18.01008363948758,0.0020610996182748253,18.021074464985695,3.072938400190253e-06,17.991092261222434,0.0020450991503395046,25.283482396079894,0.009303177353453648
2000 EL94,50655,MBO,MBO,21163607131239500,745464543773720924,20.250387,2.2176747,1.4139467,224.9692695280786,-38.38134861095708,2025063000433,137,60857.22454307079,g,224.96925442651556,-38.381345067255204,528.3086547851562,225298.0,427.197,False,224756.0,0.500722,230078.0,433.026,False,262.541,2.37056,18.01810665887084,0.0020587099737076355,18.02072176420252,2.4188541983963423e-06,17.995312266185685,0.0020434461654825014,25.3520072238205,0.009803432181710195
2000 EL94,50655,MBO,MBO,21163607131239500,745464543867568571,20.25051,2.2176743,1.4139496,224.9692733795196,-38.38129262834934,2025063000434,60,60857.22497839545,g,224.96926234448148,-38.381290305141924,524.7806396484375,226044.0,431.9,False,226141.0,0.334586,231819.0,439.504,False,294.719,2.29506,18.014517540435907,0.0020745052299916307,18.01405172925917,1.6063965747659866e-06,17.987127429807302,0.0020584395694501576,25.22647968425848,0.008454934008584863
2000 EL94,50655,MBO,MBO,21163607131239500,745464544148586958,20.250755,2.2176733,1.4139553,224.9692811983408,-38.381179625108224,2025063000436,84,60857.22585671338,g,224.9692661070595,-38.38117732922641,524.351318359375,226750.0,434.999,False,227149.0,0.39737,232005.0,442.98,False,179.989,2.35852,18.011131760669667,0.002082884920160901,18.009222926954312,1.8993656463782405e-06,17.986256638537725,0.0020730563389237747,25.76188509938768,0.014227150602839389
2000 EL94,50655,MBO,MBO,21163607131239500,745464544582172791,20.251133,2.2176719,1.4139642,224.9692932841601,-38.381006623216685,2025063000439,143,60857.227200629015,g,224.96928581255096,-38.38100283168697,525.0425415039062,220511.0,421.891,False,222395.0,0.960317,225042.0,426.484,False,93.6105,2.24298,18.041424353130438,0.0020772765241598317,18.03218745253632,4.688284142782847e-06,18.019341052876953,0.002057612041719632,26.471688628006177,0.026015080431145008
2000 EL94,50655,MBO,MBO,21163607131239500,745464544723206162,20.251259,2.2176714,1.4139671,224.96929736249112,-38.380948692601535,2025063000440,156,60857.22765014765,g,224.96928646399343,-38.38094542906541,513.2195434570312,217079.0,424.051,False,215452.0,0.491877,220898.0,428.157,False,42.3649,2.1474,18.058455469291683,0.0021209214976914896,18.066623675209254,2.4787361263736767e-06,18.03952054048094,0.00210443539674175,27.332484569747077,0.05503399967008703
2000 EL94,50655,MBO,MBO,21163607131239500,745464544851132663,20.251383,2.217671,1.41397,224.9693013200384,-38.38089269029017,2025063000441,144,60857.228085408555,g,224.96928479930514,-38.380891592753,517.4295654296875,219775.0,424.149,False,216006.0,0.456531,223486.0,426.89,False,23.1706,2.33753,18.04505427818386,0.00209538806141759,18.063835463202523,2.294715065787768e-06,18.02687419378183,0.0020739104210265374,27.98765675839182,0.1095328019999598
2000 EL94,50655,MBO,MBO,21163607131239500,745464544984301724,20.251507,2.2176704,1.4139729,224.9693053657104,-38.38083565521229,2025063000442,142,60857.22852838965,g,224.9692921613806,-38.3808359763978,523.737060546875,219710.0,420.21,False,215258.0,0.723236,222898.0,422.632,False,-6.74028,2.64638,18.045375439788117,0.00207654272142316,18.06760174787052,3.6479180158433425e-06,18.02973457075612,0.002058640504764237,nan,nan
2000 EL94,50655,MBO,MBO,21163607131239500,745464545097023665,20.251629,2.21767,1.4139757,224.96930935339543,-38.38077964747727,2025063000443,101,60857.2289637659,g,224.96929323647944,-38.38077900724681,523.8179931640625,215043.0,410.653,False,211991.0,0.472675,218365.0,415.66,False,-28.8085,2.69381,18.068686724681864,0.002073356705993795,18.08420644123126,2.420859167949595e-06,18.052042425048402,0.0020667099344943043,nan,nan
2000 EL94,50655,MBO,MBO,21163607131239500,745464545385381925,20.251879,2.217669,1.4139816,224.9693175402171,-38.38066530618572,2025063000445,139,60857.22985155545,g,224.969300136313,-38.380663330191524,509.9098815917969,212731.0,418.751,False,221781.0,0.188106,217126.0,424.371,False,-49.1183,2.08529,18.080423045953786,0.0021372208524651722,18.03518915661011,9.208791329823901e-07,18.058220420861456,0.0021220625873228584,nan,nan
2000 EL94,50655,MBO,MBO,21163607131239500,745464545540047219,20.252,2.2176685,1.4139844,224.96932157344187,-38.38060929035271,2025063000446,178,60857.23028681749,g,224.96931239524795,-38.38060739671005,448.5211486816406,212408.0,474.347,False,218950.0,0.740941,220038.0,488.19,False,-55.5084,2.1944,18.082072825727522,0.0024246530031068548,18.049137626179636,3.6742016731223653e-06,18.04375577788538,0.0024088819224479152,nan,nan
2000 EL94,50655,MBO,MBO,21163607131239500,745464545759723709,20.252632,2.217666,1.4139991,224.9693426747826,-38.38031951225279,2025063000448,85,60857.23253610583,r,224.96933090137074,-38.380319513472465,642.2196044921875,382249.0,596.532,False,374479.0,0.293872,390870.0,605.527,False,-201.279,3.64941,17.4441341051753,0.0016943834270634318,17.46643132902234,8.520303372087699e-07,17.419919152996115,0.0016819980107757638,nan,nan
2000 EL94,50655,MBO,MBO,21163607131239500,745464545922253130,20.252754,2.2176654,1.414002,224.9693467913591,-38.38026360944813,2025063000449,139,60857.232970256315,r,224.96933425584413,-38.380263721483246,650.4328002929688,376377.0,581.506,False,369967.0,0.231818,384205.0,589.59,False,-171.754,3.81731,17.460942309274806,0.0016774725802548636,17.479592530082904,6.803125722669018e-07,17.438592468946872,0.0016661397902716004,nan,nan
2000 EL94,50655,MBO,MBO,21163607131239500,745464546075345228,20.252876,2.217665,1.4140048,224.96935093249965,-38.38020757536832,2025063000450,175,60857.23340559425,r,224.9693414994766,-38.38020596408313,617.6640014648438,379734.0,617.212,False,371047.0,0.37189,389068.0,628.792,False,-164.677,3.74688,17.451301289930875,0.001764733701416777,17.476427688578113,1.0882029671752849e-06,17.42493621876886,0.0017547118528893652,nan,nan
2000 EL94,50655,MBO,MBO,21163607131239500,745464546212708419,20.252998,2.2176645,1.4140077,224.96935509832767,-38.38015140995356,2025063000451,181,60857.233841860565,r,224.96934462434993,-38.380149894314144,622.3434448242188,378087.0,608.906,False,368116.0,0.275785,387059.0,617.369,False,-157.017,3.71428,17.456020637493722,0.001748569233684811,17.485038264311225,8.134114200061162e-07,17.4305570743944,0.0017317770550247314,nan,nan
2000 EL94,50655,MBO,MBO,21163607131239500,745464546277196263,20.25312,2.217664,1.4140105,224.96935926975036,-38.38009537086385,2025063000452,48,60857.23427605582,r,224.96934701757405,-38.38009366829055,640.4324340820312,373716.0,584.88,False,362687.0,0.343382,380301.0,590.846,False,-135.005,3.852,17.468645770475185,0.001699219184461947,17.501170027022493,1.027944951058518e-06,17.44968133152816,0.0016868293868514163,nan,nan
2000 EL94,50655,MBO,MBO,21163607131239500,745468900582883568,20.458605,2.216838,1.4188428,224.9852760062169,-38.28794500114597,2025070100126,75,60857.98743670322,i,224.9852674545558,-38.28794175025856,610.84521484375,494709.0,813.763,False,483664.0,0.168915,505715.0,827.393,False,-219.288,4.63842,17.164125471639665,0.0017859629635254952,17.188640591861663,3.7918293457482286e-07,17.140235411446543,0.001776357318835775,nan,nan
2000 EL94,50655,MBO,MBO,21163607131239500,745468900692983993,20.458735,2.2168374,1.4188458,224.985280823678,-38.28788938102864,2025070100127,29,60857.98789705879,i,224.98526822166355,-38.28789006685669,651.7403564453125,503732.0,771.065,False,479189.0,0.629144,508111.0,772.972,False,-123.557,5.71067,17.144501148357065,0.0016619416462971385,17.198732899825934,1.4255010712740818e-06,17.135103507569813,0.0016516935654410498,nan,nan
2000 EL94,50655,MBO,MBO,21163607131239500,745468900817764646,20.458862,2.216837,1.4188486,224.98528553333355,-38.28783496054704,2025070100128,11,60857.98834868114,i,224.98527538516294,-38.28783332997712,637.16064453125,499562.0,778.394,False,465146.0,0.283917,502895.0,779.408,False,-140.931,5.65776,17.15352651090272,0.0016917430223899095,17.231026773462077,6.627144524936607e-07,17.146306705753826,0.00168272006206873,nan,nan
2000 EL94,50655,MBO,MBO,21163607131239500,745468900963516742,20.458988,2.2168365,1.4188515,224.9852901563068,-38.287781498768766,2025070100129,33,60857.98879158037,i,224.98527999109137,-38.28778167259363,646.395751953125,500297.0,774.212,False,469084.0,0.30653,503096.0,772.463,False,-130.884,6.01407,17.15193025332192,0.0016801819149841488,17.221873450408783,7.094906616280832e-07,17.145872839088895,0.0016670596858648038,nan,nan
2000 EL94,50655,MBO,MBO,21163607131239500,745468901132337433,20.45911,2.216836,1.4188542,224.98529468237996,-38.28772911671925,2025070100130,99,60857.98922565791,i,224.98528329205163,-38.28772685394133,675.7788696289062,507214.0,749.952,False,470633.0,0.265599,510242.0,750.917,False,-130.375,6.47293,17.13702191917013,0.0016053383125437758,17.21829406022132,6.127289494859209e-07,17.130559489474813,0.001597864866447776,nan,nan
2000 EL94,50655,MBO,MBO,21163607131239500,745468901242438005,20.459238,2.2168355,1.4188572,224.98529938265523,-38.28767467615149,2025070100131,53,60857.98967619495,i,224.98528870658387,-38.28767341248293,679.02734375,500828.0,741.011,False,463472.0,0.18575,504698.0,742.344,False,-122.766,7.37971,17.150778497090098,0.0016064246727019588,17.234941245022053,4.3514061720794826e-07,17.142421040675615,0.0015969743308339506,nan,nan
2000 EL94,50655,MBO,MBO,21163607131239500,745468901624119399,20.459618,2.2168338,1.4188658,224.98531337143064,-38.2875124002604,2025070100134,13,60857.99102096536,i,224.9853018926531,-38.287509749130784,662.1427612304688,500015.0,753.75,False,464933.0,0.300504,501644.0,753.932,False,-134.977,6.35563,17.15254241756238,0.0016366982277260483,17.23152406845671,7.017528791961089e-07,17.149010944602338,0.0016317772678388076,nan,nan
2000 EL94,50655,MBO,MBO,21163607131239500,745468901759385612,20.45974,2.2168334,1.4188687,224.98531789332364,-38.28745986486063,2025070100135,15,60857.99145541865,i,224.9853048588219,-38.28745773551166,677.9840698242188,500762.0,734.894,False,475865.0,0.365376,503258.0,734.662,False,-99.7078,7.69753,17.150921586756763,0.001593373704163194,17.206290591259283,8.33643883898876e-07,17.145523281643523,0.0015849705675344584,nan,nan
2000 EL94,50655,MBO,MBO,21163607131239500,745468902059802962,20.460001,2.2168324,1.4188745,224.9853274686468,-38.2873484929218,2025070100137,76,60857.99237754175,i,224.98531435650733,-38.28734690679346,664.4351806640625,503561.0,754.033,False,476785.0,0.200818,506004.0,753.375,False,-121.415,6.91266,17.144869781699693,0.0016257830717992785,17.20419354067637,4.573033454948481e-07,17.139615125039526,0.001616521832356376,nan,nan
2000 EL94,50655,MBO,MBO,21163607131239500,745468902197166517,20.460129,2.216832,1.4188775,224.985332168826,-38.287293762785225,2025070100138,82,60857.992830541276,i,224.9853195508396,-38.28729182632895,685.2726440429688,512339.0,746.946,False,509425.0,2.3598,510977.0,743.845,False,-120.599,6.64922,17.126106459322788,0.0015829095534489722,17.132299364687235,5.0294359423200444e-06,17.128996619515892,0.0015805396630760933,nan,nan
2000 EL94,50655,MBO,MBO,21163607131239500,745468902489719076,20.460375,2.216831,1.4188831,224.98534120844224,-38.28718839076832,2025070100140,128,60857.99370280851,i,224.9853296670268,-38.287187341496036,671.41015625,508026.0,756.7,False,478231.0,0.174846,510962.0,757.402,False,-81.5229,6.46599,17.135285151536365,0.0016171940006891226,17.200905688427152,3.9695591758020337e-07,17.129028492344062,0.0016093931614671222,nan,nan
2000 EL94,50655,MBO,MBO,21163607131239500,745468902743998530,20.460638,2.21683,1.418889,224.98535087944677,-38.28707549804968,2025070100142,101,60857.99463611857,i,224.98533955283403,-38.287074358373765,657.974609375,518201.0,786.324,False,478940.0,0.230162,517335.0,777.935,False,-18.1269,6.45037,17.113754383170626,0.0016475082215254514,17.199297225341745,5.217672581125618e-07,17.11557034663788,0.0016326600593383246,nan,nan
2000 EL94,50655,MBO,MBO,21163607131239500,745468903003521229,20.4609,2.216829,1.418895,224.98536041504252,-38.2869640267198,2025070100144,84,60857.99555819202,i,224.98534928029787,-38.286964544753076,649.8416748046875,511476.0,786.784,False,469651.0,0.00367011,517579.0,791.975,False,140.75,6.72279,17.127936849708988,0.0016701465374981575,17.220561871522385,8.48453680623207e-09,17.115058382090353,0.0016613423347084948,26.02887899119154,0.05185915626423531
2000 EL94,50655,MBO,MBO,21163607131239500,745468903249936422,20.461153,2.2168279,1.4189007,224.9853697127565,-38.2868551873437,2025070100146,42,60857.99645835719,i,224.98536159452843,-38.28685209568652,601.8095703125,508886.0,845.107,False,489626.0,0.383777,521222.0,861.293,False,1066.86,5.21036,17.13344874217411,0.0018030821460266887,17.17533882112723,8.510180737439752e-07,17.107443154132326,0.0017941242413857552,23.8297314340518,0.00530254824813294
2000 EL94,50655,MBO,MBO,21163607131239500,745468903402504434,20.461277,2.2168274,1.4189036,224.9853741927661,-38.28680269269839,2025070100147,77,60857.99689267989,i,224.98536292969416,-38.286802035504415,604.0056762695312,513586.0,849.467,False,486107.0,0.492987,518136.0,851.524,False,953.885,5.78008,17.12346705836444,0.001795798668404793,17.183170312467496,1.1011029297451002e-06,17.11389057989698,0.0017843392887322176,23.951259940163858,0.006579034040984316
2000 EL94,50655,MBO,MBO,21163607131239500,745468903653638251,20.461546,2.2168264,1.4189098,224.9853840738655,-38.28668679463727,2025070100149,44,60857.997850779706,i,224.98537467679387,-38.28668516273788,593.1954345703125,516115.0,873.349,False,491288.0,0.554061,522244.0,879.542,False,2057.08,6.31742,17.11813379680021,0.0018372390409676493,17.17165960908809,1.2244632120959598e-06,17.10531635219326,0.0018285525243431433,23.116872004342564,0.003334362961314807
2000 EL94,50655,MBO,MBO,21163607131239500,745468903926792335,20.461802,2.2168255,1.4189155,224.98539335733807,-38.28657776383974,2025070100151,53,60857.99875198631,i,224.98538226241033,-38.28657695036969,612.85302734375,506534.0,828.648,False,478882.0,0.064312,516958.0,837.165,False,4210.46,5.74373,17.138478495617072,0.001776175233515325,17.199428716787867,1.4581018008179847e-07,17.116361848789246,0.0017582479156910832,22.33917614545501,0.0014811150665879846
2000 EL94,50655,MBO,MBO,21163607131239500,745468904188936437,20.462057,2.2168245,1.4189214,224.9854026934809,-38.28646797883793,2025070100153,41,60857.99965874292,i,224.9853910160337,-38.286469000004274,603.3884887695312,508876.0,838.87,False,484403.0,0.208539,523558.0,844.679,False,7758.71,6.21168,17.133470077932465,0.0017898103364749087,17.18698293963062,4.6741728705080085e-07,17.10258799993577,0.0017516656973891427,21.675526206977143,0.0008692483456977381
2000 EL94,50655,MBO,MBO,21163607131239500,745468904353562756,20.46256,2.2168226,1.4189328,224.98542099038255,-38.28625244221847,2025070100154,99,60858.00143806799,g,224.98541181239648,-38.286252569119,462.3055725097656,225145.0,486.903,False,218030.0,0.0455274,231981.0,496.176,False,2503.28,2.92565,18.0188442334173,0.0023480345188204538,18.053709363029085,2.2671533712595002e-07,17.986368959465242,0.002322242949058548,22.903726413358672,0.0012689287500664713
2000 EL94,50655,MBO,MBO,21163607131239500,745468904574812241,20.462812,2.2168217,1.4189386,224.9854301679025,-38.28614414847308,2025070100156,9,60858.00233284449,g,224.98541678618477,-38.28614268795353,437.7129211425781,222194.0,510.369,False,216389.0,0.183355,227468.0,518.238,False,1991.54,3.48179,18.033169181693022,0.0024938841197226667,18.061912050234405,9.199874565113329e-07,18.00769922719754,0.002473621490954141,23.152027394654198,0.001898182038834734
2000 EL94,50655,MBO,MBO,21163607131239500,745468904887812138,20.463072,2.2168205,1.4189445,224.98543955311965,-38.28603328234463,2025070100158,94,60858.00324718601,g,224.98543054509386,-38.28603053277943,480.8497009277344,220356.0,457.538,False,205260.0,0.0821818,223600.0,460.439,False,1345.43,3.47799,18.042187799333814,0.0022543773056143772,18.119239188578234,4.3470599121985277e-07,18.026320501964037,0.0022357570990440712,23.57784718859483,0.002806671039391811
2000 EL94,50655,MBO,MBO,21163607131239500,745468904975368262,20.463205,2.21682,1.4189476,224.9854443812021,-38.28597620228943,2025070100159,5,60858.003718579464,g,224.9854336031394,-38.28597558406781,466.9422607421875,221856.0,472.836,False,207105.0,0.202289,225243.0,477.238,False,859.394,3.77655,18.034822053703305,0.0023140017061633713,18.10952354023381,1.060488598976475e-06,18.01837174236627,0.0023004247947475067,24.064519229673643,0.004771195993345048
2000 EL94,50655,MBO,MBO,21163607131239500,745468905153626280,20.463343,2.2168195,1.4189507,224.9854493609753,-38.28591729637962,2025070100160,89,60858.00420422017,g,224.9854344799928,-38.28591704662998,497.1116027832031,222102.0,446.07,False,208098.0,0.177021,225073.0,450.971,False,675.576,4.47985,18.03361882666964,0.002180594307159,18.104330234275565,9.235941971470692e-07,18.019191500774046,0.0021754521911043845,24.325814486156244,0.0071996862192863845
2000 EL94,50655,MBO,MBO,21163607131239500,745468905391128822,20.46361,2.2168186,1.4189568,224.98545902781137,-38.28580285500201,2025070100162,30,60858.0051481855,g,224.98544905379893,-38.285799710141,394.67578125,216708.0,547.009,False,201639.0,0.0801017,219043.0,550.222,False,314.328,4.14404,18.060312639885446,0.002740588466555437,18.138563662625963,4.3131196977184576e-07,18.0486765527444,0.002727299797847655,25.156542316815734,0.014314137897333636
2000 EL94,50655,MBO,MBO,21163607131239500,745468905552085216,20.463732,2.216818,1.4189595,224.98546346961336,-38.28575023069323,2025070100163,81,60858.0055823245,g,224.9854551063268,-38.285748939208645,496.04412841796875,220228.0,442.627,False,205292.0,0.0394281,223179.0,447.548,False,217.387,3.66913,18.042818663087914,0.0021821756292463757,18.119069935676663,2.085250065460337e-07,18.02836668174192,0.0021772616217176377,25.55691610991625,0.01832541732537273
2000 EL94,50655,MBO,MBO,21163607131239500,745468905687875819,20.463856,2.2168176,1.4189624,224.98546792013315,-38.28569747855268,2025070100164,84,60858.00601772373,g,224.9854571476575,-38.28569851498638,455.48779296875,218991.0,481.743,False,205168.0,0.0339519,221195.0,485.418,False,122.676,4.99082,18.048934333112648,0.0023884352733545867,18.119725937691406,1.7967133289231168e-07,18.038061735653336,0.0023826754503766573,26.17810096074688,0.044170936287561205
2000 EL94,50655,MBO,MBO,21163607131239500,745468906052780038,20.464245,2.216816,1.4189713,224.985482049813,-38.28552984097617,2025070100167,12,60858.007399190305,g,224.9854726486846,-38.28552964101201,436.73089599609375,214784.0,487.932,False,202575.0,0.187292,217787.0,494.197,False,34.0451,4.35588,18.069995184648626,0.0024665033023040283,18.13353538105212,1.0038242601370956e-06,18.05492011857601,0.0024637263260671094,27.56986342742014,0.13891385904931064
2000 EL94,50655,MBO,MBO,21163607131239500,745468906209018035,20.464369,2.2168155,1.418974,224.9854865046028,-38.28547694009105,2025070100168,54,60858.00783545988,g,224.98547369575522,-38.28547455925004,440.04632568359375,213480.0,483.709,False,205170.0,0.151054,218352.0,493.754,False,68.5421,2.67185,18.076607014671126,0.0024600917652087377,18.11971535386827,7.993604870585149e-07,18.052107064486144,0.0024551485292486196,26.810106500212733,0.042323247816830355
2000 EL94,50655,MBO,MBO,21163607131239500,745468906498949247,20.464626,2.2168145,1.41898,224.98549582882623,-38.28536614232925,2025070100170,95,60858.00874883383,g,224.9854828990293,-38.28536641991047,458.66680908203125,209843.0,458.284,False,203568.0,0.111317,212615.0,463.26,False,-9.25416,3.64921,18.095263783811454,0.0023711800114865024,18.12822622541176,5.937126586607104e-07,18.081015248080405,0.0023656758216454325,nan,nan
2000 EL94,50655,MBO,MBO,21163607131239500,745468906603806966,20.46475,2.216814,1.4189827,224.98550027962384,-38.285313220982886,2025070100171,39,60858.0091840213,g,224.98549021583872,-38.28531147609495,442.28643798828125,210718.0,474.229,False,203314.0,0.230945,212945.0,478.972,False,-1.53586,3.03489,18.090745911017965,0.002443491295890242,18.129581788114614,1.2332911375326216e-06,18.07933138202445,0.0024421199137379473,nan,nan
2000 EL94,50655,MBO,MBO,21163607131239500,745468906871193623,20.465002,2.216813,1.4189886,224.9855093816497,-38.28520493005098,2025070100173,37,60858.01007654422,g,224.98550024807912,-38.28520364043033,416.5497741699219,207560.0,498.6,False,197670.0,0.0533205,209249.0,501.91,False,-5.82943,3.00281,18.107140844942776,0.0026081522370360916,18.160148094332,2.9287195017556784e-07,18.098341522052642,0.0026042746321666413,nan,nan
2000 EL94,50655,MBO,MBO,21163607131239500,745473290984226878,20.725214,2.2157657,1.425288,225.01150560385724,-38.16780775865308,2025070200069,85,60858.97067785703,i,225.01149210397796,-38.16780714010474,660.921142578125,488616.0,730.946,False,433432.0,1.59964,497695.0,737.525,False,1942.41,13.5977,17.1775807897944,0.0016242090280063747,17.307697570390125,4.007057797710637e-06,17.157591805731446,0.0016089324203005272,23.179147717757957,0.007600617305757098
2000 EL94,50655,MBO,MBO,21163607131239500,745473291226448328,20.725456,2.2157648,1.4252936,225.01152360771212,-38.1677038581871,2025070200071,35,60858.97154963976,i,225.01151220439417,-38.1677032998078,654.1700439453125,482959.0,736.651,False,450218.0,2.38584,488291.0,738.291,False,1293.54,9.29241,17.19022434097601,0.001656059131378792,17.26644286405175,5.753641126427035e-06,17.178303200995394,0.001641622076408765,23.62055030995695,0.007799608477349931
2000 EL94,50655,MBO,MBO,21163607131239500,745473291482300623,20.725702,2.2157636,1.4252994,225.01154190415508,-38.16759814555035,2025070200073,11,60858.9724367124,i,225.01153060629704,-38.167597123405685,629.8290405273438,480966.0,762.374,False,437777.0,2.20745,485838.0,763.855,False,677.686,10.1098,17.194714058204113,0.001720988757652758,17.29686764800904,5.4747240964265374e-06,17.183771299244604,0.0017070402222134449,24.322428756848907,0.016197142437376463
2000 EL94,50655,MBO,MBO,21163607131239500,745473291796873378,20.725945,2.2157629,1.4253051,225.0115598746595,-38.16749419604944,2025070200075,99,60858.9733089755,i,225.01154944251772,-38.16749318576594,670.1436157226562,486626.0,729.91,False,463653.0,1.51749,489726.0,729.689,False,714.485,10.9086,17.18201172703092,0.0016285395438325357,17.234517314579968,3.5535063187524056e-06,17.17511709569888,0.0016177409278074273,24.26501723330387,0.016576781943644855
2000 EL94,50655,MBO,MBO,21163607131239500,745473291906973825,20.72607,2.2157621,1.4253081,225.01156920387749,-38.16744018514527,2025070200076,53,60858.97376168928,i,225.0115585398448,-38.1674386416438,576.3549194335938,485949.0,837.362,False,453434.0,1.23008,484460.0,832.419,False,281.095,13.4371,17.183523268103514,0.001870884062645529,17.25871479533425,2.9453953607029763e-06,17.186855187897418,0.0018655563983000403,25.277867193715014,0.05190112360323886
2000 EL94,50655,MBO,MBO,21163607131239500,745473292016549927,20.72619,2.2157617,1.425311,225.01157819950316,-38.167388075676456,2025070200077,6,60858.97419810419,i,225.0115680808118,-38.167387374532424,650.6683959960938,482044.0,735.754,False,477402.0,1.38756,489089.0,741.225,False,350.144,11.9814,17.192283296077854,0.0016571823035739504,17.202789414793916,3.155672031294738e-06,17.176530261741632,0.001645456740725334,25.03938323948767,0.03715225392256487
2000 EL94,50655,MBO,MBO,21163607131239500,745473292722766250,20.726818,2.2157593,1.4253258,225.0116246178669,-38.16711872537426,2025070200082,73,60858.97645685562,i,225.01161458822415,-38.16711808176964,664.8155517578125,476011.0,719.7,False,459027.0,2.04262,477261.0,716.59,False,180.887,11.4061,17.205957527946126,0.0016415678625452805,17.245404421199634,4.831407358059357e-06,17.203110132798038,0.0016301934080630571,25.756481649380646,0.06846272243408157
2000 EL94,50655,MBO,MBO,21163607131239500,745473292861702254,20.726942,2.2157588,1.4253287,225.0116338769462,-38.167064907087386,2025070200083,82,60858.976907764765,i,225.01162353357586,-38.167064596797765,662.148193359375,484035.0,735.912,False,451381.0,2.61574,488290.0,740.478,False,230.772,19.9319,17.187808084745914,0.0016507200680368238,17.263641814124934,6.291810435648827e-06,17.17830542454102,0.0016464883637080207,25.49204220027942,0.09377561050949908
2000 EL94,50655,MBO,MBO,21163607131239500,745473297146184076,20.732258,2.215738,1.4254543,225.01202379709537,-38.16477389754028,2025070200115,62,60858.996054181785,i,225.01201261563875,-38.164773900670305,684.8199462890625,506248.0,739.451,False,472898.0,0.37617,504946.0,733.199,False,142.207,9.03373,17.139091698779875,0.001585880260566515,17.213081306792688,8.636564297633492e-07,17.141887659435902,0.0015765263454407697,26.017697557809207,0.0689716201692673
2000 EL94,50655,MBO,MBO,21163607131239500,745473297424580898,20.73252,2.215737,1.4254605,225.01204272810003,-38.164661587106856,2025070200117,81,60858.99699046508,i,225.01203241943674,-38.16466040679748,678.0427856445312,499782.0,730.678,False,462550.0,0.0609116,501976.0,730.614,False,16.7988,8.3622,17.153048473372287,0.001587339150457393,17.23710328676961,1.429768217869408e-07,17.148292616085314,0.001580262973423442,28.336804382402505,0.5404638020826323
2000 EL94,50655,MBO,MBO,21163607131239500,745473297670996114,20.73277,2.215736,1.4254664,225.01206110402373,-38.16455248798047,2025070200119,39,60858.99789949492,i,225.01204964801906,-38.1645526125699,669.291259765625,498882.0,746.271,False,457297.0,0.615353,500769.0,746.272,False,-44.5513,9.57839,17.155005413542,0.001624138451617611,17.249504119267073,1.4610002209540857e-06,17.15090640968599,0.0016180204831152875,nan,nan
2000 EL94,50655,MBO,MBO,21163607131239500,745473297823564144,20.732893,2.2157354,1.4254693,225.01206991496213,-38.164500148814426,2025070200120,74,60858.99833593835,i,225.01205943453624,-38.164498917224996,673.5504760742188,500802.0,740.171,False,471162.0,0.898689,504297.0,738.436,False,-64.9406,7.39774,17.15083486349552,0.0016046870313579096,17.217074358454546,2.0709207315387395e-06,17.143284038492315,0.0015898303420387363,nan,nan
2000 EL94,50655,MBO,MBO,21163607131239500,745473298078368191,20.733152,2.2157345,1.4254755,225.0120888843392,-38.16438740558424,2025070200122,48,60858.999274500005,i,225.01207594861967,-38.16438712583394,665.83544921875,506222.0,759.451,False,446331.0,0.00707426,510237.0,760.29,False,-108.465,10.129,17.139147461698936,0.0016288573674127942,17.27585737027608,1.7208709163951554e-08,17.130570128951028,0.0016178253542158834,nan,nan
2000 EL94,50655,MBO,MBO,21163607131239500,745473298347852218,20.733406,2.2157335,1.4254814,225.0121071991644,-38.16427847594509,2025070200124,50,60859.00018116528,i,225.01209525714205,-38.16427769613904,671.1031494140625,501697.0,751.203,False,487197.0,0.706089,503725.0,749.926,False,-162.08,6.38793,17.14889623979329,0.00162569897249493,17.180738486526298,1.573545018857506e-06,17.14451623615423,0.0016164014822710124,nan,nan
2000 EL94,50655,MBO,MBO,21163607131239500,745473298611568674,20.73366,2.2157326,1.4254874,225.012125687991,-38.1641684369303,2025070200126,41,60859.00109709517,i,225.01211453301016,-38.164167330880296,658.678955078125,505956.0,771.882,False,464525.0,0.710765,508830.0,773.972,False,-169.618,7.88186,17.139718123849494,0.0016563895948990724,17.23247726999996,1.6612739854462617e-06,17.133568227821435,0.001651493436775692,nan,nan
2000 EL94,50655,MBO,MBO,21163607131239500,745473298776195159,20.73511,2.2157269,1.4255217,225.01223083843863,-38.16354129111536,2025070200127,99,60859.006313071804,g,225.01222201451296,-38.16354185766894,490.5165100097656,215816.0,439.554,False,207084.0,0.285666,217964.0,442.304,False,-12.2481,4.09688,18.064790902676272,0.0022113266676566526,18.109633637123487,1.4977395966891671e-06,18.054038076681387,0.002203232876392767,nan,nan
2000 EL94,50655,MBO,MBO,21163607131239500,745473298871091336,20.736725,2.2157207,1.42556,225.01234780002184,-38.16284138041849,2025070200128,24,60859.01212558239,g,225.01233666550405,-38.16284160683873,421.0494079589844,199944.0,472.285,False,205627.0,0.918741,205125.0,484.729,False,-31.4762,3.59788,18.147729059546187,0.0025646027259646595,18.117299651464087,4.8510669961897305e-06,18.119953514847126,0.002565693255514249,nan,nan
2000 EL94,50655,MBO,MBO,21163607131239500,745473299308347584,20.737104,2.215719,1.425569,225.01237526778323,-38.16267670981191,2025070200131,90,60859.013491481164,g,225.0123657012703,-38.1626758186779,449.6685791015625,198045.0,437.612,False,190763.0,0.158486,200949.0,442.481,False,-19.8727,9.43964,18.158090294154277,0.0023991072307125647,18.19876464082607,9.020301701786162e-07,18.142285376710003,0.0023907440599301006,nan,nan
2000 EL94,50655,MBO,MBO,21163607131239500,745473299954270534,20.737772,2.2157164,1.4255849,225.01242357427628,-38.16238687169281,2025070200136,42,60859.01589429082,g,225.0124127880361,-38.16238681736431,460.5912780761719,198816.0,431.87,False,188161.0,1.15782,203294.0,441.387,False,7.89262,7.34234,18.153871670167447,0.0023584464502225525,18.213675968743523,6.680911973073988e-06,18.12968859724829,0.0023573240678653766,29.1569470039247,1.0100377656578006
2000 EL94,50655,MBO,MBO,21163607131239500,745473300110508051,20.737892,2.215716,1.4255878,225.01243231745931,-38.1623343826361,2025070200137,84,60859.01632953306,g,225.01242045764428,-38.162336033786836,453.2814025878906,197307.0,434.927,False,202020.0,3.86718,200355.0,440.296,False,6.55314,4.98836,18.162143766754905,0.0023933058251730424,18.13651408307067,2.078377118447628e-05,18.145499537429163,0.0023859913510629652,29.358876357330168,0.8264805637101905
2000 EL94,50655,MBO,MBO,21163607131239500,745473300474364057,20.738293,2.2157145,1.4255972,225.01246127828296,-38.1621604578455,2025070200140,10,60859.01777016971,g,225.01245095745668,-38.16215871165301,407.6778259277344,199012.0,486.282,False,181463.0,0.25587,203024.0,494.176,False,4.30643,4.42814,18.152801839419734,0.00265297563549447,18.25302978378633,1.530931034853665e-06,18.131131549903266,0.002642765235420614,29.814706553907474,1.1164217804880003
2000 EL94,50655,MBO,MBO,21163607131239500,745473300892221472,20.739244,2.2157106,1.4256198,225.0125301060465,-38.16174677836461,2025070200143,39,60859.02119566854,g,225.01252177575557,-38.16174489371323,454.09844970703125,203370.0,447.422,False,197897.0,0.279896,206644.0,454.936,False,28.0978,11.4124,18.129282778427235,0.002388662344615351,18.158901973469874,1.5356130264216788e-06,18.11194300032927,0.0023902967958625383,27.778319234827652,0.4409902710567327
2000 EL94,50655,MBO,MBO,21163607131239500,745473301143879760,20.739496,2.2157097,1.4256258,225.01254829278355,-38.16163740172155,2025070200145,7,60859.022100203365,g,225.0125369254641,-38.16163620633161,402.79888916015625,202541.0,500.802,False,190566.0,0.9204,205214.0,506.886,False,17.3949,6.96879,18.13371762530339,0.0026845866512748492,18.199886454542657,5.243913543502908e-06,18.119482535857856,0.0026818076107915615,28.298945198395383,0.43497047641043507
2000 EL94,50655,MBO,MBO,21163607131239500,745473301581135972,20.739874,2.2157083,1.4256347,225.01257552409788,-38.16147358524938,2025070200148,73,60859.02345569846,g,225.01256662733522,-38.16147022821947,420.50164794921875,206135.0,488.054,False,208560.0,2.49403,209006.0,494.784,False,6.12564,10.3889,18.114620655967407,0.002570635176160077,18.10192245459932,1.2983595442211143e-05,18.09960311570934,0.002570284578548146,29.43212133996394,1.8413757255658942
2000 EL94,50655,MBO,MBO,21163607131239500,745473301882601496,20.74013,2.2157073,1.4256408,225.0125939946793,-38.16136244348754,2025070200150,136,60859.02437459503,g,225.01258235334305,-38.16136059563715,439.9246520996094,205810.0,465.075,False,212568.0,2.57695,208731.0,470.451,False,-6.97583,8.42551,18.116333818354413,0.002453470573254472,18.081255284026486,1.316231978648318e-05,18.101032615607316,0.002447100196287759,nan,nan
2000 EL94,50655,MBO,MBO,21163607131239500,745477693058842994,20.994888,2.2146702,1.4320486,225.0481077240534,-38.04540493960669,2025070300099,88,60859.982144298454,i,225.04809497759402,-38.045401949503464,580.195556640625,460063.0,801.336,False,446497.0,2.41112,463249.0,804.36,False,834.479,8.68192,17.242956732323627,0.0018911312272137217,17.27545363694319,5.863063381363482e-06,17.235463773762277,0.0018852123971231669,24.09646146502436,0.011296000118259686
2000 EL94,50655,MBO,MBO,21163607131239500,745477693209837838,20.995012,2.2146697,1.4320517,225.0481215081342,-38.04535091812005,2025070300100,120,60859.98260033729,i,225.0481126248984,-38.04535181385372,547.9268188476562,473637.0,856.583,False,492028.0,11.5844,482340.0,868.352,False,1069.92,8.23943,17.211385945885077,0.0019635779805265356,17.170025454974468,2.556277830240861e-05,17.19161680238509,0.001954640282251304,23.8266216907655,0.008361230329689405
2000 EL94,50655,MBO,MBO,21163607131239500,745477693322559741,20.995136,2.2146692,1.4320548,225.0481352586837,-38.045297008335176,2025070300101,79,60859.98305543576,i,225.04812408139776,-38.045295526467186,569.2282104492188,466000.0,812.579,False,424079.0,1.40066,474046.0,822.078,False,957.475,10.4665,17.229035208275,0.0018932326550645524,17.33138308217263,3.5860000467092232e-06,17.21044878412251,0.0018828549358417142,23.94718141965673,0.011868569501397764
2000 EL94,50655,MBO,MBO,21163607131239500,745477693432660095,20.995262,2.2146688,1.4320577,225.0481491570284,-38.0452424992508,2025070300102,33,60859.98351551601,i,225.04813808243213,-38.04524216812589,566.9599609375,465772.0,821.552,False,410670.0,0.334418,471102.0,827.994,False,793.269,10.4622,17.229566556844446,0.0019150759440499411,17.366267554470035,8.841398904469958e-07,17.217212630048017,0.0019082557137689899,24.151448817449953,0.01431946761949053
2000 EL94,50655,MBO,MBO,21163607131239500,745477693723115766,20.99551,2.2146678,1.4320639,225.0481767325645,-38.04513428988988,2025070300104,75,60859.98442810026,i,225.04816654520218,-38.045132598326376,556.4078369140625,470225.0,840.897,False,417539.0,0.359523,472314.0,840.762,False,931.006,9.08672,17.21923571220134,0.0019416072894558932,17.34825738312309,9.348758696392673e-07,17.214422952950933,0.0019327095300201587,23.977618821981796,0.010596904412798095
2000 EL94,50655,MBO,MBO,21163607131239500,745477693845798970,20.995636,2.2146673,1.4320669,225.04819053068448,-38.045080115658905,2025070300105,53,60859.98488524995,i,225.04818058222938,-38.04508019991556,603.4244384765625,468565.0,780.659,False,422887.0,0.349416,471900.0,782.531,False,630.683,10.9589,17.223075386629727,0.001808905351785268,17.334439163315317,8.971039270533542e-07,17.215375056642625,0.0018004285747135395,24.400472216617924,0.018866015570283303
2000 EL94,50655,MBO,MBO,21163607131239500,745477693977919723,20.99576,2.2146666,1.43207,225.0482043256933,-38.045025934544014,2025070300106,49,60859.9853425843,i,225.04819422865512,-38.045025001202106,597.8112182617188,471676.0,785.63,False,405681.0,0.0435348,476462.0,790.195,False,553.071,11.1653,17.215890552828274,0.0018084170910658494,17.379538329817223,1.1651348959490326e-07,17.20492932648542,0.0018006542563121918,24.543047813999024,0.021918652760837643
2000 EL94,50655,MBO,MBO,21163607131239500,745477694101127380,20.995886,2.2146661,1.4320731,225.0482182081689,-38.0449713907652,2025070300107,28,60859.985802010786,i,225.04820505319833,-38.04496775589188,562.2229614257812,469494.0,831.248,False,454829.0,1.40996,476782.0,840.159,False,801.081,7.40283,17.220924883806397,0.0019223164371825652,17.25537963096751,3.3657586773747227e-06,17.204200372306694,0.0019132245771492481,24.14080893039482,0.010033343378362534
2000 EL94,50655,MBO,MBO,21163607131239500,745477694222238065,20.99601,2.2146657,1.4320761,225.04823202722545,-38.044917077246886,2025070300108,3,60859.9862603468,i,225.04822168018964,-38.04491667518863,564.8742065429688,463942.0,820.495,False,461511.0,2.34389,472476.0,828.377,False,739.438,7.80586,17.23384077412141,0.0019201562307822424,17.23954485803413,5.514161483769432e-06,17.214050617793077,0.0019035864582817312,24.22774560378405,0.011461549165461209
2000 EL94,50655,MBO,MBO,21163607131239500,745477694355931388,20.996136,2.2146652,1.4320792,225.04824581312832,-38.04486287537748,2025070300109,2,60859.98671783897,i,225.04823745268618,-38.04486105316031,572.8001098632812,470945.0,823.935,False,437698.0,0.81762,477946.0,833.431,False,521.463,7.90376,17.217574524063334,0.0018995340373433548,17.297063594576123,2.0281555166990854e-06,17.201552921789848,0.0018932813408559536,24.606941226492474,0.01645638929208483
2000 EL94,50655,MBO,MBO,21163607131239500,745477694491721850,20.99626,2.2146647,1.4320823,225.04825965640305,-38.04480842934145,2025070300110,5,60859.98717632402,i,225.04824757356351,-38.044808709435685,582.0077514648438,473279.0,811.701,False,441046.0,0.317294,478175.0,811.116,False,455.785,7.65753,17.212206913277797,0.0018621006867937343,17.28879028084102,7.810921878153581e-07,17.20103283365112,0.001841706567003375,24.75309992043154,0.018241182376905196
2000 EL94,50655,MBO,MBO,21163607131239500,745477694797381749,20.996515,2.2146637,1.4320885,225.04828793710297,-38.04469714316275,2025070300112,76,60859.988114707696,i,225.04827676908266,-38.044696751360846,584.5990600585938,478404.0,819.047,False,449629.0,0.0371352,484162.0,827.429,False,310.169,7.46447,17.200512994525152,0.0018588242951933173,17.267864213938857,8.967177320165004e-08,17.187523249120943,0.0018555145584775077,25.171004003126463,0.026129126587103944
2000 EL94,50655,MBO,MBO,21163607131239500,745477694934745105,20.996641,2.2146633,1.4320916,225.04830168119065,-38.04464303191131,2025070300113,82,60859.98857080155,i,225.04828742963352,-38.0446426685459,602.4089965820312,480854.0,797.782,False,443857.0,0.336799,486538.0,804.721,False,175.867,8.4367,17.194966917274385,0.0018013384141946271,17.28189231634667,8.238573761228961e-07,17.18220808609533,0.0017957790212514242,25.78703908460755,0.0520849861864974
2000 EL94,50655,MBO,MBO,21163607131239500,745477695069487172,20.996765,2.2146628,1.4320947,225.04831548279884,-38.04458867631816,2025070300114,83,60859.98902848174,i,225.0483019574072,-38.04458551902293,607.2612915039062,482513.0,795.721,False,441988.0,0.597416,488612.0,803.518,False,112.32,9.16011,17.191227453198355,0.0017905074217664646,17.28647380402845,1.4675424735042882e-06,17.177589678088268,0.001785483347945678,26.27385726598564,0.08854579422924959
2000 EL94,50655,MBO,MBO,21163607131239500,745477695206850879,20.99689,2.2146623,1.4320977,225.0483291310317,-38.04453490729575,2025070300115,89,60859.98948136102,i,225.04831930659142,-38.04453390339801,608.9716796875,475888.0,783.048,False,431286.0,0.820493,481099.0,788.661,False,75.2889,10.442,17.206238115600758,0.001786520221219349,17.313086598209367,2.065541049896933e-06,17.194413864524577,0.0017798370244875442,26.708172587140204,0.15058338651254644
2000 EL94,50655,MBO,MBO,21163607131239500,745477695461130369,20.997145,2.2146611,1.432104,225.0483573832804,-38.04442354924407,2025070300117,62,60859.99041966231,i,225.04834708400264,-38.044422426209124,623.5872192382812,481823.0,773.551,False,457162.0,0.489257,486486.0,780.047,False,31.7453,9.57652,17.19278118158583,0.001743113870642075,17.2498246899842,1.1619601953805952e-06,17.18232413314597,0.0017409036768418758,27.645801400961986,0.3275311415187492
2000 EL94,50655,MBO,MBO,21163607131239500,745477695719080412,20.997398,2.2146602,1.4321102,225.04838532354887,-38.04431334956504,2025070300119,42,60859.99134740156,i,225.0483742487628,-38.04431253417152,622.3217163085938,488449.0,783.677,False,424998.0,0.0305085,489853.0,783.432,False,-6.06395,8.50657,17.177951937973816,0.0017419761200387657,17.329032784233085,7.793961985814566e-08,17.174835569658043,0.001736440307169897,nan,nan
2000 EL94,50655,MBO,MBO,21163607131239500,745477695984369761,20.997648,2.2146592,1.4321163,225.04841286229308,-38.04420466538637,2025070300121,36,60859.9922627722,i,225.04839715714928,-38.04420205435625,626.6979370117188,485378.0,776.067,False,440086.0,0.252246,486814.0,775.336,False,-34.5601,8.60609,17.18479978043012,0.0017359749664033902,17.291156117444352,6.223161074831349e-07,17.181592351601445,0.001729223819491459,nan,nan
2000 EL94,50655,MBO,MBO,21163607131239500,745477696118063291,20.997772,2.2146587,1.4321194,225.0484265226999,-38.04415072861877,2025070300122,35,60859.99271660465,i,225.048416611701,-38.04414989334151,623.9906616210938,483453.0,773.289,False,442695.0,0.422149,489413.0,780.974,False,-39.0857,10.098,17.189114351174833,0.001736648372502897,17.284738457785387,1.0353459060375057e-06,17.175811247282393,0.001732548472791867,nan,nan
2000 EL94,50655,MBO,MBO,21163607131239500,745477696393838597,20.998032,2.2146578,1.4321257,225.04845506959165,-38.04403796193389,2025070300124,49,60859.99366581381,i,225.0484442394221,-38.04403804911293,603.5914306640625,492606.0,811.478,False,460407.0,0.92264,497447.0,817.391,False,-57.4089,7.12129,17.16875075676491,0.0017885512430884248,17.24214520501296,2.1757785606429197e-06,17.15813295982675,0.0017840513514019558,nan,nan
2000 EL94,50655,MBO,MBO,21163607131239500,745477697065451787,20.999098,2.2146535,1.4321519,225.04857255634985,-38.04357314825085,2025070300129,50,60859.99757415128,g,225.04856137369197,-38.04357046155011,451.9098815917969,220828.0,488.593,False,218544.0,2.97492,224617.0,495.714,False,89.3876,3.80174,18.03986465214731,0.0024022456185019835,18.051152780790556,1.4779533584164671e-05,18.021393443797308,0.002396143770695403,26.521806762070945,0.04617739497045333
2000 EL94,50655,MBO,MBO,21163607131239500,745477697177649181,20.999224,2.214653,1.432155,225.0485864621729,-38.04351805943276,2025070300130,8,60859.99803708698,g,225.04857579370287,-38.04351625878434,435.8113098144531,219359.0,503.234,False,215361.0,3.47718,223878.0,512.486,False,90.8334,4.90209,18.047111355960983,0.002490799934389999,18.067082352157733,1.753010164762407e-05,18.024971453725886,0.00248539217586575,26.504386110312733,0.05859493150983165
2000 EL94,50655,MBO,MBO,21163607131239500,745477697891205204,20.999876,2.2146504,1.432171,225.04865809408628,-38.04323405252778,2025070300135,89,60860.000423267935,g,225.0486525538638,-38.04323220092777,421.63287353515625,220226.0,522.122,False,218222.0,0.80261,228633.0,542.046,False,168.663,2.65758,18.042828523243163,0.0025741137230548255,18.052753670609228,3.993285341082339e-06,18.00215271259068,0.002574077185316203,25.832450484064196,0.017107669193986475
2000 EL94,50655,MBO,MBO,21163607131239500,745477698285994183,21.000257,2.214649,1.4321804,225.0487001031576,-38.04306731981584,2025070300138,74,60860.00182361258,g,225.04868901752084,-38.043065582437094,401.471435546875,219127.0,547.238,False,212533.0,0.142648,228144.0,569.309,False,191.841,2.8067,18.04826026754771,0.0027114690715536755,18.081434068678853,7.287249245290994e-07,18.004477370824134,0.0027093389078427003,25.692646406691214,0.015884694836219654
2000 EL94,50655,MBO,MBO,21163607131239500,745477698421784791,21.000385,2.2146485,1.4321836,225.048714142939,-38.0430115686015,2025070300139,77,60860.00229121951,g,225.0487032869351,-38.04301101348189,416.4989929199219,220133.0,530.229,False,212320.0,0.190973,227291.0,546.421,False,176.06,2.76835,18.043287119381965,0.002615186393470562,18.082522736199095,9.765745048106105e-07,18.008544401533605,0.0026101741160284232,25.785848271255144,0.01707200806704193
2000 EL94,50655,MBO,MBO,21163607131239500,745477698785116194,21.000772,2.2146468,1.4321932,225.0487567630087,-38.04284224398521,2025070300142,2,60860.003712110105,g,225.04875021616527,-38.04283997674143,388.5859375,216437.0,555.515,False,206201.0,0.00756675,224263.0,575.402,False,167.922,2.71734,18.061671235967044,0.0027866897235248648,18.11427308219201,3.984216604767383e-08,18.023105931304727,0.0027857237230554488,25.837231023494773,0.01756955289951832
2000 EL94,50655,MBO,MBO,21163607131239500,745477698930868331,21.000898,2.2146463,1.4321961,225.0487704969719,-38.04278765463279,2025070300143,24,60860.004170322354,g,225.04875937616248,-38.042786751499804,406.1678466796875,217580.0,535.016,False,221564.0,1.22894,224913.0,549.925,False,189.627,2.53692,18.055952568951533,0.0026697593151129334,18.03625200732568,6.022208763200197e-06,18.019963603906508,0.002654686341598745,25.70524957046019,0.014525494709289712
2000 EL94,50655,MBO,MBO,21163607131239500,745477699234955352,21.001154,2.2146454,1.4322025,225.04879871053984,-38.0426754736263,2025070300145,92,60860.005111814564,g,225.04878938282837,-38.04267384230582,430.9817199707031,214249.0,496.134,False,208512.0,0.307588,220712.0,510.922,False,131.256,2.73436,18.072702991137295,0.002514227133509446,18.102172365109055,1.6016317512703642e-06,18.04043513456181,0.0025133500218681593,26.10470211454772,0.022618346599570613
2000 EL94,50655,MBO,MBO,21163607131239500,745477699339813062,21.001347,2.2146447,1.4322072,225.0488198448552,-38.04259140744092,2025070300146,36,60860.005816301695,g,225.04880959459544,-38.04259171667496,428.1539306640625,214381.0,500.033,False,220820.0,0.500343,220593.0,513.8,False,121.156,2.7591,18.072034269006046,0.0025324255427286568,18.039903986140168,2.4601056822221446e-06,18.04102068247764,0.0025288710373906295,26.19163769950962,0.02472559974940323
2000 EL94,50655,MBO,MBO,21163607131239500,745477699591471317,21.00227,2.214641,1.4322299,225.0489211348098,-38.042188130182254,2025070300148,4,60860.009196189174,g,225.0489103217228,-38.042189730391094,390.2248840332031,206827.0,528.471,False,216787.0,2.39585,212764.0,542.828,False,71.968,2.6296,18.110981918471317,0.0027742031111856386,18.059916911394346,1.1999155966260043e-05,18.080254633658328,0.002770055158472832,26.757151380620783,0.03967113000510521
2000 EL94,50655,MBO,MBO,21163607131239500,745477700010377236,21.002644,2.2146394,1.4322392,225.04896214653823,-38.042024679342745,2025070300151,35,60860.01056543173,g,225.0489498145497,-38.042020704920795,391.6982421875,203827.0,520.937,False,205833.0,1.03984,210518.0,538.127,False,63.0912,2.5559,18.12684571895037,0.002774903099302628,18.116212490248575,5.4849898543162e-06,18.091776911489283,0.0027753635415122325,26.90007799982319,0.0439844731523823
2000 EL94,50655,MBO,MBO,21163607131239500,745477700311318688,21.002897,2.2146385,1.4322454,225.04898994348005,-38.041913844706826,2025070300153,97,60860.011493409955,g,225.04897815859064,-38.04191318551306,396.7346496582031,203207.0,511.998,False,199882.0,0.0896163,210813.0,529.719,False,68.7296,2.53675,18.130153339284625,0.00273560827131722,18.148065784247603,4.867855034893019e-07,18.09025652854693,0.002728176584397243,26.807140474907236,0.04007358463367865
2000 EL94,50655,MBO,MBO,21163607131239500,745477707549638713,21.013737,2.2145956,1.4325132,225.05018168332836,-38.03714416379008,2025070300207,79,60860.05119479695,g,225.05017531185797,-38.03714503880325,404.231201171875,214971.0,529.983,False,217436.0,1.27999,222254.0,548.431,False,140.246,3.20502,18.069050308227858,0.002676741047526385,18.056671374784862,6.391450536804156e-06,18.03287603526113,0.0026791482960066984,26.032773774349074,0.024812159655955898
2000 EL94,50655,MBO,MBO,21163607131239500,745477707710071040,21.013868,2.214595,1.4325166,225.05019624456176,-38.037085918365214,2025070300208,129,60860.05167614984,g,225.0501864309836,-38.037083954129606,413.9535827636719,217038.0,524.778,False,206385.0,0.355939,224887.0,543.734,False,118.339,3.08786,18.058660553103316,0.0026252107487861353,18.113304675726837,1.8724997451500958e-06,18.020089122543034,0.0026251037147570115,26.21718029096417,0.028330487853059427
2000 EL94,50655,MBO,MBO,21163607131239500,745477707821220046,21.014421,2.214593,1.4325303,225.05025733986665,-38.03684161033688,2025070300209,85,60860.05369743027,r,225.0502455023642,-38.03684014954878,641.3787231445312,399936.0,624.615,False,371052.0,0.909088,408754.0,635.652,False,-90.678,7.6825,17.39502375337176,0.0016956890825834791,17.476413057966774,2.6600847638639194e-06,17.371344960939677,0.0016884247386943281,nan,nan
2000 EL94,50655,MBO,MBO,21163607131239500,745477708071305586,21.014685,2.214592,1.4325368,225.05028662685876,-38.0367245436243,2025070300211,50,60860.05466537073,r,225.05027545160365,-38.03672266204467,622.0527954101562,398119.0,640.266,False,352599.0,1.56428,408842.0,655.889,False,-130.796,12.7294,17.399967738668167,0.0017461110053352518,17.531797309325277,4.81679036619355e-06,17.37111123967297,0.001741803456312725,nan,nan
2000 EL94,50655,MBO,MBO,21163607131239500,745477708899680573,21.015549,2.2145884,1.4325582,225.05038246945657,-38.03634167286141,2025070300217,94,60860.057829278754,r,225.050371345089,-38.03633983199652,599.9810180664062,389390.0,648.93,False,384117.0,0.80251,402582.0,668.472,False,-194.651,4.69187,17.424038014683678,0.0018094116114988148,17.438841179217924,2.2683562216186247e-06,17.387864117305895,0.0018028233647619434,nan,nan
2000 EL94,50655,MBO,MBO,21163607131239500,745477709022363956,21.015667,2.214588,1.4325612,225.0503957213246,-38.03628876482608,2025070300218,72,60860.058266807966,r,225.0503883701178,-38.036288610039826,562.8145141601562,395069.0,703.844,False,392870.0,0.840146,407204.0,725.215,False,-220.582,4.45304,17.408317617248755,0.001934317567159269,17.414377832856538,2.32182893852479e-06,17.37546991134551,0.001933655393590489,nan,nan
2000 EL94,50655,MBO,MBO,21163607131239500,745477709184893026,21.01579,2.2145875,1.4325643,225.05040937118173,-38.03623427602415,2025070300219,126,60860.058716217216,r,225.05039908231967,-38.036233845679135,603.9415283203125,392425.0,647.372,False,408820.0,0.984545,404649.0,665.903,False,-218.135,4.76224,17.415608332637724,0.0017911071629468757,17.371169665273058,2.61473544228002e-06,17.382303821330794,0.0017867213619495814,nan,nan
2000 EL94,50655,MBO,MBO,21163607131239500,745477709343228059,21.015917,2.214587,1.4325674,225.05042335873844,-38.03617844795909,2025070300220,172,60860.059177767034,r,225.05041365292414,-38.03617666984069,584.898681640625,385668.0,658.364,False,412133.0,2.96234,396075.0,675.014,False,-243.888,4.14948,17.43446598580067,0.0018534326040880518,17.362406523964502,7.804082457100967e-06,17.405556422799513,0.0018503745846160608,nan,nan
2000 EL94,50655,MBO,MBO,21163607131239500,745477709590167722,21.016176,2.214586,1.4325738,225.05045225720647,-38.03606313544872,2025070300222,131,60860.06012984189,r,225.05044005225034,-38.03606187774065,611.912841796875,388600.0,633.67,False,394177.0,1.70463,400480.0,651.452,False,-250.897,4.44886,17.42624300934059,0.0017704540460988722,17.410771800372903,4.6952981160214826e-06,17.39354791933963,0.0017661432548189745,nan,nan
2000 EL94,50655,MBO,MBO,21163607131239500,745477715104628888,21.025229,2.2145503,1.4327998,225.05147441702465,-38.03202115945497,2025070300263,153,60860.09333946743,r,225.05146375700014,-38.03201753418042,614.24951171875,385618.0,624.887,False,399667.0,3.67895,395709.0,637.348,False,-162.489,5.49945,17.434606755399273,0.0017594159654367278,17.395754273517625,9.994243427517751e-06,17.406560180084945,0.0017487391568471713,nan,nan
2000 EL94,50655,MBO,MBO,21163607131239500,745477715337936938,21.025505,2.214549,1.4328067,225.0515061174985,-38.0318972871454,2025070300265,86,60860.09435231186,r,225.0514934567519,-38.031894653124276,593.3304443359375,382765.0,645.917,False,355923.0,0.320804,394550.0,664.599,False,-175.039,4.92567,17.442669452328126,0.0018321828372145899,17.521609866669678,9.786063764453022e-07,17.409744880704714,0.0018288662904213883,nan,nan
2000 EL94,50655,MBO,MBO,21163607131239500,745477715524059159,21.025642,2.2145486,1.4328102,225.0515220282913,-38.0318351549723,2025070300266,185,60860.09486090587,r,225.0515119350085,-38.031833573894495,570.0123901367188,381968.0,671.666,False,374550.0,0.925516,394399.0,690.575,False,-206.695,4.69861,17.444932548254393,0.0019091968716481536,17.466225496482426,2.6828627403915563e-06,17.4101604872114,0.0019010755424188725,nan,nan
2000 EL94,50655,MBO,MBO,21163607131239500,745477715774668962,21.025915,2.2145474,1.4328171,225.0515534070049,-38.03171270051572,2025070300268,151,60860.09586159121,r,225.05154299786642,-38.03170960119653,594.7904663085938,383770.0,645.847,False,380542.0,1.77379,398978.0,670.326,False,-202.051,4.66659,17.439822444661132,0.0018271867373685802,17.448993509115134,5.060855371200504e-06,17.397627627587752,0.0018241537001974328,nan,nan
2000 EL94,50655,MBO,MBO,21163607131239500,745477715909410922,21.02604,2.214547,1.4328202,225.0515677761107,-38.03165666148406,2025070300269,152,60860.09631998818,r,225.05155743883338,-38.0316554286273,595.5963745117188,385554.0,647.19,False,385510.0,0.392039,398618.0,666.392,False,-197.037,3.95197,17.434786967121855,0.001822514140712162,17.43491088003456,1.1041242433396976e-06,17.398607735462555,0.001815086002738744,nan,nan
2000 EL94,50655,MBO,MBO,21163607131239500,745477716052541776,21.026169,2.2145464,1.4328234,225.0515826237891,-38.03159877996497,2025070300270,169,60860.096792678894,r,225.051565680198,-38.03159828886651,458.3757019042969,391323.0,854.232,False,416899.0,5.396,401045.0,864.755,False,-185.079,4.35756,17.418661564253327,0.0023700896799609414,17.349922866495856,1.4052882020519954e-05,17.39201723456425,0.002341123357845285,nan,nan
2000 EL94,50655,MBO,MBO,21163607131239500,745477716153729042,21.026304,2.214546,1.4328269,225.0515982650316,-38.03153783131808,2025070300271,106,60860.09729058215,r,225.05158848595778,-38.03153587096967,598.2617797851562,385188.0,646.203,False,383704.0,1.68352,399031.0,668.246,False,-158.747,4.65423,17.435818127953397,0.0018214637940542938,17.44000918346842,4.763720397513581e-06,17.397483408615443,0.0018182518278941043,nan,nan
2000 EL94,50655,MBO,MBO,21163607131239500,745477716456767547,21.026562,2.214545,1.4328333,225.05162809651264,-38.031421664003226,2025070300273,172,60860.098239063474,r,225.05161666917792,-38.03142027943779,573.0335083007812,390581.0,681.021,False,389891.0,0.744049,404105.0,702.468,False,-190.862,4.16394,17.420722217494028,0.001893100667107281,17.42264197419629,2.0719661422309465e-06,17.38376443997247,0.0018873682814348753,nan,nan
2000 EL94,50655,MBO,MBO,21163607131239500,745477716830585115,21.026949,2.2145433,1.432843,225.05167273314896,-38.03124803188377,2025070300276,117,60860.09965771939,r,225.0516663485298,-38.031248980143516,570.5911254882812,391396.0,686.881,False,381957.0,0.474281,401960.0,702.411,False,-201.68,4.12025,17.41845904267616,0.0019054143371801772,17.444963815978983,1.3481728756284513e-06,17.389542906117185,0.001897285961248742,nan,nan
2000 EL94,50655,MBO,MBO,21163607131239500,745477716975288637,21.027079,2.2145429,1.4328463,225.05168773388064,-38.03118973175594,2025070300277,137,60860.10013341848,r,225.05167721015175,-38.03118772677405,614.350341796875,393236.0,640.264,False,380698.0,0.547338,405908.0,658.843,False,-170.447,5.08997,17.41336682548691,0.0017677877419322273,17.448548511872968,1.560987166945743e-06,17.37893097283011,0.0017622951935824546,nan,nan
2000 EL94,50655,MBO,MBO,21163607131239500,745477717126807568,21.027548,2.214541,1.4328581,225.05174229431728,-38.0309779039584,2025070300278,170,60860.10186211521,z,225.0517321970762,-38.03097362133381,468.0630187988281,479392.0,1023.0,False,481018.0,5.71662,487938.0,1033.69,False,-607.305,18.2373,17.198273044158313,0.002316910039106965,17.194596679364754,1.2903345131680491e-05,17.179088395651533,0.002300117215464004,nan,nan
2000 EL94,50655,MBO,MBO,21163607131239500,745477717228519451,21.027756,2.2145402,1.4328632,225.05176640817265,-38.03088439478376,2025070300279,108,60860.1026256387,z,225.05175556254835,-38.030881195790755,474.04742431640625,484146.0,1010.38,False,488235.0,10.8749,493159.0,1016.54,False,-533.215,22.3672,17.187559129810303,0.0022658581334245556,17.178427726563648,2.418358476077648e-05,17.167532591818468,0.002238008953964787,nan,nan
2000 EL94,50655,MBO,MBO,21163607131239500,745477717376368721,21.027885,2.2145398,1.4328666,225.05178155805268,-38.03082568163972,2025070300280,134,60860.1031046497,z,225.05177242425677,-38.030823294108146,472.88238525390625,488117.0,1028.89,False,450778.0,2.98233,496975.0,1036.96,False,-464.743,26.6114,17.178690166488565,0.0022885970773767984,17.265093219096705,7.183189389393639e-06,17.15916364403754,0.00226543583173081,nan,nan
2000 EL94,50655,MBO,MBO,21163607131239500,745477717491712086,21.02801,2.2145393,1.4328697,225.0517958938869,-38.03077014859825,2025070300281,98,60860.103557638315,z,225.0517836662045,-38.030768973339875,488.2168884277344,489443.0,997.112,False,482728.0,9.61907,494314.0,995.81,False,-463.034,24.3495,17.175744695948687,0.002211903322896932,17.19074377443236,2.1634901254445585e-05,17.164992723106376,0.0021872473112423876,nan,nan
2000 EL94,50655,MBO,MBO,21163607131239500,745477717633270020,21.02814,2.2145386,1.4328729,225.0518110612867,-38.03071142120095,2025070300282,112,60860.104036669974,z,225.05179808775983,-38.03070875006117,466.8638916015625,486502.0,1040.56,False,474100.0,6.90649,492024.0,1041.59,False,-514.472,24.0883,17.182288425040056,0.002322238611229707,17.210325111702605,1.5816549413524884e-05,17.170034281631633,0.0022984487268992893,nan,nan
2000 EL94,50655,MBO,MBO,21163607131239500,745477717744943161,21.028269,2.214538,1.4328762,225.0518262377762,-38.03065268643654,2025070300283,69,60860.1045158526,z,225.05181459972587,-38.030651803257285,455.9532470703125,485608.0,1064.27,False,453626.0,7.73962,498130.0,1081.67,False,-547.381,23.433,17.18428541805668,0.0023795252381421223,17.258255153514686,1.852448023637742e-05,17.156643254973815,0.0023576342085675278,nan,nan
2000 EL94,50655,MBO,MBO,21163607131239500,745477718068429041,21.02854,2.2145371,1.432883,225.05185769704977,-38.03053102466556,2025070300285,174,60860.105507289816,z,225.05184911751954,-38.03053069069279,474.91973876953125,489126.0,1029.21,False,464422.0,1.28563,496413.0,1034.37,False,-540.791,15.904,17.17644812797841,0.0022845862147739928,17.232718039020256,3.005574722099175e-06,17.16039213444043,0.002262335903399427,nan,nan
2000 EL94,50655,MBO,MBO,21163607131239500,745477718297018386,21.02881,2.214536,1.4328898,225.05188941826583,-38.0304084728658,2025070300287,98,60860.106506092234,z,225.05187992888503,-38.03040826908709,492.0478515625,492411.0,996.694,False,457054.0,1.31241,494825.0,990.86,False,-434.47,22.5464,17.169180634752184,0.0021976493782556276,17.25008121472378,3.11764266194942e-06,17.163870916666657,0.0021741273378311546,nan,nan
2000 EL94,50655,MBO,MBO,21163607131239500,745477718595862861,21.029074,2.214535,1.4328965,225.0519201301633,-38.03028993930459,2025070300289,156,60860.10747203736,z,225.0519113690982,-38.03029031167369,470.022216796875,485868.0,1017.17,False,512500.0,4.95105,490320.0,1011.61,False,-577.381,15.3153,17.18370425821336,0.0022730006438760413,17.12576532568052,1.0488846877092457e-05,17.173800979139866,0.0022400505510504006,nan,nan
2000 EL94,50655,MBO,MBO,21163607131239500,745477718698098789,21.029207,2.2145345,1.4328998,225.05193572327008,-38.03022980232284,2025070300290,95,60860.10796213671,z,225.05192637764543,-38.03023015974529,491.9179382324219,494497.0,999.743,False,464302.0,1.77246,502113.0,1005.15,False,-468.989,28.1981,17.164590847059813,0.002195073276233963,17.23299861397104,4.144767793213368e-06,17.14799633585323,0.0021734704592788184,nan,nan
2000 EL94,50655,MBO,MBO,21163607131239500,745477718854336759,21.029325,2.214534,1.4329028,225.0519496062737,-38.03017628631772,2025070300291,137,60860.10839861131,z,225.05194060379148,-38.030176352973804,494.68896484375,490020.0,985.284,False,470652.0,2.49114,494194.0,982.248,False,-464.654,24.1833,17.174465485069632,0.002183091520872406,17.218250228676375,5.746752947714219e-06,17.165256329157536,0.0021579828979653107,nan,nan
2000 EL94,50655,MBO,MBO,21163607131239500,745477718996418716,21.029451,2.2145336,1.4329059,225.0519644532253,-38.03011908143957,2025070300292,152,60860.1088643528,z,225.05195634756336,-38.03011409087283,484.3064270019531,492315.0,1008.41,False,496008.0,3.73602,500132.0,1015.48,False,-532.728,16.8374,17.169392329530197,0.0022239160234447265,17.161278297041456,8.177957354433477e-06,17.15228839263097,0.0022045047707445237,nan,nan
2000 EL94,50655,MBO,MBO,21163607131239500,745477719121199413,21.02958,2.214533,1.4329091,225.0519793092255,-38.03006186968482,2025070300293,134,60860.10933020136,z,225.05197040410002,-38.030060700047244,496.2121276855469,494468.0,991.71,False,472256.0,4.20197,500601.0,993.026,False,-490.606,20.5544,17.164654522417276,0.0021775635136696268,17.214556289177903,9.660504195433213e-06,17.15127071795189,0.0021537397678519127,nan,nan
2000 EL94,50655,MBO,MBO,21163607131239500,745477719500259458,21.029974,2.2145314,1.4329191,225.05202562514435,-38.02988368409546,2025070300296,89,60860.11078116637,z,225.0520172303672,-38.02988180059953,484.1324157714844,498590.0,1022.87,False,488721.0,6.2049,507882.0,1030.21,False,-566.834,16.9753,17.155641090495028,0.0022274152840199395,17.177347498100872,1.3784724508711806e-05,17.135592947152762,0.0022023545884522428,nan,nan
2000 EL94,50655,MBO,MBO,21163607131239500,745477719641292893,21.0301,2.214531,1.4329222,225.0520405187577,-38.029826444394416,2025070300297,102,60860.11124712518,z,225.05203036269492,-38.02982598006969,481.5477600097656,498413.0,1031.1,False,486380.0,6.19593,506649.0,1038.93,False,-580.51,21.208,17.156026596476977,0.0022461343789565596,17.182560729014586,1.3831048825239796e-05,17.1382320255044,0.002226401263054448,nan,nan
2000 EL94,50655,MBO,MBO,21163607131239500,745477719766073663,21.030224,2.2145305,1.4329253,225.0520551017049,-38.02977042652786,2025070300298,84,60860.11170341759,z,225.0520469672389,-38.029770248112534,480.0343322753906,495573.0,1026.09,False,476010.0,1.39194,505408.0,1035.59,False,-597.167,17.984,17.16223090762873,0.002248030109045781,17.205959808854224,3.1748905491997225e-06,17.140894720007623,0.0022246927614429273,nan,nan
2000 EL94,50655,MBO,MBO,21163607131239500,745477720056004915,21.03049,2.2145293,1.4329321,225.0520865364965,-38.02964976953266,2025070300300,125,60860.11268582384,z,225.05207471491607,-38.02964923928924,477.9516296386719,497291.0,1032.41,False,494972.0,6.25047,501086.0,1031.38,False,-598.267,21.5517,17.15847350145546,0.0022540624146917287,17.163548419784423,1.3710597268196207e-05,17.150219327446756,0.0022347593270713724,nan,nan
2000 EL94,50655,MBO,MBO,21163607131239500,745477720214339834,21.030615,2.2145288,1.4329352,225.05210127586423,-38.02959323964103,2025070300301,171,60860.11314524174,z,225.05209143865807,-38.02959251331426,503.90948486328125,491377.0,964.886,False,511619.0,6.5499,494423.0,961.374,False,-626.97,17.4855,17.17146293876303,0.002131991625208756,17.127633338738274,1.3899920892669236e-05,17.16475333640031,0.0021111448770791087,nan,nan
2000 EL94,50655,MBO,MBO,21163607131239500,745477720604410125,21.030996,2.2145274,1.4329449,225.05214625568917,-38.0294209060794,2025070300304,147,60860.114547815385,z,225.0521367621954,-38.029420441946904,474.4627380371094,488647.0,1023.74,False,435631.0,9.88515,497605.0,1033.46,False,-544.161,45.9213,17.17751190798396,0.0022746718421604857,17.30220305731188,2.463705566504786e-05,17.157788161119157,0.0022549309105771966,nan,nan
2000 EL94,50655,MBO,MBO,21163607131239500,745477720702976063,21.03112,2.214527,1.432948,225.0521608718041,-38.02936496453677,2025070300305,79,60860.115002064354,z,225.05215291414586,-38.02936523815744,487.4476623535156,490433.0,1002.86,False,464544.0,0.718594,496821.0,1005.96,False,-648.731,28.1547,17.17355078731444,0.002220163395202604,17.232432862129517,1.6795040689841228e-06,17.159500138402322,0.0021983918079046504,nan,nan
2000 EL94,50655,MBO,MBO,21163607131239500,745477720886477188,21.031244,2.2145264,1.4329511,225.0521755935169,-38.029308647740194,2025070300306,173,60860.11546031776,z,225.05216463501924,-38.02930573308139,478.0230712890625,488187.0,1019.23,False,433082.0,9.87893,499038.0,1028.76,False,-629.677,33.3473,17.178534474133595,0.002266784840173628,17.308574665722297,2.4766469317599634e-05,17.15466595777536,0.002238230332379229,nan,nan
2000 EL94,50655,MBO,MBO,21163607131239500,745477721002869348,21.03137,2.214526,1.4329543,225.05219058194652,-38.02925134056464,2025070300307,139,60860.115926589046,z,225.05217894174694,-38.0292498644942,477.4498291015625,486648.0,1011.71,False,445535.0,6.73792,498258.0,1025.74,False,-559.077,29.5262,17.181962642813097,0.002257176027790838,17.27779543327762,1.6419817701612906e-05,17.156364298914582,0.0022351533624461848,nan,nan
2000 EL94,50655,MBO,MBO,21163607131239500,745504070863159548,22.482899,2.2083552,1.474589,225.46591668310663,-37.34916279586013,2025070900021,77,60865.96076368546,i,225.465906934739,-37.34916372581208,365.0992126464844,424480.0,1153.87,False,414922.0,3.98649,429414.0,1163.63,False,96.1431,8.56634,17.330356918404362,0.002951372100647419,17.355083843481324,1.0431542639539467e-05,17.31780950138175,0.002942137949028556,26.442704731645243,0.0967389886804618
2000 EL94,50655,MBO,MBO,21163607131239500,745504070971687083,22.48301,2.2083547,1.4745923,225.4659564289355,-37.34911275680576,2025070900022,28,60865.96121875044,i,225.46594755506868,-37.349108384619406,356.1492614746094,430336.0,1196.79,False,396268.0,0.967641,429526.0,1202.91,False,171.413,8.81533,17.315480803121694,0.0030194970323283487,17.405027492546672,2.6512432559352544e-06,17.317526355980156,0.0030406610430468136,25.814890646001587,0.05583662128710865
2000 EL94,50655,MBO,MBO,21163607131239500,745504071108526176,22.48312,2.2083542,1.4745958,225.46599643301568,-37.34906238148529,2025070900023,33,60865.96167607195,i,225.4659843941666,-37.34906379318132,359.37127685546875,427759.0,1185.67,False,397904.0,1.06691,425138.0,1176.3,False,187.205,9.0664,17.32200211046237,0.0030094630238255374,17.400554237524855,2.911211862951837e-06,17.32867518716617,0.0030040870274392097,25.71920637939801,0.05258256012562544
2000 EL94,50655,MBO,MBO,21163607131239500,745504071637008498,22.483562,2.2083523,1.4746093,225.4661564995318,-37.34886070605084,2025070900027,17,60865.96350972583,i,225.46614581171983,-37.34886047986009,430.28619384765625,425982.0,983.498,False,389831.0,0.316078,426477.0,982.631,False,650.124,10.7716,17.32652187939011,0.0025067241586100267,17.4228090700905,8.803233605533733e-07,17.325260963658657,0.0025016074312851325,24.367509463944618,0.017989053521162465
2000 EL94,50655,MBO,MBO,21163607131239500,745504071769129109,22.483673,2.2083519,1.4746127,225.466196572518,-37.34881018859831,2025070900028,13,60865.96396820879,i,225.46618616634993,-37.348812205588594,382.6404113769531,419702.0,1095.17,False,395337.0,0.2776,425382.0,1106.68,False,1268.89,8.92222,17.342647403115578,0.002833119134714577,17.407581344209262,7.623884432343179e-07,17.328052227938336,0.0028246672435543485,23.64144005055787,0.007634371315729593
2000 EL94,50655,MBO,MBO,21163607131239500,745504073511337990,22.485117,2.2083457,1.4746569,225.46671782113228,-37.34815209977137,2025070900041,8,60865.969942590134,i,225.4667093040715,-37.348152580814684,439.585205078125,424345.0,960.018,False,402382.0,0.464757,422665.0,957.36,False,227.793,19.67,17.330702276726463,0.0024563181035503674,17.38840363769543,1.254040927186867e-06,17.335009284237493,0.002459253539050794,25.506149067918187,0.09375367679908841
2000 EL94,50655,MBO,MBO,21163607131239500,745504073776627766,22.485338,2.2083447,1.4746636,225.4667975225063,-37.34805131712291,2025070900043,2,60865.97085643295,i,225.46678437972,-37.34805077846837,425.763916015625,428151.0,1002.87,False,395351.0,1.22212,426972.0,999.716,False,23.6102,37.8702,17.321007593230366,0.0025431501091071583,17.407542895903816,3.3562580622567044e-06,17.324001510588538,0.002542152317685915,27.967250794527374,1.7414950695709832
2000 EL94,50655,MBO,MBO,21163607131239500,745504073913991243,22.485447,2.2083442,1.4746671,225.46683710722348,-37.34800124690103,2025070900044,8,60865.971310373,i,225.4668249895319,-37.34799957202687,477.3476257324219,436583.0,912.059,False,400305.0,0.244841,437358.0,912.409,False,-25.2706,26.1119,17.29983294796397,0.002268195280099578,17.394022463290522,6.640754727344385e-07,17.29790731275689,0.002265044840007837,nan,nan
2000 EL94,50655,MBO,MBO,21163607131239500,745504074201825395,22.485678,2.2083433,1.4746741,225.46691992942004,-37.34789645367224,2025070900046,45,60865.97226007635,i,225.46690906014464,-37.3478950623996,393.9659729003906,430980.0,1089.31,False,405785.0,0.586029,437275.0,1106.81,False,-71.0402,16.3528,17.313857207957643,0.002744218684909819,17.379260027175057,1.568004965385367e-06,17.29811337885608,0.0027481647759549505,nan,nan
2000 EL94,50655,MBO,MBO,21163607131239500,745504074481270928,22.4859,2.2083423,1.4746809,225.46700038608392,-37.34779461176211,2025070900048,66,60865.97318333562,i,225.46698757571153,-37.34779174758213,398.30999755859375,431130.0,1081.59,False,410668.0,0.554302,439156.0,1102.95,False,-142.819,13.3431,17.31347938973872,0.0027238220133004453,17.366272842116313,1.4654799618402508e-06,17.29345294823038,0.0027268503539141344,nan,nan
2000 EL94,50655,MBO,MBO,21163607131239500,745504074726113294,22.486122,2.2083414,1.4746877,225.4670804830473,-37.3476931846507,2025070900050,21,60865.974102140724,i,225.46707203315754,-37.34769163981818,475.3675842285156,428894.0,900.791,False,400544.0,0.437235,427188.0,895.507,False,-132.227,14.0127,17.31912507317078,0.002280333645574217,17.39337442362102,1.1851928053941271e-06,17.3234523885851,0.0022760105438120425,nan,nan
2000 EL94,50655,MBO,MBO,21163607131239500,745504075411357869,22.487072,2.2083373,1.4747168,225.46742245640635,-37.3472596961263,2025070900055,48,60865.97802760426,y,225.46740710470166,-37.34726262788236,162.9495086669922,426394.0,2594.23,False,398111.0,8.78077,429742.0,2579.4,False,1924.47,167.53,17.32547228777515,0.0066057435453216904,17.399989556207416,2.3947090691665616e-05,17.316980498284614,0.006516812088472136,23.189222153044255,0.09451609421128623
2000 EL94,50655,MBO,MBO,21163607131239500,745504075677171745,22.487312,2.2083364,1.4747242,225.467509555307,-37.34714917544591,2025070900057,43,60865.97902790355,y,225.46749835671196,-37.347147509460854,174.292236328125,418241.0,2390.04,False,403108.0,3.38702,421269.0,2381.29,False,1589.69,154.396,17.34643348928745,0.006204444330497704,17.386446457101993,9.122642966271526e-06,17.33860124551473,0.006137296619119983,23.39671893427345,0.10545032616888145
2000 EL94,50655,MBO,MBO,21163607131239500,745504076210372680,22.487757,2.2083344,1.4747378,225.4676696158572,-37.3469459557928,2025070900061,36,60865.980865928155,y,225.4676606390122,-37.34694596082188,174.5693359375,426758.0,2440.3,False,396612.0,1.89813,429859.0,2429.92,False,1107.04,97.5269,17.324545822145318,0.006208488448923573,17.404085374501392,5.196182986543529e-06,17.31668493991104,0.006137482369434471,23.789591678540667,0.0956500974520907
2000 EL94,50655,MBO,MBO,21163607131239500,745504077027213458,22.488443,2.2083316,1.4747589,225.46791634850348,-37.34663240223046,2025070900067,58,60865.98369977755,y,225.46790505746043,-37.346631719175484,190.2476043701172,428351.0,2246.1,False,405962.0,1.59439,432280.0,2221.69,False,186.512,88.2242,17.320500537216724,0.005693163306578391,17.378786541442956,4.2641601557605544e-06,17.310587143010462,0.005580108275034082,25.723233090556064,0.5135766525743188
2000 EL94,50655,MBO,MBO,21163607131239500,745504078102003770,22.489328,2.2083278,1.474786,225.46823506833397,-37.34622685861324,2025070900075,60,60865.987361744585,y,225.46822374567284,-37.34622560949083,189.3850860595703,420580.0,2213.88,False,409589.0,8.96504,426962.0,2218.31,False,-916.388,122.232,17.34037845832156,0.005715177948916296,17.369129288426812,2.3764477878443046e-05,17.324026939631175,0.005641016165359825,nan,nan
2000 EL94,50655,MBO,MBO,21163607131239500,745504078216823025,22.48944,2.2083273,1.4747895,225.46827544518692,-37.346175442835616,2025070900076,23,60865.987825619086,y,225.4682627174703,-37.34617452873625,181.36761474609375,421684.0,2313.98,False,396546.0,5.47709,426413.0,2304.16,False,-921.548,89.1254,17.33753219288338,0.005957949179671107,17.40426606634256,1.4996178959036204e-05,17.32542390874474,0.0058668704709505986,nan,nan
2000 EL94,50655,MBO,MBO,21163607131239500,745504078374109301,22.489552,2.2083268,1.4747928,225.4683153855385,-37.34612457427536,2025070900077,67,60865.98828413301,y,225.46830412316118,-37.34612318821655,177.40164184570312,422427.0,2356.03,False,380009.0,0.0296967,429538.0,2357.62,False,-756.814,104.085,17.33562082765185,0.006055548301375086,17.450515293957636,8.484741550291339e-08,17.31749602335195,0.00595931796091748,nan,nan
2000 EL94,50655,MBO,MBO,21163607131239500,745504078486306945,22.489662,2.2083263,1.4747963,225.4683551504935,-37.34607392063255,2025070900078,25,60865.98874135567,y,225.46834391766546,-37.346075324470156,174.1185302734375,419520.0,2394.17,False,388791.0,0.451848,425586.0,2386.74,False,-385.091,79.7053,17.343118324975023,0.006196217020696581,17.425709492437818,1.2618289336951055e-06,17.327531667376686,0.006088945639051861,nan,nan
2000 EL94,50655,MBO,MBO,21163607131239500,745504078918320302,22.490374,2.2083232,1.4748181,225.46861067810613,-37.34574822445113,2025070900081,81,60865.99167894689,z,225.4685996558699,-37.34574750538632,378.4631042480469,416982.0,1097.9,False,404706.0,1.1843,420218.0,1094.87,False,-419.154,19.921,17.349706729888133,0.0028587080634444213,17.382150892235963,3.1772134054897444e-06,17.341313371416994,0.002828865001504188,nan,nan
2000 EL94,50655,MBO,MBO,21163607131239500,745504079012692136,22.490488,2.2083228,1.4748216,225.46865173919423,-37.34569585638518,2025070900082,5,60865.99215056975,z,225.46864141843113,-37.345695644481985,389.3695983886719,412400.0,1059.39,False,411247.0,1.15397,411283.0,1040.07,False,-364.344,21.5501,17.361703358471303,0.0027890836417629817,17.364743142897918,3.04660462350115e-06,17.36464810319506,0.0027456559015735594,nan,nan
2000 EL94,50655,MBO,MBO,21163607131239500,745504079150580054,22.490599,2.2083223,1.4748249,225.46869132034175,-37.34564536767515,2025070900083,12,60865.99260556275,z,225.46868028878083,-37.34564876542882,408.1902160644531,417473.0,1019.85,False,390088.0,0.301312,417935.0,1002.9,False,-285.057,23.9644,17.348429017996995,0.0026523584565117902,17.422093523438292,8.386449899758742e-07,17.347228143268154,0.0026053928631465644,nan,nan
2000 EL94,50655,MBO,MBO,21163607131239500,745504079976857679,22.491287,2.2083194,1.4748461,225.468939052209,-37.34532918927864,2025070900089,52,60865.99545329548,z,225.46892868935177,-37.34532990899359,410.3662414550781,424679.0,1032.48,False,425306.0,3.15344,426545.0,1026.4,False,-504.343,22.6998,17.32984803488855,0.002639642872576436,17.328246226094606,8.050213201886275e-06,17.32508786129534,0.002612619224398306,nan,nan
2000 EL94,50655,MBO,MBO,21163607131239500,745504080369025252,22.491646,2.2083178,1.4748571,225.46906786491903,-37.34516466798312,2025070900092,32,60865.9969348686,z,225.4690570899618,-37.34516603902678,415.7655944824219,431707.0,1033.42,False,418897.0,0.527955,432972.0,1025.23,False,-644.474,22.1858,17.312027273328486,0.0025990348927262307,17.344731874748128,1.3684028609437854e-06,17.30885047065632,0.0025709036796799606,nan,nan
2000 EL94,50655,MBO,MBO,21163607131239500,745504080624353521,22.491869,2.2083168,1.474864,225.4691485762836,-37.34506154205591,2025070900094,7,60865.99786223304,z,225.46913957708898,-37.3450608865847,438.8114929199219,428688.0,978.839,False,414726.0,0.549329,427154.0,958.367,False,-565.113,22.753,17.319646683145063,0.0024791011860981894,17.355596842488353,1.438121470516774e-06,17.32353880604083,0.002435968653264949,nan,nan
2000 EL94,50655,MBO,MBO,21163607131239500,745504081166467228,22.492327,2.208315,1.4748781,225.469313037476,-37.34485131383583,2025070900098,17,60865.99975303552,z,225.4693027456992,-37.344851255764105,436.93115234375,439189.0,1001.35,False,432473.0,0.565591,438939.0,989.5,False,-552.542,18.4255,17.293371364582104,0.0024754762121258077,17.31010250267733,1.419932808613536e-06,17.2939895752724,0.002447574662101497,nan,nan
2000 EL94,50655,MBO,MBO,21163607131239500,745504081560732057,22.492659,2.2083135,1.4748883,225.46943209667836,-37.34469904518664,2025070900101,1,60866.001122084046,z,225.4694263437128,-37.34469924786693,450.0155029296875,439316.0,970.368,False,462391.0,4.37693,436870.0,954.099,False,-361.292,42.0618,17.293057448329,0.002398190935142576,17.237476569083306,1.027743105685912e-05,17.299119443512147,0.0023711855384055606,nan,nan
2000 EL94,50655,MBO,MBO,21163607131239500,745504082786517076,22.493835,2.2083085,1.4749244,225.46985501747412,-37.3441576568078,2025070900110,35,60866.005985853626,z,225.4698442127568,-37.34415734728652,469.7161865234375,437381.0,925.902,False,446947.0,0.733692,439695.0,917.624,False,29.9227,27.9099,17.2978502170227,0.002298420139583815,17.27435993362557,1.7823051885162084e-06,17.2921211823503,0.002265883452397494,27.709998021906024,1.012702354077006
2000 EL94,50655,MBO,MBO,21163607131239500,745504082970018139,22.493977,2.2083077,1.4749289,225.46990580734408,-37.34409258914587,2025070900111,129,60866.006569111545,z,225.46989501902414,-37.344094973086264,423.8302307128906,449273.0,1057.36,False,424908.0,3.06595,450142.0,1044.26,False,197.193,26.2087,17.268724201143478,0.0025552704426010835,17.32926273027134,7.83419664183289e-06,17.266626159515248,0.0025187405302851476,25.66277130214126,0.14430398468296662
2000 EL94,50655,MBO,MBO,21163607131239500,745504083233734782,22.494204,2.2083068,1.4749358,225.46998712455704,-37.34398839066246,2025070900113,120,60866.00750468912,z,225.46997115733197,-37.34398501051334,400.3458251953125,450740.0,1126.46,False,433248.0,1.76216,453481.0,1123.88,False,-112.527,22.4498,17.26518474910677,0.002713400991259422,17.30815858360071,4.4160408110828666e-06,17.25860226085931,0.0026908232342810674,nan,nan
2000 EL94,50655,MBO,MBO,21163607131239500,745530476704825419,23.796963,2.2022514,1.5216489,226.2199122442188,-36.70161860006508,2025071500152,39,60872.00870770727,r,226.21989196961266,-36.70162398391973,72.99951934814453,315313.0,4284.06,False,321296.0,12.4569,315272.0,4323.54,False,-96.8266,29.2177,17.65314530852607,0.014751561492781671,17.632736702995942,4.20948500491238e-05,17.653286495469807,0.014889441349474529,nan,nan
2000 EL94,50655,MBO,MBO,21163607131239500,745534874598769018,23.99153,2.2012877,1.5296375,226.37254724737025,-36.60239255587319,2025071600151,4,60872.991036094056,g,226.37253768616858,-36.60239388944492,474.1454162597656,171487.0,362.849,False,170291.0,1.02563,173988.0,381.823,False,-25.4314,56.8264,18.31442199287602,0.0022973070559283984,18.32202076050487,6.539180700706536e-06,18.29870176023458,0.0023826876151733724,nan,nan
2000 EL94,50655,MBO,MBO,21163607131239500,745534874880311478,23.991749,2.2012866,1.5296463,226.37270813913645,-36.60228465160757,2025071600153,29,60872.99211911431,g,226.3726985985983,-36.60228345111982,434.7344665527344,171943.0,394.456,False,176660.0,1.48267,173732.0,382.15,False,21.4819,18.0065,18.31153875029196,0.002490797261256303,18.28215443474778,9.112353922298868e-06,18.300300451817673,0.0023882421431947556,28.069818310886262,0.9100829027306199
2000 EL94,50655,MBO,MBO,21163607131239500,745534877293085149,23.993484,2.2012782,1.5297157,226.37397103877012,-36.60143650092611,2025071600171,23,60873.000619886574,g,226.37396332627992,-36.601431552534564,453.4698486328125,168534.0,369.379,False,156717.0,0.512799,170062.0,382.505,False,-29.9963,68.6575,18.333281178779245,0.0023796275599683283,18.412209726350234,3.5526743541111225e-06,18.323481794363296,0.0024420477961123272,nan,nan
2000 EL94,50655,MBO,MBO,21163607131239500,745534877698883961,23.993828,2.2012768,1.5297294,226.3742203909049,-36.601268802140495,2025071600174,29,60873.00229735322,g,226.37420837833912,-36.601267243394105,435.3448791503906,168536.0,383.426,False,176177.0,2.31843,172262.0,375.432,False,27.2149,24.9905,18.333268294378918,0.002470092351064888,18.285126973990902,1.4287922552570206e-05,18.309526287088467,0.0023662799819274064,27.812983180228876,0.9969939633204496
2000 EL94,50655,MBO,MBO,21163607131239500,745534887037501467,24.025188,2.2011256,1.5310079,226.39753910881015,-36.58546286081668,2025071600243,177,60873.15698063691,g,226.39752974059638,-36.58546078728366,387.1033020019531,168728.0,434.6,False,157754.0,0.0255829,171088.0,425.852,False,651.428,7.73638,18.332032103301106,0.0027965776943642486,18.405049050005076,1.760733867080737e-07,18.31695112630133,0.002702485990458838,24.3653339815832,0.012894238880792167
2000 EL94,50655,MBO,MBO,21163607131239500,745534887309083078,24.025372,2.2011247,1.5310156,226.39768071611556,-36.58536744782045,2025071600245,183,60873.157897838835,g,226.3976667710228,-36.5853639454967,395.47845458984375,166578.0,421.523,False,153620.0,0.227906,168860.0,412.277,False,370.784,12.421,18.345955891319257,0.0027474383974552354,18.433880598062707,1.610765521313467e-06,18.331183037656995,0.0026508591379631272,24.977197546796884,0.03637138876013901
2000 EL94,50655,MBO,MBO,21163607131239500,745534889692496116,24.027016,2.2011168,1.5310842,226.3989528174848,-36.58451133012808,2025071600263,121,60873.16611992644,g,226.39894112247427,-36.58451110150352,402.70587158203125,170724.0,425.639,False,161946.0,0.505386,173001.0,416.113,False,320.905,10.6694,18.319263556104413,0.0027068934694260164,18.37657443604376,3.388264434149599e-06,18.304878466264327,0.002611481763269993,25.134058794474107,0.03609839092786582
2000 EL94,50655,MBO,MBO,21163607131239500,745534890093576645,24.02729,2.2011154,1.5310957,226.3991658323356,-36.58436815612114,2025071600266,118,60873.16749333593,g,226.3991526460261,-36.58436779221174,408.521728515625,171672.0,419.99,False,158357.0,0.61737,173654.0,412.107,False,222.493,13.3092,18.313251333109907,0.0026562184749608212,18.40090683587414,4.232847117346634e-06,18.30078802141112,0.002576614902637817,25.5317091387042,0.06494712576844422
2000 EL94,50655,MBO,MBO,21163607131239500,745534891595661676,24.028639,2.2011087,1.5311521,226.4002158392306,-36.58366322814105,2025071600277,167,60873.17425442111,r,226.40020641775138,-36.583659977426514,524.0787353515625,331102.0,632.949,False,304770.0,0.110712,332580.0,613.612,False,295.897,15.1048,17.600095489781406,0.0020755405207396284,17.690069462390163,3.944089834083038e-07,17.595259677559735,0.002003189498899214,25.222148583310485,0.055424111407885786
2000 EL94,50655,MBO,MBO,21163607131239500,745534897098063881,24.03304,2.2010872,1.5313374,226.4036760703273,-36.58135067584877,2025071600318,166,60873.196393546226,u,226.40365414260316,-36.581337573174295,47.64912033081055,40002.7,835.506,False,39307.8,2.167,40612.8,830.426,False,-141.441,24.198,19.894776758163957,0.022676947082659785,19.91380313423543,5.9855559685460814e-05,19.87834264804917,0.022200478267833577,nan,nan
