provid,permid,orbit_class,population,ssObjectId,diaSourceId,phaseAngle,helioRange,topoRange,ephRa,ephDec,visit,detector,midpointMjdTai,band,ra,dec,snr,psfFlux,psfFluxErr,psfFlux_flag,trailFlux,trailFluxErr,scienceFlux,scienceFluxErr,forced_PsfFlux_flag,templateFlux,templateFluxErr,psfMag,psfMagErr,trailMag,trailMagErr,scienceMag,scienceMagErr,templateMag,templateMagErr
2013 YQ62,578231,MBO,MBO,21164719863116369,745174275231582733,16.117052,2.9983494,2.314909,271.90453531805304,-23.78467278384096,2025042500452,94,60791.27868052027,i,271.9045114218138,-23.784683019882916,15.614191055297852,6538.67,437.124,False,5900.87,6.5971,5142.59,211.737,False,-845.856,133.862,21.86127646418082,0.07258377479704631,21.972709861051012,0.0012138396433790761,22.122045280534714,0.04470325910516134,nan,nan
2013 YQ62,578231,MBO,MBO,21164719863116369,745174275489006206,16.116846,2.9983494,2.3148963,271.9045239918647,-23.784665157648984,2025042500454,73,60791.27974874296,i,271.9045201030053,-23.78469024301131,13.803679466247559,5370.04,383.688,False,5982.24,3.9727,3913.82,237.333,False,-274.86,97.1443,22.0750561904629,0.07757557433044635,21.957840376469495,0.000721018244148801,22.418497860539496,0.06583875040202658,nan,nan
2013 YQ62,578231,MBO,MBO,21164719863116369,745174275736994137,16.116642,2.9983494,2.314884,271.9045127223483,-23.784657573953197,2025042500456,34,60791.280808351396,i,271.90450678319684,-23.784664566631793,11.214980125427246,7191.11,616.159,False,7427.21,30.8415,3394.66,375.305,False,-608.669,168.112,21.758010190489003,0.09302960783459625,21.722935746933874,0.004508521047097508,22.57300932053709,0.12003624189893557,nan,nan
2013 YQ62,578231,MBO,MBO,21164719863116369,745174276335731994,16.116234,2.9983494,2.314859,271.90449013226987,-23.78464238420529,2025042500460,152,60791.28292506441,i,271.90446785731297,-23.78464427159122,13.170525550842285,6998.2,526.055,False,6613.53,26.3947,3856.21,293.778,False,-2617.68,110.278,21.787534094874303,0.0816148345719572,21.84891671548631,0.004333189893131292,22.4345983197069,0.08271474593628513,nan,nan
2013 YQ62,578231,MBO,MBO,21164719863116369,745200677602984050,14.903552,2.99815,2.2483282,271.7625543521196,-23.73530997349999,2025050100557,93,60797.20266874632,u,271.7624421905114,-23.735138541671155,5.7513322830200195,2840.69,489.262,False,3795.78,72.976,4391.66,497.366,False,1072.39,4.77142,22.766440416295346,0.18700015517795315,22.451747408703667,0.020873886899076058,22.293428186636156,0.12296221726797836,23.82411809629785,0.004830801642589963
2013 YQ62,578231,MBO,MBO,21164719863116369,745200681629515888,14.899457,2.9981494,2.2481303,271.7616959430963,-23.735188501519485,2025050100587,93,60797.220753260866,u,271.761565927122,-23.73542168780255,5.494784832000732,2041.8,403.892,False,nan,nan,5277.95,410.605,False,2831.04,5.39734,23.124966975336797,0.21477135609255635,nan,nan,22.093836780649436,0.0844662624287174,22.77013497104067,0.002069941495717242
2013 YQ62,578231,MBO,MBO,21164719863116369,745200689714037354,14.885809,2.9981468,2.2474763,271.758774838931,-23.734757827693883,2025050100647,153,60797.28074399984,g,271.758767322697,-23.7347765211333,15.398893356323242,2822.03,180.788,False,2892.09,1.306,3942.68,180.956,False,1082.98,3.89545,22.773595923044766,0.06955562798814573,22.746970457502883,0.0004902929833128733,22.4105211942459,0.04983170766656088,23.813448928732896,0.003905364180485972
2013 YQ62,578231,MBO,MBO,21164719863116369,745200689951015384,14.885587,2.9981468,2.2474658,271.7587266946332,-23.734750450563244,2025050100649,93,60797.281717596794,g,271.7587191996081,-23.73475044329017,18.753538131713867,3236.24,171.986,False,3032.47,0.441556,3950.31,167.866,False,697.727,3.67911,22.62489819959484,0.05770011471886125,22.695508727697167,0.00015809335211945387,22.40842203849612,0.04613769251748654,24.290786192870737,0.005725080212601221
2013 YQ62,578231,MBO,MBO,21164719863116369,745200690113020531,14.885476,2.9981468,2.2474606,271.75870268920505,-23.73474676839037,2025050100650,146,60797.28220231854,g,271.7586852882918,-23.734733548465094,19.4337158203125,3264.69,167.264,False,3128.03,0.3864,3885.84,165.624,False,646.199,3.73282,22.615395147098248,0.05562690241011991,22.661822715840472,0.00013411907205670555,22.426287689201416,0.046276728177812955,24.374084338644295,0.006271841980621577
2013 YQ62,578231,MBO,MBO,21164719863116369,745200690188517594,14.885364,2.9981468,2.2474551,271.75867818374354,-23.73474300687927,2025050100651,34,60797.28269772871,g,271.758670311753,-23.734731953912267,18.238094329833984,3245.38,177.845,False,3083.06,1.65051,3812.93,176.629,False,648.259,4.62751,22.62183615058502,0.05949773636152379,22.677545037630857,0.0005812466766037395,22.446852938678813,0.05029531126003594,24.370628659261648,0.007750382852316991
2013 YQ62,578231,MBO,MBO,21164719863116369,745200690385125701,14.885248,2.9981468,2.2474496,271.7586532274548,-23.734739173420717,2025050100652,153,60797.28320126145,g,271.75866042520454,-23.734737595396705,17.93922996520996,2858.76,159.017,False,2836.54,0.77864,3397.27,156.658,False,529.306,4.46709,22.75955575432034,0.06039349635042362,22.768027704475962,0.0002980383131061306,22.572174833640357,0.050066455287936705,24.59073289538476,0.009163095083939995
2013 YQ62,578231,MBO,MBO,21164719863116369,745200690455380708,14.885134,2.9981468,2.2474444,271.75862846402026,-23.734735366839075,2025050100653,31,60797.283701374006,g,271.7586590198286,-23.73474522815321,16.186901092529297,3107.27,189.797,False,3224.04,2.97606,4236.61,192.403,False,940.114,3.79236,22.66905251306708,0.06631849500633283,22.628998933423624,0.0010022257653793695,22.332453817590896,0.04930803392638808,23.9670486838042,0.004379790713402822
2013 YQ62,578231,MBO,MBO,21164719863116369,745200690784108828,14.884908,2.9981468,2.2474334,271.7585794172239,-23.73472781936748,2025050100655,146,60797.284691791996,g,271.7585738554437,-23.734740637817197,22.355728149414062,3258.35,144.976,False,3096.85,0.946211,3772.3,144.445,False,435.865,4.43097,22.617505635465044,0.048308403041503335,22.672699540156877,0.00033173563019861047,22.458484426920677,0.04157388649324883,24.80162003299973,0.011037511310608636
2013 YQ62,578231,MBO,MBO,21164719863116369,745200690858033320,14.884792,2.9981468,2.247428,271.7585543906919,-23.73472396404408,2025050100656,31,60797.28519669482,g,271.75855803066383,-23.7347503307164,18.44925880432129,3016.78,164.314,False,2888.66,4.05333,3571.44,164.944,False,515.915,4.97541,22.70114088891897,0.059136447463766055,22.7482589638287,0.0015234908935612202,22.517891621818052,0.0501438287527754,24.618554658799965,0.010470684093022488
2013 YQ62,578231,MBO,MBO,21164719863116369,745200691052544710,14.884677,2.9981468,2.2474225,271.75852925983986,-23.734720089809397,2025050100657,146,60797.28570343807,g,271.75851418802534,-23.73473386185105,21.785287857055664,3334.44,152.157,False,3181.57,0.652832,3844.47,150.459,False,437.745,4.64949,22.5924427512819,0.04954426053315691,22.64339626941864,0.00022278412607914052,22.437908817592643,0.04249188691262369,24.79694702662022,0.011532101000025531
2013 YQ62,578231,MBO,MBO,21164719863116369,745200691126468761,14.884562,2.9981465,2.247417,271.7585042725429,-23.73471623487608,2025050100658,31,60797.28620794672,g,271.7584941152344,-23.734722338718434,20.588695526123047,3645.88,174.648,False,3680.47,0.738985,4236.41,175.908,False,543.408,4.43571,22.49549410928697,0.05200984600412496,22.485241803417413,0.00021800008636824818,22.332504998670068,0.04508290803564782,24.56218489057502,0.008862605468979835
2013 YQ62,578231,MBO,MBO,21164719863116369,745200691291619847,14.884446,2.9981465,2.2474115,271.7584791809679,-23.734712361008945,2025050100659,90,60797.28671342708,g,271.7584718160571,-23.734720628620504,21.592512130737305,3080.01,140.029,False,2970.18,0.482918,3470.1,141.022,False,358.898,5.10254,22.678619680194576,0.049361710542689514,22.718043101495134,0.00017652854788783752,22.549144993690852,0.04412342301501772,25.012572373518697,0.015436174828242277
2013 YQ62,578231,MBO,MBO,21164719863116369,745200691454673487,14.884336,2.9981465,2.2474065,271.7584553739776,-23.73470868282459,2025050100660,145,60797.28719301775,g,271.7584400979974,-23.734709005611414,25.94292449951172,3772.45,143.983,False,3407.89,0.140221,4136.06,142.815,False,334.017,4.92079,22.458441283171233,0.04143926621919379,22.56878611385536,4.4673689837357224e-05,22.358532908993162,0.03748964389699293,25.090578577910136,0.015995234070633777
2013 YQ62,578231,MBO,MBO,21164719863116369,745200691527549488,14.884221,2.9981465,2.247401,271.7584303221173,-23.734704809521386,2025050100661,28,60797.28769880625,g,271.7584215863527,-23.734733340686695,23.17886734008789,3514.65,150.884,False,3276.97,1.47755,3754.16,148.496,False,325.778,6.83382,22.53529482245156,0.0466106807182352,22.61131884590146,0.0004895466165354728,22.463718080307224,0.04294635540893197,25.11769556761763,0.022775403191015245
2013 YQ62,578231,MBO,MBO,21164719863116369,745200691727302837,14.884107,2.9981465,2.2473955,271.7584053148486,-23.73470094025631,2025050100662,153,60797.28820217203,g,271.7583981454438,-23.73471552537996,21.711450576782227,3287.1,150.843,False,3281.23,5.13982,3753.89,150.38,False,379.778,5.02267,22.60796767682221,0.04982376684217556,22.609908322428517,0.0017007307627053313,22.463796175149113,0.04349435397553441,24.951175449057803,0.014359163038825557
2013 YQ62,578231,MBO,MBO,21164719863116369,745200691942785749,14.883882,2.9981465,2.2473848,271.75835642722143,-23.73469336781857,2025050100664,52,60797.28918785686,g,271.75835631223157,-23.734715051639924,18.232149124145508,3235.79,174.711,False,3117.14,2.2723,3924.5,169.924,False,619.004,3.59013,22.62504916560589,0.058622486066500855,22.66560926699684,0.0007914686117650221,22.4155391664517,0.04701048145843475,24.420766311732457,0.00629710638532742
2013 YQ62,578231,MBO,MBO,21164719863116369,745200692126285923,14.883765,2.9981465,2.2473793,271.75833115711697,-23.734689449308146,2025050100665,146,60797.28969674934,g,271.7583039584063,-23.73469450164039,18.377891540527344,3188.55,172.66,False,3053.07,2.6884,2898.18,164.157,False,449.173,3.34279,22.641016904384074,0.05879262179325708,22.688158071178794,0.0009560518364257985,22.74468663783425,0.06149762949514274,24.768965883145942,0.00808015613845862
2013 YQ62,578231,MBO,MBO,21164719863116369,745200692402061676,14.883529,2.9981465,2.2473679,271.7582797079348,-23.73468146223651,2025050100667,160,60797.29073289838,g,271.7582830749197,-23.734709733224665,18.895557403564453,3220.98,167.674,False,3236.07,4.47186,3829.62,169.803,False,436.205,4.52585,22.63002993616481,0.056519981225225634,22.62495520870906,0.0015003569540082003,22.442110760373282,0.04814087360513366,24.80077343499256,0.011265068390435099
2013 YQ62,578231,MBO,MBO,21164719863116369,745200692473364546,14.883411,2.9981465,2.2473624,271.7582543234718,-23.73467751699133,2025050100668,40,60797.29124312107,g,271.7582365034874,-23.734687442089772,21.121994018554688,3327.44,156.552,False,3028.26,0.442625,3979.41,157.756,False,385.473,4.41121,22.594724436441066,0.05108256781218967,22.697017096411948,0.00015869640356753906,22.4004533065711,0.04304190845435063,24.93501511316918,0.01242476274386796
2013 YQ62,578231,MBO,MBO,21164719863116369,745200692640088403,14.883296,2.9981465,2.247357,271.75822908315536,-23.73467359118425,2025050100669,102,60797.291751934696,g,271.75822738473926,-23.734686602005624,20.28502655029297,3223.25,157.953,False,3103.92,0.632465,3550.42,155.719,False,380.09,4.53534,22.629265021659897,0.05320570664113196,22.670223729114856,0.00022123320554945307,22.524300695553862,0.04761964878163165,24.950283901317317,0.012955307175300426
2013 YQ62,578231,MBO,MBO,21164719863116369,745200692874445196,14.883065,2.9981463,2.247346,271.7581789360623,-23.73466578264722,2025050100671,37,60797.292760800476,g,271.7581836253865,-23.734668729127165,19.621644973754883,3592.22,181.42,False,3647.1,0.587915,4172.28,179.839,False,553.623,3.53274,22.511592692583157,0.05483357419245754,22.49513079238514,0.0001750214107951685,22.349066440765192,0.046798807435207215,24.541964716825458,0.006928223618196829
2013 YQ62,578231,MBO,MBO,21164719863116369,745200693067383075,14.882949,2.9981463,2.2473404,271.7581536317283,-23.73466183798385,2025050100672,149,60797.2932699156,g,271.758140879008,-23.734640967593748,16.986825942993164,3534.78,206.968,False,3478.25,2.32832,4175.83,205.846,False,907.639,3.38168,22.529094018341667,0.06357189173926234,22.546598015495064,0.0007267854090198783,22.348142954632596,0.05352096303459568,24.005217155825708,0.00404523440982378
2013 YQ62,578231,MBO,MBO,21164719863116369,745200693304885435,14.882715,2.9981463,2.2473295,271.7581027104053,-23.73465389081849,2025050100674,90,60797.29429340684,g,271.758097512492,-23.73464889352816,19.684125900268555,3633.52,183.051,False,3361.34,0.884766,3656.65,180.478,False,557.638,3.34019,22.499181106601668,0.054697673710987625,22.583718862517003,0.00028578556021098957,22.49229154553076,0.053587710212782844,24.534119096779953,0.006503439756068781
2013 YQ62,578231,MBO,MBO,21164719863116369,745200693469511822,14.882601,2.9981463,2.247324,271.75807788934003,-23.734650012635257,2025050100675,148,60797.29479243902,g,271.7580655566487,-23.734661831760448,20.438627243041992,3333.68,162.746,False,3293.92,3.03827,3842.59,161.614,False,422.677,4.06144,22.592690248368875,0.053004256673872485,22.6057174078083,0.0010014693172346407,22.438439854648518,0.04566455574477733,24.834978454218387,0.01043267653859092
2013 YQ62,578231,MBO,MBO,21164719863116369,745200693742141523,14.882352,2.9981463,2.247312,271.7580236554677,-23.73464152870803,2025050100677,156,60797.29588233264,g,271.75801854993904,-23.734648035183305,15.081350326538086,3455.65,229.276,False,3539.26,6.10603,4382.28,227.686,False,1279.53,3.69065,22.553675657657315,0.07203659577134199,22.52771882747055,0.0018731423535700254,22.295749746268186,0.05641057866507702,23.632373792994372,0.003131675081812837
2013 YQ62,578231,MBO,MBO,21164719863116369,745200693812396460,14.882233,2.9981463,2.2473066,271.7579977252309,-23.7346374674601,2025050100678,34,60797.29640350863,g,271.7579859534656,-23.734654022735672,18.865144729614258,3720.53,195.779,False,3969.02,0.676211,4338.15,193.845,False,662.423,3.20316,22.47348796454144,0.05713281556984888,22.40329177632114,0.0001849793552533941,22.306738613149005,0.04851481407385083,24.34716153525546,0.0052500999688562845
2013 YQ62,578231,MBO,MBO,21164719863116369,745200693977547277,14.882124,2.9981463,2.2473013,271.75797388112875,-23.734633730127733,2025050100679,93,60797.29688292678,g,271.7579784616412,-23.734648515760096,23.6591739654541,3476.54,146.747,False,3134.86,0.427775,3786.86,145.08,False,344.578,4.51213,22.547131911277837,0.04582962444129789,22.659454586788343,0.00014815678667000722,22.454301845262965,0.041596099698964516,25.05678112591974,0.014217340123288763
2013 YQ62,578231,MBO,MBO,21164719863116369,745200694141124727,14.882012,2.9981463,2.247296,271.757949584912,-23.734629919146474,2025050100680,149,60797.29737012891,g,271.7579566944425,-23.734649110002778,25.412368774414062,3481.14,135.392,False,3371.36,0.3962,3894.41,134.303,False,289.092,6.28445,22.545696309676387,0.04222754583707309,22.580487141010327,0.00012759499785390682,22.4238958451898,0.0374428028993245,25.247409776397184,0.02360236430972292
2013 YQ62,578231,MBO,MBO,21164719863116369,745200694215049235,14.881894,2.998146,2.2472904,271.75792389017903,-23.734625885736698,2025050100681,34,60797.29788671732,g,271.7579247277538,-23.734651626681316,21.906869888305664,3343.49,153.064,False,3295.8,3.07246,3785.25,153.888,False,360.151,5.85113,22.589499931640596,0.049704686388809795,22.605097860402033,0.0010121612175848808,22.454763579686535,0.0441402215462555,25.008788434600614,0.017639222637071204
2013 YQ62,578231,MBO,MBO,21164719863116369,745200694409560080,14.881776,2.998146,2.247285,271.7578980414308,-23.73462182496496,2025050100682,149,60797.29840548485,g,271.7579053527746,-23.734648290443385,18.5523681640625,3072.49,165.516,False,3168.52,2.92438,3486.88,161.35,False,483.254,3.13219,22.681273808282825,0.058488952368386575,22.647858861362252,0.0010020783496387535,22.543907532714506,0.050240773743897904,24.689561361269806,0.007037152484611487
2013 YQ62,578231,MBO,MBO,21164719863116369,745200694481912328,14.881657,2.998146,2.2472792,271.7578721382588,-23.734617752431088,2025050100683,31,60797.29892543325,g,271.75786861093815,-23.73463300579865,21.94920539855957,3523.06,159.266,False,3430.41,0.0658349,4034.91,160.767,False,416.519,5.46099,22.532699883039278,0.04908257779756584,22.56163495358807,2.0836966635433662e-05,22.38541539343938,0.04326008619200924,24.850912924933628,0.014235111309586929
2013 YQ62,578231,MBO,MBO,21164719863116369,745200694647063710,14.881547,2.998146,2.247274,271.7578482235902,-23.73461398967148,2025050100684,90,60797.29940548696,g,271.75786037358864,-23.73463098053057,20.687271118164062,3244.16,155.281,False,3178.18,0.294787,3972.36,158.123,False,590.943,5.85236,22.62224436639649,0.05196852637981139,22.644553797473442,0.00010070572286058417,22.40237847044589,0.043218606182514024,24.471136031081123,0.010752507366935796
2013 YQ62,578231,MBO,MBO,21164719863116369,745200694810641066,14.881435,2.998146,2.2472687,271.7578239063716,-23.734610160751643,2025050100685,146,60797.29989384275,g,271.7578146377125,-23.734634349288836,21.331296920776367,3399.09,159.776,False,3437.07,1.98582,3933.2,158.987,False,596.737,4.21326,22.571593312317496,0.051035596123131105,22.559529035534407,0.0006273007785628472,22.41313493725348,0.0438874055727336,24.46054258435067,0.007665837905979813
2013 YQ62,578231,MBO,MBO,21164719863116369,745200695080648799,14.881193,2.998146,2.2472572,271.75777102268523,-23.73460182398384,2025050100687,149,60797.3009545994,g,271.7577594145791,-23.73462159411465,19.617841720581055,3239.84,162.155,False,3167.26,5.08899,3953.29,159.102,False,769.466,4.94692,22.623691062956148,0.05434143296616203,22.648290706607064,0.001744504998400758,22.407603304552666,0.04369596092786942,24.18452640856806,0.006980230488701229
2013 YQ62,578231,MBO,MBO,21164719863116369,745200695151428634,14.881073,2.998146,2.2472515,271.7577449478438,-23.734597708471963,2025050100688,28,60797.30147766162,g,271.7577437317025,-23.73460749234147,22.438766479492188,3324.24,145.898,False,3030.35,0.332343,3694.91,143.384,False,471.652,6.51412,22.595769075733543,0.047652015448093644,22.696267985924962,0.00011907430791856209,22.480990364858098,0.04213288188397564,24.71594578053552,0.01499541169335458
2013 YQ62,578231,MBO,MBO,21164719863116369,745200695318151702,14.880957,2.998146,2.247246,271.75771946697853,-23.73459368352107,2025050100689,90,60797.30198891531,g,271.7577147356534,-23.734612190380574,27.805755615234375,3515.66,125.234,False,3379.37,0.0546504,4041.63,125.078,False,468.85,17.5474,22.534982857771148,0.03867583683434022,22.577910601467202,1.7558277325827416e-05,22.38360865011706,0.03360073043232327,24.722415185005723,0.040635270792685016
2013 YQ62,578231,MBO,MBO,21164719863116369,745200695482777603,14.880841,2.998146,2.2472405,271.7576943310228,-23.73458970995693,2025050100690,148,60797.30249235105,g,271.75768603279994,-23.734596312268803,24.419124603271484,3433.71,139.917,False,3147.2,0.417561,4177.72,140.057,False,706.104,7.34214,22.560590979172563,0.04424164020084337,22.655189160406806,0.00014405220405219738,22.34765162104854,0.03639902990907243,24.277828314665328,0.011289593868624808
2013 YQ62,578231,MBO,MBO,21164719863116369,745200695554080929,14.88072,2.998146,2.2472348,271.7576677942193,-23.7345855115999,2025050100691,28,60797.30302439614,g,271.7576592679399,-23.734607378642888,23.72880744934082,3517.61,146.464,False,3380.74,0.138504,4257.04,148.07,False,575.356,6.17883,22.534380748736368,0.04520719111592566,22.577470572899728,4.4481032593199485e-05,22.327230662751816,0.037764495122322106,24.50015834986257,0.011659875594881
2013 YQ62,578231,MBO,MBO,21164719863116369,745200695753835194,14.880599,2.998146,2.247229,271.7576413526804,-23.734581324892154,2025050100692,153,60797.30355416398,g,271.7576231300318,-23.73459134363642,23.44754409790039,3397.34,143.936,False,3305.03,0.485076,4296.91,144.437,False,821.64,5.23603,22.57215244066905,0.04599967249715958,22.60206147546954,0.00015935243604287133,22.317109317124178,0.03649610316729586,24.11329604585582,0.006919024572013084
2013 YQ62,578231,MBO,MBO,21164719863116369,745200695810982322,14.880477,2.9981458,2.2472231,271.757614707124,-23.73457710241736,2025050100693,6,60797.30408856917,g,271.75761018814273,-23.734582443414773,21.470508575439453,3327.88,153.539,False,3266.64,0.0414887,4043.14,150.286,False,734.307,5.38133,22.594580894034074,0.05009280941711943,22.614746846460697,1.3789638509799307e-05,22.383203079559905,0.04035748222908898,24.23530581922013,0.007956760279790955
2013 YQ62,578231,MBO,MBO,21164719863116369,745200695969317832,14.880362,2.9981458,2.247218,271.75758960432887,-23.73457312123396,2025050100694,52,60797.30459107594,g,271.75757460237355,-23.734590265609857,24.555044174194336,3410.67,137.189,False,3272.42,0.975139,4170.48,134.18,False,757.26,5.65789,22.567900771874854,0.043672082778477686,22.6128274302496,0.00032353541599081554,22.349534898013374,0.03493220844712024,24.201887443197588,0.008112109138003492
2013 YQ62,578231,MBO,MBO,21164719863116369,745200696152818116,14.880249,2.9981458,2.2472124,271.7575649967666,-23.734569215584816,2025050100695,146,60797.30508495514,g,271.75754954513127,-23.73458819682108,22.65118408203125,3267.26,141.597,False,3263.08,0.838134,4342.76,140.223,False,1026.78,4.88096,22.614540757082608,0.047053797083232825,22.61593067052489,0.0002788752946371002,22.30558548608621,0.03505724559404029,23.87130646718719,0.005161217418872019
2013 YQ62,578231,MBO,MBO,21164719863116369,745200696666620512,14.879754,2.9981458,2.247189,271.75745703918307,-23.73455204550022,2025050100699,102,60797.307246393655,g,271.7574468256476,-23.734564093833434,24.16987419128418,3434.11,141.518,False,3316.83,2.44201,5090.99,137.454,False,1745.23,6.36247,22.56046446056216,0.04474266032544427,22.598191942261685,0.0007993712449582297,22.13299434008251,0.02931429284269499,23.29536833771134,0.003958197069068144
2013 YQ62,578231,MBO,MBO,21164719863116369,745200696900976915,14.879512,2.9981458,2.2471776,271.7574040335293,-23.734543594063,2025050100701,37,60797.3083078934,g,271.75738832537655,-23.734586481865744,17.632822036743164,3242.69,182.226,False,3247.79,3.42918,7025.73,184.334,False,3737.31,3.52303,22.62273643896659,0.061013962780955645,22.62103013624952,0.001146374837261818,21.783271363603745,0.02848644877139493,22.46860217566597,0.001023485129085899
2013 YQ62,578231,MBO,MBO,21164719863116369,745200697153159398,14.879263,2.9981458,2.2471657,271.7573496119712,-23.734534902282604,2025050100703,6,60797.30939608869,g,271.7573457762941,-23.734533411962804,22.27184295654297,3532.78,157.672,False,3359.06,1.16169,6369.0,154.691,False,2737.96,5.6658,22.529708508335236,0.04845764363365351,22.5844555777115,0.00037548863853050396,21.889821877785845,0.02637048406673581,22.806432267852628,0.002246769265949304
2013 YQ62,578231,MBO,MBO,21164719863116369,745200697496044118,14.879035,2.9981456,2.247155,271.7572998231232,-23.73452693740564,2025050100705,148,60797.31039287135,g,271.75728702673234,-23.734547022375814,23.056312561035156,3393.69,146.493,False,3364.83,0.767201,6575.09,146.606,False,3125.44,5.92271,22.573319596919372,0.046867201329861254,22.582592156234455,0.00024755422700366964,21.855245771210235,0.02420886236777545,22.662722105257977,0.002057470543257138
2013 YQ62,578231,MBO,MBO,21164719863116369,745200697554240277,14.878908,2.9981456,2.247149,271.7572719732785,-23.734522476745244,2025050100706,3,60797.31094902153,g,271.75725664235824,-23.73452734158438,25.577903747558594,3677.48,143.515,False,3553.58,3.98232,6630.87,141.531,False,3128.46,12.0268,22.48612420703515,0.04237125194174969,22.523334733763424,0.0012167304476517916,21.84607369697507,0.023174234216871665,22.661673497237306,0.004173917045259427
2013 YQ62,578231,MBO,MBO,21164719863116369,745205072728162740,14.679847,2.9981089,2.2376812,271.71675052243995,-23.726900171302887,2025050200535,153,60798.19634901412,r,271.7167457416494,-23.726943681558254,13.978927612304688,4057.96,288.699,False,4074.59,0.656928,2692.53,263.193,False,-2403.42,8.84634,22.37923060594131,0.07724348321849141,22.37479018910239,0.00017504841007599738,22.82459861098934,0.10612998124723019,nan,nan
2013 YQ62,578231,MBO,MBO,21164719863116369,745205072965141433,14.679607,2.9981086,2.23767,271.71669543045164,-23.726893321280443,2025050200537,93,60798.197381072954,r,271.7166502809702,-23.726887979884623,13.052535057067871,3880.84,295.334,False,3644.04,5.89663,558.659,280.213,False,-2850.97,8.83142,22.42768563057428,0.08262510827642372,22.496042149604094,0.0017568919118632845,24.532133007529648,0.5445851848605773,nan,nan
2013 YQ62,578231,MBO,MBO,21164719863116369,745205073127146028,14.679493,2.9981086,2.2376647,271.7166689377127,-23.72689002535456,2025050200538,146,60798.19787746796,r,271.7166420010007,-23.726904460045613,13.583270072937012,3897.48,282.64,False,3769.0,0.842804,260.642,261.326,False,-2648.73,7.60634,22.423040267252407,0.07873613164275164,22.459434656375986,0.00024278663631111308,25.35988900843074,1.088585450969805,nan,nan
2013 YQ62,578231,MBO,MBO,21164719863116369,745205073202120018,14.67937,2.9981086,2.237659,271.7166407254986,-23.7268865141575,2025050200539,33,60798.198405654664,r,271.71659930106034,-23.72689773658545,15.050668716430664,3997.87,264.884,False,4527.63,3.56485,2787.49,260.539,False,-2262.28,9.87712,22.39542829837181,0.07193684220518654,22.260322705886672,0.0008548593656122835,22.78696670868796,0.10148076858856364,nan,nan
2013 YQ62,578231,MBO,MBO,21164719863116369,745205073399251038,14.679253,2.9981086,2.2376535,271.7166135185287,-23.726883126736176,2025050200540,153,60798.198914899374,r,271.71662214440005,-23.726901043315276,15.166080474853516,4258.65,279.109,False,4406.29,4.70978,3374.61,253.186,False,-2518.98,13.582,22.32682015300287,0.07115841002794397,22.289817298252153,0.0011605179985583513,22.579440992620672,0.08145925100197068,nan,nan
2013 YQ62,578231,MBO,MBO,21164719863116369,745205073471078526,14.679136,2.9981086,2.237648,271.7165868365848,-23.72687980340117,2025050200541,34,60798.19941321279,r,271.71657927983495,-23.726888422373214,17.540523529052734,4804.18,271.88,False,4446.79,0.937881,2764.84,254.042,False,-2277.02,14.8234,22.195951783002023,0.06144439922116016,22.279883439605257,0.00022899469972484024,22.79582495561343,0.09976078045956835,nan,nan
2013 YQ62,578231,MBO,MBO,21164719863116369,745205073634658218,14.679023,2.9981086,2.2376428,271.7165605197422,-23.726876524286943,2025050200542,90,60798.199905881425,r,271.71655303795654,-23.726881822103138,16.238187789916992,4306.14,265.707,False,4311.32,7.31084,2264.27,246.529,False,-2380.0,11.9993,22.31477960208872,0.06699450119909728,22.31347439731821,0.0018411169061477903,23.012679459389727,0.1182126981625584,nan,nan
2013 YQ62,578231,MBO,MBO,21164719863116369,745205073798234193,14.678911,2.9981086,2.2376375,271.71653483600863,-23.7268733228488,2025050200543,146,60798.200385421536,r,271.7165068078642,-23.726883594672138,16.178564071655273,4494.39,277.143,False,4291.57,2.84862,1905.69,254.395,False,-2619.28,8.81054,22.26832307808437,0.06695106247419731,22.318459542680323,0.0007206802934246477,23.199869395773824,0.14493746356471376,nan,nan
2013 YQ62,578231,MBO,MBO,21164719863116369,745205073872159445,14.678786,2.9981086,2.2376318,271.71650598500315,-23.726869725178037,2025050200544,31,60798.2009243735,r,271.71648735860686,-23.72689875730464,15.431967735290527,4351.89,281.299,False,4282.63,0.644919,2536.48,258.112,False,-2279.22,14.5069,22.303305192292996,0.07018020015685927,22.320723642398598,0.00016350044317231557,22.889421402661004,0.11048442917361252,nan,nan
2013 YQ62,578231,MBO,MBO,21164719863116369,745205074066670372,14.678669,2.9981086,2.2376263,271.716478997604,-23.726866358508587,2025050200545,146,60798.201428851826,r,271.7164541731198,-23.726877559111067,17.966777801513672,4999.06,272.624,False,5300.67,5.95349,2834.65,255.795,False,-2631.37,10.0828,22.152779114030118,0.05921067879351465,22.08917309723034,0.0012194532944959505,22.768751429113884,0.09797537617553179,nan,nan
2013 YQ62,578231,MBO,MBO,21164719863116369,745205074140594891,14.678545,2.9981086,2.2376206,271.716450393477,-23.726862788677188,2025050200546,31,60798.201962788226,r,271.7163945908615,-23.72685629971881,16.085084915161133,5279.06,322.563,False,5403.85,1.70224,2811.37,299.927,False,-2992.28,11.0108,22.093608492768258,0.06634103624598986,22.068241766937593,0.00034201237139908395,22.77770493928003,0.11583021488854783,nan,nan
2013 YQ62,578231,MBO,MBO,21164719863116369,745205074305746005,14.678433,2.9981086,2.2376153,271.7164244584584,-23.72685955063099,2025050200547,90,60798.20244651748,r,271.716413393493,-23.726856843928836,17.494647979736328,5022.91,285.059,False,4664.4,1.37192,4710.17,264.884,False,-2760.11,13.8497,22.147611474765277,0.061617440254076276,22.228010556034295,0.00031934294526854824,22.217408562962508,0.06105812668058986,nan,nan
2013 YQ62,578231,MBO,MBO,21164719863116369,745205074468799096,14.67832,2.9981084,2.23761,271.7163982466599,-23.72685627674012,2025050200548,145,60798.202935686815,r,271.71639321095455,-23.72685362420962,16.38428497314453,4498.09,272.343,False,4072.35,2.38182,1061.69,250.981,False,-2550.71,9.23769,22.26742968580411,0.06573737996240096,22.375387232532603,0.0006350210825506693,23.83500574296962,0.2566654828563185,nan,nan
2013 YQ62,578231,MBO,MBO,21164719863116369,745205074720982766,14.678086,2.9981084,2.2375991,271.7163443479945,-23.726849540611305,2025050200550,114,60798.2039408542,r,271.7163482604226,-23.72686268826652,17.019922256469727,4534.34,261.733,False,4143.13,0.424705,2209.0,234.808,False,-2215.18,14.6856,22.258714832747913,0.06267130513544575,22.356678629520015,0.00011129691960118933,23.03951071032141,0.11540948180577144,nan,nan
2013 YQ62,578231,MBO,MBO,21164719863116369,745205074810634306,14.677973,2.9981084,2.237594,271.7163180018565,-23.7268462459012,2025050200551,29,60798.204431640006,r,271.71628577561813,-23.726850339759412,17.95775604248047,4768.68,266.153,False,4532.13,0.75672,2925.88,253.806,False,-2282.92,12.462,22.20400450925977,0.06059789163615525,22.259244131299795,0.00018128304552803056,22.73435876772644,0.0941823909240189,nan,nan
2013 YQ62,578231,MBO,MBO,21164719863116369,745205074956912022,14.677861,2.9981084,2.2375886,271.7162922910408,-23.72684302934268,2025050200552,52,60798.204910136104,r,271.7163078390259,-23.726862243647588,15.084451675415039,4405.51,287.98,False,4280.91,1.62517,2025.09,264.849,False,-2791.29,11.3221,22.290009579316564,0.07097256408649509,22.321159716594032,0.00041218008210472927,23.13388919557832,0.14199672700329383,nan,nan
2013 YQ62,578231,MBO,MBO,21164719863116369,745205075119965438,14.677735,2.9981084,2.237583,271.71626324220006,-23.726839393625248,2025050200553,107,60798.20545123017,r,271.7162645497069,-23.726859784605047,17.511032104492188,5087.01,289.445,False,5031.2,3.61475,1963.57,268.796,False,-2882.99,7.35879,22.133843571612108,0.06177714182150297,22.145821003550207,0.0007800653312114048,23.1673840591997,0.14862803261872617,nan,nan
2013 YQ62,578231,MBO,MBO,21164719863116369,745205075414615531,14.677494,2.9981084,2.2375717,271.71620736955754,-23.72683239599177,2025050200555,157,60798.206491122866,r,271.71620133120405,-23.726848134525202,15.128003120422363,4383.71,286.588,False,4300.85,2.12913,1646.14,268.609,False,-2739.0,8.51365,22.295395469413293,0.07098074097184083,22.316114235334854,0.0005374922050418513,23.358833070131524,0.17716507901593312,nan,nan
2013 YQ62,578231,MBO,MBO,21164719863116369,745205075487490357,14.67737,2.9981084,2.2375658,271.7161786119977,-23.726828791895716,2025050200556,40,60798.20702649155,r,271.7161881421055,-23.726835557782913,17.715808868408203,4953.7,276.025,False,4446.11,1.62167,3129.61,253.505,False,-2610.91,11.1441,22.16267570262202,0.060498277545165215,22.280049525242305,0.0003960104211723305,22.661274410720445,0.08794691748851553,nan,nan
2013 YQ62,578231,MBO,MBO,21164719863116369,745205075650544110,14.677244,2.9981084,2.23756,271.7161494675633,-23.72682513761591,2025050200557,95,60798.207568407095,r,271.71614064367486,-23.726841473474558,18.335359573364258,4829.82,262.002,False,4547.64,4.60821,3174.12,240.205,False,-2385.7,8.53177,22.19017267560936,0.058897657230774135,22.255534772900923,0.001100197108825067,22.64594160601606,0.08216427149047399,nan,nan
2013 YQ62,578231,MBO,MBO,21164719863116369,745205075817268432,14.67713,2.9981084,2.2375548,271.7161230024972,-23.726821817797585,2025050200558,157,60798.20806020977,r,271.71612493750496,-23.726835259375786,17.584728240966797,4906.92,278.272,False,4832.6,1.88621,2569.9,261.252,False,-2679.97,11.4898,22.172977573496652,0.06157222726816914,22.18954785415926,0.00042377320844326304,22.875209480296633,0.11037424846040715,nan,nan
2013 YQ62,578231,MBO,MBO,21164719863116369,745205075888571411,14.677004,2.9981081,2.2375488,271.71609367628264,-23.726818137402677,2025050200559,37,60798.20860568728,r,271.7160826030959,-23.726824584738484,18.43452262878418,5122.0,278.415,False,4851.22,2.52131,3300.47,257.972,False,-2694.75,12.1183,22.12640106466897,0.059017035284120584,22.185372526730678,0.0005642864120793497,22.603560535797317,0.08486352739628499,nan,nan
2013 YQ62,578231,MBO,MBO,21164719863116369,745205076081508507,14.676889,2.9981081,2.2375436,271.7160672466246,-23.726814819006822,2025050200560,149,60798.20909645736,r,271.7160344002235,-23.72681120749033,18.688762664794922,5015.03,266.288,False,4639.99,1.38397,2726.57,237.843,False,-2382.59,12.6632,22.149316208208813,0.05765040862802406,22.23370733372137,0.00032384256938129604,22.81095834295241,0.09471047953734016,nan,nan
2013 YQ62,578231,MBO,MBO,21164719863116369,745205076319011124,14.676657,2.9981081,2.2375326,271.7160132837977,-23.72680803916504,2025050200562,90,60798.21009890037,r,271.7159880853582,-23.72681683654571,19.629749298095703,4985.94,251.944,False,4841.08,4.28963,2297.32,231.698,False,-2213.58,9.51052,22.155632392836203,0.05486322054643583,22.18764433367862,0.0009620593858406766,22.996946233999076,0.10950276738283296,nan,nan
2013 YQ62,578231,MBO,MBO,21164719863116369,745205076482066160,14.676543,2.9981081,2.2375274,271.71598693558883,-23.726804726586582,2025050200563,145,60798.2105870055,r,271.71597775318605,-23.72681455363687,22.319278717041016,5402.1,240.676,False,5035.41,4.66386,2917.74,223.907,False,-2119.68,12.1141,22.068593432148074,0.04837204726421506,22.144912871196354,0.0010056224477540995,22.7373835304533,0.08331925897929772,nan,nan
2013 YQ62,578231,MBO,MBO,21164719863116369,745205076754694633,14.676283,2.9981081,2.2375154,271.7159265557455,-23.72679712990743,2025050200565,153,60798.211707410024,r,271.7159125034344,-23.726815194657075,18.27296257019043,5293.95,285.769,False,5514.76,2.77611,2528.63,262.638,False,-2905.54,12.9996,22.090550371981603,0.05860836456129502,22.04618350395062,0.0005465556418904972,22.89278683491836,0.11277078856564109,nan,nan
2013 YQ62,578231,MBO,MBO,21164719863116369,745205076991673504,14.676056,2.9981081,2.2375047,271.7158738486914,-23.726790492206597,2025050200567,93,60798.21268402504,r,271.71586422250925,-23.726823213306954,23.808271408081055,5894.81,245.58,False,5387.92,1.55148,3524.0,226.347,False,-2059.76,11.6531,21.97382546023631,0.04523217822155775,22.07144716904034,0.00031264348597266677,22.532410250649974,0.06973698435610796,nan,nan
2013 YQ62,578231,MBO,MBO,21164719863116369,745205077153678011,14.675935,2.9981081,2.2374992,271.7158457820511,-23.726786955163767,2025050200568,146,60798.213204770946,r,271.71582954480897,-23.726796552687922,23.53217124938965,5616.38,236.453,False,5205.78,0.611877,2632.21,219.51,False,-2016.83,10.6724,22.02635881227861,0.045710153401514915,22.108785518397482,0.0001276152786753255,22.849198679324775,0.09054366934218469,nan,nan
2013 YQ62,578231,MBO,MBO,21164719863116369,745205077228651979,14.675818,2.9981081,2.2374938,271.71581878588563,-23.72678355140584,2025050200569,33,60798.21370473453,r,271.71580206242714,-23.726787781305568,20.125635147094727,5154.02,253.232,False,5069.7,2.59062,4209.4,248.915,False,-2107.52,14.8566,22.119634747177635,0.05334537773035762,22.137544306484827,0.0005548118947488846,22.33944953337813,0.06420298056438054,nan,nan
2013 YQ62,578231,MBO,MBO,21164719863116369,745205077425782948,14.675705,2.998108,2.2374885,271.7157922671095,-23.72678020628265,2025050200570,153,60798.2141952809,r,271.71575499409863,-23.726798577103768,19.697765350341797,5479.57,276.986,False,5199.35,1.16461,4683.72,250.129,False,-2495.42,13.8671,22.0531338365907,0.0548827243453861,22.11012734602889,0.0002431956395249781,22.223522639239697,0.0579825643542107,nan,nan
2013 YQ62,578231,MBO,MBO,21164719863116369,745205077497610303,14.675581,2.998108,2.2374828,271.7157634162811,-23.72677656522855,2025050200571,34,60798.21472929536,r,271.7157728172513,-23.726789798888063,20.384445190429688,5722.37,279.829,False,5358.14,4.06937,4001.23,260.812,False,-2396.25,11.5119,22.006060139721754,0.053093470203313745,22.07746483011936,0.000824588756920384,22.394516214417997,0.0707714990493184,nan,nan
2013 YQ62,578231,MBO,MBO,21164719863116369,745205077661189761,14.675468,2.998108,2.2374775,271.71573736634843,-23.72677327606818,2025050200572,90,60798.21521143279,r,271.71573650258347,-23.72679656193759,22.65150260925293,5772.36,253.97,False,5336.26,0.145215,3538.81,238.898,False,-2221.25,15.4508,21.99661650433897,0.04776979117359448,22.081907593516057,2.9546010685911514e-05,22.527856867437272,0.07329588141653397,nan,nan
2013 YQ62,578231,MBO,MBO,21164719863116369,745205077824766094,14.675349,2.998108,2.237472,271.7157095239529,-23.72676975890988,2025050200573,146,60798.21572671798,r,271.71571089514214,-23.726781374072402,21.735795974731445,5611.84,256.957,False,5310.83,0.68641,3234.94,239.09,False,-2292.2,11.4797,22.027236829483446,0.049714091372718816,22.087093984407918,0.00014032838333204208,22.625334444642743,0.08024528118648519,nan,nan
2013 YQ62,578231,MBO,MBO,21164719863116369,745205077898691100,14.675234,2.998108,2.2374666,271.7156826459442,-23.72676636192512,2025050200574,31,60798.216223946714,r,271.7156637184573,-23.72678973435139,21.534399032592773,5868.21,270.767,False,5533.94,0.650627,4467.47,237.666,False,-1862.59,15.1347,21.978735889404334,0.05009730992162251,22.04241389617225,0.0001276503387556045,22.27484583576431,0.05776033612496712,nan,nan
2013 YQ62,578231,MBO,MBO,21164719863116369,745205078093202178,14.675118,2.998108,2.2374613,271.7156559216689,-23.726762982752064,2025050200575,146,60798.21671767479,r,271.71565699551,-23.726773468992803,25.299041748046875,5942.45,230.214,False,5763.55,1.63432,4181.06,214.011,False,-1776.59,15.2991,21.96508612370143,0.04206205711966955,21.998274874023938,0.00030787283475289197,22.346783985017456,0.055574301584563564,nan,nan
2013 YQ62,578231,MBO,MBO,21164719863116369,745205078167126544,14.675004,2.998108,2.237456,271.7156293513032,-23.72675962143185,2025050200576,31,60798.21720894849,r,271.7156175825281,-23.726757265139046,22.094989776611328,5949.52,267.741,False,5229.17,0.904853,4887.97,245.938,False,-1962.71,18.049,21.963795174450595,0.048860427955204046,22.10391811385498,0.00018787525781835282,22.177178622895962,0.05462876875936307,nan,nan
2013 YQ62,578231,MBO,MBO,21164719863116369,745205078332278027,14.67489,2.998108,2.2374508,271.7156026643568,-23.726756243740024,2025050200577,90,60798.217701478265,r,271.7155914741182,-23.726773419541445,25.741193771362305,6170.21,236.332,False,5678.34,2.41728,5301.29,215.984,False,-1737.14,20.8392,21.924250143674946,0.04158597700281958,22.014446547203896,0.00046219994583675587,22.08904608605789,0.04423482580582096,nan,nan
2013 YQ62,578231,MBO,MBO,21164719863116369,745205078495330962,14.674772,2.998108,2.2374454,271.7155752108316,-23.726752767316952,2025050200578,145,60798.21820840134,r,271.71555583855377,-23.72675803355813,24.891090393066406,5815.82,232.849,False,5432.19,1.85817,3250.21,203.325,False,-1607.31,11.316,21.988472641273358,0.04346981098497101,22.062562632412394,0.00037139394988844825,22.62022145760568,0.06792093839235137,nan,nan
2013 YQ62,578231,MBO,MBO,21164719863116369,745205078881732168,14.672067,2.9981074,2.23732,271.7149433028062,-23.726672248291344,2025050200581,114,60798.22983479421,r,271.71493921977645,-23.72670537720243,21.91292953491211,6161.81,278.681,False,6240.33,2.73723,3456.26,255.404,False,-2659.34,12.1039,21.925729232986683,0.04910473515669866,21.91198109497784,0.00047624240102456163,22.5534839839443,0.0802316308411677,nan,nan
2013 YQ62,578231,MBO,MBO,21164719863116369,745205078983443635,14.671953,2.9981074,2.2373147,271.71491673609864,-23.72666884116021,2025050200582,52,60798.23032175077,r,271.71490687340355,-23.726680918877175,25.35590362548828,6442.07,250.677,False,6046.22,1.45253,4299.29,228.51,False,-2140.42,14.0238,21.87743643066424,0.04224870331233004,21.946290097597043,0.00026083476654190026,22.316508138710482,0.05770756844291759,nan,nan
2013 YQ62,578231,MBO,MBO,21164719863116369,745205079146497462,14.671836,2.9981072,2.2373095,271.7148892886198,-23.7266653191359,2025050200583,107,60798.230824741775,r,271.714870441072,-23.72667548936059,24.568246841430664,5932.82,239.544,False,5385.13,1.99361,3587.35,229.28,False,-2187.87,12.1757,21.96684710174011,0.04383777158759575,22.07200954395654,0.00040194658788545855,22.513065593673364,0.06939317014646064,nan,nan
2013 YQ62,578231,MBO,MBO,21164719863116369,745205079441147378,14.671609,2.9981072,2.237299,271.7148360076893,-23.7266584765471,2025050200585,157,60798.23180048079,r,271.71482493769287,-23.72668085221704,24.077579498291016,6646.71,272.962,False,6242.52,0.147177,4874.25,256.747,False,-2526.71,12.1062,21.84348317974308,0.04458818479542176,21.911600140520026,2.5597898353130606e-05,22.180230499103068,0.05719023920311503,nan,nan
2013 YQ62,578231,MBO,MBO,21164719863116369,745205079514022153,14.67149,2.9981072,2.2372935,271.714808044947,-23.726654882437423,2025050200586,40,60798.2323126608,r,271.714800511677,-23.72667228382185,26.995716094970703,6664.13,240.294,False,5976.51,2.90801,4964.35,221.116,False,-2011.9,16.3963,21.840641367974108,0.039149282361814176,21.958880916303226,0.000528290234782147,22.160343996559977,0.04835953126046564,nan,nan
2013 YQ62,578231,MBO,MBO,21164719863116369,745205079677076181,14.671372,2.9981072,2.237288,271.714780620344,-23.7266513554767,2025050200587,95,60798.2328141373,r,271.71476126703976,-23.726669698248877,26.942331314086914,5884.56,215.959,False,5624.74,0.147925,4337.05,193.007,False,-1591.41,10.5469,21.97571500081393,0.03984571528050398,22.0247438241004,2.8553768909085378e-05,22.30701397646072,0.04831733579676342,nan,nan
2013 YQ62,578231,MBO,MBO,21164719863116369,745205079843800314,14.671256,2.9981072,2.2372825,271.714753297093,-23.72664783955296,2025050200588,157,60798.233314468176,r,271.71475169251886,-23.726654477069182,24.90446662902832,5766.05,231.233,False,5699.47,0.674455,4310.62,219.276,False,-1987.15,20.6812,21.997804026701154,0.043540734158460714,22.010413779004345,0.00012848215190452774,22.313650621523756,0.055230079808138474,nan,nan
2013 YQ62,578231,MBO,MBO,21164719863116369,745205079915103280,14.671138,2.9981072,2.237277,271.7147255833169,-23.726644271331228,2025050200589,37,60798.233821185844,r,271.71471638321043,-23.726661678597814,25.19207000732422,6241.84,244.81,False,5873.1,0.434949,4222.21,225.947,False,-2098.12,17.7943,21.91171844718214,0.04258345043925807,21.97783149308701,8.040726025290961e-05,22.3361504350263,0.05810200044181566,nan,nan
2013 YQ62,578231,MBO,MBO,21164719863116369,745205080108040443,14.671015,2.9981072,2.2372715,271.71469665839334,-23.726640544963864,2025050200590,149,60798.2343500782,r,271.7146845978905,-23.726652160839695,23.210311889648438,6424.86,273.597,False,6224.65,1.30959,4157.04,246.363,False,-2603.82,19.5465,21.88034085141867,0.046235117699052405,21.914712674739583,0.00022842557881788027,22.35303948127706,0.06434511894432056,nan,nan
2013 YQ62,578231,MBO,MBO,21164719863116369,745205080345542964,14.670778,2.9981072,2.2372606,271.7146412994772,-23.726633406809963,2025050200592,90,60798.23536296813,r,271.7146366859617,-23.726647859011937,28.20711326599121,6238.47,219.86,False,5866.83,0.0417118,4966.85,208.608,False,-1775.12,14.6344,21.912304735210537,0.038264182471019766,21.9789912253435,7.719332349128912e-06,22.159797367649908,0.04560098565579166,nan,nan
2013 YQ62,578231,MBO,MBO,21164719863116369,745205080781226396,14.670401,2.998107,2.2372432,271.71455256080094,-23.72662194707849,2025050200595,153,60798.236983230774,r,271.7145477553034,-23.72663953328398,25.597259521484375,6936.08,267.986,False,7115.22,0.793856,5085.55,253.172,False,-2677.16,13.2573,21.797214753763633,0.04194906792796498,21.769529135080138,0.0001211372524535166,22.134155220307267,0.054050793681500134,nan,nan
2013 YQ62,578231,MBO,MBO,21164719863116369,745205081018205660,14.670165,2.998107,2.2372322,271.71449717466487,-23.72661478347326,2025050200597,93,60798.237994368916,r,271.71449230910434,-23.726624168204268,26.714214324951172,6009.14,224.696,False,5696.08,0.220147,3856.82,213.12,False,-1774.05,22.795,21.952969169658196,0.04059825129486705,22.01105978453959,4.19624660551829e-05,22.434426554339574,0.05999556384673046,nan,nan
2013 YQ62,578231,MBO,MBO,21164719863116369,745205081180209834,14.670046,2.998107,2.2372267,271.71446905882294,-23.726611143717896,2025050200598,146,60798.23850791353,r,271.71445530695604,-23.726618628629847,28.127592086791992,6505.71,228.346,False,5855.51,0.16804,3914.24,212.842,False,-1799.09,16.774,21.866763256098437,0.03810860203509779,21.981088225961976,3.115819580762236e-05,22.418381375898374,0.05903834734220844,nan,nan
2013 YQ62,578231,MBO,MBO,21164719863116369,745205081255183710,14.669928,2.998107,2.2372212,271.71444120914595,-23.726607536235115,2025050200599,33,60798.239015027924,r,271.71444042826346,-23.72661810538333,24.597274780273438,6281.89,252.277,False,6284.36,2.12969,4671.82,235.841,False,-1869.39,14.2231,21.904774157998048,0.04360252388164242,21.90434738444519,0.0003679422430039337,22.226284786986817,0.054809715616589406,nan,nan
2013 YQ62,578231,MBO,MBO,21164719863116369,745205081452314736,14.669807,2.998107,2.2372158,271.7144131323204,-23.726603897119382,2025050200600,153,60798.23952718892,r,271.71441136073156,-23.726621819570564,27.433687210083008,6895.84,249.308,False,6134.87,0.301094,6308.49,235.508,False,-2210.52,25.741,21.80353208394709,0.0392530462440008,21.93048656848175,5.328697197859119e-05,21.9001864122437,0.04053260730207166,nan,nan
2013 YQ62,578231,MBO,MBO,21164719863116369,745205081524142310,14.669689,2.998107,2.2372103,271.7143852121779,-23.726600276103,2025050200601,34,60798.24003654345,r,271.71437225485755,-23.72660474018663,27.252370834350586,6453.47,234.293,False,6212.5,1.12062,4956.72,226.931,False,-1758.96,20.0295,21.87551672508586,0.03941761306050104,21.916833995646527,0.00019584671535010156,22.162013986063094,0.049707708270288475,nan,nan
2013 YQ62,578231,MBO,MBO,21164719863116369,745205081687721653,14.669571,2.998107,2.2372048,271.71435733913165,-23.726596658988612,2025050200602,90,60798.240544627944,r,271.7143650554693,-23.726611051664158,28.47588348388672,6713.48,234.502,False,5978.66,0.561703,4567.94,219.278,False,-1859.4,30.9702,21.83263075451753,0.03792478878853947,21.95849033097548,0.00010200635193034557,22.250699036909527,0.0521193506106221,nan,nan
2013 YQ62,578231,MBO,MBO,21164719863116369,745205081851297891,14.669454,2.998107,2.2371993,271.71432967794186,-23.72659306717917,2025050200603,146,60798.24104826262,r,271.7143238763584,-23.726588649568267,26.04987144470215,6173.36,236.561,False,5537.22,0.833744,4504.09,219.305,False,-1889.47,17.9338,21.923696014984625,0.04160503405898086,22.041770510711906,0.00016348023010495714,22.265982387834214,0.05286470267965824,nan,nan
2013 YQ62,578231,MBO,MBO,21164719863116369,745205082119733846,14.669216,2.9981067,2.2371886,271.71427378371936,-23.72658580261936,2025050200605,146,60798.24206623793,r,271.71427913779314,-23.72661303513915,27.254596710205078,6627.63,238.6,False,6250.59,3.9336,4317.66,221.591,False,-1931.92,14.9953,21.846604381417933,0.039087376582979054,21.910197495120315,0.0006832718169482053,22.311878860118924,0.05572216579188326,nan,nan
2013 YQ62,578231,MBO,MBO,21164719863116369,745205082257621728,14.668436,2.9981067,2.2371526,271.71409012905303,-23.726561869277912,2025050200606,153,60798.24540768642,i,271.71407745513375,-23.726574646555104,25.97072410583496,8073.81,309.54,False,7134.99,0.127058,5595.93,249.294,False,-1736.21,79.1739,21.632303679633722,0.041625798930040564,21.76651654241396,1.9334500187290554e-05,22.030319282833517,0.048368639317960274,nan,nan
2013 YQ62,578231,MBO,MBO,21164719863116369,745205082349896209,14.66832,2.9981067,2.237147,271.7140625061139,-23.72655826097141,2025050200607,73,60798.245909948295,i,271.7140800497455,-23.72657192444279,20.913244247436523,8439.36,398.796,False,7980.3,7.01172,4842.27,325.375,False,-2740.71,55.0315,21.584226172035997,0.051305694579636345,21.644951981812508,0.00095395895441708,22.1873774916333,0.0729557451770057,nan,nan
2013 YQ62,578231,MBO,MBO,21164719863116369,745205082494601101,14.668201,2.9981067,2.2371418,271.71403465574514,-23.726554620664345,2025050200608,93,60798.24641555466,i,271.71403091424315,-23.726560707363404,23.869050979614258,7542.62,308.68,False,6999.92,3.70272,5388.04,249.53,False,-1761.9,66.2669,21.706194412257197,0.04443350434272422,21.787267320566762,0.0005743175815597495,22.071422964128708,0.05028243143773561,nan,nan
2013 YQ62,578231,MBO,MBO,21164719863116369,745205082656605102,14.668082,2.9981067,2.2371364,271.71400652275025,-23.72655094107024,2025050200609,146,60798.246926634034,i,271.71400640575627,-23.72656273592172,25.411376953125,8069.08,314.609,False,6869.89,0.874787,5045.85,270.123,False,-2159.12,42.4287,21.6329399363568,0.042332259424636504,21.807625520305386,0.00013825372300495817,22.142664139167458,0.05812346775817077,nan,nan
2013 YQ62,578231,MBO,MBO,21164719863116369,745205082731578785,14.667968,2.9981065,2.237131,271.7139795939996,-23.726547416766884,2025050200610,33,60798.247415059144,i,271.7139673979277,-23.72655025807818,22.711488723754883,8284.44,361.102,False,7552.94,0.59954,5618.89,307.748,False,-2560.99,52.0813,21.604342051396486,0.04732504352044956,21.70470992165426,8.618396068708598e-05,22.02587364839919,0.05946603724892073,nan,nan
2013 YQ62,578231,MBO,MBO,21164719863116369,745205082928709882,14.667856,2.9981065,2.2371259,271.71395320933425,-23.7265439615611,2025050200611,153,60798.24789400512,i,271.7139593526143,-23.72656228012618,18.5560302734375,8322.79,444.35,False,7453.11,0.596318,5468.41,292.164,False,-2566.42,41.1514,21.599327653188965,0.057966966239295724,21.719156192407684,8.686897967421573e-05,22.055347296930393,0.05800827389562875,nan,nan
2013 YQ62,578231,MBO,MBO,21164719863116369,745205083000537322,14.667739,2.9981065,2.2371204,271.71392555080104,-23.72654033728631,2025050200612,34,60798.248396563904,i,271.71393781638085,-23.72655216013654,22.11115074157715,7827.87,350.587,False,7098.31,1.66526,4184.46,276.519,False,-2239.97,32.0926,21.665890972307935,0.048626893294821893,21.77211258580322,0.00025471316567812416,22.345901458345622,0.07174801669148664,nan,nan
2013 YQ62,578231,MBO,MBO,21164719863116369,745205083164117359,14.667626,2.9981065,2.2371154,271.71389904265584,-23.726536861585828,2025050200613,90,60798.24887724254,i,271.7138908541864,-23.72653878732576,20.728063583374023,7911.66,376.413,False,6681.71,1.2699,4732.69,275.794,False,-2252.18,58.348,21.654330940103023,0.051656063060558546,21.837780950260964,0.0002063508257253785,22.212229867684442,0.06327047439282905,nan,nan
2013 YQ62,578231,MBO,MBO,21164719863116369,745205083327693106,14.667508,2.9981065,2.23711,271.71387103944846,-23.726533187542145,2025050200614,146,60798.249385443574,i,271.71385440353083,-23.72656274520456,23.073177337646484,7662.9,327.464,False,6664.22,0.421528,4749.14,262.649,False,-2186.14,44.009,21.689017118590236,0.04639751444267072,21.840626650960214,6.867543519217329e-05,22.20846253787601,0.06004613591517206,nan,nan
2013 YQ62,578231,MBO,MBO,21164719863116369,745205083401618450,14.667395,2.9981065,2.2371047,271.7138441319405,-23.7265296550082,2025050200615,31,60798.24987384433,i,271.713841423145,-23.72654554240533,17.57339096069336,8745.81,487.739,False,7681.23,2.85689,5050.05,319.93,False,-2824.45,50.0276,21.545499957845742,0.06054967254422545,21.686423079165998,0.00040381929377055435,22.141760846884388,0.068783396099119,nan,nan
2013 YQ62,578231,MBO,MBO,21164719863116369,745205083596129166,14.667275,2.9981065,2.2370992,271.7138160594625,-23.72652596717661,2025050200616,146,60798.25038252016,i,271.7138133807099,-23.726538788715253,22.906705856323242,7991.84,345.565,False,6914.04,3.72777,4096.83,270.311,False,-2256.83,40.2936,21.64338306986076,0.0469469410778276,21.800670274489974,0.0005853849452668576,22.368880121642068,0.07163744619231777,nan,nan
2013 YQ62,578231,MBO,MBO,21164719863116369,745205083670053785,14.667157,2.9981065,2.2370937,271.71378820048983,-23.72652230500677,2025050200617,31,60798.25088753547,i,271.71378292493023,-23.72653023023961,19.70078468322754,7513.01,375.316,False,7185.17,7.43311,5092.58,269.615,False,-2121.26,53.6343,21.71046511662871,0.05423847332493429,21.75890739197677,0.001123201954324162,22.132655333058388,0.057481817026380236,nan,nan
2013 YQ62,578231,MBO,MBO,21164719863116369,745205083835205465,14.66704,2.9981065,2.2370882,271.713760334443,-23.726518639520823,2025050200618,90,60798.251392176266,i,271.7137609882439,-23.72652960670835,20.361671447753906,7334.68,356.803,False,6656.94,1.47261,4792.11,237.422,False,-1756.58,79.9645,21.736547046379155,0.05281674668694432,21.841813403036745,0.0002401803235544951,22.19868308481592,0.05379210105352457,nan,nan
2013 YQ62,578231,MBO,MBO,21164719863116369,745205083998257795,14.666922,2.9981065,2.237083,271.71373251661595,-23.726514977989257,2025050200619,145,60798.25189675487,i,271.71373638584964,-23.72654275091721,23.384611129760742,7813.54,331.571,False,7060.63,0.178127,4243.51,278.821,False,-2435.28,29.7215,21.66788039510741,0.04607369425220459,21.77789138390471,2.7391173640245987e-05,22.33068698510151,0.07133860570756725,nan,nan
2013 YQ62,578231,MBO,MBO,21164719863116369,745205084250441724,14.666684,2.9981062,2.237072,271.7136763077554,-23.72650757216158,2025050200621,114,60798.252914809345,i,271.71366420984236,-23.726516240081853,20.780858993530273,7132.77,336.309,False,6573.29,6.04869,4459.96,254.505,False,-1940.35,60.5017,21.766854446557957,0.05119229218779408,21.855543011347855,0.0009990859241002104,22.276672600317156,0.0619569010739122,nan,nan
2013 YQ62,578231,MBO,MBO,21164719863116369,745205084340093125,14.666565,2.9981062,2.2370665,271.71364813752587,-23.72650385687976,2025050200622,29,60798.253424870025,i,271.7136395151556,-23.726515649111743,22.555631637573242,8288.67,364.867,False,7335.77,1.23389,5197.35,295.365,False,-2422.37,35.1014,21.603787887114947,0.0477940755666106,21.736385731245218,0.0001826228335383742,22.110545069421025,0.061702301651779624,nan,nan
2013 YQ62,578231,MBO,MBO,21164719863116369,745205084649424554,14.666327,2.9981062,2.2370555,271.7135919417418,-23.726496437977957,2025050200624,107,60798.254441514364,i,271.71359172932125,-23.72649937962449,23.21181297302246,7614.71,324.855,False,6802.99,0.379108,5145.82,263.552,False,-1909.78,43.9779,21.695866584977185,0.04631914393775966,21.818250381161015,6.050446636851201e-05,22.121363560625813,0.05560784483946378,nan,nan
2013 YQ62,578231,MBO,MBO,21164719863116369,745205084944074552,14.66609,2.9981062,2.2370446,271.71353571818725,-23.72648900546416,2025050200626,157,60798.25545830458,i,271.7135312266969,-23.726501072286116,22.988689422607422,7740.53,329.409,False,7107.38,2.04034,5614.82,260.867,False,-1812.38,53.2808,21.67807328469587,0.04620501227810193,21.770726178257544,0.0003116860202666817,22.026660438489852,0.050443782733019374,nan,nan
2013 YQ62,578231,MBO,MBO,21164719863116369,745205085016949075,14.665971,2.9981062,2.237039,271.7135075684204,-23.726485280427298,2025050200627,40,60798.25596735461,i,271.7134946711478,-23.72649667701899,21.60523796081543,7819.26,360.947,False,6954.19,2.69849,4909.07,282.104,False,-2234.11,36.8537,21.667085897056527,0.050118966224142636,21.794383628761587,0.0004213068972908904,22.17250197665741,0.06239278346320705,nan,nan
2013 YQ62,578231,MBO,MBO,21164719863116369,745205085180003130,14.6658535,2.9981062,2.2370338,271.7134796330587,-23.72648158127275,2025050200628,95,60798.256472027206,i,271.71346260519016,-23.726493920992095,26.197166442871094,7898.04,299.568,False,7395.02,0.584715,5678.12,256.939,False,-1868.72,43.7986,21.65620167235212,0.04118133288212172,21.72765161489788,8.584780741269846e-05,22.014488561191513,0.049130339605452746,nan,nan
2013 YQ62,578231,MBO,MBO,21164719863116369,745205085346727485,14.665736,2.9981062,2.2370284,271.7134519123427,-23.726477908081648,2025050200629,157,60798.25697328927,i,271.7134498011299,-23.726483547159933,21.89368438720703,8241.78,374.384,False,7554.27,0.610073,5762.86,282.266,False,-2123.25,55.8066,21.60994741996222,0.049319716458350385,21.70451873956532,8.768263641418072e-05,21.998404852809422,0.0531795693978856,nan,nan
2013 YQ62,578231,MBO,MBO,21164719863116369,745205085610967320,14.665498,2.9981062,2.2370174,271.71339550994355,-23.72647042676799,2025050200631,149,60798.25799239427,i,271.7133957371338,-23.726481931399928,19.640106201171875,8246.05,410.539,False,7402.24,3.62617,5115.48,278.064,False,-2187.34,44.6188,21.609385116161526,0.054054616199656055,21.72659206074399,0.000531874654436447,22.12778402653682,0.05901775554907478,nan,nan
2013 YQ62,578231,MBO,MBO,21164719863116369,745205086284153772,14.66488,2.998106,2.236989,271.7132489262066,-23.72645093559025,2025050200636,153,60798.26063821534,i,271.71325847820674,-23.72647975315708,19.75050163269043,7521.66,376.07,False,7270.0,9.34861,4287.22,306.381,False,-2699.54,43.2114,21.70921573192362,0.054284933644107594,21.746163972852404,0.0013961656477292268,22.319560520500772,0.07759082586586177,nan,nan
2013 YQ62,578231,MBO,MBO,21164719863116369,745205086521132731,14.664649,2.998106,2.2369785,271.7131941468222,-23.72644363361485,2025050200638,93,60798.26162603854,i,271.7131936662823,-23.72644582996847,21.677385330200195,7357.06,339.314,False,6544.62,2.51904,4242.91,272.221,False,-2149.34,46.4052,21.733239246563116,0.05007509611323521,21.860288892568132,0.0004179024904767778,22.3308404108368,0.06965978385673517,nan,nan
2013 YQ62,578231,MBO,MBO,21164719863116369,745205086683137030,14.664529,2.998106,2.236973,271.71316563847665,-23.726439829609536,2025050200639,146,60798.262140259765,i,271.71291004858153,-23.72642768430329,21.634597778320312,2143.75,313.402,False,6434.52,2.35799,418.639,259.698,False,-1316.39,49.6456,23.072064656532884,0.15872742007743146,21.878709608939985,0.0003978781842981827,24.845400769529757,0.6735242385091323,nan,nan
2013 YQ62,578231,MBO,MBO,21164719863116369,745205086758110584,14.664411,2.998106,2.2369676,271.71313745639776,-23.726436066502657,2025050200640,33,60798.26264806255,i,271.71314188039054,-23.72644987040807,20.306743621826172,6786.37,330.093,False,6368.59,2.14469,4506.88,261.959,False,-1862.85,46.6349,21.820906145889914,0.05281084008087124,21.889891800195947,0.00036563315868024334,22.265310041436088,0.06310760304846552,nan,nan
2013 YQ62,578231,MBO,MBO,21164719863116369,745205086955241947,14.664291,2.998106,2.236962,271.7131092123876,-23.726432292487747,2025050200641,153,60798.26315710985,i,271.7131067749709,-23.726445942166347,18.45887565612793,7392.5,401.034,False,6290.39,7.31151,5140.37,265.697,False,-2012.77,69.4445,21.72802166700461,0.05889984841771515,21.903306045778802,0.0012619839214026852,22.122514024464508,0.056119858300355645,nan,nan
2013 YQ62,578231,MBO,MBO,21164719863116369,745205087027069072,14.664173,2.998106,2.2369566,271.7130810729499,-23.7264285298117,2025050200642,34,60798.2636641799,i,271.7130997057085,-23.726440386905747,18.974720001220703,7001.6,369.065,False,6437.69,18.6193,3752.71,289.597,False,-2243.05,30.5682,21.787006744903223,0.0572308085967259,21.87817486020205,0.003140202342105438,22.464137499993097,0.08378636626005244,nan,nan
2013 YQ62,578231,MBO,MBO,21164719863116369,745205087190649329,14.664061,2.9981058,2.2369516,271.71305437066286,-23.726424956866268,2025050200643,90,60798.26414586094,i,271.7130579766689,-23.72642983142272,21.222238540649414,7132.6,334.289,False,6552.41,9.57459,4824.51,246.759,False,-1557.29,70.0348,21.766880312039213,0.05088602568116616,21.85899731298597,0.0015865122095417832,22.191367025438076,0.05553210503886278,nan,nan
2013 YQ62,578231,MBO,MBO,21164719863116369,745205087354224994,14.663948,2.9981058,2.2369463,271.71302760715525,-23.72642137333941,2025050200644,146,60798.26462777427,i,271.7130499254814,-23.726446426329268,21.064287185668945,7141.58,328.853,False,6140.32,10.5592,4860.11,275.547,False,-1930.23,54.0779,21.765514224308898,0.04999560332468144,21.929522519103102,0.0018670861409406589,22.183384783388746,0.06155649959518368,nan,nan
2013 YQ62,578231,MBO,MBO,21164719863116369,745205087428150190,14.663835,2.9981058,2.236941,271.7130007824156,-23.726417779206844,2025050200645,31,60798.26511040761,i,271.7130270386178,-23.72642740706344,13.241710662841797,6433.98,475.417,False,6494.91,8.61332,3647.51,319.361,False,-2371.22,51.7328,21.878800736882248,0.08022677135180878,21.868567130305223,0.001439864990107407,22.495008769024924,0.0950626018687196,nan,nan
2013 YQ62,578231,MBO,MBO,21164719863116369,745205087622661048,14.663718,2.9981058,2.2369359,271.7129731741685,-23.726414077571786,2025050200646,146,60798.265607206486,i,271.71298280537513,-23.7264181028356,19.29376792907715,6698.9,343.801,False,6070.85,6.82804,4226.18,270.48,False,-1717.69,46.1252,21.83499127890803,0.05572216226651367,21.94187622664832,0.0012211552335856487,22.335129978763252,0.06948826798113153,nan,nan
2013 YQ62,578231,MBO,MBO,21164719863116369,745205087696585587,14.663605,2.9981058,2.2369306,271.7129461156248,-23.72641044714862,2025050200647,31,60798.266094455204,i,271.7129520127403,-23.726415718431692,18.079153060913086,6227.26,334.43,False,5562.11,4.62294,4842.86,229.839,False,-996.002,83.7096,21.914257544053452,0.05830859232971935,22.036901092911222,0.0009024081729270846,22.187245244627203,0.05152833976495949,nan,nan
2013 YQ62,578231,MBO,MBO,21164719863116369,745205087861737209,14.663485,2.9981058,2.2369251,271.7129174950999,-23.72640660446464,2025050200648,90,60798.266609027836,i,271.7129391770775,-23.726416297829882,18.264171600341797,6393.0,350.151,False,5467.57,4.50439,5175.17,244.937,False,-1146.34,110.132,21.885738238915337,0.05946685732716299,22.055514155120292,0.0008944703411442558,22.115188464957253,0.05138709819308552,nan,nan
2013 YQ62,578231,MBO,MBO,21164719863116369,745205088024790071,14.663367,2.9981058,2.2369196,271.71288964646084,-23.726402862753645,2025050200649,145,60798.26711059436,i,271.7129001242036,-23.726418217670815,20.062753677368164,6142.58,302.412,False,5547.13,10.9767,4528.44,247.236,False,-1055.8,200.751,21.929122932760272,0.05345305054122786,22.039829163124985,0.0021484624778923306,22.260128469322108,0.059277162019505676,nan,nan
2013 YQ62,578231,MBO,MBO,21164719863116369,745205088276974217,14.663128,2.9981058,2.2369087,271.7128328188923,-23.72639521928776,2025050200651,114,60798.2681327575,i,271.71283423749003,-23.726414517049278,15.54827880859375,5902.35,373.839,False,4815.6,3.77851,5045.78,243.144,False,-671.872,342.577,21.97243758478124,0.0687676126749185,22.193373963528536,0.0008519115220466102,22.142679268701098,0.05231901746841775,nan,nan
2013 YQ62,578231,MBO,MBO,21164719863116369,745205088366624909,14.663014,2.9981058,2.2369037,271.71280584214725,-23.72639158698356,2025050200652,29,60798.26861770671,i,271.71279505405346,-23.726408070821606,15.426412582397461,5186.8,332.476,False,4771.64,8.40239,3743.02,272.497,False,-1051.69,39.3379,22.112751285451445,0.06959613987816475,22.203330792497155,0.0019118747964784087,22.466944625141608,0.07904309010288847,nan,nan
2013 YQ62,578231,MBO,MBO,21164719863116369,745205088675956800,14.662773,2.9981055,2.2368925,271.7127484772502,-23.726383854751266,2025050200654,107,60798.269648646004,i,271.7127378616489,-23.726380987591273,16.914453506469727,5028.73,298.199,False,4645.83,0.0904939,4301.74,239.662,False,-607.83,84.5818,22.14635420839287,0.06438314591291865,22.23234169656449,2.114853635871585e-05,22.31588954634494,0.06048940635900763,nan,nan
2013 YQ62,578231,MBO,MBO,21164719863116369,745205089043480902,14.662413,2.9981055,2.236876,271.71266268972647,-23.726372270259567,2025050200657,40,60798.271189748884,i,271.712643424431,-23.726382065549885,16.060949325561523,5002.73,310.302,False,4325.19,2.97343,3708.84,249.406,False,-819.207,66.1052,22.15198234320978,0.06734445377718905,22.309987039172306,0.0007464089573712307,22.476904728786767,0.0730118106547028,nan,nan
2013 YQ62,578231,MBO,MBO,21164719863116369,745205089206535028,14.662301,2.9981055,2.236871,271.7126361239995,-23.726368677731,2025050200658,95,60798.27166606662,i,271.71262075355514,-23.726383885592796,18.574382781982422,5443.81,290.339,False,4925.64,2.91521,4270.48,250.342,False,-903.701,61.9534,22.06024259071791,0.057906420117001575,22.168843301353043,0.0006425863365937649,22.323808274291046,0.06364749841838965,nan,nan
2013 YQ62,578231,MBO,MBO,21164719863116369,745205089373260049,14.662185,2.9981055,2.2368655,271.71260827173853,-23.726364908584426,2025050200659,157,60798.27216639025,i,271.7125695385009,-23.726371790557568,15.425058364868164,5791.5,367.031,False,5495.6,4.72672,5410.9,243.62,False,-986.978,276.075,21.99302234830067,0.06880753713723846,22.04996219355577,0.0009338326636761088,22.06682625030154,0.04888411422786753,nan,nan
2013 YQ62,578231,MBO,MBO,21164719863116369,745205089444562356,14.662062,2.9981055,2.23686,271.7125790764774,-23.726360954787964,2025050200660,37,60798.27269004357,i,271.7125657081245,-23.7263689008809,16.315563201904297,5633.58,341.488,False,4896.43,9.49449,4029.34,237.9,False,-982.877,259.181,22.023038820137153,0.06581354788708302,22.17530108563196,0.0021053115862229017,22.386915188403584,0.06410395520135169,nan,nan
2013 YQ62,578231,MBO,MBO,21164719863116369,745205089637499266,14.6619425,2.9981055,2.2368546,271.71255059950334,-23.726357095392878,2025050200661,149,60798.273201278425,i,271.71253577264844,-23.7263698010226,14.019847869873047,5329.24,372.901,False,4520.37,16.4124,3752.51,241.014,False,-1231.01,74.4781,22.083336754890396,0.07597182707945288,22.262065011825797,0.003942052455065257,22.464195351522402,0.06973402687529713,nan,nan
2013 YQ62,578231,MBO,MBO,21164719863116369,745205089875001842,14.661701,2.9981055,2.2368433,271.7124932377078,-23.72634931268266,2025050200663,90,60798.274230302864,i,271.712474060349,-23.726363776318852,19.76192283630371,6099.45,303.547,False,5523.0,0.979308,3940.01,258.685,False,-1647.19,51.4933,21.936773276367866,0.05403306101558597,22.044562391940808,0.00019251677732051468,22.41125668707283,0.071285013688034,nan,nan
2013 YQ62,578231,MBO,MBO,21164719863116369,745205090310686137,14.661334,2.9981053,2.2368267,271.7124056165739,-23.726337402034467,2025050200666,153,60798.27580196324,i,271.7123788666136,-23.72633183189556,14.927573204040527,5723.06,376.441,False,6078.38,12.9111,3070.38,281.091,False,-2477.38,60.9641,22.005929241301455,0.07141557642391812,21.940530402852392,0.0023062147158148263,22.682019720262506,0.09939834512044872,nan,nan
2013 YQ62,578231,MBO,MBO,21164719863116369,745205090444903036,14.66052,2.9981053,2.2367895,271.7122113873332,-23.72631090215644,2025050200667,153,60798.27928058784,g,271.7122062331909,-23.72632568571726,14.82272720336914,2506.14,167.151,False,2341.05,1.12344,2148.05,165.875,False,-352.175,5.01603,22.902486725933432,0.07241490946266398,22.976473253779012,0.0005210309416734539,23.06988900985595,0.0838418513863338,nan,nan
2013 YQ62,578231,MBO,MBO,21164719863116369,745205090516730912,14.660403,2.9981053,2.236784,271.71218356339057,-23.72630709484932,2025050200668,34,60798.27977884258,g,271.7121819711429,-23.726356775082973,11.789897918701172,2516.67,210.249,False,2857.07,3.37238,1897.09,208.219,False,-514.181,3.44601,22.897934353370452,0.09070515828989707,22.760197771524165,0.0012815629278922001,23.204780182619068,0.1191672005702919,nan,nan
2013 YQ62,578231,MBO,MBO,21164719863116369,745205090681881243,14.66029,2.9981053,2.236779,271.71215651662146,-23.726303391197888,2025050200669,93,60798.28026256796,g,271.7121551560339,-23.726330794011098,16.443191528320312,2587.71,156.992,False,2561.76,2.89439,2235.12,156.991,False,-305.93,4.60284,22.867711006081812,0.06586978664600303,22.87865389541315,0.0012267129305698898,23.026747831408457,0.07626024583406729,nan,nan
2013 YQ62,578231,MBO,MBO,21164719863116369,745205090843886405,14.660176,2.998105,2.2367737,271.7121294091139,-23.72629967656264,2025050200670,146,60798.2807476119,g,271.712125354063,-23.7263165345624,18.35040855407715,2745.29,149.645,False,2489.56,2.98332,2452.08,149.814,False,-276.221,5.46327,22.80352941427315,0.05918318162669618,22.90969348066026,0.0013010726617322251,22.926163377676126,0.06633489672475881,nan,nan
2013 YQ62,578231,MBO,MBO,21164719863116369,745205091186246719,14.659822,2.998105,2.2367575,271.7120449254825,-23.72628808228804,2025050200673,31,60798.282258945794,g,271.71203622103604,-23.72631039550205,16.063457489013672,2604.88,160.992,False,2353.74,2.23046,2240.17,158.774,False,-267.364,5.94205,22.8605307456275,0.06710284378218458,22.97060378474592,0.001028869419602795,23.02429759553312,0.07695250290794725,nan,nan
2013 YQ62,578231,MBO,MBO,21164719863116369,745205091351397578,14.659711,2.998105,2.2367525,271.7120182455734,-23.726284415390182,2025050200674,90,60798.28273546741,g,271.71200191169055,-23.726322051344123,16.543672561645508,2539.73,152.878,False,2353.61,2.57135,2238.21,150.551,False,-285.73,4.53964,22.888031135838016,0.06535544616229229,22.97066369890952,0.0011861811297164532,23.025247939515232,0.07303097950987403,nan,nan
2013 YQ62,578231,MBO,MBO,21164719863116369,745205091514974486,14.659598,2.998105,2.2367473,271.71199128133514,-23.726280706756107,2025050200675,146,60798.283217045726,g,271.71198898123976,-23.72630993571348,17.079673767089844,2639.02,153.355,False,2529.2,0.787547,2442.28,154.908,False,-303.237,5.00998,22.846393288054486,0.06309276542414867,22.89254208810801,0.0003380785619952283,22.93051135445245,0.06886566125015714,nan,nan
2013 YQ62,578231,MBO,MBO,21164719863116369,745205091588898974,14.659479,2.998105,2.2367418,271.7119628575508,-23.726276794478213,2025050200676,31,60798.28372583191,g,271.7119587522917,-23.72628612132868,15.502402305603027,2832.63,182.168,False,2655.59,2.69918,2660.97,179.703,False,-323.434,4.65218,22.76952541893455,0.0698242976794346,22.839597402614416,0.0011035578648497047,22.837400066187776,0.07332290801198435,nan,nan
2013 YQ62,578231,MBO,MBO,21164719863116369,745205091783410442,14.65936,2.998105,2.2367365,271.7119343725995,-23.72627287078914,2025050200677,146,60798.28423487743,g,271.7119265851698,-23.72628627461245,16.807374954223633,2660.15,155.993,False,2651.99,2.81124,2386.57,157.291,False,-310.578,4.64132,22.837734724280978,0.06366830813969972,22.84107029870189,0.0011509338322150619,22.95556452617005,0.07155730981643381,nan,nan
2013 YQ62,578231,MBO,MBO,21164719863116369,745205091857334402,14.659243,2.998105,2.236731,271.7119063303494,-23.726269005148005,2025050200678,31,60798.28473533153,g,271.71191112626593,-23.726312709036108,11.894196510314941,2280.77,191.559,False,2170.47,4.24048,2049.09,192.228,False,-370.862,4.38016,23.00479626103459,0.09118961846017559,23.05861554604229,0.002121219212989015,23.121097368743573,0.10185442648700466,nan,nan
2013 YQ62,578231,MBO,MBO,21164719863116369,745205092022485606,14.659121,2.998105,2.2367256,271.71187721938367,-23.72626498909865,2025050200679,90,60798.28525525569,g,271.7118644379953,-23.72627653445917,13.465984344482422,2138.39,157.063,False,2005.71,2.92572,1829.79,155.798,False,-314.672,4.57952,23.074782767512353,0.0797464437908834,23.144329671648222,0.0015837584522460741,23.243996852324088,0.0924453243945977,nan,nan
2013 YQ62,578231,MBO,MBO,21164719863116369,745205092185539238,14.659008,2.998105,2.2367203,271.7118503429782,-23.7262612785253,2025050200680,145,60798.28573578752,g,271.711827419385,-23.72629818065011,15.082303047180176,2404.71,159.288,False,2252.63,0.363594,2073.4,158.276,False,-317.767,4.36383,22.947343244130174,0.07191916917058282,23.018275397362196,0.0001752472378335703,23.10829231563909,0.08288125431583845,nan,nan
2013 YQ62,578231,MBO,MBO,21164719863116369,745205092458168491,14.658772,2.9981048,2.2367096,271.7117938879922,-23.72625347554578,2025050200682,153,60798.2867433915,g,271.711790414192,-23.726252619486385,14.188729286193848,2508.26,177.548,False,2338.69,3.37553,2161.29,177.895,False,-388.779,4.29689,22.90156861482511,0.07685419192511801,22.97756838055855,0.0015670889378053938,23.06321737026054,0.08936655575759471,nan,nan
2013 YQ62,578231,MBO,MBO,21164719863116369,745205092673651557,14.658535,2.9981048,2.2366989,271.7117371892653,-23.72624562687561,2025050200684,52,60798.2877551023,g,271.7117562178529,-23.726236117001505,14.622662544250488,2411.69,165.199,False,2324.62,2.66833,2038.72,165.95,False,-336.335,4.1194,22.944196319886952,0.07437213954285145,22.984120020363957,0.0012462691929911959,23.12660605709741,0.0883779638476131,nan,nan
2013 YQ62,578231,MBO,MBO,21164719863116369,745205092857151582,14.658415,2.9981048,2.2366934,271.7117083281832,-23.726241627067957,2025050200685,146,60798.28827062243,g,271.7116873243566,-23.7262538847492,13.912612915039062,2275.29,162.523,False,2011.73,5.65243,1869.88,156.438,False,-299.024,5.0889,23.00740808615936,0.07755367304496685,23.14107577954485,0.0030506320519658775,23.220465655970695,0.09083492192010767,nan,nan
2013 YQ62,578231,MBO,MBO,21164719863116369,745205093132927366,14.658171,2.9981048,2.2366822,271.71165008644897,-23.72623354588607,2025050200687,160,60798.28930930965,g,271.7116385701585,-23.72626429800587,11.92733097076416,2086.93,173.739,False,2026.17,7.52207,1925.27,174.462,False,-306.3,4.65632,23.10123033015461,0.0903886220114773,23.13331027447761,0.004030749385150067,23.188770879974918,0.09838605178991697,nan,nan
2013 YQ62,578231,MBO,MBO,21164719863116369,745205093204230173,14.65805,2.9981048,2.2366767,271.7116210982053,-23.72622951891761,2025050200688,40,60798.28982683146,g,271.71158927659826,-23.72625313700503,11.876134872436523,2008.39,165.185,False,1902.71,2.71598,1575.69,167.847,False,-327.934,5.29455,23.142879866314658,0.08929905597227471,23.201568520565175,0.0015498094483268464,23.406323093359966,0.11565572648761914,nan,nan
2013 YQ62,578231,MBO,MBO,21164719863116369,745205093367284169,14.657931,2.9981048,2.2366712,271.71159277803315,-23.72622558167935,2025050200689,95,60798.29033126807,g,271.71156809998456,-23.726225964667297,10.606833457946777,1980.33,185.364,False,1831.49,2.62159,1574.35,185.621,False,-399.07,3.15355,23.158156107483507,0.1016277128568862,23.242988626429597,0.0015541199147240667,23.40724679561793,0.1280118433476347,nan,nan
2013 YQ62,578231,MBO,MBO,21164719863116369,745205093535056228,14.657812,2.9981048,2.2366657,271.7115642287733,-23.72622160950762,2025050200690,159,60798.29084019125,g,271.7115437030436,-23.72623308455371,9.54101848602295,2477.55,256.998,False,3255.74,18.7768,945.419,256.145,False,-629.631,2.54139,22.914943908998406,0.11262416995701736,22.618375715012505,0.0062617567126478195,23.960939177631587,0.29416151608152646,nan,nan
2013 YQ62,578231,MBO,MBO,21164719863116369,745205093605310867,14.657692,2.9981048,2.2366602,271.71153533819137,-23.72621758668727,2025050200691,37,60798.2913556315,g,271.7115178906278,-23.726229761695503,6.995785713195801,1632.31,233.484,False,1800.81,9.23653,766.651,233.882,False,-590.176,2.70047,23.36799335790998,0.15530261770593082,23.261330230520336,0.005568846813961506,24.18850573238217,0.33122523655013764,nan,nan
2013 YQ62,578231,MBO,MBO,21164719863116369,745205094035751118,14.657332,2.9981046,2.236644,271.7114492551677,-23.726205581293595,2025050200694,90,60798.29288904932,g,271.7114383764247,-23.72620644742118,9.688467979431152,1789.42,183.557,False,1810.76,3.99346,1309.78,178.899,False,-357.581,3.15573,23.26821925568721,0.11137378763200192,23.255347763421163,0.00239448851072395,23.607004089265462,0.14829751500518065,nan,nan
2013 YQ62,578231,MBO,MBO,21164719863116369,745205094200377458,14.657215,2.9981046,2.2366385,271.71142107549235,-23.72620164509968,2025050200695,148,60798.2933918022,g,271.71139323318005,-23.72619589033007,9.485220909118652,1710.4,178.371,False,1705.02,6.66456,1478.75,178.549,False,-351.869,3.74667,23.31725576484056,0.11322722883549258,23.32067629340758,0.004243911405984252,23.47526310591003,0.13109525562107593,nan,nan
2013 YQ62,578231,MBO,MBO,21164719863116369,745205094469337294,14.656957,2.9981046,2.2366269,271.7113592555031,-23.72619299924696,2025050200697,149,60798.29449258432,g,271.7113665851531,-23.72617371810139,9.48820686340332,1926.61,203.685,False,2175.99,18.3399,1191.73,203.021,False,-435.909,2.75425,23.18801548289033,0.11478616735970146,23.055857766915313,0.009150911766043492,23.70955533732122,0.18496408531934494,nan,nan
2013 YQ62,578231,MBO,MBO,21164719863116369,745209472589234592,14.444981,2.9980643,2.2269526,271.663313803635,-23.718283386835285,2025050300549,30,60799.21278277699,u,271.66310465845316,-23.718095585393108,5.268387794494629,2176.04,432.678,False,3558.13,206.755,3013.77,437.575,False,518.605,12.6597,23.05583279474171,0.21588489686633047,22.521945507156914,0.06308971333524607,22.70222472930638,0.157640108558963,24.61290829190303,0.026503978126823733
2013 YQ62,578231,MBO,MBO,21164719863116369,745209479993753668,14.436606,2.9980626,2.2265809,271.6611749974016,-23.718034817836752,2025050300604,73,60799.247855600566,g,271.6611780899213,-23.718060186498516,14.710870742797852,2706.26,181.863,False,2556.13,5.34486,3519.07,182.247,False,-60.7937,6.3152,22.819076199887633,0.07296240932148303,22.88104270613968,0.0022702712150433364,22.533930214555326,0.05622853645154415,nan,nan
2013 YQ62,578231,MBO,MBO,21164719863116369,745209480300462471,14.436358,2.9980626,2.2265701,271.6611113792718,-23.718027257513924,2025050300606,146,60799.248889826464,g,271.66111397284783,-23.718028089818027,18.74698257446289,2582.57,136.901,False,2513.98,1.52486,2636.03,135.352,False,-77.3945,6.27073,22.86986971673864,0.05755443968353091,22.899095462614184,0.0006585556562098924,22.847624116564905,0.055749202621793906,nan,nan
2013 YQ62,578231,MBO,MBO,21164719863116369,745209480375436255,14.436236,2.9980626,2.2265646,271.6610799284887,-23.718023516056405,2025050300607,33,60799.249400301065,g,271.661058952497,-23.718045657445725,15.811347007751465,2854.48,179.069,False,2909.6,6.43366,2507.01,177.948,False,19.8476,4.53449,22.761182496288928,0.06811107383663581,22.740416743442296,0.0024007620943164464,22.90210983006527,0.07706574097874597,28.15572995182867,0.24805315748537685
2013 YQ62,578231,MBO,MBO,21164719863116369,745209480568897679,14.436112,2.9980626,2.2265592,271.6610480395516,-23.7180197198467,2025050300608,146,60799.2499180488,g,271.6610653982454,-23.718039721722967,19.53082275390625,3045.73,157.93,False,2615.83,1.79173,9109.69,169.344,False,98.8498,7.23601,22.69077150429777,0.05629859244413122,22.855976176987046,0.0007436821667656542,21.501240953001872,0.020183222132075494,26.41256051140615,0.07947813862317242
2013 YQ62,578231,MBO,MBO,21164719863116369,745209480807974195,14.43587,2.9980626,2.2265484,271.66098577967813,-23.718012300477334,2025050300610,90,60799.250929194866,g,271.6609922804207,-23.7180260257115,19.55713653564453,2720.46,137.439,False,2573.86,2.22965,2721.76,139.571,False,32.923,7.07345,22.81339415387678,0.05485193509628234,22.87353765312235,0.0009405374224977839,22.812875428020384,0.05567621184925591,27.60625148393345,0.23326855922389814
2013 YQ62,578231,MBO,MBO,21164719863116369,745209480971550770,14.435751,2.9980626,2.2265432,271.6609549166062,-23.71800861882276,2025050300611,146,60799.251430186465,g,271.6606670432472,-23.718036907803825,17.91400146484375,442.974,134.026,False,2330.9,2.16002,1226.58,135.584,False,404.317,9.55804,24.78405441137258,0.3284998260846075,22.981190940815857,0.0010061401767284366,23.67826034134773,0.12001537809391237,24.88319503197634,0.02566676659211733
2013 YQ62,578231,MBO,MBO,21164719863116369,745209481044951996,14.43563,2.9980626,2.226538,271.6609238618836,-23.71800491177246,2025050300612,30,60799.2519349748,g,271.6609488482912,-23.71801702346193,14.05403995513916,2350.99,164.246,False,2409.96,7.58462,2315.8,166.148,False,103.838,7.17114,22.971873049896317,0.07585222898144994,22.94497543182875,0.003417026284938547,22.988247353120748,0.07789657557242745,26.35910924007878,0.07498186338498702
2013 YQ62,578231,MBO,MBO,21164719863116369,745209481239986601,14.435515,2.9980624,2.2265327,271.6608944029029,-23.71800139285216,2025050300613,146,60799.25241213998,g,271.66090025438604,-23.718011803950386,21.575632095336914,2747.04,126.437,False,2510.4,1.38956,3042.13,127.187,False,152.533,25.3729,22.80283752635105,0.04997277896404615,22.900642726628718,0.0006009781876299064,22.692055619540064,0.04539304110952544,25.94159043612744,0.18060534638296147
2013 YQ62,578231,MBO,MBO,21164719863116369,745209481475392414,14.435274,2.9980624,2.2265222,271.6608321368845,-23.71799394750216,2025050300615,83,60799.253422270835,g,271.66084447665185,-23.71800830581772,19.90693473815918,2765.09,135.945,False,2621.93,4.57931,2946.98,133.145,False,222.788,13.4428,22.79572678654339,0.05337996651697223,22.853447296401676,0.0018962835486312222,22.726557036012686,0.04905372706274466,25.530270540398945,0.06551221139532805
2013 YQ62,578231,MBO,MBO,21164719863116369,745209481642115412,14.435153,2.9980624,2.2265167,271.66080099369333,-23.71799021973393,2025050300616,145,60799.25392776825,g,271.6608112852656,-23.718006539640825,17.533639907836914,2229.51,125.292,False,2066.33,1.16008,2519.52,126.871,False,255.276,19.181,23.029476433677033,0.061015227458903296,23.112000756341416,0.0006095545053700755,22.896705466224084,0.05467249291599088,25.382475030491936,0.08158035145773615
2013 YQ62,578231,MBO,MBO,21164719863116369,745209481894298707,14.434912,2.9980624,2.2265062,271.66073893402,-23.717982783589445,2025050300618,114,60799.25493321822,g,271.6607262763581,-23.718012129369605,20.57209587097168,2666.17,126.063,False,2775.52,2.76834,2958.11,124.02,False,277.068,16.2738,22.835280438335957,0.05133625051463981,22.791639089502077,0.0010829275466239675,22.722464161585002,0.045519941983063965,25.29353410231711,0.06377154406959808
2013 YQ62,578231,MBO,MBO,21164719863116369,745209482130228078,14.434671,2.9980624,2.2264955,271.6606768478413,-23.71797533389781,2025050300620,52,60799.25593967097,g,271.6606737639502,-23.71799073395419,19.38580322265625,2592.96,131.774,False,2492.77,2.785,2923.51,129.208,False,364.721,15.3017,22.86551047328888,0.05517702049174102,22.90829446805641,0.0012130182085587978,22.735238537123152,0.04798539939698354,24.995098050405367,0.0455515556098925
2013 YQ62,578231,MBO,MBO,21164719863116369,745209482293281688,14.434552,2.9980624,2.2264903,271.66064622709223,-23.717971655890054,2025050300621,107,60799.25643550264,g,271.66063718578766,-23.717993387207223,19.9907169342041,2750.15,137.356,False,2442.73,3.02376,3293.81,137.748,False,481.254,11.4135,22.801609083618494,0.054227002339761445,22.930311343284373,0.0013439904614814628,22.605753621357543,0.0454057730304279,24.69406412440234,0.02574950036227893
2013 YQ62,578231,MBO,MBO,21164719863116369,745209482587931774,14.434312,2.9980621,2.2264798,271.6605842253793,-23.717964200759308,2025050300623,157,60799.25743949089,g,271.6605680885942,-23.717981851651516,19.54934310913086,2731.28,136.749,False,2524.81,2.73362,3327.69,136.414,False,471.712,14.0874,22.809084426926585,0.054360347889921196,22.89442822070233,0.0011755300626146304,22.59464286506497,0.04450823929939808,24.715807675793965,0.0324248704774379
2013 YQ62,578231,MBO,MBO,21164719863116369,745209482660806711,14.434191,2.9980621,2.2264743,271.6605530294636,-23.7179604457748,2025050300624,40,60799.257944623445,g,271.6605429566723,-23.71797120854703,21.71478271484375,2950.8,133.466,False,2754.07,1.05062,3890.36,131.989,False,521.499,18.0208,22.72515054506801,0.04910833320367124,22.800062536818352,0.0004141855869737656,22.425025491912066,0.03683598182426831,24.606866251248476,0.03751844917261888
2013 YQ62,578231,MBO,MBO,21164719863116369,745209482823860566,14.434072,2.9980621,2.226469,271.66052225965075,-23.71795673946916,2025050300625,95,60799.25844262299,g,271.6605059513355,-23.717974631756935,22.262962341308594,2701.48,119.809,False,2418.72,1.43135,3240.52,119.858,False,453.85,19.287,22.820995616216244,0.0481517419496054,22.941036023822647,0.000642516921195902,22.62346322796258,0.04015842244487363,24.757719135945123,0.04613990219662063
2013 YQ62,578231,MBO,MBO,21164719863116369,745209482990060431,14.433949,2.9980621,2.2264638,271.6604907418426,-23.71795294037053,2025050300626,156,60799.25895284065,g,271.6604756670301,-23.71797385673981,19.14012908935547,2736.6,140.587,False,2510.22,0.981102,3250.56,143.554,False,598.973,8.70121,22.80697165469378,0.05577738670904917,22.90072054900987,0.0004243524325596056,22.62010451339759,0.047949206677027276,24.456481844110996,0.015772361010926998
2013 YQ62,578231,MBO,MBO,21164719863116369,745209483061887535,14.433828,2.9980621,2.2264583,271.6604595265805,-23.717949175044254,2025050300627,37,60799.25945740602,g,271.6604425780293,-23.717973903825346,18.78242301940918,2761.64,143.481,False,2613.68,0.298038,3267.67,142.903,False,650.105,6.1894,22.79708238106823,0.05640942537870216,22.85686899180557,0.00012380653400019979,22.6144045486081,0.0474818339812567,24.367541267020165,0.010336878012795345
2013 YQ62,578231,MBO,MBO,21164719863116369,745209483254825019,14.433705,2.9980621,2.226453,271.6604278102547,-23.717945346521844,2025050300628,149,60799.25997045313,g,271.6604087158879,-23.71796915893442,20.519208908081055,3126.57,150.968,False,2728.96,1.23267,4017.28,151.889,False,910.079,8.03028,22.662329585169097,0.0524253166551046,22.810007090535287,0.0004904265404700223,22.39016973549554,0.041050510150922426,24.002302291534484,0.009580229902834761
2013 YQ62,578231,MBO,MBO,21164719863116369,745209483492327495,14.43346,2.9980621,2.226442,271.66036454344845,-23.717937701169244,2025050300630,90,60799.26099359641,g,271.66034495345775,-23.717953153092814,22.375022888183594,2932.62,129.692,False,2745.92,1.8634,3296.33,130.282,False,568.524,14.209,22.731860476451065,0.04801552730956259,22.80328033016158,0.0007367879918044909,22.604923266761627,0.04291192882921831,24.513128017756184,0.02713557509189442
2013 YQ62,578231,MBO,MBO,21164719863116369,745209483655382156,14.433337,2.9980621,2.2264366,271.66033262188466,-23.717933839444445,2025050300631,145,60799.261509013304,g,271.660307932456,-23.717947524613475,22.29627799987793,2886.37,128.773,False,2739.49,0.676944,3384.17,126.516,False,439.419,15.1313,22.74911995099788,0.04843921506420369,22.805825705214914,0.00026829177362092707,22.57636959703174,0.0405898650461322,24.792802905786203,0.037387095159553
2013 YQ62,578231,MBO,MBO,21164719863116369,745209484669354933,14.432346,2.998062,2.2263932,271.6600767680148,-23.71790278396189,2025050300639,31,60799.265641146434,g,271.66005473900066,-23.717906173208966,24.027938842773438,3785.25,157.274,False,3657.96,1.58119,4370.8,151.571,False,912.118,6.52628,22.454763579686535,0.04511143996307899,22.491902631265372,0.00046932039637512555,22.29859771250535,0.037651260345337945,23.999872456907415,0.007768532740617009
2013 YQ62,578231,MBO,MBO,21164719863116369,745209485668647321,14.431505,2.9980617,2.226356,271.6598591101189,-23.717876217828515,2025050300646,145,60799.26915117627,g,271.6597609848116,-23.717988029392366,16.862226486206055,2691.13,137.921,False,nan,nan,6011.98,138.302,False,3370.59,5.99137,22.82516335311241,0.055644222061479016,nan,nan,21.952456185642973,0.024976711698785382,22.58073515176771,0.0019299432365939245
2013 YQ62,578231,MBO,MBO,21164719863116369,745209486319813612,14.4309025,2.9980617,2.2263296,271.6597031034402,-23.717857092012128,2025050300651,107,60799.271664536915,g,271.65971751037875,-23.718014801116386,12.233613967895508,2558.7,140.951,False,nan,nan,9063.75,140.626,False,6586.28,6.94543,22.879951597894877,0.059809907801212314,nan,nan,21.506730204661576,0.01684542790979604,21.853399561008125,0.0011449414296927627
2013 YQ62,578231,MBO,MBO,21164719863116369,745209486687338511,14.430542,2.9980617,2.2263138,271.65960972999176,-23.71784561062495,2025050300654,40,60799.273167452455,g,271.65974901355554,-23.717993374989046,10.035975456237793,1951.68,141.486,False,nan,nan,7215.5,140.212,False,5044.85,6.2796,23.173978440926128,0.07870986033652366,nan,nan,21.75433392243899,0.02109808756679511,22.142879334582503,0.001351475087494999
2013 YQ62,578231,MBO,MBO,21164719863116369,745209487518859316,14.429824,2.9980614,2.2262821,271.65942345757844,-23.71782262892817,2025050300660,90,60799.276163707545,g,271.6594273122585,-23.71783407464324,22.24252700805664,3269.45,143.976,False,nan,nan,19317.7,141.928,False,16147.3,13.8248,22.613813266104966,0.047812309684420067,nan,nan,20.685111500715266,0.007976952097897862,20.879750227909312,0.0009295724711324254
2013 YQ62,578231,MBO,MBO,21164719863116369,745209487681914011,14.429702,2.9980614,2.2262769,271.6593917298698,-23.717818704126383,2025050300661,145,60799.276673050306,g,271.65938640168406,-23.717827185946774,22.90485191345215,3624.09,155.832,False,3599.58,2.77997,24264.0,149.991,False,20707.9,9.03245,22.502002537844366,0.04668549648377063,22.50937040113055,0.0008385183650134474,20.43759400674348,0.0067116162286548426,20.609659831833376,0.0004735804932492154
2013 YQ62,578231,MBO,MBO,21164719863116369,745213868817515731,14.192352,2.9980152,2.215898,271.6000702013996,-23.709241341606926,2025050400535,146,60800.27716282783,g,271.60007236378226,-23.709240848561244,17.522310256958008,1889.86,105.347,False,1807.24,0.146543,2449.0,106.795,False,481.938,29.9792,23.208925925865408,0.06052250059885435,23.257460430006244,8.80386873648384e-05,22.927528037188214,0.047346343813434895,24.692522098800392,0.06753877887912978
2013 YQ62,578231,MBO,MBO,21164719863116369,745213868893013032,14.192235,2.9980152,2.215893,271.6000376112023,-23.7092376305602,2025050400536,34,60800.277637930594,g,271.60001589713687,-23.709250166667804,16.71010398864746,1977.74,116.012,False,1846.33,0.244475,2541.33,114.056,False,494.116,24.1207,23.1595770121667,0.06368806331211949,23.234226709942767,0.00014376377605207865,22.887347308450053,0.04872831332330764,24.665427713318728,0.05300115423163625
2013 YQ62,578231,MBO,MBO,21164719863116369,745213869058163164,14.19211,2.9980152,2.2158878,271.6000026145598,-23.709233642439862,2025050400537,93,60800.27814777821,g,271.5999810015711,-23.709246371856864,19.246610641479492,1838.15,95.3127,False,1737.69,0.468864,2183.07,95.9215,False,417.163,36.0304,23.239047614153556,0.05629815086516284,23.300069281958194,0.000292953651359946,23.052330812108877,0.047705956915101676,24.84923555962204,0.09377511798244546
2013 YQ62,578231,MBO,MBO,21164719863116369,745213869294093135,14.190488,2.9980147,2.2158196,271.59954946516064,-23.709181714540616,2025050400539,31,60800.28474414312,g,271.5995665685987,-23.70919584661158,16.783245086669922,1925.83,113.74,False,1849.22,0.756663,2550.21,113.265,False,719.667,26.0637,23.18845515544738,0.06412385123699887,23.23252856258287,0.0004442610686862668,22.88356015565746,0.048221876807367156,24.257171039861667,0.039321384370317125
2013 YQ62,578231,MBO,MBO,21164719863116369,745213869488079466,14.190353,2.9980147,2.2158139,271.5995117859322,-23.709177372415017,2025050400540,145,60800.28529242659,g,271.59921172151667,-23.70917400374568,18.393264770507812,-129.468,87.0665,False,1606.25,1.43843,435.644,84.5789,False,743.662,35.3131,nan,nan,23.385467148311577,0.0009722991293598138,24.802170626473973,0.2107922403073479,24.221561042871766,0.0515566354615044
2013 YQ62,578231,MBO,MBO,21164719863116369,745213870159168291,14.189747,2.9980147,2.2157884,271.5993420933464,-23.70915777030838,2025050400545,145,60800.28775939335,g,271.599337053568,-23.7091743933369,16.786035537719727,1780.54,107.043,False,1660.82,0.694462,2671.12,106.12,False,949.487,23.5679,23.27362063971401,0.06527258990025327,23.34919361991258,0.0004539941487038814,22.83326645454525,0.04313483631440467,23.956277443244147,0.02694983922041906
2013 YQ62,578231,MBO,MBO,21164719863116369,745213870428127396,14.189509,2.9980147,2.2157784,271.59927568639944,-23.70915007830363,2025050400547,146,60800.28872434353,g,271.59925663086375,-23.70916682704606,15.221402168273926,1685.42,109.572,False,1701.84,1.44807,2439.64,109.916,False,1022.44,21.8823,23.33322961378602,0.07058554117174845,23.322703204090523,0.0009238366186668694,22.931685684366244,0.04891696575501107,23.87590541826028,0.023236967128060903
2013 YQ62,578231,MBO,MBO,21164719863116369,745468923715518697,6.158047,2.9915178,2.0095603,261.00645453910266,-22.813187196833557,2025070100298,165,60858.07951076144,z,261.0064389635283,-22.81323619525568,5.067320346832275,9496.64,1837.76,False,11537.7,117.808,5437.72,1576.16,False,-3616.3,1376.52,21.456075102648654,0.2101082753611154,21.244701875702678,0.011086126973919308,22.06145785444734,0.314707992686025,nan,nan
2013 YQ62,578231,MBO,MBO,21164719863116369,745482084496180556,7.222858,2.9909923,2.0227058,260.4366911868968,-22.74794659437926,2025070400050,26,60860.99696541548,z,260.4366197564719,-22.74794147902933,5.460665702819824,4917.67,955.042,False,6352.39,18.1329,1417.98,573.872,False,-2013.75,553.985,22.170601562071283,0.21085670336876594,21.89265709311602,0.0030992344396330723,23.520824751573013,0.4394093188563438,nan,nan
2013 YQ62,578231,MBO,MBO,21164719863116369,745482085510677104,7.2240086,2.9909916,2.0227206,260.43607685871774,-22.747882514338716,2025070400057,169,60861.00012699053,z,260.4360560944376,-22.747903876313305,8.853757858276367,8685.03,972.126,False,9207.94,119.376,1966.51,677.98,False,-5821.14,259.723,21.553071658481485,0.12152777078599719,21.4895937475393,0.014075986435024371,23.165759596597432,0.37432172083571696,nan,nan
2013 YQ62,578231,MBO,MBO,21164719863116369,745508474161463722,9.312698,2.9898512,2.0564053,259.37683235899704,-22.61788206022052,2025071000060,110,60867.00534178404,z,259.3768303400963,-22.6179148154314,7.978423595428467,9747.64,1205.75,False,10278.5,24.5143,2819.14,953.343,False,-4956.64,319.491,21.427751335563748,0.13430189010905438,21.370175649454687,0.0025894889706605854,22.774708432113012,0.36716128648420787,nan,nan
2013 YQ62,578231,MBO,MBO,21164719863116369,745508479530172953,9.32062,2.9898465,2.0565498,259.37292030349886,-22.61742692228453,2025071000100,110,60867.0286405307,z,259.3729506291881,-22.617463383329234,8.691960334777832,10102.3,1165.14,False,9926.37,23.6105,2160.39,927.506,False,-5453.35,334.037,21.38894936782353,0.1252224465689729,21.408023839052795,0.00258249236370198,23.06366965810104,0.4661319827705503,nan,nan
2013 YQ62,578231,MBO,MBO,21164719863116369,745508479664390799,9.320775,2.9898465,2.0565526,259.3728434636632,-22.61741792533184,2025071000101,110,60867.02909764819,z,259.3728451441262,-22.617463635661952,7.91138219833374,9455.93,1174.69,False,9226.99,34.57,2046.14,981.123,False,-5696.1,359.024,21.46073941445556,0.13487868891791305,21.487349847588533,0.0040678378662758535,23.122661628528533,0.5206098993326919,nan,nan
2013 YQ62,578231,MBO,MBO,21164719863116369,745508485168889925,9.327747,2.9898424,2.0566804,259.36939650886103,-22.61701182598075,2025071000142,113,60867.04957719726,z,259.3694072602926,-22.61699172160405,6.574780464172363,7735.09,1142.02,False,8224.57,19.7972,9389.44,912.6,False,3084.65,417.787,21.67883659391662,0.16029968711553327,21.612216955568005,0.002613453975227386,21.468400722620196,0.10552735718117918,22.676985299585958,0.14705281712808613
2013 YQ62,578231,MBO,MBO,21164719863116369,745508485303107670,9.327902,2.9898424,2.056683,259.3693196917624,-22.61700271761456,2025071000143,113,60867.050033652005,z,259.36935736763155,-22.61694827470943,6.623165130615234,7522.0,1144.59,False,7445.92,45.801,15039.8,949.923,False,8335.8,458.846,21.70916667728405,0.1652117476062195,21.72020409692407,0.006678530391291281,20.956894861538164,0.06857576414569012,21.59763181019641,0.059764597914259025
2013 YQ62,578231,MBO,MBO,21164719863116369,745508486493242312,9.329628,2.9898415,2.0567148,259.3684657742056,-22.61690128755867,2025071000152,79,60867.055101284895,z,259.3684644711693,-22.616847679319996,5.092045783996582,5558.92,1093.31,False,5897.84,11.1884,12494.8,868.903,False,7817.98,390.342,22.037523955188856,0.2135390202277065,21.97326756230219,0.0020596780459829524,21.15817674468537,0.07550336753723053,21.66726361500472,0.05420945744227867
2013 YQ62,578231,MBO,MBO,21164719863116369,745508486761677661,9.329942,2.9898412,2.0567207,259.3683107296066,-22.61688283538305,2025071000154,79,60867.05602130094,z,259.3682528524812,-22.616973436707397,5.590827941894531,6053.21,1078.68,False,5439.67,9.65143,5607.89,833.681,False,757.385,417.568,21.945035654845604,0.19347783989356662,22.061068631019925,0.001926386576821519,22.028001257879964,0.16140788348566842,24.201708236817012,0.5985973874327325
2013 YQ62,578231,MBO,MBO,21164719863116369,745512896735217009,9.6476145,2.9896522,2.0628898,259.2159732076883,-22.596936682381383,2025071100243,44,60868.012078530344,r,259.21597557682117,-22.59695116941095,10.926451683044434,5723.33,515.265,False,5913.69,12.4656,9827.93,464.766,False,5040.9,135.232,22.005878016421363,0.09774761787499651,21.97035362388489,0.0022886477618954846,21.41884489819458,0.051344818231638716,22.143729815763564,0.0291269962615195
2013 YQ62,578231,MBO,MBO,21164719863116369,745512938910515268,9.707692,2.9896166,2.0640638,259.18676269186165,-22.59326974345639,2025071100557,103,60868.190901432215,i,259.18675072076644,-22.593272033928496,16.50699806213379,9267.63,559.614,False,9097.46,19.8843,6801.63,466.446,False,-1757.99,257.694,21.4825782969003,0.06556079634345258,21.502699617805035,0.002373091473970719,21.818467510773573,0.07445823047261478,nan,nan
2013 YQ62,578231,MBO,MBO,21164719863116369,745517308859908931,9.980613,2.9894493,2.0696626,259.0589281263221,-22.57614082724108,2025071200348,16,60869.02722469269,r,259.05891874084904,-22.57615735093703,18.121618270874023,7777.17,425.416,False,7815.43,5.52847,6747.38,382.37,False,124.208,24.5655,21.67294603031359,0.059390439164098405,21.66761778153156,0.0007680268320050682,21.827162095085725,0.061528023399043015,26.16462607635107,0.21473377705386312
2013 YQ62,578231,MBO,MBO,21164719863116369,745521665601438122,10.287297,2.9892576,2.0762155,258.9172490339509,-22.556907787692868,2025071300040,81,60869.97662785175,r,258.9172188657509,-22.556918443591886,13.132233619689941,3169.31,238.483,False,2908.25,3.99874,3456.91,194.392,False,644.185,109.274,22.647588177545487,0.08169905259750082,22.74092065808673,0.0014928485328313292,22.553279845317817,0.061054073095891045,24.3774734842355,0.1841749508937656
2013 YQ62,578231,MBO,MBO,21164719863116369,745521668420010471,10.29102,2.9892552,2.076294,258.91551054026024,-22.556698371431114,2025071300061,81,60869.9880691358,i,258.9155036129803,-22.556740400904705,15.252635955810547,7411.33,482.573,False,7445.71,2.12381,13846.6,398.982,False,7041.71,32.2434,21.72525961036431,0.07069540418455093,21.720234713074653,0.0003096947743773983,21.046642164368784,0.0312848792364821,21.780804667334728,0.004971495213750245
2013 YQ62,578231,MBO,MBO,21164719863116369,745521717533213525,10.353572,2.9892163,2.077635,258.88620614122664,-22.552926511915818,2025071300427,61,60870.17971628817,i,258.8862003694043,-22.55293496851941,18.071325302124023,7320.22,400.303,False,6876.06,3.42339,7449.72,312.454,False,1035.09,96.2677,21.738689634562725,0.05937300477650263,21.806650846613877,0.0005405564143434846,21.71965009377731,0.045537633791066706,23.862554753630466,0.10097801244553511
2013 YQ62,578231,MBO,MBO,21164719863116369,745548053899903708,12.122409,2.9880004,2.122097,258.1339270960734,-22.4441084368939,2025071900040,118,60875.975308193825,r,258.1337234683422,-22.444165502111954,13.808211326599121,4254.73,293.253,False,6776.56,109.31,68284.4,252.429,False,63905.9,175.372,22.327819991247814,0.07483327746831765,21.82247677074832,0.01751357928878394,19.31419628056534,0.004013673864455254,19.386147637834224,0.002979501546211572
2013 YQ62,578231,MBO,MBO,21164719863116369,745548056718475876,12.125806,2.987998,2.122191,258.1325581764481,-22.44392429053876,2025071900061,118,60875.98682353219,i,258.13255802909987,-22.443935761236126,17.83173942565918,5366.64,290.325,False,5048.78,2.22277,20359.0,242.553,False,14396.6,195.801,22.075743814035583,0.05873626121179573,22.14203392926108,0.000478004971522271,20.628108894073414,0.012935240773778401,21.004350183871814,0.014766558411674614
2013 YQ62,578231,MBO,MBO,21164719863116369,745561284579164868,13.032983,2.987291,2.1498628,257.7964757928088,-22.390323504444467,2025072200312,180,60879.20531477607,g,257.7964631992995,-22.390316737798535,18.353967666625977,3855.19,205.822,False,3833.36,2.36781,4173.03,188.971,False,13.177,123.531,22.434885549562733,0.05796560151159702,22.441050952568403,0.000670643243210137,22.348871288710278,0.04916635139404001,28.600458631385155,10.178498650851294
