provid,permid,orbit_class,population,ssObjectId,diaSourceId,phaseAngle,helioRange,topoRange,ephRa,ephDec,visit,detector,midpointMjdTai,band,ra,dec,snr,psfFlux,psfFluxErr,psfFlux_flag,trailFlux,trailFluxErr,scienceFlux,scienceFluxErr,forced_PsfFlux_flag,templateFlux,templateFluxErr,psfMag,psfMagErr,trailMag,trailMagErr,scienceMag,scienceMagErr,templateMag,templateMagErr
2010 RN163,589712,MBO,MBO,21164706861888334,745345748262978240,9.192129,2.938425,2.0013697,227.7440651083164,-40.89877737586084,2025060300074,2,60830.14527409608,i,227.7440702827121,-40.89877759081257,88.5023422241211,22842.1,257.169,False,22529.2,0.212881,22425.3,244.704,False,-132.46,34.7529,20.503159947337736,0.012223819425895737,20.51813561157576,1.0259246478854667e-05,20.52315430808302,0.011847510503503227,nan,nan
2010 RN163,589712,MBO,MBO,21164706861888334,745345748935639245,9.192675,2.9384236,2.0013776,227.743474933985,-40.898592681688925,2025060300079,5,60830.14788953394,i,227.7434816964334,-40.89859312147839,88.42847442626953,23296.4,258.524,False,23772.0,0.144958,23206.5,242.717,False,291.273,31.2997,20.481777945423914,0.012048593240951559,20.459835696034567,6.620652595413832e-06,20.48597588704485,0.011355724871969867,25.239249389536603,0.11667135661897668
2010 RN163,589712,MBO,MBO,21164706861888334,745345757003907122,9.22238,2.9383514,2.001826,227.711365737007,-40.88817377794162,2025060300139,34,60830.29142880086,y,227.71137814439638,-40.88813897320368,13.028830528259277,22969.1,1753.04,False,22678.3,10.3396,98889.0,1647.92,False,76923.7,864.922,20.497140072128257,0.08286520025468914,20.510973722438635,0.0004950140553688644,18.912130037058393,0.018093078646341184,19.184849542231774,0.012207903264679744
2010 RN163,589712,MBO,MBO,21164706861888334,745345759171313922,9.22395,2.9383476,2.0018506,227.70967559509847,-40.887604761685225,2025060300155,72,60830.29909290084,y,227.70967780667775,-40.88761540257537,13.728604316711426,24786.7,1768.35,False,22980.9,1.23982,33311.8,1666.69,False,8453.77,884.289,20.414453258163856,0.07745934923535296,20.496582399191183,5.857548844094828e-05,20.093504723569197,0.05432265950958499,21.582373990472227,0.11357118038417016
2010 RN163,589712,MBO,MBO,21164706861888334,745345759842926702,9.224434,2.9383464,2.0018582,227.70915555986505,-40.88742928535379,2025060300160,73,60830.301453749475,y,227.70918773141537,-40.88742972481795,14.950600624084473,26295.1,1751.84,False,23666.6,39.8112,29453.6,1673.83,False,2533.26,809.797,20.3503129492037,0.0723342411357599,20.464660341338053,0.0018263908219573282,20.22715405312959,0.06170172094411269,22.890800581572535,0.34707290796612555
2010 RN163,589712,MBO,MBO,21164706861888334,745350149161615565,9.388869,2.9379447,2.0043538,227.5398881629538,-40.83089188420747,2025060400095,66,60831.099031430014,y,227.53988724000035,-40.83088873031352,20.121768951416016,29083.7,1439.83,False,29157.8,12.6569,27306.2,1348.4,False,-1808.6,158.959,20.24087588860782,0.05375091731714963,20.238113089138423,0.00047129943419884935,20.309346864004105,0.05361444532338365,nan,nan
2010 RN163,589712,MBO,MBO,21164706861888334,745350150928990583,9.390261,2.9379416,2.0043745,227.53846305727347,-40.83042935279534,2025060400108,109,60831.105490660055,y,227.5384822227889,-40.83043717244028,16.708911895751953,25765.0,1532.11,False,24647.3,2.5102,24534.1,1416.64,False,-304.697,138.105,20.372424633007263,0.06456306154735644,20.420576587518124,0.0001105766132791323,20.425574689515926,0.06269222745085602,nan,nan
2010 RN163,589712,MBO,MBO,21164706861888334,745350151311720598,9.39058,2.9379408,2.0043793,227.53813672093813,-40.830323268656656,2025060400111,71,60831.10696907119,y,227.53810163329769,-40.830318811262686,17.139759063720703,26539.9,1533.61,False,25847.7,16.7794,25243.9,1437.65,False,-1311.87,307.011,20.340251778649105,0.06273934191791304,20.368945271760808,0.000704821028006245,20.39460885541833,0.06183310253662075,nan,nan
2010 RN163,589712,MBO,MBO,21164706861888334,745350153747562619,9.392833,2.9379356,2.004413,227.535830312641,-40.82957166894764,2025060400129,109,60831.11742234856,i,227.53583448130445,-40.829571448956216,68.00985717773438,26352.8,384.287,False,26253.2,0.423183,25932.1,375.663,False,-515.268,12.2428,20.347933052722333,0.01583263572618015,20.35204441460795,1.750129933245539e-05,20.365405797177033,0.01572841844414079,nan,nan
2010 RN163,589712,MBO,MBO,21164706861888334,745350154532422090,9.393512,2.937934,2.0044231,227.53513487871516,-40.82934439799294,2025060400135,70,60831.12057471301,i,227.53513428251426,-40.82934812187933,57.79719161987305,24981.0,431.676,False,24204.2,0.996891,24590.3,426.161,False,-561.21,11.2609,20.405975451555097,0.018761709153302577,20.440273202887305,4.4717888193983794e-05,20.423090397669448,0.01881629844771629,nan,nan
2010 RN163,589712,MBO,MBO,21164706861888334,745350154688135287,9.393613,2.9379337,2.0044248,227.53503140503636,-40.829310556224485,2025060400136,111,60831.121043322426,i,227.53503724609158,-40.82931147531566,50.797245025634766,24517.9,479.843,False,25286.2,1.88454,24228.1,483.193,False,-762.725,10.3475,20.42629180926334,0.021249083133159825,20.392791111926968,8.091818181748336e-05,20.439201623707966,0.02165337500761593,nan,nan
2010 RN163,589712,MBO,MBO,21164706861888334,745350154821304409,9.393717,2.9379334,2.0044262,227.5349244023454,-40.82927555311942,2025060400137,109,60831.1215287136,i,227.53493000312832,-40.82926724582493,50.403533935546875,25564.9,506.75,False,25478.9,0.359947,25546.0,516.435,False,-828.975,10.6174,20.380889737725596,0.02152157111329668,20.38454829764987,1.5338475339628483e-05,20.3816927304009,0.021949118228041235,nan,nan
2010 RN163,589712,MBO,MBO,21164706861888334,745350154979115013,9.393821,2.9379332,2.004428,227.53481806245864,-40.82924075961824,2025060400138,154,60831.12201084937,i,227.53482454206198,-40.82925381697077,52.585533142089844,24519.4,463.861,False,24836.2,2.31945,24498.8,470.222,False,-753.079,10.5042,20.426225386182068,0.02054008929397116,20.41228716300804,0.00010139678422968102,20.427137934683817,0.020839266288904628,nan,nan
2010 RN163,589712,MBO,MBO,21164706861888334,745350155226579247,9.394033,2.9379327,2.004431,227.5346000909233,-40.829169418659006,2025060400140,114,60831.12299886494,i,227.5346043201301,-40.829169118113875,63.16706085205078,24231.8,381.691,False,23298.7,0.563335,23858.7,375.226,False,-485.916,12.4571,20.43903577539709,0.01710214407130735,20.48167081308825,2.625181778430681e-05,20.455883094614588,0.017075384694917293,nan,nan
2010 RN163,589712,MBO,MBO,21164706861888334,745350157774094812,9.396515,2.937927,2.0044684,227.53205920876408,-40.82833553005958,2025060400159,109,60831.134517216386,z,227.53206608101578,-40.828348826978285,37.121681213378906,22517.8,604.735,False,22279.5,5.16172,22836.3,582.884,False,431.611,21.5336,20.518685068655504,0.029158383372269114,20.530236399732928,0.00025154361923007614,20.503435613631673,0.027712817317400586,24.812268757681277,0.0541687060563899
2010 RN163,589712,MBO,MBO,21164706861888334,745350158581498161,9.397289,2.937925,2.0044804,227.5312655471189,-40.82807418562136,2025060400165,113,60831.138116907576,z,227.53127151274802,-40.828063415437946,32.629066467285156,23362.0,705.89,False,23823.3,4.42583,43478.0,696.49,False,20133.8,20.4766,20.47872495101134,0.03280585332938339,20.457495165091764,0.00020170520403377682,19.804326104480754,0.017392805525762382,20.64018558233729,0.0011042220450247083
2010 RN163,589712,MBO,MBO,21164706861888334,745350159473311895,9.398118,2.9379232,2.0044928,227.53041623691584,-40.82779404627495,2025060400172,22,60831.14196845822,z,227.53039487014408,-40.82777404476345,29.186077117919922,22280.7,756.85,False,23077.1,7.3006,86724.6,739.638,False,64320.3,21.6466,20.53017796035261,0.036881222263098264,20.492046938400478,0.00034348015682026783,19.054644216884405,0.00925979181312584,19.379129833405088,0.0003653978266539025
2010 RN163,589712,MBO,MBO,21164706861888334,745350161209229606,9.39956,2.9379199,2.0045147,227.52893917541903,-40.82730567197056,2025060400185,5,60831.14866928883,z,227.52894000273196,-40.827307978650666,31.768404006958008,22533.3,702.928,False,21453.4,4.48918,22063.9,685.716,False,-686.325,19.301,20.51793796542144,0.03386962092330982,20.57125965452057,0.00022719313780195604,20.540794279558927,0.033743203962672004,nan,nan
2010 RN163,589712,MBO,MBO,21164706861888334,745416141236076781,12.895176,2.9305117,2.078848,225.03690271877383,-39.56248756064002,2025061900254,135,60846.186180225355,g,225.0369192935721,-39.56249338731161,53.89573287963867,10595.0,194.838,False,11419.6,0.725474,10797.4,198.199,False,-140.055,2.11147,21.337247597382962,0.019966273513865512,21.255872807319868,6.897556957594227e-05,21.31670198440895,0.01992996719842107,nan,nan
2010 RN163,589712,MBO,MBO,21164706861888334,745416141344080290,12.8952875,2.9305115,2.078851,225.03684624921635,-39.56244375216983,2025061900255,85,60846.186645377835,g,225.03684991328956,-39.56244614499036,55.683631896972656,10527.1,187.637,False,11298.1,2.73076,10603.7,188.782,False,-124.748,2.31542,21.344228169175757,0.01935236529098862,21.267486501594554,0.00026242334612702,21.33635639957531,0.019329804305394323,nan,nan
2010 RN163,589712,MBO,MBO,21164706861888334,745416141480919517,12.8954,2.9305112,2.078854,225.03678954561775,-39.56239975086862,2025061900256,90,60846.18711265712,g,225.03679895975728,-39.5623973223694,63.875423431396484,10488.2,163.602,False,9934.66,0.257303,10738.9,165.969,False,-86.5916,2.75267,21.348247578921896,0.016936044001544675,21.407117461493545,2.81200542094456e-05,21.322600464824994,0.016779981120141382,nan,nan
2010 RN163,589712,MBO,MBO,21164706861888334,745416141636108539,12.895514,2.930511,2.0788572,225.0367323653326,-39.56235536821864,2025061900257,130,60846.18758317418,g,225.03673606867784,-39.5623553164369,58.739559173583984,10396.8,176.005,False,10138.5,0.162145,10665.3,179.432,False,-100.728,2.77616,21.35775079623423,0.018380175593430567,21.385065736252063,1.7364176250147776e-05,21.33006732974609,0.018266324405485732,nan,nan
2010 RN163,589712,MBO,MBO,21164706861888334,745416141733625911,12.895625,2.9305108,2.0788603,225.0366755582613,-39.56231126385721,2025061900258,60,60846.188051312194,g,225.03668642977806,-39.562315437806696,57.03958511352539,10296.0,179.861,False,10046.9,0.322542,10651.1,182.281,False,-105.909,2.1363,21.36832866525917,0.0189667435224126,21.394919758762533,3.485607760439749e-05,21.3315138844054,0.018581094418369196,nan,nan
2010 RN163,589712,MBO,MBO,21164706861888334,745416141848445337,12.895737,2.9305105,2.0788634,225.0366191242029,-39.56226743783686,2025061900259,23,60846.188516572714,g,225.03661379710107,-39.56226798734516,46.76185607910156,9879.78,210.018,False,10157.4,0.482245,10072.2,216.449,False,-131.592,2.00403,21.413131785063,0.023079880905402632,21.383043569812273,5.1547722250919e-05,21.39218912691503,0.023332193244091852,nan,nan
2010 RN163,589712,MBO,MBO,21164706861888334,745416141996818804,12.895851,2.9305103,2.0788667,225.0365614856752,-39.562222664838494,2025061900260,50,60846.188991285606,g,225.03654934164442,-39.562223821033136,57.62746047973633,9953.44,171.694,False,9378.17,0.375295,10135.9,174.054,False,-88.5179,2.55495,21.40506694603291,0.018728638958727086,21.46970475649769,4.344892304994119e-05,21.385344165204607,0.018644296315847266,nan,nan
2010 RN163,589712,MBO,MBO,21164706861888334,745416142374830414,12.896192,2.9305098,2.078876,225.0363894750169,-39.56208897892947,2025061900263,3,60846.19040916792,g,225.03639839875075,-39.56208180093588,55.286800384521484,10185.5,182.945,False,9883.76,0.450416,10525.1,185.568,False,-74.7318,3.0113,21.380044117221384,0.01950125353999759,21.412694547726534,4.947843417732081e-05,21.344434463291968,0.019142611101093023,nan,nan
2010 RN163,589712,MBO,MBO,21164706861888334,745416142524252397,12.896303,2.9305096,2.078879,225.03633284376613,-39.56204494243168,2025061900264,32,60846.190876307934,g,225.03633460392805,-39.56205184844811,57.30265426635742,9977.16,174.004,False,9383.72,0.516515,10217.3,176.201,False,-62.3453,4.56181,21.40248264076387,0.018935492387454147,21.46906243057347,5.976297993943782e-05,21.376659657486307,0.01872391072448633,nan,nan
2010 RN163,589712,MBO,MBO,21164706861888334,745416142669480075,12.896415,2.9305093,2.0788822,225.03627658529308,-39.56200118452786,2025061900265,53,60846.19134019294,g,225.0362746402743,-39.56199422625473,61.69741439819336,9941.1,160.096,False,9245.4,0.310479,10195.9,162.023,False,-62.8067,3.26275,21.406413936423437,0.017485190040593984,21.48518569025777,3.646118728497953e-05,21.37893604011099,0.017253427841575898,nan,nan
2010 RN163,589712,MBO,MBO,21164706861888334,745416142824145084,12.896527,2.930509,2.0788853,225.036219972248,-39.56195713947679,2025061900266,92,60846.191807329466,g,225.03622793001918,-39.561954444468306,62.44831848144531,9995.51,159.178,False,9599.62,0.339873,10260.7,160.839,False,-59.5396,3.44213,21.40048763048983,0.0172902948317853,21.444364882055652,3.8440313418624995e-05,21.372057504350813,0.017019182611017914,nan,nan
2010 RN163,589712,MBO,MBO,21164706861888334,745416142966751390,12.896642,2.9305089,2.0788887,225.0361619139084,-39.56191195813153,2025061900267,108,60846.19228652783,g,225.03616488154626,-39.561913690366715,59.03928756713867,9672.72,162.301,False,9373.16,0.16174,9941.86,163.843,False,-58.6196,3.09011,21.436128490033912,0.01821784060567982,21.470284905641584,1.873508787608769e-05,21.406330853689532,0.01789305755903273,nan,nan
2010 RN163,589712,MBO,MBO,21164706861888334,745424937168142827,13.32639,2.9296246,2.0912256,224.8381753311533,-39.392969259095416,2025062100253,84,60848.03113540527,r,224.83818147145183,-39.392970779634524,96.26461029052734,20084.2,208.096,False,18707.0,0.0389641,20456.4,209.035,False,225.833,24.3731,20.642863698579976,0.011249507697566476,20.719989634391393,2.2614387263313992e-06,20.62292696126427,0.011094663147173868,25.51553152629638,0.11717843835740592
2010 RN163,589712,MBO,MBO,21164706861888334,745424937288204654,13.326493,2.9296243,2.0912287,224.83812776375845,-39.39292965961323,2025062100254,57,60848.03156985359,r,224.83813241261,-39.392932369464184,104.26220703125,20420.6,195.198,False,19396.7,0.342668,20606.8,193.981,False,182.311,15.3756,20.624828774719283,0.010378418735486157,20.680680421701222,1.9180946522519775e-05,20.61497356869568,0.010220518945141309,25.747967789284047,0.09156795264337055
2010 RN163,589712,MBO,MBO,21164706861888334,745424937741189465,13.326817,2.9296238,2.091238,224.8379795750972,-39.39280626881693,2025062100257,153,60848.03292131689,r,224.837984175372,-39.392805951390606,78.55390167236328,21291.7,269.844,False,20878.0,0.278719,21280.1,269.973,False,-33.1418,6.94061,20.57947419399945,0.013760263615644735,20.600777766876252,1.4494459139098915e-05,20.580065858740795,0.013774345846137185,nan,nan
2010 RN163,589712,MBO,MBO,21164706861888334,745424937840279976,13.326921,2.9296236,2.091241,224.837931126846,-39.39276591962191,2025062100258,86,60848.03336336161,r,224.83793560277752,-39.39276530774346,97.94908142089844,20991.9,213.312,False,19323.1,0.021409,21037.4,212.44,False,-72.5595,9.72751,20.594870607712366,0.011032853298467944,20.684808018394126,1.202939805704976e-06,20.592519818348894,0.010963987836269331,nan,nan
2010 RN163,589712,MBO,MBO,21164706861888334,745424937952477207,13.32703,2.9296234,2.091244,224.83788158145035,-39.39272465243309,2025062100259,44,60848.03381525183,r,224.83788949690327,-39.39272777811294,111.66295623779297,21214.2,189.059,False,19168.3,0.0564373,21086.9,187.927,False,-97.9328,17.2797,20.583433392708507,0.00967598188590319,20.69354096115837,3.196737110311482e-06,20.58996813365022,0.00967610915271706,nan,nan
2010 RN163,589712,MBO,MBO,21164706861888334,745424938089841046,13.327133,2.9296231,2.091247,224.8378340082185,-39.39268502381541,2025062100260,50,60848.034249650664,r,224.83783695199455,-39.39268304652768,98.39326477050781,21206.9,214.103,False,19511.1,0.0293967,21035.6,213.925,False,-137.178,5.92516,20.58380700876744,0.010961497008971368,20.67429563471123,1.6358412313366355e-06,20.59261276030222,0.011041573581423941,nan,nan
2010 RN163,589712,MBO,MBO,21164706861888334,745424938247127161,13.327237,2.929623,2.09125,224.8377863245415,-39.39264529916294,2025062100261,94,60848.03468406972,r,224.83779266542018,-39.3926439563989,94.66500854492188,21099.4,221.359,False,19770.1,0.0599934,21005.7,221.017,False,-138.575,11.1336,20.589324716109203,0.011390725284848684,20.659977856344938,3.294723293438414e-06,20.594157143706948,0.011423859516055714,nan,nan
2010 RN163,589712,MBO,MBO,21164706861888334,745424938355654844,13.32736,2.9296227,2.0912535,224.83772997995857,-39.39259835398392,2025062100262,45,60848.03519838274,r,224.83773569015753,-39.3925999691067,110.77330017089844,21025.2,187.845,False,20156.5,0.464052,20958.7,186.474,False,-117.881,13.582,20.593149701168294,0.009700270451005874,20.638962192799543,2.4996306317070507e-05,20.596589187289638,0.009660025647233521,nan,nan
2010 RN163,589712,MBO,MBO,21164706861888334,745424938538631304,13.3274765,2.9296224,2.0912569,224.83767670372637,-39.39255396003923,2025062100263,138,60848.035684131566,r,224.83767994222137,-39.392557146557856,91.78573608398438,21386.1,232.222,False,20681.1,0.112027,21045.8,231.547,False,-169.304,5.06176,20.574671036769455,0.011789519252185271,20.611065934062758,5.881300740943097e-06,20.592086362333056,0.011945326311662023,nan,nan
2010 RN163,589712,MBO,MBO,21164706861888334,745424938689626376,13.327596,2.9296222,2.0912602,224.83762178217447,-39.39250818970167,2025062100264,170,60848.03618528384,r,224.83763661849207,-39.39250747668306,81.48748779296875,21709.2,265.573,False,20171.7,0.0276511,21716.8,266.22,False,-187.417,8.08282,20.558390489877553,0.013282029248532305,20.638143790630245,1.4883128828202927e-06,20.558010381569016,0.013309727186226626,nan,nan
2010 RN163,589712,MBO,MBO,21164706861888334,745424938806018375,13.327705,2.929622,2.0912635,224.8375712446939,-39.39246606808663,2025062100265,136,60848.036646992834,r,224.8375754254674,-39.392470136781256,67.61448669433594,21780.9,319.724,False,20882.1,0.226458,21541.6,320.38,False,-251.325,5.09436,20.554810427773212,0.015937629530651275,20.60056459236854,1.177437384434411e-05,20.56680512634962,0.016147740970474205,nan,nan
2010 RN163,589712,MBO,MBO,21164706861888334,745424939047715032,13.327929,2.9296215,2.0912697,224.8374688517978,-39.39238071199242,2025062100267,85,60848.03758049334,r,224.83747193525548,-39.392384007031424,83.96997833251953,21770.4,258.53,False,20518.1,0.151059,21800.2,259.41,False,-162.334,7.98932,20.555333958880954,0.012893441308118229,20.61965716535545,7.993441415412788e-06,20.55384884406091,0.012919644909031278,nan,nan
2010 RN163,589712,MBO,MBO,21164706861888334,745424939218108802,13.3280325,2.9296212,2.0912728,224.8374210527807,-39.3923408594324,2025062100268,154,60848.0380160037,r,224.83742883269028,-39.39234481521562,78.5599365234375,21567.5,271.299,False,20972.9,0.0958427,21384.2,269.023,False,-199.658,5.18139,20.5655004832252,0.013657547643816033,20.59585376449691,4.961635437125175e-06,20.57476752068295,0.013659058221342054,nan,nan
2010 RN163,589712,MBO,MBO,21164706861888334,745424939328209109,13.328153,2.929621,2.0912762,224.83736601734947,-39.39229496820092,2025062100269,108,60848.03851838704,r,224.83736883409313,-39.39229802776958,90.68888092041016,21698.3,237.201,False,20278.1,0.11017,21526.0,236.902,False,-172.425,7.37735,20.558935687293562,0.01186902700238493,20.63243186987463,5.898755762322195e-06,20.56759166015103,0.011948948739198042,nan,nan
2010 RN163,589712,MBO,MBO,21164706861888334,745424939590353138,13.328366,2.9296205,2.0912824,224.83726811380015,-39.39221331732513,2025062100271,96,60848.03941194208,r,224.83727082447749,-39.39221503226166,75.96175384521484,21285.9,274.795,False,20295.2,0.158687,21375.1,277.213,False,-151.271,10.5455,20.57976993625534,0.014016550368566635,20.631516703170362,8.489308943875329e-06,20.575229631885307,0.014080879612900962,nan,nan
2010 RN163,589712,MBO,MBO,21164706861888334,745424939741872537,13.328472,2.9296205,2.0912855,224.83721921593377,-39.3921725300258,2025062100272,129,60848.03985719467,r,224.83722570703932,-39.3921745550388,93.57513427734375,21956.7,233.583,False,20603.0,0.17245,21937.2,232.769,False,-163.422,12.3489,20.54608236852712,0.011550438857164003,20.61517384366634,9.087764647566054e-06,20.547047051917716,0.0115204190415067,nan,nan
2010 RN163,589712,MBO,MBO,21164706861888334,745424939877138816,13.328581,2.9296203,2.0912886,224.8371693307974,-39.39213091449452,2025062100273,131,60848.040312246674,r,224.83717330170276,-39.392130620397836,112.89045715332031,21785.1,190.542,False,20356.9,0.194373,21987.0,191.99,False,-134.024,17.2825,20.554601124929583,0.009496323621247115,20.628220871060023,1.036689258589499e-05,20.544585058968096,0.00948062491088554,nan,nan
2010 RN163,589712,MBO,MBO,21164706861888334,745424939993006277,13.32869,2.92962,2.0912917,224.8371195547422,-39.39208938518371,2025062100274,96,60848.04076636207,r,224.83712631941822,-39.39209158026422,115.11114501953125,21873.7,189.497,False,20272.8,0.257095,21733.6,188.733,False,-144.59,16.4633,20.55019441021167,0.009405987759144885,20.63271561842351,1.3769057489490658e-05,20.557170845148747,0.009428454405671966,nan,nan
2010 RN163,589712,MBO,MBO,21164706861888334,745424940165496949,13.328805,2.9296198,2.091295,224.8370665986615,-39.392045197434,2025062100275,169,60848.041249810056,r,224.8370735697476,-39.39204351432096,103.98607635498047,21982.0,209.033,False,20333.6,0.098739,21808.4,206.012,False,-162.106,7.04282,20.544831991172472,0.010324570160045319,20.62946433106014,5.272283668374956e-06,20.553440470051612,0.010256354242002661,nan,nan
2010 RN163,589712,MBO,MBO,21164706861888334,745424940233654381,13.328926,2.9296196,2.0912986,224.83701068167736,-39.39199853310512,2025062100276,43,60848.041759721695,r,224.8370134080345,-39.39200021057597,119.42471313476562,21858.0,181.891,False,20714.2,0.0893171,21754.1,181.202,False,-140.462,18.6124,20.5509739459361,0.00903493691298734,20.609329628108306,4.681561969190753e-06,20.556147218042874,0.009043700764501809,nan,nan
2010 RN163,589712,MBO,MBO,21164706861888334,745424940416630915,13.329034,2.9296193,2.0913017,224.83696134270025,-39.391957353219134,2025062100277,136,60848.042209381165,r,224.83696584231288,-39.39196036693693,121.49532318115234,21867.6,179.334,False,20656.0,0.117162,21826.4,179.235,False,-140.334,21.0168,20.550497216344713,0.008904014140766085,20.612384437694136,6.158356971260366e-06,20.55254470554969,0.008915896613263388,nan,nan
2010 RN163,589712,MBO,MBO,21164706861888334,745424940502614174,13.329139,2.929619,2.0913045,224.83691299014768,-39.39191699197514,2025062100278,44,60848.04265095129,r,224.8369168350574,-39.391918875793344,109.16639709472656,21762.2,197.946,False,20795.1,0.27839,21668.1,197.247,False,-159.598,20.2777,20.555743045836998,0.009875708594475601,20.60509748751447,1.4535063414988435e-05,20.560447941515104,0.009883571081286544,nan,nan
2010 RN163,589712,MBO,MBO,21164706861888334,745424940682444840,13.329249,2.9296188,2.0913079,224.83686233471863,-39.39187470348005,2025062100279,131,60848.043112665444,r,224.83686404070755,-39.39189891753398,28.548276901245117,22357.1,770.542,False,20267.3,2.36929,21822.6,777.447,False,-164.835,13.2533,20.526461345584995,0.03742011946190063,20.633010218038837,0.0001269248472459155,20.552733788727764,0.038680193634874294,nan,nan
2010 RN163,589712,MBO,MBO,21164706861888334,745424940933578840,13.329769,2.929618,2.0913227,224.83662385508333,-39.3916755450898,2025062100281,98,60848.04528746153,g,224.83662777293833,-39.39167330373561,98.36256408691406,12415.3,125.564,False,11920.1,0.0632184,12293.8,125.113,False,-100.125,17.1902,21.16510697159667,0.010980756502546424,21.209300288582334,5.7582157707075635e-06,21.175784658294006,0.011049448894356667,nan,nan
2010 RN163,589712,MBO,MBO,21164706861888334,745424941043679317,13.329878,2.9296176,2.0913258,224.83657385587316,-39.3916337752291,2025062100282,52,60848.045743727074,g,224.83657859711613,-39.39164048356699,97.40046691894531,12396.0,126.668,False,11921.1,0.00916241,12344.2,125.66,False,-104.129,10.2425,21.166796081081884,0.01109454927307888,21.20920920791181,8.344834589190555e-07,21.171342609007095,0.011052446761014101,nan,nan
2010 RN163,589712,MBO,MBO,21164706861888334,745424941197295650,13.3299885,2.9296174,2.091329,224.83652297935177,-39.391591267168,2025062100283,89,60848.04620762013,g,224.8365305415647,-39.39158933909718,98.63597869873047,12399.5,124.537,False,11701.8,0.0163604,12381.5,123.889,False,-99.8323,14.2457,21.166489567662765,0.010904821364992337,21.22936834026485,1.51797835942925e-06,21.16806684502225,0.01086385111699001,nan,nan
2010 RN163,589712,MBO,MBO,21164706861888334,745424941381845447,13.330102,2.9296172,2.0913322,224.83647089651927,-39.39154774566367,2025062100284,185,60848.04668239037,g,224.83647923765454,-39.3915488819575,87.4990463256836,12735.5,144.049,False,12657.9,0.190534,12695.1,145.176,False,-125.402,6.86556,21.1374599995467,0.012280570859841433,21.144095815651966,1.6343125708601016e-05,21.140909717946066,0.01241603756925603,nan,nan
2010 RN163,589712,MBO,MBO,21164706861888334,745424941468352607,13.330219,2.929617,2.0913355,224.83641694955645,-39.39150266049637,2025062100285,94,60848.04717470215,g,224.8364182594461,-39.39150570673254,91.19987487792969,12745.3,139.06,False,12842.5,0.454455,12672.0,138.384,False,-117.999,8.6259,21.1366248606692,0.011846129655374099,21.12837606400906,3.842073071180815e-05,21.142887089386452,0.011856733102512977,nan,nan
2010 RN163,589712,MBO,MBO,21164706861888334,745424941645038034,13.3303385,2.9296167,2.091339,224.8363621253097,-39.39145683590972,2025062100286,175,60848.04767462213,g,224.83636872175813,-39.391455689271524,89.36637115478516,12536.5,139.43,False,12054.6,0.248919,12405.6,140.442,False,-91.7057,10.1616,21.15455923748168,0.012075474899474055,21.19711802508418,2.2419688248866363e-05,21.165955599489195,0.012291462752941542,nan,nan
2010 RN163,589712,MBO,MBO,21164706861888334,745424941730496783,13.330458,2.9296165,2.0913424,224.83630730101083,-39.39141100494728,2025062100287,82,60848.04817453929,g,224.83630916753808,-39.391409094901256,90.1219482421875,12488.3,136.534,False,11994.8,0.062735,12325.3,135.699,False,-95.8899,11.1502,21.158741709449593,0.011870303050683647,21.202517490216838,5.678599107206529e-06,21.173006269997448,0.011953731361565656,nan,nan
2010 RN163,589712,MBO,MBO,21164706861888334,745424942177190047,13.330787,2.9296157,2.091352,224.83615642465665,-39.39128484524284,2025062100290,166,60848.04955011366,g,224.83616617457943,-39.391281158207676,30.720325469970703,12203.7,389.865,False,11638.3,1.22898,12301.8,393.347,False,-96.6793,14.5835,21.183771175206154,0.03468542557508283,21.23527614873717,0.00011465145629511956,21.1750783620392,0.03471614473321053,nan,nan
2010 RN163,589712,MBO,MBO,21164706861888334,745424942246395965,13.33091,2.9296155,2.0913556,224.8360998461416,-39.39123752286093,2025062100291,42,60848.05006643802,g,224.83611713070434,-39.39123335875697,24.928319931030273,12620.5,500.655,False,12006.7,3.95426,12673.6,507.255,False,-118.357,11.6173,21.14730859709195,0.043071134920789164,21.20144083367361,0.00035757396249990543,21.142750043600124,0.04345609304546992,nan,nan
2010 RN163,589712,MBO,MBO,21164706861888334,745424942404731027,13.331016,2.9296153,2.0913587,224.836051272104,-39.39119688991159,2025062100292,88,60848.050509545894,g,224.83605336032002,-39.391196836160844,52.05413055419922,12572.7,240.33,False,12348.1,0.413777,12414.6,239.804,False,-115.931,10.0819,21.151428600934455,0.02075409259936449,21.170999689546885,3.6382332263575647e-05,21.165168206432035,0.020972394919362147,nan,nan
2010 RN163,589712,MBO,MBO,21164706861888334,745424942520074422,13.331124,2.929615,2.0913618,224.8360013824257,-39.39115515106405,2025062100293,52,60848.05096470863,g,224.83600894658426,-39.39114899331357,22.23625946044922,12153.9,539.827,False,12040.5,9.08003,12015.4,545.566,False,-147.782,7.8512,21.18821081827256,0.04822400447562305,21.19838869491886,0.0008187797674854174,21.2006543814299,0.04929845999564255,nan,nan
2010 RN163,589712,MBO,MBO,21164706861888334,745424942684176528,13.331234,2.9296148,2.0913649,224.83595083503988,-39.39111285641135,2025062100294,109,60848.05142554871,g,224.83596866225804,-39.39114078221594,13.731693267822266,12132.9,880.0,False,12751.8,25.732,11950.8,887.731,False,-156.975,6.5034,21.190088419706154,0.07874851267430014,21.136071285118103,0.002190919307846074,21.20650757169778,0.0806508118413497,nan,nan
2010 RN163,589712,MBO,MBO,21164706861888334,745424942784315562,13.33135,2.9296145,2.0913682,224.83589743703624,-39.391068170453245,2025062100295,44,60848.051912363575,g,224.83589939586443,-39.39107012848063,24.07796859741211,11391.6,472.876,False,10675.7,1.97385,11404.8,478.329,False,-128.869,17.0401,21.258538219927914,0.04506993037446398,21.329009077411225,0.00020074378086621996,21.257280834381877,0.045536890857151395,nan,nan
2010 RN163,589712,MBO,MBO,21164706861888334,745424942990885020,13.33146,2.9296143,2.0913713,224.8358471094193,-39.39102604817139,2025062100296,182,60848.05237188708,g,224.83584747344713,-39.391030796978356,18.53460121154785,13263.4,711.457,False,13255.1,0.700971,12911.3,715.547,False,-117.356,14.5356,21.093362799638488,0.058239559082886305,21.094042510710025,5.741711670157841e-05,21.122575085738315,0.060171732720755385,nan,nan
2010 RN163,589712,MBO,MBO,21164706861888334,745424943095218207,13.331577,2.929614,2.0913746,224.83579338307604,-39.390981075077335,2025062100297,125,60848.05286191149,g,224.83579369684836,-39.390976180640735,45.795387268066406,12089.1,262.364,False,11942.7,1.06926,12089.5,265.395,False,-117.084,11.5554,21.19401510997414,0.023563219567510747,21.20724367477851,9.720869456635001e-05,21.19397915101831,0.023834645612600153,nan,nan
2010 RN163,589712,MBO,MBO,21164706861888334,745424943208464484,13.33169,2.9296138,2.091378,224.83574174037483,-39.390937840077605,2025062100298,85,60848.05333274409,g,224.83574187984883,-39.39093715471077,46.8742790222168,11973.6,252.671,False,12240.7,1.66077,11911.1,254.012,False,-127.338,9.95323,21.20443817129393,0.02291157774114144,21.180484347170797,0.00014730841795516242,21.210120358627293,0.023154035037117847,nan,nan
2010 RN163,589712,MBO,MBO,21164706861888334,745424943344779354,13.331794,2.9296138,2.0913808,224.8356939355186,-39.390897812767854,2025062100299,89,60848.05376822651,g,224.83569589975286,-39.390894650171326,56.255924224853516,11982.8,210.429,False,12061.6,0.722697,12009.0,212.897,False,-122.41,11.1335,21.203604240830504,0.019066527729974022,21.196487730602215,6.505425023524148e-05,21.20123288793808,0.0192480626388818,nan,nan
2010 RN163,589712,MBO,MBO,21164706861888334,745433741748863204,13.796912,2.9286482,2.1056917,224.6456130620276,-39.20426489513558,2025062300316,145,60850.073352106876,r,224.64562348839152,-39.20426771648624,71.38725280761719,14058.6,194.642,False,14690.8,1.35214,13800.9,192.303,False,-134.856,4.99318,21.030144844131655,0.015032070788195715,20.982386398661376,9.993106685231224e-05,21.050231446691853,0.0151287464378839,nan,nan
2010 RN163,589712,MBO,MBO,21164706861888334,745433741885702544,13.797016,2.928648,2.105695,224.64557111424745,-39.20422381294358,2025062300317,150,60850.07379568908,r,224.64557027898115,-39.20422437899042,70.14543914794922,14175.7,201.069,False,14602.3,0.869837,13933.0,199.988,False,-153.398,4.72832,21.021138700849505,0.015400148861202131,20.988946847897097,6.467566894532593e-05,21.039888407222623,0.015584168468680206,nan,nan
2010 RN163,589712,MBO,MBO,21164706861888334,745433742019920195,13.797121,2.9286478,2.1056983,224.6455286003927,-39.204182169276514,2025062300318,150,60850.074244236894,r,224.64552769582585,-39.20418284320267,72.67034149169922,14407.4,195.992,False,14419.7,0.28156,14197.0,194.438,False,-147.612,5.69307,21.003535935865116,0.01476988278556655,21.002609422702182,2.120015574184429e-05,21.019508544164474,0.014869928859921795,nan,nan
2010 RN163,589712,MBO,MBO,21164706861888334,745433742161477893,13.797223,2.9286478,2.1057014,224.64548750882136,-39.20414191197884,2025062300319,164,60850.07467867204,r,224.6454930906792,-39.20414789046579,69.63363647460938,14172.8,200.258,False,14218.9,0.803234,14111.2,200.434,False,-144.473,5.41572,21.02136086845065,0.015341171759812769,21.017834970469394,6.133387183600896e-05,21.026090116919153,0.015421683037703587,nan,nan
2010 RN163,589712,MBO,MBO,21164706861888334,745433742232256865,13.797345,2.9286475,2.1057053,224.64543789860747,-39.20409330004361,2025062300320,43,60850.07520280946,r,224.64544204759457,-39.20409069293895,79.87991333007812,14661.0,181.893,False,14230.4,0.416311,14423.2,179.979,False,-133.089,6.17651,20.984591015630414,0.013470283154195578,21.0169572007744,3.176326091958789e-05,21.00234592099578,0.013548291501966951,nan,nan
2010 RN163,589712,MBO,MBO,21164706861888334,745433742436204823,13.797474,2.928647,2.1057093,224.6453861140616,-39.20404254704212,2025062300321,176,60850.07574989271,r,224.64539674885788,-39.204040943658654,68.08007049560547,14194.2,205.738,False,14244.1,0.595039,14094.1,205.553,False,-153.36,5.63274,21.01972268441247,0.015737216565766682,21.015912494885175,4.535600102285458e-05,21.027406658681052,0.015834734642350128,nan,nan
2010 RN163,589712,MBO,MBO,21164706861888334,745433742506983738,13.797606,2.9286468,2.1057134,224.64533243956544,-39.20398993037803,2025062300322,55,60850.0763166853,r,224.6453307531276,-39.20399215297809,73.62769317626953,14573.9,196.757,False,14588.6,0.188576,14422.6,195.238,False,-156.094,4.92211,20.991060507768722,0.014658135215857258,20.989965987386032,1.4034505970653057e-05,21.00239113228483,0.014697556476831722,nan,nan
2010 RN163,589712,MBO,MBO,21164706861888334,745433742641201564,13.79771,2.9286466,2.1057165,224.6452904112261,-39.2039487222354,2025062300323,55,60850.07676085681,r,224.64529598855833,-39.20394543957323,77.348876953125,14673.3,187.56,False,13995.2,0.641934,14697.1,187.091,False,-134.159,7.99126,20.983680522171753,0.013878315213641105,21.03505221189457,4.9800713874918534e-05,20.98192090597403,0.013821194752319832,nan,nan
2010 RN163,589712,MBO,MBO,21164706861888334,745433742818935235,13.797832,2.9286463,2.1057203,224.64524128634628,-39.20390054697482,2025062300324,138,60850.077279511446,r,224.64524404791774,-39.20389802666019,78.23959350585938,14720.7,185.438,False,14851.9,0.303408,14521.4,183.312,False,-126.447,9.54182,20.980178830341362,0.013677118038556214,20.970544930453332,2.2180397011532368e-05,20.994978749621048,0.013705873123060926,nan,nan
2010 RN163,589712,MBO,MBO,21164706861888334,745433743058010325,13.798039,2.928646,2.1057267,224.64515743097743,-39.20381828988573,2025062300326,82,60850.078165884326,r,224.64515975467006,-39.203822284291995,82.79747009277344,14901.2,179.37,False,14546.5,0.429147,14768.4,178.137,False,-105.297,5.51509,20.966946876417353,0.013069316242545467,20.99310372177036,3.203110305435359e-05,20.976666354669682,0.013096190381784552,nan,nan
2010 RN163,589712,MBO,MBO,21164706861888334,745433743325397006,13.798247,2.9286456,2.1057334,224.64507330097013,-39.20373573442697,2025062300328,80,60850.07905422094,r,224.64507137746924,-39.203736781497255,74.19841766357422,14936.7,200.302,False,14190.3,0.214122,14818.5,198.627,False,-128.691,6.23574,20.964363339844677,0.0145597844612487,21.020021072289012,1.63830227665936e-05,20.97298938878187,0.014553195259281813,nan,nan
2010 RN163,589712,MBO,MBO,21164706861888334,745433743494742031,13.798352,2.9286454,2.1057365,224.64503081372408,-39.20369403126069,2025062300329,147,60850.07950386724,r,224.6450355700736,-39.20369479794551,77.42628479003906,14341.6,184.234,False,14399.3,0.603819,14127.5,181.506,False,-126.757,5.81368,21.008506015885835,0.013947503930610014,21.004146564614977,4.5529169615123003e-05,21.024836710075157,0.013949221872401541,nan,nan
2010 RN163,589712,MBO,MBO,21164706861888334,745433743741157705,13.798566,2.928645,2.1057432,224.64494433282192,-39.203609123164725,2025062300331,105,60850.08041742332,r,224.64494927399357,-39.20360424958546,68.20377349853516,14580.4,213.51,False,14546.2,0.899186,14440.4,213.03,False,-195.019,4.47243,20.990576374364128,0.01589911970201006,20.993126099122854,6.711572770409473e-05,21.001051912167277,0.016017172385637154,nan,nan
2010 RN163,589712,MBO,MBO,21164706861888334,745433743901065641,13.798675,2.9286447,2.1057465,224.6449005286221,-39.20356610371231,2025062300332,154,60850.080880723086,r,224.6448985226945,-39.20356196954224,71.07754516601562,15156.7,212.127,False,14461.5,0.288517,15288.7,214.29,False,-199.739,4.55841,20.948488349490184,0.015195521435802451,20.99946664520802,2.166119356447775e-05,20.939073588954273,0.01521793226735291,nan,nan
2010 RN163,589712,MBO,MBO,21164706861888334,745433744023224762,13.798785,2.9286444,2.10575,224.6448557811177,-39.20352214954283,2025062300333,131,60850.08135304042,r,224.64486173545424,-39.203524277794095,76.8389892578125,15015.2,193.726,False,14396.0,0.2939,15005.2,192.992,False,-159.339,6.68813,20.958672182615228,0.01400816019859142,21.004395405047816,2.216573247154633e-05,20.95939551490313,0.013964385924383777,nan,nan
2010 RN163,589712,MBO,MBO,21164706861888334,745433744117071883,13.798912,2.9286442,2.105754,224.64480469869144,-39.20347196245338,2025062300334,54,60850.08189362559,r,224.6448135780685,-39.203474927018306,78.71292114257812,14618.9,186.18,False,13640.1,0.0777129,14240.7,182.161,False,-137.369,8.29221,20.987713232645767,0.013827466721049111,21.062956145378475,6.185857328025669e-06,21.0161716413047,0.013888276923083392,nan,nan
2010 RN163,589712,MBO,MBO,21164706861888334,745433744246571130,13.799014,2.928644,2.1057572,224.64476345710463,-39.20343143566881,2025062300335,45,60850.082329187964,r,224.64476254544977,-39.20342744131044,76.13436889648438,14860.2,195.025,False,14149.5,0.10673,14633.1,192.984,False,-153.877,6.20523,20.969938349397243,0.014249181970841775,21.02314726626399,8.189732799642038e-06,20.986659177737593,0.014318887611506922,nan,nan
2010 RN163,589712,MBO,MBO,21164706861888334,745433744429023405,13.799127,2.9286437,2.1057608,224.64471777269355,-39.20338653463082,2025062300336,137,60850.08281278591,r,224.64472472063383,-39.20338637728711,80.1173324584961,15194.9,187.547,False,14434.8,0.353481,15129.2,186.708,False,-129.354,5.26461,20.945755356423685,0.013400980564409578,21.001473087359507,2.6587629813652228e-05,20.95046007583489,0.013398965220652103,nan,nan
2010 RN163,589712,MBO,MBO,21164706861888334,745433744562716816,13.799229,2.9286435,2.105764,224.64467653638735,-39.20334599778602,2025062300337,136,60850.083248289615,r,224.64467780419412,-39.203347887573514,79.7470474243164,15383.1,191.42,False,14874.3,0.318318,15219.9,190.671,False,-130.259,5.93943,20.932390369460933,0.013510386567353361,20.96890867292589,2.323533826430715e-05,20.943970474686193,0.013601824472123956,nan,nan
2010 RN163,589712,MBO,MBO,21164706861888334,745433744717906067,13.799336,2.9286435,2.1057673,224.64463303293795,-39.20330322436726,2025062300338,176,60850.08370881601,r,224.6446401608316,-39.20330416070082,71.26725769042969,15027.9,209.022,False,14351.9,0.33515,14919.0,208.052,False,-137.945,6.98722,20.957754230578935,0.015101428046360336,21.00772647127672,2.5354446648052577e-05,20.96565071512028,0.015141067832489903,nan,nan
2010 RN163,589712,MBO,MBO,21164706861888334,745433744836919552,13.799442,2.9286432,2.1057706,224.644590288912,-39.20326118971243,2025062300339,147,60850.08416063573,r,224.64460048098178,-39.203269327420124,79.10462951660156,15320.9,193.586,False,14541.1,0.43168,15234.3,193.355,False,-132.266,6.48453,20.93678927749133,0.01371873205784214,20.993506876363213,3.223212898630734e-05,20.94294375480915,0.013780253895728614,nan,nan
2010 RN163,589712,MBO,MBO,21164706861888334,745433744944923185,13.79955,2.928643,2.105774,224.6445468857553,-39.20321849880804,2025062300340,97,60850.08461954887,r,224.6445573870973,-39.20321884120293,74.61849212646484,15656.7,208.125,False,15893.6,0.961563,15389.4,205.514,False,-150.25,5.16421,20.91324941124678,0.014432724954581366,20.896944329755797,6.568705505975311e-05,20.93194575258437,0.014499200289689908,nan,nan
2010 RN163,589712,MBO,MBO,21164706861888334,745433745230135306,13.799773,2.9286425,2.1057808,224.6444566846107,-39.203129751774505,2025062300342,129,60850.08557360824,r,224.64446153851202,-39.20313419276775,83.02629089355469,15067.3,180.156,False,14675.2,0.409974,14858.1,177.695,False,-102.263,5.10601,20.954911425450213,0.01298188133253236,20.98353991376535,3.033169009201298e-05,20.97009183611905,0.0129848303571025,nan,nan
2010 RN163,589712,MBO,MBO,21164706861888334,745433745348100217,13.799882,2.9286423,2.1057842,224.6444124397105,-39.203086207186,2025062300343,98,60850.08604196491,r,224.6444198687156,-39.203085942255186,80.62980651855469,15310.2,189.279,False,14711.0,0.345734,15255.5,188.231,False,-103.691,6.2592,20.937547826136274,0.013422885921367296,20.980894511294583,2.5516682838658275e-05,20.94143388439638,0.013396428475379966,nan,nan
2010 RN163,589712,MBO,MBO,21164706861888334,745433745496998079,13.799989,2.928642,2.1057875,224.64436933227103,-39.20304377381601,2025062300344,126,60850.08649710279,r,224.64437414574982,-39.20303838081546,79.32376098632812,15320.7,191.361,False,14820.9,0.56161,15320.9,190.259,False,-72.1886,6.26782,20.936803464693995,0.013561231210897716,20.972813528880625,4.114191958031795e-05,20.93678927749133,0.013482960023894887,nan,nan
2010 RN163,589712,MBO,MBO,21164706861888334,745433745638556199,13.8000965,2.9286418,2.1057909,224.64432594432787,-39.20300105608706,2025062300345,140,60850.08695661336,r,224.64432764985543,-39.203005152037825,79.91643524169922,15697.9,195.391,False,15054.3,0.573656,15565.5,192.703,False,-40.4699,5.48404,20.91039607753477,0.013514105996939996,20.955848598224648,4.137283838101243e-05,20.919592310525736,0.01344156159753131,nan,nan
2010 RN163,589712,MBO,MBO,21164706861888334,745433745728208981,13.800527,2.9286408,2.1058044,224.6441521399103,-39.202829852932354,2025062300346,55,60850.08879551603,g,224.64416126249483,-39.202828753243125,69.29450225830078,9126.81,131.238,False,8597.07,0.222686,9190.81,131.298,False,28.58,3.96319,21.499202527182163,0.015612230549927109,21.564123803252684,2.8123329901654638e-05,21.49161558050261,0.015510602806855366,27.75984444176098,0.1505590960919503
2010 RN163,589712,MBO,MBO,21164706861888334,745433746012373152,13.800745,2.9286404,2.105811,224.64406398133937,-39.202742962281,2025062300348,85,60850.089728972605,g,224.64406641623322,-39.20274190969944,68.5924301147461,9340.45,135.871,False,8981.06,0.122823,9573.31,136.325,False,122.027,3.23995,21.47408047735086,0.015793678374986197,21.516681057442522,1.484829009130674e-05,21.447344742901777,0.015461004756311925,26.18386016021541,0.02882748031928034
2010 RN163,589712,MBO,MBO,21164706861888334,745433746174378293,13.800852,2.9286404,2.1058145,224.6440208990524,-39.20270048689648,2025062300349,138,60850.09018429268,g,224.64402956148146,-39.202703242732944,68.78003692626953,9146.64,132.2,False,8510.85,0.0059382,9380.88,131.766,False,145.183,3.39457,21.496846076360285,0.015692574374036962,21.57506770899955,7.575411181616847e-07,21.469391062280295,0.015250501612614615,25.99521059444887,0.025385945355336413
2010 RN163,589712,MBO,MBO,21164706861888334,745433746272944450,13.800969,2.9286401,2.1058183,224.64397347451748,-39.20265372073112,2025062300350,70,60850.09068660913,g,224.64398325663296,-39.20265535571398,64.08868408203125,9217.77,142.96,False,8744.17,0.197891,9551.51,143.139,False,253.904,3.53672,21.488435386481676,0.016838873503562446,21.545703528773615,2.4571505572909596e-05,21.449819939873958,0.01627085211067115,25.38832611325464,0.015123609259932941
2010 RN163,589712,MBO,MBO,21164706861888334,745433746420793425,13.801082,2.92864,2.1058218,224.64392784872345,-39.20260871870493,2025062300351,96,60850.09116919188,g,224.6439329973265,-39.20261230765642,69.33943176269531,9384.65,133.729,False,8889.33,0.197369,9716.85,133.426,False,309.28,3.55503,21.468954754130426,0.015471478970841796,21.527827418254006,2.410650307557767e-05,21.43118629731351,0.0149086832783509,25.174120412574116,0.012480033988458235
2010 RN163,589712,MBO,MBO,21164706861888334,745433746585420009,13.801192,2.9286397,2.1058252,224.6438834545107,-39.20256492232246,2025062300352,154,60850.09163979355,g,224.64388666317694,-39.20256675867854,70.14286804199219,9528.71,135.301,False,8831.83,0.10868,10069.5,135.571,False,453.662,3.54612,21.452414730243007,0.015416692214966724,21.534873238089094,1.3360516708959044e-05,21.392480234398494,0.014617840219227494,24.75816902271569,0.0084868269777448
2010 RN163,589712,MBO,MBO,21164706861888334,745433746707055017,13.801307,2.9286394,2.1058288,224.64383698606312,-39.2025190699881,2025062300353,130,60850.0921310609,g,224.64383971457494,-39.20252171890209,68.75025177001953,9225.78,133.806,False,8732.17,0.0566372,9744.64,132.289,False,541.663,4.03659,21.487492232537996,0.01574696275469216,21.547194554540017,7.042128212063094e-06,21.428085540567725,0.014739483815054414,24.56567702322023,0.008091141195037387
2010 RN163,589712,MBO,MBO,21164706861888334,745433746864865642,13.8014145,2.9286392,2.105832,224.6437937323631,-39.202476380877215,2025062300354,175,60850.092589598906,g,224.6437955723494,-39.20247889774681,69.15828704833984,9555.87,138.097,False,8805.7,0.153019,10307.3,138.085,False,644.86,4.19457,21.44932440446637,0.01569055574869505,21.53809026225423,1.8867127022008276e-05,21.36713772901087,0.014545408978531252,24.376336427327026,0.007062302958661577
2010 RN163,589712,MBO,MBO,21164706861888334,745433746984403272,13.801522,2.928639,2.1058354,224.6437502932857,-39.20243350014111,2025062300355,147,60850.09304924487,g,224.64376260036633,-39.2024317298814,71.47555541992188,9572.84,132.766,False,8850.61,0.143655,10446.0,131.969,False,860.027,3.70259,21.447398017231183,0.01505810839188408,21.53256694665218,1.7622675792711587e-05,21.352624946247563,0.013716591503349607,24.063719813714947,0.004674313837943783
2010 RN163,589712,MBO,MBO,21164706861888334,745433747136971035,13.801629,2.9286387,2.1058388,224.6437069521088,-39.20239070736014,2025062300356,182,60850.0935088047,g,224.6437149541766,-39.20239478741283,62.54424285888672,9481.04,150.952,False,8652.71,0.354747,10489.8,151.795,False,1016.38,4.70963,21.457860048413583,0.017286505109056143,21.557119634008238,4.451341375105616e-05,21.34808200033335,0.01571138899519996,23.882359718397137,0.005031007881928527
2010 RN163,589712,MBO,MBO,21164706861888334,745433747244974245,13.801746,2.9286385,2.1058426,224.64365974349184,-39.202344086165965,2025062300357,132,60850.09400891409,g,224.64366455848582,-39.202342690836865,61.1761589050293,9368.23,152.349,False,8508.63,0.342535,10961.1,153.263,False,1320.97,3.73781,21.470856084208577,0.017656570741953332,21.575350918307844,4.3708874895794465e-05,21.300364688915376,0.015181249547049604,23.59776763746664,0.0030721936312750686
2010 RN163,589712,MBO,MBO,21164706861888334,745433747382337962,13.801853,2.9286382,2.105846,224.6436164096941,-39.20230128245079,2025062300358,138,60850.09446741521,g,224.64362654322827,-39.20230796487602,71.20027160644531,9605.57,134.515,False,8694.84,0.0385336,10789.7,133.461,False,1175.07,4.045,21.443692111566182,0.015204490745364993,21.551846032892733,4.811741607716912e-06,21.317476556348872,0.013429792803301704,23.724840702877962,0.0037374822196340695
2010 RN163,589712,MBO,MBO,21164706861888334,745464541741580639,15.350222,2.9252806,2.1621673,224.21720253081887,-38.54814218606382,2025063000418,101,60857.21796779636,g,224.21720862658503,-38.54813489131191,39.84967041015625,7268.46,181.68,False,7431.88,1.2852,8184.56,185.452,False,675.301,2.44629,21.74639399393822,0.027138698814933686,21.7222532955222,0.00018775709405303162,21.617511650208627,0.02460143791444925,24.326256477094656,0.003933098778226256
2010 RN163,589712,MBO,MBO,21164706861888334,745464541882089605,15.350312,2.9252803,2.1621711,224.2171866152244,-38.54810151324651,2025063000419,113,60857.21840192778,g,224.2171834415378,-38.54810375970463,38.86074447631836,7555.01,193.629,False,7560.64,0.703671,8485.23,196.432,False,724.942,2.37604,21.70441242488608,0.027826570676585935,21.703603581327922,0.0001010497846517924,21.5783408931044,0.025134655137598404,24.249241821079494,0.003558564096384301
2010 RN163,589712,MBO,MBO,21164706861888334,745464542299947443,15.350588,2.9252799,2.1621826,224.21713812174923,-38.54797742099034,2025063000422,142,60857.21972568116,g,224.21711869636252,-38.54796725387646,37.47864532470703,7701.44,204.971,False,7999.03,1.21746,8961.04,210.026,False,962.014,2.26124,21.683570167542307,0.028896469980168656,21.64240671517811,0.00016525009591611382,21.51910395547273,0.025447139194422885,23.94204654518631,0.002552052465119021
2010 RN163,589712,MBO,MBO,21164706861888334,745464542520672587,15.350769,2.9252794,2.1621902,224.2171062695409,-38.54789577647672,2025063000424,51,60857.220596073355,g,224.21711033518093,-38.54789574689496,41.1062126159668,7758.05,188.35,False,8023.86,1.53205,8415.2,190.797,False,549.358,2.3204,21.67561859166991,0.02635951378778741,21.639041662187168,0.0002073069813712694,21.587338869545604,0.02461678898545518,24.55036142370954,0.0045859756683657976
2010 RN163,589712,MBO,MBO,21164706861888334,745464542675337434,15.350861,2.9252791,2.162194,224.2170902303449,-38.5478546231924,2025063000425,90,60857.22103535601,g,224.21710797090597,-38.547847818126904,41.49554443359375,7659.18,184.701,False,7613.65,0.157613,8318.89,187.917,False,405.247,2.35369,21.689544284857412,0.026182510729128968,21.696017742949103,2.2476228413594804e-05,21.599836591646056,0.024525905150401983,24.88070045390151,0.006305996812936279
2010 RN163,589712,MBO,MBO,21164706861888334,745464542993055929,15.351045,2.925279,2.1622016,224.21705789020345,-38.54777156086778,2025063000427,184,60857.22192128851,g,224.2170671645117,-38.54776813750733,36.47226333618164,7812.47,213.583,False,7891.12,1.96591,8609.33,218.923,False,481.863,2.26515,21.66802906349684,0.029682645995315046,21.657153364541,0.0002704888006864898,21.562576602984034,0.027608725592300636,24.692691034785167,0.00510384778821499
2010 RN163,589712,MBO,MBO,21164706861888334,745464543396757935,15.351318,2.9252782,2.162213,224.21700989356208,-38.5476480779596,2025063000430,186,60857.223238299455,g,224.21699627463596,-38.547646177903566,34.542537689208984,7440.27,214.683,False,7397.32,0.0566908,7925.65,217.925,False,305.641,2.30558,21.72102825728299,0.03132804368340341,21.727314010264728,8.320750827939044e-06,21.652412788886203,0.02985358534009305,25.186971001362565,0.008190169653880525
2010 RN163,589712,MBO,MBO,21164706861888334,745464543493226731,15.351409,2.925278,2.1622167,224.21699406035955,-38.54760728831838,2025063000431,114,60857.22367359555,g,224.2169896121178,-38.547604055742575,42.30628967285156,7564.91,178.104,False,7789.37,0.362022,7948.03,183.066,False,148.963,2.38993,21.702990563641496,0.02556196455203591,21.67124414968567,5.046112842848674e-05,21.649351285113166,0.02500762870847053,25.967303993480595,0.017419316093105888
2010 RN163,589712,MBO,MBO,21164706861888334,745464543602803023,15.3515,2.9252777,2.1622205,224.21697823703815,-38.54756649679912,2025063000432,67,60857.22410888336,g,224.21697578826192,-38.54755520014216,40.69288635253906,7586.4,186.785,False,7548.6,0.527298,7736.07,188.88,False,112.862,2.39463,21.69991067009822,0.02673194711488633,21.705333954117158,7.584273815836375e-05,21.678699047630612,0.026508791197069087,26.268630649625035,0.023036420147674538
2010 RN163,589712,MBO,MBO,21164706861888334,745464543757467881,15.35159,2.9252775,2.1622243,224.21696242364328,-38.54752570350084,2025063000433,106,60857.22454307079,g,224.21697083885726,-38.547528275348355,42.73759841918945,7750.4,180.622,False,7644.37,0.0129279,8108.3,182.226,False,93.6719,2.41873,21.676689720863095,0.025302931558698973,21.691645734719934,1.8361603298439426e-06,21.62767550406873,0.02440084458652617,26.470976701079188,0.028035118450915324
2010 RN163,589712,MBO,MBO,21164706861888334,745464543867044183,15.351681,2.9252775,2.162228,224.21694662015088,-38.54748490834714,2025063000434,59,60857.22497839545,g,224.21694530465535,-38.54746636148996,41.20572280883789,7798.94,188.205,False,7764.05,1.34251,8246.04,191.052,False,105.699,2.39129,21.669911060223924,0.026201122965398907,21.674779218425705,0.00018773858135882866,21.609386401977055,0.025155356332178542,26.339822829350712,0.024563242184168926
2010 RN163,589712,MBO,MBO,21164706861888334,745464544053691056,15.35177,2.9252772,2.162232,224.21693082660613,-38.54744411143697,2025063000435,159,60857.22541367485,g,224.21693385310883,-38.547442586542644,43.36064910888672,7592.6,174.298,False,7773.54,0.322424,7622.76,174.909,False,3.59863,2.66036,21.699023684538993,0.02492448582687485,21.67345290045264,4.503320268461657e-05,21.694719417453918,0.02491289716139397,30.009657024305625,0.8026524857834327
2010 RN163,589712,MBO,MBO,21164706861888334,745464544148062608,15.351863,2.925277,2.1622357,224.21691475282032,-38.54740256239445,2025063000436,83,60857.22585671338,g,224.21692151879532,-38.547391334499835,44.93293762207031,8178.51,181.069,False,8282.2,0.0225153,8565.01,183.944,False,17.5784,2.44939,21.618314558525405,0.02403777396595166,21.60463569011757,2.9515921509421238e-06,21.56818034381429,0.02331750531267821,28.2875516643456,0.1512874541033074
2010 RN163,589712,MBO,MBO,21164706861888334,745464544305349050,15.351954,2.9252768,2.1622396,224.2168987255979,-38.54736110528463,2025063000437,127,60857.226298626774,g,224.2168997228595,-38.54736363928729,40.48295593261719,8005.64,197.047,False,8298.6,0.851703,8507.51,202.86,False,98.8032,2.26151,21.641509839646066,0.02672379161496944,21.602487971840983,0.00011143142378962481,21.57549385928164,0.025889179469397196,26.413072476103995,0.024851453966437207
2010 RN163,589712,MBO,MBO,21164706861888334,745464544722681959,15.352236,2.925276,2.1622512,224.216849765064,-38.547234284064665,2025063000440,155,60857.22765014765,g,224.2168632712794,-38.547242177988345,41.0070915222168,8048.67,194.792,False,7909.79,0.476537,8190.46,197.402,False,-13.8404,2.41351,21.635689706942685,0.026276731054300992,21.654587611131532,6.541178204968704e-05,21.616729270968943,0.026167821037427867,nan,nan
2010 RN163,589712,MBO,MBO,21164706861888334,745464544835404161,15.352326,2.925276,2.162255,224.216834032753,-38.547193476348994,2025063000441,114,60857.228085408555,g,224.2168269470839,-38.54720113178928,44.040592193603516,8025.07,181.957,False,8131.24,0.494222,8261.04,184.236,False,-15.1038,2.24913,21.638877950534834,0.02461751831843087,21.624608019204977,6.599174138315849e-05,21.607413182306832,0.024213862450335907,nan,nan
2010 RN163,589712,MBO,MBO,21164706861888334,745464544987447709,15.352418,2.9252758,2.1622589,224.21681802137692,-38.54715191633126,2025063000442,148,60857.22852838965,g,224.21682706234748,-38.547154831527145,46.83518600463867,8190.82,173.989,False,7929.14,0.0832895,8256.35,175.091,False,-42.2446,2.45899,21.616681568152266,0.02306315593075693,21.651934766297963,1.1404820746780612e-05,21.608029813575193,0.023025023228480834,nan,nan
2010 RN163,589712,MBO,MBO,21164706861888334,745464545081295175,15.352509,2.9252756,2.1622627,224.2168023092728,-38.54711110515966,2025063000443,71,60857.2289637659,g,224.21682265446125,-38.54710878961097,45.90834426879883,8087.04,176.178,False,8128.84,0.510561,8085.65,176.086,False,-49.4602,2.49572,21.630526016713112,0.023653008442964057,21.624928582328103,6.819356286531827e-05,21.630712667390807,0.023644721954284558,nan,nan
2010 RN163,589712,MBO,MBO,21164706861888334,745464545388003595,15.352693,2.925275,2.1622703,224.21677026604112,-38.54702778881646,2025063000445,144,60857.22985155545,g,224.2167528087331,-38.547024412851684,41.59718704223633,8268.69,197.728,False,8576.02,0.406397,8543.93,200.686,False,-9.91012,2.20253,21.60640816813665,0.025963052634997336,21.566785596441566,5.145043699204834e-05,21.570855835847436,0.02550255783860744,nan,nan
2010 RN163,589712,MBO,MBO,21164706861888334,745464545544765547,15.352783,2.9252748,2.1622741,224.2167545844476,-38.54698697248283,2025063000446,187,60857.23028681749,g,224.2167761148057,-38.546995926047984,31.064340591430664,7608.73,244.907,False,7970.85,1.41425,7667.63,252.028,False,16.3385,2.18234,21.6967195698029,0.034947276991439596,21.646238395683767,0.00019263973432810414,21.688347146804833,0.035687158647761376,28.366969605723515,0.14502222252772312
2010 RN163,589712,MBO,MBO,21164706861888334,745464545661157572,15.352874,2.9252746,2.162278,224.21673884089776,-38.54694596685913,2025063000447,153,60857.230723377426,g,224.21674537773146,-38.54696631036796,31.54505729675293,7879.57,249.888,False,8241.25,0.523273,8207.55,259.232,False,34.2406,2.16353,21.658743729140213,0.034432393559206055,21.6100172781206,6.893813820678455e-05,21.61446618306057,0.03429251953360335,27.563646565823145,0.06860343953492161
2010 RN163,589712,MBO,MBO,21164706861888334,745464545741898017,15.3532505,2.925274,2.1622937,224.2166736335836,-38.5467758274292,2025063000448,51,60857.23253610583,r,224.21669290902628,-38.546773072976045,52.78068923950195,14627.0,276.292,False,14332.9,0.365163,14951.6,280.636,False,-148.87,3.97314,20.987111846519834,0.02050866336246113,21.009164793338957,2.7661581203855397e-05,20.963280853739874,0.02037886638720588,nan,nan
2010 RN163,589712,MBO,MBO,21164706861888334,745464546077966366,15.353431,2.9252734,2.162301,224.21664244088612,-38.546694266983785,2025063000450,180,60857.23340559425,r,224.216648141929,-38.54669659380646,53.885684967041016,15271.8,282.798,False,14678.6,0.405204,15536.2,285.49,False,-174.996,4.08908,20.94027444416585,0.020105294442451717,20.983288439205758,2.997184082579702e-05,20.921637977994244,0.01995126315294439,nan,nan
2010 RN163,589712,MBO,MBO,21164706861888334,745464546200125754,15.353521,2.9252732,2.1623049,224.21662680591157,-38.54665334359017,2025063000451,157,60857.233841860565,r,224.21662169458753,-38.54665217729038,53.78856658935547,14441.1,267.786,False,14381.4,0.623913,14617.5,270.692,False,-177.228,4.11462,21.000999340998046,0.02013315986005622,21.00549705603912,4.710284837106061e-05,20.987817243726695,0.020106043415718526,nan,nan
2010 RN163,589712,MBO,MBO,21164706861888334,745464546276671612,15.353612,2.925273,2.1623087,224.2166112169384,-38.54661251247059,2025063000452,47,60857.23427605582,r,224.21661817499603,-38.54662062098018,55.52847671508789,14561.5,261.559,False,14334.1,0.0874895,14609.1,262.82,False,-178.781,4.10807,20.991984713627378,0.019502390937919258,21.009073954729054,6.6268911875643394e-06,20.988441374389087,0.0195325656554209,nan,nan
2010 RN163,589712,MBO,MBO,21164706861888334,745464546463842563,15.353702,2.925273,2.1623125,224.2165956381279,-38.54657167984182,2025063000453,148,60857.23471153538,r,224.21660466099192,-38.546576261994886,56.420677185058594,14787.2,261.404,False,14610.1,0.944683,15033.5,263.708,False,-178.543,4.16015,20.975285118562837,0.019193341140137137,20.988367057759323,7.020325522788691e-05,20.957349745184228,0.019045287628740536,nan,nan
2010 RN163,589712,MBO,MBO,21164706861888334,745464546555068421,15.353792,2.9252727,2.162316,224.2165800694734,-38.54653084567229,2025063000454,66,60857.23514684849,r,224.21658900748812,-38.546525343690874,53.333641052246094,14410.6,269.805,False,14676.0,0.623321,14228.1,274.792,False,-190.729,4.10333,21.00329487072263,0.020327887576726763,20.983480742290222,4.611353048308068e-05,21.017132757568174,0.020969182314340543,nan,nan
2010 RN163,589712,MBO,MBO,21164706861888334,745468900695081199,15.5060835,2.9249222,2.1687422,224.1954845130097,-38.479100943445616,2025070100127,33,60857.98789705879,i,224.19547807307137,-38.47910364152891,43.96371841430664,17407.7,394.107,False,16382.5,0.769493,17175.1,392.831,False,-66.5711,5.87912,20.79814656483037,0.024580860873108953,20.864049558429556,5.099749072721641e-05,20.812751838774894,0.0248330922009122,nan,nan
2010 RN163,589712,MBO,MBO,21164706861888334,745468900819861853,15.506178,2.924922,2.168746,224.19546885595824,-38.47906101213424,2025070100128,15,60857.98834868114,i,224.19547131820505,-38.47905397759589,45.206748962402344,17440.3,380.85,False,17012.4,1.70741,17271.3,378.933,False,-78.9666,5.85995,20.79611507337808,0.02370960486263497,20.823086011551396,0.00010896738771836607,20.806687381205112,0.023821094751205987,nan,nan
2010 RN163,589712,MBO,MBO,21164706861888334,745468901131288858,15.506361,2.9249218,2.1687534,224.19543840463183,-38.47898335010793,2025070100130,97,60857.98922565791,i,224.19544752146334,-38.478983195733505,51.525901794433594,17512.3,334.169,False,16401.5,0.0994112,17495.9,334.37,False,-80.8441,6.82347,20.791641980456845,0.020717973796347853,20.86279107928119,6.580760037101472e-06,20.792659256328232,0.020749867190491062,nan,nan
2010 RN163,589712,MBO,MBO,21164706861888334,745468901263409491,15.506454,2.9249215,2.1687574,224.195422742356,-38.47894340553283,2025070100131,93,60857.98967619495,i,224.19542679945363,-38.47894069744985,53.47397994995117,16999.4,316.946,False,16015.9,0.59793,17004.8,315.525,False,-81.1768,7.45942,20.82391599238305,0.020243052983346124,20.88862160227435,4.0534359506646276e-05,20.82357112913271,0.020145893726507894,nan,nan
2010 RN163,589712,MBO,MBO,21164706861888334,745468901501960591,15.50664,2.924921,2.168765,224.19539179477368,-38.47886447735704,2025070100133,36,60857.99056782855,i,224.19539531445938,-38.47886084648086,48.557945251464844,17177.6,347.612,False,16169.2,0.814059,16917.0,344.093,False,-78.477,6.89854,20.81259381098794,0.021971343008382667,20.878278654524816,5.466277485331472e-05,20.82919162672996,0.022083951874150635,nan,nan
2010 RN163,589712,MBO,MBO,21164706861888334,745468901637226599,15.506735,2.9249208,2.168769,224.1953760579743,-38.47882434213013,2025070100134,38,60857.99102096536,i,224.19538096817155,-38.478823275836326,52.2646484375,17107.6,325.328,False,16126.4,0.173289,16939.9,323.201,False,-67.434,7.94461,20.81702730658779,0.020646987261079865,20.881156404055236,1.1666964586122009e-05,20.827722869300334,0.02071505775293161,nan,nan
2010 RN163,589712,MBO,MBO,21164706861888334,745468901770920338,15.506825,2.9249206,2.1687727,224.19536094490928,-38.4787857973536,2025070100135,37,60857.99145541865,i,224.19536450267393,-38.478783055703374,54.75312423706055,16672.0,301.441,False,15453.2,0.11951,16767.3,302.246,False,-52.6441,8.50417,20.845030745951423,0.01963084318835866,20.92745392275871,8.396729145653668e-06,20.83884211244111,0.019571392653487795,nan,nan
2010 RN163,589712,MBO,MBO,21164706861888334,745468901887312184,15.506917,2.9249203,2.1687763,224.19534562187013,-38.47874671666005,2025070100136,3,60857.99189614932,i,224.1953447905168,-38.47874761445569,46.596675872802734,15656.1,334.181,False,14652.1,0.0224268,15597.2,331.428,False,-45.9718,7.80699,20.913291060534007,0.023175147030869495,20.98525034383274,1.6618498534114704e-06,20.917383383737953,0.023071024553906697,nan,nan
2010 RN163,589712,MBO,MBO,21164706861888334,745468902196117895,15.507112,2.9249198,2.1687844,224.1953131639982,-38.47866393276114,2025070100138,80,60857.992830541276,i,224.19531578219826,-38.478659889024996,47.40357208251953,15965.1,333.411,False,15525.9,1.4599,15960.1,332.599,False,-19.143,7.89087,20.892070918669944,0.022674234065863493,20.922358011156845,0.00010209174790818693,20.89241100619961,0.022626097815450986,nan,nan
2010 RN163,589712,MBO,MBO,21164706861888334,745468902334005627,15.507203,2.9249198,2.1687882,224.1952979405937,-38.47862510452004,2025070100139,87,60857.99326855542,i,224.19530928561784,-38.478631778871204,47.09949493408203,16595.8,346.998,False,15672.3,1.9825,16470.8,344.014,False,-15.0789,7.1443,20.85000446788723,0.022701421954288505,20.912168172644954,0.00013734244534388348,20.858213214215283,0.022677006899755523,nan,nan
2010 RN163,589712,MBO,MBO,21164706861888334,745468902491816013,15.507294,2.9249196,2.1687918,224.1952828548005,-38.47858662660592,2025070100140,132,60857.99370280851,i,224.1952854570389,-38.478582872842665,46.449310302734375,16213.0,346.919,False,15365.3,0.307487,16310.9,351.339,False,-3.84045,6.64722,20.87534154324613,0.023232130099942374,20.933647403642475,2.1727514889474228e-05,20.868805161181207,0.02338690395041507,nan,nan
2010 RN163,589712,MBO,MBO,21164706861888334,745468902740853065,15.507488,2.9249191,2.1687999,224.1952503844495,-38.47850380499538,2025070100142,95,60857.99463611857,i,224.19525404417928,-38.478505237100116,49.1620979309082,15898.1,320.705,False,15177.4,0.958263,15848.8,317.863,False,17.3994,7.25191,20.896636965690707,0.021902052668147,20.947006521807744,6.855065981464215e-05,20.900009050955802,0.021775489542615916,28.298664274747818,0.45252486559917243
2010 RN163,589712,MBO,MBO,21164706861888334,745468902855147768,15.507583,2.924919,2.1688037,224.19523456423013,-38.478463451205045,2025070100143,57,60857.995091203804,i,224.1952379149093,-38.47845884032048,46.29424285888672,15677.7,337.116,False,14855.0,0.737581,15641.4,336.079,False,9.26175,7.04907,20.911794112059347,0.023346475498803244,20.97031835965079,5.39090145762018e-05,20.91431091676227,0.02332867516425055,28.983267339016752,0.8263481736515337
2010 RN163,589712,MBO,MBO,21164706861888334,745468903000375723,15.50768,2.9249187,2.1688077,224.19521832529597,-38.478422028300415,2025070100144,78,60857.99555819202,i,224.19522222782777,-38.47842201210663,40.15708541870117,14987.2,371.613,False,14340.8,0.269883,14931.2,367.715,False,4.92717,8.23135,20.960698728635776,0.026921218783874556,21.008566567089634,2.043273426410033e-05,20.96476320385357,0.026738740311169937,29.668506177097623,1.8138353278892116
2010 RN163,589712,MBO,MBO,21164706861888334,745468903265665217,15.507868,2.9249182,2.1688154,224.19518702560887,-38.478342184494856,2025070100146,72,60857.99645835719,i,224.19518161946937,-38.47834297908646,35.25891876220703,16102.2,453.065,False,15094.7,0.317165,16236.5,455.919,False,14.299,6.61254,20.88278694541748,0.030549183980625477,20.952938770831164,2.2813140053491618e-05,20.87376895782741,0.030487344663505177,28.511735850821527,0.5020962262408292
2010 RN163,589712,MBO,MBO,21164706861888334,745468903673037055,15.508158,2.9249177,2.1688273,224.19513860519956,-38.4782186567947,2025070100149,81,60857.997850779706,i,224.19514422475754,-38.478218040655634,33.21025085449219,15801.4,470.961,False,14658.8,1.76681,15955.5,476.356,False,34.6117,6.79221,20.903261055561686,0.03236038544039667,20.984753965700243,0.00013086266775865827,20.89272395425773,0.032414962993016536,27.551942731080054,0.21306520084794883
2010 RN163,589712,MBO,MBO,21164706861888334,745468903942521087,15.508346,2.9249172,2.1688352,224.19510725785528,-38.47813867776661,2025070100151,83,60857.99875198631,i,224.19510942235908,-38.47813890683558,35.83040237426758,15020.8,416.618,False,14320.9,1.17142,14963.4,417.805,False,61.3335,6.94885,20.95826735516141,0.03011405947046585,21.010074189988863,8.881097183513092e-05,20.96242425764346,0.03031570333177815,26.930755630529884,0.12300974517760532
2010 RN163,589712,MBO,MBO,21164706861888334,745468904185790761,15.508535,2.9249167,2.1688428,224.19507569702,-38.47805814756842,2025070100153,35,60857.99965874292,i,224.19508285654683,-38.47806704128696,36.774009704589844,16225.4,436.827,False,16109.5,1.20579,16291.1,434.791,False,148.15,6.30341,20.874511443515665,0.029230642892713283,20.882294847060393,8.126694837758033e-05,20.87012400221728,0.028977068789262116,25.97324590519022,0.04619534789205108
2010 RN163,589712,MBO,MBO,21164706861888334,745468904353038534,15.508906,2.924916,2.168858,224.1950137455381,-38.47790005183007,2025070100154,98,60858.00143806799,g,224.19503049841816,-38.47789276807989,26.295654296875,7285.41,275.362,False,7082.96,0.261937,7814.57,282.123,False,465.422,2.80075,21.743864982905247,0.04103687862075725,21.774463033013927,4.015192484356844e-05,21.667737309982122,0.03919744103782532,24.73038273665579,0.0065335882559389115
2010 RN163,589712,MBO,MBO,21164706861888334,745468904573763743,15.509092,2.9249156,2.1688657,224.19498262456045,-38.47782062159383,2025070100156,7,60858.00233284449,g,224.19498911193642,-38.47780243636073,25.982097625732422,7026.24,268.425,False,7125.03,1.61693,7367.54,272.663,False,293.231,3.47737,21.783192513288608,0.04147861698248768,21.76803328952601,0.00024639327878064627,21.731693738221168,0.04018167300506085,25.231975342492365,0.012875537349110499
2010 RN163,589712,MBO,MBO,21164706861888334,745468904905637931,15.509283,2.924915,2.1688735,224.1949507686651,-38.47773930670101,2025070100158,128,60858.00324718601,g,224.19493467507698,-38.47775027643061,31.153911590576172,7409.77,235.775,False,7191.1,0.337383,7796.08,238.15,False,362.151,3.52009,21.725488178026882,0.03454755631757573,21.758011664934536,5.0939207522255254e-05,21.670309271593453,0.03316642055304897,25.00277577520554,0.010553303066108162
2010 RN163,589712,MBO,MBO,21164706861888334,745468904991621223,15.509381,2.9249148,2.1688776,224.19493436926044,-38.47769744210071,2025070100159,36,60858.003718579464,g,224.1949257003114,-38.477709089273326,33.157405853271484,7483.74,223.614,False,7372.1,0.391111,7862.01,226.108,False,279.032,5.92914,21.714703238905294,0.032441774615937134,21.73102194151201,5.760140970215884e-05,21.661166052665294,0.031225303829349987,25.285864919724737,0.0230707652215372
2010 RN163,589712,MBO,MBO,21164706861888334,745468905174597759,15.509482,2.9249146,2.168882,224.1949174465948,-38.47765423894662,2025070100160,129,60858.00420422017,g,224.19492851896928,-38.47764312684737,32.215721130371094,7357.73,227.671,False,7148.26,0.0573442,7827.42,232.185,False,287.472,4.01366,21.733140385698285,0.033596048486247206,21.764499184369647,8.709906213426442e-06,21.665953416804193,0.032206226389685816,25.253511181019498,0.015158958629639329
2010 RN163,589712,MBO,MBO,21164706861888334,745468905551036580,15.509769,2.9249141,2.1688936,224.19486945905336,-38.47753171183788,2025070100163,79,60858.0055823245,g,224.19485865257684,-38.4775262156494,32.572879791259766,7246.26,222.453,False,6940.92,0.146911,7557.65,225.079,False,233.293,3.737,21.749715253329125,0.03333102689523801,21.79645741517492,2.2980611822335416e-05,21.70403307510739,0.032334974057995874,25.48024573365297,0.017391847151410605
2010 RN163,589712,MBO,MBO,21164706861888334,745468905705701572,15.509861,2.924914,2.1688974,224.19485430908307,-38.47749302407157,2025070100164,118,60858.00601772373,g,224.19485873877898,-38.47750162264044,27.514129638671875,7321.97,263.693,False,7248.86,3.2118,7560.59,267.081,False,199.157,4.68034,21.73843010531039,0.039101638113583914,21.74932574013243,0.0004810642935675328,21.70361080361038,0.038354084853688866,25.652011073491803,0.02551562056556705
2010 RN163,589712,MBO,MBO,21164706861888334,745468906050158870,15.510149,2.9249132,2.1689093,224.19480617313025,-38.477370083978286,2025070100167,7,60858.007399190305,g,224.19483677092623,-38.47736826236158,27.05754280090332,6897.07,253.074,False,6523.72,0.182427,7188.66,256.651,False,132.216,3.75429,21.803338443248826,0.03983889055097417,21.86376168244354,3.0361143093724942e-05,21.758380117913013,0.03876317390041009,26.09678993671988,0.030829616563866215
2010 RN163,589712,MBO,MBO,21164706861888334,745468906207969438,15.51024,2.924913,2.168913,224.19479098567936,-38.47733128916392,2025070100168,52,60858.00783545988,g,224.1947963960306,-38.477338710179076,24.877201080322266,7070.53,282.941,False,7064.3,1.09814,7407.8,288.928,False,272.711,2.88393,21.776370109726336,0.04344784721693969,21.77732719459883,0.00016877686257173673,21.72577690736982,0.0423472027115973,25.310743366121308,0.011481704789808403
2010 RN163,589712,MBO,MBO,21164706861888334,745468906621632655,15.510521,2.9249125,2.1689246,224.19474399164267,-38.47721122901677,2025070100171,73,60858.0091840213,g,224.1947371960491,-38.477213196259186,24.207168579101562,7244.12,296.461,False,6723.68,1.16224,7472.4,300.851,False,151.201,3.09422,21.7500358927892,0.0444330621526654,21.83098238189343,0.00018767788539051408,21.716349734766844,0.04371351125749299,25.95111331238942,0.022218811425860907
2010 RN163,589712,MBO,MBO,21164706861888334,745468906868048035,15.510707,2.924912,2.1689322,224.194712915087,-38.47713181860286,2025070100173,31,60858.01007654422,g,224.19470776781563,-38.47712033281105,24.16663932800293,7362.92,302.626,False,7423.3,0.709815,7553.41,309.227,False,131.198,3.28183,21.732374807064705,0.044625232363597195,21.723507498122487,0.00010381796397270626,21.704642330306683,0.04444865713771689,26.10518197954702,0.02715896416497761
2010 RN163,589712,MBO,MBO,21164706861888334,745473291002052755,15.703254,2.9244661,2.177286,224.17232464748963,-38.39115603831111,2025070200069,119,60858.97067785703,i,224.17233067495872,-38.391156574950706,59.660423278808594,19901.4,331.467,False,19154.4,1.61705,19771.9,329.206,False,-128.726,12.3511,20.652790906900023,0.01808343769367128,20.69432859655787,9.165986667399015e-05,20.659878965373245,0.01807771934260822,nan,nan
2010 RN163,589712,MBO,MBO,21164706861888334,745473291358044787,15.703522,2.9244654,2.1772974,224.1722891450512,-38.39104144432065,2025070200072,30,60858.97198599988,i,224.17229834470945,-38.39104667302846,64.863037109375,19863.1,304.593,False,16880.2,0.0879332,19694.6,303.408,False,-126.453,18.7725,20.654882448739276,0.016649346792329055,20.831556080429156,5.655872600570785e-06,20.664132109897515,0.016726465404167667,nan,nan
2010 RN163,589712,MBO,MBO,21164706861888334,745473291484397827,15.703613,2.9244652,2.1773012,224.17227693517555,-38.391002041513474,2025070200073,15,60858.9724367124,i,224.1722795485927,-38.391005255852164,64.055419921875,19817.3,304.467,False,18499.4,1.31963,19485.5,300.367,False,-150.921,8.56249,20.657388747436972,0.01668092239710921,20.73210586970368,7.744954251206957e-05,20.67572111421442,0.016736513375889082,nan,nan
2010 RN163,589712,MBO,MBO,21164706861888334,745473291795824784,15.703792,2.924465,2.1773088,224.1722532679314,-38.39092567542529,2025070200075,97,60858.9733089755,i,224.17226006900538,-38.39092902456196,58.77533721923828,18991.2,320.922,False,18695.4,2.69191,18709.6,316.818,False,-165.316,16.6158,20.703619026066658,0.018347268495741403,20.720663073322143,0.0001563327939910593,20.719838766057517,0.018385255306301394,nan,nan
2010 RN163,589712,MBO,MBO,21164706861888334,745473291927945377,15.703884,2.9244647,2.1773126,224.1722409691972,-38.39088599722723,2025070200076,93,60858.97376168928,i,224.17225188243668,-38.39088399937372,39.55159378051758,19689.3,489.107,False,18750.9,3.52726,19884.2,482.857,False,-152.655,9.2926,20.664424266312487,0.026971052856013592,20.717444683135135,0.00020423946991730827,20.65372973584396,0.026365422867768974,nan,nan
2010 RN163,589712,MBO,MBO,21164706861888334,745473292166496416,15.704066,2.9244642,2.1773205,224.17221682601664,-38.39080811715328,2025070200078,36,60858.974650471995,i,224.1722252672544,-38.39081013745057,59.77814483642578,18375.8,305.361,False,17379.4,0.0978205,18351.2,304.212,False,-152.306,14.9392,20.739384315330465,0.018042287732145976,20.79991302822456,6.111100148014555e-06,20.74083887525068,0.01799849614629389,nan,nan
2010 RN163,589712,MBO,MBO,21164706861888334,745473292286034317,15.704158,2.924464,2.1773243,224.17220457428044,-38.390768601252766,2025070200079,8,60858.975101137185,i,224.1722168382478,-38.39076217672987,60.470882415771484,18670.2,306.544,False,18207.1,0.533087,18543.6,306.47,False,-150.723,16.8123,20.72212761981099,0.017826586751629715,20.749398079495055,3.178935058601659e-05,20.729514896251604,0.017943958185408667,nan,nan
2010 RN163,589712,MBO,MBO,21164706861888334,745473292435456205,15.704247,2.9244637,2.177328,224.17219275493363,-38.390730483183056,2025070200080,37,60858.9755364508,i,224.1721955712703,-38.39073050965827,62.22884750366211,18667.5,298.51,False,17741.2,0.03683,18351.8,295.404,False,-139.814,14.3726,20.722284599999263,0.017361892330801758,20.777542568295246,2.2539437473882538e-06,20.740803284798364,0.017476803101829756,nan,nan
2010 RN163,589712,MBO,MBO,21164706861888334,745473292550799983,15.70434,2.9244635,2.1773322,224.1721804441168,-38.39069078337689,2025070200081,1,60858.97598970612,i,224.17220274699605,-38.390689629854855,54.712127685546875,18819.9,342.777,False,19087.6,1.86916,17438.0,339.659,False,-152.958,14.0794,20.713456698807022,0.019775099765732836,20.698121708867745,0.00010632110830814786,20.796258316681225,0.021148071445173132,nan,nan
2010 RN163,589712,MBO,MBO,21164706861888334,745473292859081118,15.704528,2.9244633,2.17734,224.1721554891677,-38.390610318794415,2025070200083,77,60858.976907764765,i,224.17215581449204,-38.39061726066462,53.30909729003906,18035.9,332.987,False,17154.5,1.69443,17677.4,329.632,False,-140.224,13.659,20.759655429743418,0.02004535583216992,20.81405483937153,0.00010724323008607575,20.781454003145704,0.020245815350668724,nan,nan
2010 RN163,589712,MBO,MBO,21164706861888334,745473292998541406,15.704617,2.924463,2.1773438,224.17214360638715,-38.39057200851224,2025070200084,87,60858.9773442424,i,224.17215102480463,-38.39057185777655,55.961143493652344,18309.4,320.679,False,17293.7,0.930375,18192.4,318.673,False,-123.845,16.8523,20.74331469513145,0.019016067011382917,20.805280246940526,5.8410973093739564e-05,20.750274985762786,0.01901864573426036,nan,nan
2010 RN163,589712,MBO,MBO,21164706861888334,745473297163485342,15.708445,2.9244542,2.177507,224.17163316361064,-38.38892786126493,2025070200115,95,60858.996054181785,i,224.1716434706776,-38.3889301575961,49.12469482421875,15457.2,312.573,False,15169.4,0.475163,15391.7,309.253,False,52.4709,12.0475,20.927172920585434,0.021955581626755476,20.947578963687327,3.4009365750267704e-05,20.931783511392847,0.021814819948193558,27.10020368558539,0.24928877116288017
2010 RN163,589712,MBO,MBO,21164706861888334,745473297277780135,15.708538,2.9244542,2.1775107,224.17162066299483,-38.3888876053698,2025070200116,57,60858.99651146801,i,224.17161919976473,-38.388890417107845,47.62202072143555,14756.7,306.119,False,14188.7,0.317728,14806.8,303.26,False,93.7098,9.86107,20.977526864951876,0.0225229532264528,21.020143469400523,2.431292521615309e-05,20.973846988630495,0.022237105681242916,26.470537464186084,0.1142518742557299
2010 RN163,589712,MBO,MBO,21164706861888334,745473297423007786,15.708635,2.924454,2.177515,224.17160755934904,-38.38884540651687,2025070200117,78,60858.99699046508,i,224.1716128624508,-38.38883918858283,49.10255432128906,15210.4,305.631,False,14647.4,0.159265,15380.2,303.651,False,99.029,9.21535,20.944648384139303,0.021816299799017988,20.985598616804953,1.1805492333090916e-05,20.932595028834246,0.021435669314095126,26.410594023501417,0.10103544786239567
2010 RN163,589712,MBO,MBO,21164706861888334,745473297667850722,15.708821,2.9244535,2.177523,224.1715826891397,-38.38876531150606,2025070200119,33,60858.99789949492,i,224.17158934396767,-38.388765312152316,44.72136306762695,14555.7,322.774,False,13553.9,0.578614,14787.5,321.007,False,206.503,12.2497,20.992417245462224,0.02407629991950185,21.069839275927098,4.6349917476197716e-05,20.97526310591003,0.023569157019265867,25.61268405527739,0.0644055629208674
2010 RN163,589712,MBO,MBO,21164706861888334,745473298075222506,15.709103,2.9244528,2.1775348,224.17154506117163,-38.38864412037388,2025070200122,42,60858.999274500005,i,224.17155436875393,-38.38864283208033,46.14734649658203,15800.9,338.58,False,14368.3,0.267714,16192.2,334.78,False,567.448,9.38781,20.903295411800887,0.023265038101635004,21.00648654680554,2.022972651788231e-05,20.876735338313985,0.022448015768035654,24.515184829592982,0.017962324244248002
2010 RN163,589712,MBO,MBO,21164706861888334,745473298365153289,15.709289,2.9244523,2.177543,224.17152023544688,-38.38856415499305,2025070200124,83,60859.00018116528,i,224.17153252411575,-38.38856422305419,39.447425842285156,13983.7,351.494,False,14011.1,0.859509,14958.8,351.913,False,1020.52,6.86415,21.03594473925508,0.027291041944294346,21.033819448447986,6.660433913991804e-05,20.962758124987587,0.025542468909080126,23.877946178284343,0.007302802569881445
2010 RN163,589712,MBO,MBO,21164706861888334,745473298608422955,15.709476,2.924452,2.1775508,224.1714951596637,-38.3884833773228,2025070200126,35,60859.00109709517,i,224.17151302279711,-38.38849051174532,40.33244323730469,15126.1,370.919,False,14622.7,0.663986,15822.2,366.176,False,994.792,7.5674,20.950682609965558,0.026624192926440797,20.9874310602981,4.930099500090289e-05,20.901832811855137,0.025127386206678055,23.90566929835944,0.008259214184691827
2010 RN163,589712,MBO,MBO,21164706861888334,745473298775146624,15.710544,2.9244494,2.1775963,224.17135231006048,-38.38802304134391,2025070200127,97,60859.006313071804,g,224.17136761683832,-38.38803500052474,28.525564193725586,7222.38,252.012,False,7098.35,0.0204638,7762.32,255.436,False,486.96,3.53836,21.75329918070682,0.037884817707761184,21.77210646156565,3.13006379003301e-06,21.675021168409003,0.03572850958416731,24.681266797189558,0.00788920189325134
2010 RN163,589712,MBO,MBO,21164706861888334,745473298884198587,15.711734,2.9244468,2.177647,224.17119305632852,-38.38750937658668,2025070200128,49,60859.01212558239,g,224.1712129279341,-38.38750712070411,26.084487915039062,7955.79,302.813,False,8466.36,1.11762,8218.2,308.721,False,273.807,3.37286,21.648291717111775,0.041325251550592045,21.580758126755015,0.00014332492798923142,21.61305820883512,0.04078625099359088,25.30638860570552,0.013374515900304853
2010 RN163,589712,MBO,MBO,21164706861888334,745473299307299038,15.712013,2.9244463,2.177659,224.1711556204513,-38.38738853738339,2025070200131,88,60859.013491481164,g,224.17116756833076,-38.38738936155372,31.00253677368164,7907.69,253.632,False,7303.96,0.19461,8118.2,255.458,False,97.4496,12.1651,21.65487591901308,0.03482400691406769,21.741104040488736,2.8928844567228546e-05,21.626350607895596,0.0341652071441335,26.428049845514764,0.1355376479816318
2010 RN163,589712,MBO,MBO,21164706861888334,745473299591987482,15.712214,2.9244459,2.1776676,224.17112868032532,-38.38730155263452,2025070200133,119,60859.0144748156,g,224.17114009004433,-38.387307951071975,30.012264251708984,7531.51,248.792,False,7537.65,0.748283,7651.2,250.071,False,108.016,4.94639,21.70779489111961,0.03586564956362028,21.706910094720403,0.00010778398918571253,21.690676086195165,0.03548608461436653,26.31627978504468,0.049719253893116815
2010 RN163,589712,MBO,MBO,21164706861888334,745473300107362659,15.712594,2.924445,2.1776838,224.1710778420748,-38.38713734501843,2025070200137,78,60859.01632953306,g,224.17110376529104,-38.38713002735048,31.94593048095703,8526.17,263.368,False,8621.54,3.04382,8923.37,266.955,False,258.22,8.29705,21.57311504088146,0.033537706596663115,21.561037876410477,0.00038331730246781245,21.523677733208373,0.03248130360568107,25.370025302895165,0.03488656204784028
2010 RN163,589712,MBO,MBO,21164706861888334,745473300472791143,15.712889,2.9244442,2.1776965,224.1710383508946,-38.3870097307324,2025070200140,7,60859.01777016971,g,224.17105434873758,-38.387011663923424,28.522727966308594,7908.98,271.097,False,7304.89,2.20803,8391.76,276.229,False,338.724,16.8176,21.654698809403314,0.03721590043137093,21.740965778337078,0.00032818263539928304,21.59036739341041,0.035738848432460286,25.075385079880803,0.05390665415347792
2010 RN163,589712,MBO,MBO,21164706861888334,745473300889600189,15.713591,2.9244428,2.1777265,224.17094449651404,-38.386706222347904,2025070200143,34,60859.02119566854,g,224.1709540393762,-38.38670908542863,30.067968368530273,8507.7,280.926,False,8635.12,0.0826351,9234.95,283.832,False,747.956,8.26596,21.575469556742128,0.03585123082491979,21.559329042210358,1.0390117983569135e-05,21.486413605989583,0.033369609228704494,24.215309883267217,0.011998903455034874
2010 RN163,589712,MBO,MBO,21164706861888334,745473301154889960,15.713776,2.9244423,2.1777344,224.1709197003284,-38.38662598000874,2025070200145,28,60859.022100203365,g,224.17091496334717,-38.38662648243188,29.494638442993164,8504.95,284.91,False,8241.58,0.926964,9330.79,287.125,False,699.674,4.86991,21.57582056314272,0.03637141887605813,21.609973793140284,0.00012211716071971096,21.47520395733274,0.03341003350049658,24.287760643177396,0.0075570012021177295
2010 RN163,589712,MBO,MBO,21164706861888334,745473301879455828,15.714241,2.924441,2.1777544,224.17085740331663,-38.38642427099052,2025070200150,130,60859.02437459503,g,224.1708574478403,-38.386419481938894,32.29747772216797,9107.99,275.161,False,9482.37,5.07784,10414.7,278.49,False,1139.16,13.2786,21.501443609272485,0.0328011189969325,21.457707743109218,0.0005814152475036988,21.355883068586188,0.02903268067152711,23.758538150120607,0.01265586577182461
2010 RN163,589712,MBO,MBO,21164706861888334,745477697090093071,15.905588,2.923991,2.1863658,224.1554415524195,-38.30008389117428,2025070300129,97,60859.99757415128,g,224.15546388322727,-38.300100878772284,24.35095977783203,7908.35,301.016,False,7513.34,0.606913,9032.62,306.277,False,951.806,4.2902,21.654785282476997,0.041326440513265665,21.710417416717544,8.7703657622234e-05,21.510465636014892,0.03681501402891216,23.953628870018342,0.0048938812856549755
2010 RN163,589712,MBO,MBO,21164706861888334,745477697726578860,15.906062,2.9239898,2.1863868,224.1553944193737,-38.29987753327225,2025070300134,31,60859.999934343636,g,224.15541925467474,-38.29988824573502,18.823505401611328,7339.75,383.307,False,7793.51,13.6235,8997.69,398.156,False,1247.7,2.83642,21.73579683095557,0.05670088148223701,21.67066729016765,0.0018979288522796252,21.514672382613636,0.048044817065175174,23.659724604778262,0.002468224790173021
2010 RN163,589712,MBO,MBO,21164706861888334,745477698444853321,15.906535,2.9239888,2.1864078,224.15534732580093,-38.299671313014265,2025070300139,121,60860.00229121951,g,224.15535581148416,-38.29966329486374,20.125381469726562,7412.06,362.505,False,7917.45,11.6231,8397.29,375.434,False,680.498,2.86046,21.7251526758214,0.053100596203475,21.653536649687723,0.0015938996109920315,21.589652115490537,0.048542121811104136,24.317932889744327,0.004563871011411828
2010 RN163,589712,MBO,MBO,21164706861888334,745477698787213437,15.906821,2.923988,2.1864204,224.15531892556712,-38.29954692550911,2025070300142,6,60860.003712110105,g,224.1553231682651,-38.29953342295765,20.887725830078125,7546.82,359.275,False,7704.2,0.272026,8602.66,370.478,False,514.706,2.84929,21.70559004601052,0.051687714484166855,21.683181101251545,3.8336033846664885e-05,21.56341808336213,0.04675778967372156,24.62110193611159,0.006010377252318766
2010 RN163,589712,MBO,MBO,21164706861888334,745477698943975599,15.906913,2.9239879,2.1864245,224.1553097708104,-38.2995068247261,2025070300143,49,60860.004170322354,g,224.1552938719916,-38.29951640409003,21.419902801513672,7591.59,349.284,False,8127.03,2.51777,8350.38,359.776,False,522.773,2.70733,21.699168159713217,0.04995400023407989,21.625170371441936,0.0003363632437594199,21.595734416902836,0.046778929263728806,24.604217105714433,0.005622796374457173
2010 RN163,589712,MBO,MBO,21164706861888334,745477699338240163,15.907244,2.9239872,2.186439,224.15527686568623,-38.29936266791208,2025070300146,33,60860.005816301695,g,224.1553059446836,-38.2993869516162,22.343503952026367,8532.95,380.058,False,9089.82,2.45449,9255.21,391.565,False,414.863,2.72885,21.572251973069484,0.048358743010567286,21.503611754558126,0.0002931772584458013,21.484034311310033,0.04593480876837679,24.8552382239021,0.007141661400294181
2010 RN163,589712,MBO,MBO,21164706861888334,745477699604054132,15.907922,2.9239855,2.186469,224.15520928154356,-38.29906645508148,2025070300148,28,60860.009196189174,g,224.15522654983153,-38.299043669395644,20.86756706237793,8035.42,379.543,False,8506.14,5.64845,8576.94,390.176,False,244.409,2.64126,21.637478556433965,0.05128339023645467,21.575668728976233,0.0007209764720819684,21.566669015655773,0.049391529221175214,25.429707029891006,0.011733248567482051
2010 RN163,589712,MBO,MBO,21164706861888334,745477700445536324,15.908479,2.9239843,2.1864936,224.15515386652655,-38.298823419804144,2025070300154,97,60860.01196702088,g,224.15518363018103,-38.2988160503798,21.363981246948242,7778.06,362.419,False,8301.66,0.592853,8157.61,373.504,False,189.004,2.63309,21.672821769384626,0.05058992004688362,21.602087623095468,7.753653662241892e-05,21.621092671510187,0.04971147429612596,25.70882252388825,0.015125823778843202
2010 RN163,589712,MBO,MBO,21164706861888334,745477707554357276,15.916356,2.9239662,2.1868436,224.1543724332128,-38.29536407223052,2025070300207,88,60860.05119479695,g,224.15438367349148,-38.29536800529392,30.178335189819336,10173.0,331.951,False,9994.53,1.55904,10502.8,342.855,False,-18.4837,3.22967,21.381377388755627,0.035428212593368646,21.400594030489934,0.00016936324894433445,21.346737281458246,0.03544293953355789,nan,nan
2010 RN163,589712,MBO,MBO,21164706861888334,745477707714789625,15.916452,2.923966,2.186848,224.1543629083001,-38.29532134577937,2025070300208,138,60860.05167614984,g,224.1543786649012,-38.29531555532838,27.145112991333008,9473.05,346.173,False,9630.64,2.74159,9821.16,359.973,False,0.485471,2.97931,21.458775448449234,0.03967598307463602,21.440862167297375,0.0003090805652874758,21.41959301686233,0.039795268977391766,32.18459174694679,6.663105938247429
2010 RN163,589712,MBO,MBO,21164706861888334,745477707844813068,15.916859,2.923965,2.186866,224.1543230019859,-38.295142138139454,2025070300209,130,60860.05369743027,r,224.15432952090185,-38.29513845632238,54.18278503417969,17580.2,322.89,False,16261.6,0.0238016,17961.6,327.924,False,242.133,9.61481,20.7874405195274,0.019941376926194927,20.872091840680874,1.5891585133407007e-06,20.76413747226341,0.019822230711378175,25.439865062403804,0.04311327864189899
2010 RN163,589712,MBO,MBO,21164706861888334,745477707957010495,15.916951,2.9239647,2.18687,224.15431388665505,-38.29510115823062,2025070300210,88,60860.05415998683,r,224.1543094790533,-38.295108889193166,54.52702713012695,18157.9,327.229,False,18062.0,3.01699,18714.8,332.864,False,323.135,8.91582,20.752335926635695,0.019566379875692555,20.75808540514588,0.00018135617396523943,20.719536978956626,0.019311053060567008,25.126539965491848,0.029957226573291043
2010 RN163,589712,MBO,MBO,21164706861888334,745477708094374405,15.917052,2.9239645,2.1868746,224.154303906354,-38.29505626984411,2025070300211,94,60860.05466537073,r,224.15430647042578,-38.29505856555493,55.05808639526367,17480.4,311.61,False,15529.3,0.314066,18170.0,314.788,False,339.487,13.759,20.79362156005387,0.019354604888901242,20.92212031396513,2.1958029234407652e-05,20.751612681729913,0.01880994619299608,25.072942130398516,0.04400358267689926
2010 RN163,589712,MBO,MBO,21164706861888334,745477708316672055,15.917253,2.923964,2.1868837,224.154284231736,-38.29496771790749,2025070300213,6,60860.05566320178,r,224.15429321693745,-38.294974802784616,50.02077865600586,17677.2,349.102,False,16713.9,0.988837,18459.4,355.202,False,587.012,8.36534,20.781466359081875,0.021441896124494635,20.842305476035193,6.423492484928309e-05,20.73445602524062,0.02089210151658724,24.478382507225355,0.015472515699392968
2010 RN163,589712,MBO,MBO,21164706861888334,745477708730859628,15.917538,2.9239635,2.1868963,224.1542563002032,-38.294841860536046,2025070300216,28,60860.05708121207,r,224.15425648408424,-38.29484299145058,37.280033111572266,15925.9,417.414,False,17203.5,2.09618,17275.2,426.077,False,991.816,5.3723,20.894740012296918,0.028456883607668862,20.810957970514067,0.0001322927588341725,20.806442339029857,0.02677869091699965,23.908922247832272,0.005881031256806579
2010 RN163,589712,MBO,MBO,21164706861888334,745477708925894807,15.917687,2.923963,2.186903,224.1542415773594,-38.29477545189067,2025070300217,144,60860.057829278754,r,224.15424761506813,-38.29477342498337,42.617801666259766,17014.2,396.586,False,17321.2,2.35977,18494.6,406.395,False,1103.39,5.11232,20.8229712159006,0.025307554670880833,20.803555108155766,0.00014791630511488328,20.732387665781076,0.023857653711019527,23.79317737649107,0.0050305248210549686
2010 RN163,589712,MBO,MBO,21164706861888334,745477709030228098,15.917775,2.9239628,2.1869068,224.15423297952816,-38.29473664838125,2025070300218,87,60860.058266807966,r,224.1542369252646,-38.29473572668973,43.854007720947266,17139.9,386.429,False,17200.4,1.05146,18597.9,398.965,False,1040.22,5.37276,20.814979265823126,0.024478551839116812,20.811153608688226,6.637102590625459e-05,20.72634020669114,0.02329137869636075,23.857187031654576,0.005607852203653053
2010 RN163,589712,MBO,MBO,21164706861888334,745477709351092514,15.917958,2.9239626,2.186915,224.15421506464924,-38.29465574203688,2025070300220,187,60860.059177767034,r,224.15421662986046,-38.294650954756875,33.906410217285156,16648.5,487.274,False,17900.2,4.57264,17802.5,501.178,False,1104.4,4.81816,20.846562223872958,0.031777698238484406,20.767855338873957,0.0002773533789130029,20.773797513895406,0.03056576938272408,23.792183981080456,0.004736735511259621
2010 RN163,589712,MBO,MBO,21164706861888334,745477709611663558,15.918149,2.923962,2.1869235,224.15419635630704,-38.294571174234335,2025070300222,172,60860.06012984189,r,224.1542031130876,-38.29457703888452,40.36073684692383,16809.8,413.229,False,17354.0,0.236029,18208.1,423.286,False,1079.37,4.79461,20.836093583759514,0.026690244354210087,20.80150101721053,1.4766925762651143e-05,20.749338448559165,0.025240247839692403,23.817074147111498,0.0048228890128110356
2010 RN163,589712,MBO,MBO,21164706861888334,745477715320635537,15.925009,2.9239464,2.1872308,224.15353469887887,-38.29151761114074,2025070300265,53,60860.09435231186,r,224.1535369674396,-38.291518317850574,36.303016662597656,13650.8,370.529,False,13518.6,0.298354,13615.3,381.124,False,-191.646,5.37558,21.06210475606603,0.029470561941888775,21.07267073648533,2.3962078087607898e-05,21.064931977971646,0.030392288348485452,nan,nan
2010 RN163,589712,MBO,MBO,21164706861888334,745477715510952057,15.925111,2.9239461,2.1872354,224.15352506800693,-38.29147209120612,2025070300266,160,60860.09486090587,r,224.15353404119764,-38.29148247263532,35.14316177368164,13625.0,386.12,False,13192.1,0.899817,13567.1,397.475,False,-206.557,5.40492,21.0641587226283,0.030768767565487163,21.099215195326938,7.405673945148176e-05,21.068782466015747,0.03180878869016617,nan,nan
2010 RN163,589712,MBO,MBO,21164706861888334,745477715912556631,15.925403,2.9239454,2.1872485,224.15349744373248,-38.29134132506035,2025070300269,158,60860.09631998818,r,224.15349897531752,-38.29132604612843,32.5950927734375,13095.6,399.592,False,13288.3,2.84458,13853.1,407.949,False,-212.786,5.25254,21.107186529259316,0.03312956457673235,21.091326455219804,0.00023241975784958909,21.046132607538965,0.03197298922629893,nan,nan
2010 RN163,589712,MBO,MBO,21164706861888334,745477716055687314,15.925497,2.9239452,2.1872528,224.15348849968063,-38.29129892163283,2025070300270,175,60860.096792678894,r,224.15349121344101,-38.291311364860796,32.81154251098633,13298.5,399.858,False,13778.5,4.08407,13510.8,411.851,False,-212.886,4.88344,21.090493355939625,0.0326458103709202,21.05199514859298,0.0003218218880930406,21.073297352744508,0.03309660141841529,nan,nan
2010 RN163,589712,MBO,MBO,21164706861888334,745477716156874845,15.925597,2.923945,2.1872573,224.15347908908865,-38.291254271871935,2025070300271,112,60860.09729058215,r,224.15348368630893,-38.29124997275458,33.64300537109375,12693.7,372.026,False,12682.6,1.75648,13025.3,382.694,False,-185.843,5.25089,21.1410294080871,0.031820674205051455,21.141979295100406,0.0001503693220944375,21.11303067927974,0.031899820936117686,nan,nan
2010 RN163,589712,MBO,MBO,21164706861888334,745477716445757658,15.925787,2.9239445,2.1872659,224.1534611737673,-38.29116917176065,2025070300273,151,60860.098239063474,r,224.15348203851198,-38.291176203422516,33.850765228271484,12915.1,380.9,False,12737.7,0.217162,12993.0,392.863,False,-194.963,4.8297,21.122255599813556,0.03202119428218462,21.13727244307983,1.851045636784636e-05,21.115726403876238,0.03282887630007277,nan,nan
2010 RN163,589712,MBO,MBO,21164706861888334,745477716589936872,15.925883,2.9239442,2.1872702,224.1534521023212,-38.29112603150321,2025070300274,170,60860.098720346854,r,224.15347390639087,-38.2911428406191,31.47315788269043,13363.6,425.145,False,13538.2,0.353683,13579.8,439.001,False,-205.295,4.80913,21.085191362150006,0.034541240409493905,21.071097670220055,2.8364659036492616e-05,21.06776658109615,0.03509913946946357,nan,nan
2010 RN163,589712,MBO,MBO,21164706861888334,745477716835303637,15.926071,2.9239438,2.1872785,224.15343444832413,-38.29104197919446,2025070300276,126,60860.09965771939,r,224.1534269030771,-38.29104998507608,34.42909622192383,13219.8,379.192,False,13287.4,0.691577,13420.3,389.155,False,-155.4,4.837,21.096937803952315,0.031142867057604037,21.09139994539345,5.650994054479879e-05,21.080594455188976,0.03148362388221079,nan,nan
2010 RN163,589712,MBO,MBO,21164706861888334,745477716981579780,15.926167,2.9239435,2.1872828,224.15342548887787,-38.29099927312718,2025070300277,149,60860.10013341848,r,224.1534234488965,-38.290999435129244,33.62083435058594,12351.8,360.484,False,12610.5,0.388519,12516.6,371.201,False,-125.588,6.70679,21.170674389756943,0.03168692383033122,21.14816923381789,3.345062707163576e-05,21.156284100230927,0.03219934849136078,nan,nan
2010 RN163,589712,MBO,MBO,21164706861888334,745477717131526285,15.926512,2.9239428,2.1872983,224.15339299586503,-38.290844109627166,2025070300278,179,60860.10186211521,z,224.1534174823165,-38.290850347243484,24.803495407104492,16304.2,651.343,False,16276.4,1.89184,16259.2,652.736,False,-311.313,17.8258,20.869251251771235,0.04337451009122784,20.871104088196386,0.00012619738466556867,20.872252053882164,0.043587576495313515,nan,nan
2010 RN163,589712,MBO,MBO,21164706861888334,745477717356445742,15.926761,2.9239423,2.1873095,224.1533697048184,-38.290732611681605,2025070300280,96,60860.1031046497,z,224.1533922812608,-38.290735086854575,27.29027557373047,15805.6,568.726,False,13562.1,1.65021,16132.0,570.902,False,-104.502,47.8445,20.902972559731307,0.03906757341460924,21.069182675475783,0.00013211027930419607,20.880779466661046,0.03842356473978258,nan,nan
2010 RN163,589712,MBO,MBO,21164706861888334,745477717471789138,15.926851,2.923942,2.1873138,224.15336122024968,-38.290691936481146,2025070300281,60,60860.103557638315,z,224.15337803227112,-38.29069573003074,25.925519943237305,15366.1,586.764,False,15216.3,0.294537,15090.6,585.844,False,-50.3957,29.8131,20.933590889658554,0.04145950564730288,20.94422735869299,2.1016245547455883e-05,20.953233759098254,0.04215021611092429,nan,nan
2010 RN163,589712,MBO,MBO,21164706861888334,745477717925822837,15.927144,2.9239414,2.187327,224.1533338386862,-38.290560453732105,2025070300284,158,60860.10502169024,z,224.15336841010316,-38.29055203128783,18.718835830688477,15000.6,777.546,False,15203.6,3.05876,16766.9,791.601,False,1239.46,21.6085,20.95972845205442,0.05627840801799209,20.94513394043225,0.00021843553372540172,20.83886803932068,0.05125991445724856,23.666918744900265,0.01892851000139847
2010 RN163,589712,MBO,MBO,21164706861888334,745477718050603305,15.927241,2.9239411,2.1873312,224.15332476209235,-38.29051679591962,2025070300285,140,60860.105507289816,z,224.15332059358553,-38.290506233122684,25.181711196899414,16454.6,644.252,False,15089.7,0.501116,17874.0,645.782,False,1584.18,23.2362,20.859281702377928,0.04251016453560474,20.953298471935256,3.605636644857262e-05,20.76944561600328,0.039227306629512564,23.400488647950365,0.015925199855322286
2010 RN163,589712,MBO,MBO,21164706861888334,745477718277619924,15.927441,2.9239407,2.1873403,224.15330612549675,-38.29042703948706,2025070300287,61,60860.106506092234,z,224.1533246049168,-38.29042244497993,26.57229995727539,16059.0,594.119,False,16256.9,0.272992,18469.5,591.535,False,2456.1,30.4564,20.885703754742263,0.04016791384147151,20.872405638178698,1.823209265287649e-05,20.7338621536815,0.034773596292463,22.924384844057315,0.013463464330581876
2010 RN163,589712,MBO,MBO,21164706861888334,745477718461120803,15.927541,2.9239404,2.1873448,224.15329686435496,-38.29038237820803,2025070300288,155,60860.107003892816,z,224.15331910597448,-38.290390421804254,21.312084197998047,15022.3,693.666,False,16142.0,5.60983,17353.7,685.735,False,3249.22,17.9668,20.958158937299764,0.05013468756224492,20.880106642567657,0.0003773259464651661,20.801519835461246,0.042903088908043535,22.620552215305796,0.006003658160532705
2010 RN163,589712,MBO,MBO,21164706861888334,745477718574891158,15.927634,2.9239402,2.187349,224.1532881314138,-38.29034022835989,2025070300289,116,60860.10747203736,z,224.1532814536626,-38.290369412607994,22.887226104736328,16030.9,682.342,False,17941.6,19.3404,19831.2,684.362,False,3988.84,18.198,20.887605211005095,0.046213461105677686,20.765347098525904,0.0011703846762352152,20.656627556602444,0.037468061907623425,22.397883435384067,0.004953376663173256
2010 RN163,589712,MBO,MBO,21164706861888334,745477718678700416,15.927732,2.92394,2.1873534,224.15327901416643,-38.29029618636846,2025070300290,58,60860.10796213671,z,224.1532935460898,-38.29030177491773,24.740371704101562,15359.7,613.446,False,15121.9,0.81184,19246.8,606.529,False,4163.96,25.8886,20.934043152947485,0.043362859033703405,20.950984067507072,5.828923979649904e-05,20.68910362233896,0.0342150621813895,22.35123363788184,0.006750350608106921
2010 RN163,589712,MBO,MBO,21164706861888334,745477718836510885,15.927819,2.9239397,2.1873574,224.1532709074762,-38.29025699382461,2025070300291,103,60860.10839861131,z,224.15326170355274,-38.29026125575063,25.07482147216797,14637.4,580.749,False,13615.5,0.0171996,18863.4,578.747,False,4377.79,31.0327,20.986340118347044,0.04307733776469429,21.064916013747283,1.3715418862819504e-06,20.710950042282448,0.03331141620045321,22.2968626781075,0.00769642334834086
2010 RN163,589712,MBO,MBO,21164706861888334,745477718997467276,15.927913,2.9239395,2.1873615,224.1532622490572,-38.29021510024916,2025070300292,154,60860.1088643528,z,224.15328062001595,-38.29021289314839,25.493568420410156,15904.8,622.499,False,15912.0,2.6231,21423.0,624.068,False,5407.91,22.4695,20.896179482576187,0.04249470194359058,20.89568807470905,0.000178984080233442,20.57279928051392,0.03162830669882703,22.067426330281144,0.004511160226526416
2010 RN163,589712,MBO,MBO,21164706861888334,745477719122772241,15.928005,2.9239395,2.1873658,224.15325359692403,-38.29017320217562,2025070300293,137,60860.10933020136,z,224.1532423524888,-38.290185658020164,27.138582229614258,15716.6,568.94,False,15076.3,2.95281,20797.2,563.791,False,5175.4,26.5006,20.90910352656656,0.03930358820220515,20.954263087079227,0.00021264984230666629,20.6049878700141,0.029433209305873554,22.115140216768875,0.005559505022879884
2010 RN163,589712,MBO,MBO,21164706861888334,745477719501832710,15.928296,2.9239388,2.187379,224.15322669712648,-38.290042714372,2025070300296,92,60860.11078116637,z,224.1532235786921,-38.290055844283955,25.59988784790039,15755.8,603.093,False,15178.7,1.19466,21497.4,605.208,False,5528.64,22.1581,20.906398865079915,0.04155929449081931,20.946913542473645,8.54543235986407e-05,20.569035136753634,0.030566311905235354,22.043454194226943,0.004351495294119906
2010 RN163,589712,MBO,MBO,21164706861888334,745477719623991801,15.928389,2.9239385,2.187383,224.1532180711817,-38.290000798039394,2025070300297,69,60860.11124712518,z,224.15323613714605,-38.29000390852221,24.364421844482422,15617.0,624.617,False,15436.3,7.32099,21479.5,622.659,False,5413.67,22.1897,20.916005974254762,0.0434250685649427,20.928641987816867,0.0005149332476815104,20.56993958091448,0.03147388979294116,22.06627056806983,0.004450245418073953
2010 RN163,589712,MBO,MBO,21164706861888334,745477719769219398,15.92848,2.9239383,2.1873872,224.15320963658385,-38.2899597769673,2025070300298,90,60860.11170341759,z,224.15321770949546,-38.28995823262443,25.69456672668457,16062.2,617.822,False,14534.2,0.383506,21031.9,616.997,False,4944.03,21.3912,20.88548741364022,0.04176213275054315,20.99402215523086,2.8648728061542828e-05,20.592803709407185,0.03185142468145706,22.164797303793833,0.004697625287119411
2010 RN163,589712,MBO,MBO,21164706861888334,745477719947477305,15.928581,2.923938,2.1873918,224.1532003028492,-38.289914342940186,2025070300299,174,60860.112208978404,z,224.15318662883428,-38.28993088378121,26.2710018157959,17126.1,644.631,False,17063.4,1.02779,20944.7,645.053,False,4606.62,23.9169,20.815853835873163,0.04086740187361808,20.819836046090977,6.539779495634589e-05,20.597314680113563,0.033438406799106084,22.24154400041431,0.005636984223613764
2010 RN163,589712,MBO,MBO,21164706861888334,745477720059150711,15.928677,2.9239378,2.187396,224.15319149364436,-38.28987142333433,2025070300300,131,60860.11268582384,z,224.1531911911209,-38.28986016716789,26.595102310180664,16341.6,605.763,False,16002.7,1.82378,19663.2,603.253,False,3486.5,24.6419,20.86676358622826,0.04024690586322581,20.88951682758153,0.00012373811212227043,20.665864551710513,0.03330961586513615,22.544025826147656,0.007673770835082574
2010 RN163,589712,MBO,MBO,21164706861888334,745477720203329786,15.928768,2.9239376,2.1874,224.1531830048562,-38.28983002894166,2025070300301,150,60860.11314524174,z,224.1532011712433,-38.28982494682439,27.137897491455078,16845.4,609.832,False,18082.9,3.0763,20252.4,610.579,False,3270.89,31.1832,20.833796655032693,0.03930548598000235,20.756829774997282,0.00018470765818782704,20.63380873796016,0.03273329043039333,22.61333518802948,0.010350923216617484
2010 RN163,589712,MBO,MBO,21164706861888334,745477720344887310,15.92886,2.9239373,2.1874042,224.15317457775416,-38.28978890029738,2025070300302,164,60860.113602374535,z,224.15319108427065,-38.28980068932209,28.307716369628906,16674.6,583.641,False,17860.0,7.8427,19901.7,593.045,False,2836.12,20.4546,20.844861463922342,0.03800272087986811,20.77029636361868,0.00047676950380888506,20.652774604224227,0.03235353935954845,22.76818844894897,0.00783052134027665
2010 RN163,589712,MBO,MBO,21164706861888334,745477720491163902,15.92895,2.923937,2.1874084,224.1531661569776,-38.28974776743588,2025070300303,187,60860.1140599175,z,224.15317916436547,-38.2897408459091,26.40712547302246,17200.3,640.998,False,17056.1,5.60626,19411.5,642.756,False,2101.38,22.8506,20.81115989632197,0.04046177617789192,20.820300690804242,0.0003568763904027914,20.679852259345616,0.03595103108363703,23.093738574249407,0.01180639595503194
2010 RN163,589712,MBO,MBO,21164706861888334,745477720609652804,15.929049,2.9239368,2.1874127,224.15315717200076,-38.28970383973133,2025070300304,157,60860.114547815385,z,224.15315079928092,-38.289696659427975,28.561777114868164,16898.0,573.969,False,14697.3,0.113968,17854.9,570.048,False,1130.23,47.4714,20.830411735561032,0.036878856512432424,20.981906116809892,8.419178027828616e-06,20.77060642079401,0.0346639695479414,23.767082941985997,0.04560259405604655
2010 RN163,589712,MBO,MBO,21164706861888334,745477721009160213,15.929324,2.9239364,2.1874251,224.15313182149384,-38.28957968207428,2025070300307,151,60860.115926589046,z,224.1531431213146,-38.28957451228017,31.099754333496094,17793.8,562.499,False,16313.2,6.90238,18633.1,561.405,False,397.581,50.0238,20.774328190214618,0.03432237791100426,20.868652085315674,0.00045939262462347803,20.724287235910737,0.03271263389448284,24.901435963033418,0.1366077642393955
2010 RN163,589712,MBO,MBO,21164706861888334,745504070997901325,16.995834,2.9212635,2.242048,224.21078464528617,-37.78972011115164,2025070900022,78,60865.96121875044,i,224.2108373651391,-37.78969904281974,16.363113403320312,17174.5,1030.98,False,17084.9,3.36339,16121.0,1047.95,False,544.619,7.67178,20.812789744172022,0.06517641219108276,20.818468872266646,0.00021374161841344723,20.881520055053777,0.07057857470143407,24.559767992005668,0.01529423162971759
2010 RN163,589712,MBO,MBO,21164706861888334,745504071531626768,16.996159,2.9212627,2.2420657,224.21082798579377,-37.78957115065106,2025070900026,72,60865.96305255608,i,224.21088278767684,-37.789573619260736,17.45062255859375,14875.7,842.723,False,14632.3,6.26472,13804.0,841.033,False,296.518,8.47472,20.968806457476916,0.06150802208001993,20.986718522692627,0.0004648505954204939,21.049987623451376,0.06615039113534292,25.219872324923905,0.031031202705541237
2010 RN163,589712,MBO,MBO,21164706861888334,745504071675281676,16.996239,2.9212625,2.2420702,224.21083878042128,-37.7895340216828,2025070900027,90,60865.96350972583,i,224.21086430369203,-37.78953691517066,22.60613441467285,16513.2,720.509,False,15976.5,10.076,16116.7,720.883,False,257.175,9.75983,20.855421949118693,0.047373175032466394,20.891295890648372,0.0006847481132338866,20.88180968201985,0.04856383491894922,25.374428180268787,0.04120385652503918
2010 RN163,589712,MBO,MBO,21164706861888334,745504071785382151,16.996319,2.9212623,2.2420747,224.2108496203149,-37.78949672592582,2025070900028,44,60865.96396820879,i,224.21084623888143,-37.78951398920887,18.715261459350586,16098.3,850.409,False,15254.9,4.75406,14859.9,858.238,False,410.286,7.59091,20.883049972099364,0.05735511498998742,20.941476559523473,0.0003383604417672286,20.969960254356998,0.06270701811096922,24.867283226599582,0.02008775720485004
2010 RN163,589712,MBO,MBO,21164706861888334,745504072584921318,16.996801,2.921261,2.2421012,224.21091433655124,-37.78927383647496,2025070900034,33,60865.96671038775,i,224.21092299144917,-37.78927125762782,24.242910385131836,16800.6,690.255,False,15785.0,6.44919,16565.5,693.754,False,148.214,13.0969,20.836688045328813,0.04460762512896102,20.90438853442941,0.0004435932357375978,20.851988627954327,0.0454700350574483,25.97277689647659,0.0959408561394997
2010 RN163,589712,MBO,MBO,21164706861888334,745504072742731898,16.996881,2.9212608,2.2421055,224.21092509263147,-37.78923675454871,2025070900035,78,60865.96716664883,i,224.2109225605631,-37.78923479434536,23.355348587036133,16658.9,695.653,False,16554.2,5.85084,16192.8,692.62,False,122.689,10.8072,20.84588417149542,0.04533886671824645,20.852729556653,0.0003837376143582809,20.87669513342856,0.0464405546853262,26.17798590684348,0.09563830901613882
2010 RN163,589712,MBO,MBO,21164706861888334,745504072874852756,16.996962,2.9212606,2.24211,224.2109358941481,-37.78919950562811,2025070900036,74,60865.967624468314,i,224.2109401402418,-37.789197054662694,27.87131690979004,17249.3,611.045,False,16215.7,0.582729,16701.1,610.28,False,96.8475,12.5493,20.80807126205639,0.038461481372191145,20.87516073428371,3.901712202791335e-05,20.84313733432232,0.039674221359444095,26.4347789229002,0.14068746275907448
2010 RN163,589712,MBO,MBO,21164706861888334,745504073263874050,16.997208,2.9212599,2.2421236,224.21096878341595,-37.78908602429716,2025070900039,48,60865.969019698714,i,224.2109655258407,-37.789104003899276,22.27836799621582,18614.1,835.884,False,18058.4,1.51646,16654.4,843.385,False,230.138,6.90418,20.72539491595715,0.0487560242292199,20.758301805085644,9.117504465134873e-05,20.846177496553974,0.05498208390428061,25.495029161283945,0.032572275019495715
2010 RN163,589712,MBO,MBO,21164706861888334,745504073380790311,16.997288,2.9212599,2.242128,224.2109796016585,-37.78904867651735,2025070900040,15,60865.96947800895,i,224.2109867924571,-37.789038969133664,23.581893920898438,16975.4,717.574,False,16480.4,2.95488,16444.2,718.087,False,126.654,7.92588,20.82544993357766,0.04589559161478513,20.85758060336201,0.00019466882598492786,20.859968176135244,0.04741203975075897,26.143452730062084,0.06794428022521107
2010 RN163,589712,MBO,MBO,21164706861888334,745504073523396629,16.99737,2.9212596,2.2421324,224.21099053611255,-37.78901091740104,2025070900041,31,60865.969942590134,i,224.21101228301856,-37.789016237140984,21.50335121154785,16949.5,777.512,False,16126.3,4.69901,16013.7,773.19,False,89.9703,7.7741,20.8271077717413,0.049805183280391144,20.881163176188632,0.000316370477521927,20.888770766276917,0.05242263615334776,26.514752093359014,0.09381564535230806
2010 RN163,589712,MBO,MBO,21164706861888334,745504074194485331,16.997778,2.9212584,2.2421548,224.21104513733547,-37.788822217718085,2025070900046,31,60865.97226007635,i,224.21108643459536,-37.78881722865961,17.844806671142578,16518.9,918.522,False,15742.3,14.4614,15487.9,932.13,False,89.8111,7.39739,20.855047164055144,0.0603716068864203,20.907329552317783,0.0009973933784188681,20.925018632905093,0.06534438292586418,26.51667500696787,0.08942785873390426
2010 RN163,589712,MBO,MBO,21164706861888334,745504074473930803,16.99794,2.9212582,2.242164,224.2110668683341,-37.788747048618326,2025070900048,52,60865.97318333562,i,224.21109025048978,-37.788772082256024,21.156810760498047,17959.0,839.006,False,17436.5,2.6861,15545.7,843.742,False,79.1686,7.1515,20.76429462387292,0.05072326800288452,20.796351714683098,0.0001672581094960353,20.92097428020635,0.058928271492239476,26.653617560111865,0.0980772998075295
2010 RN163,589712,MBO,MBO,21164706861888334,745504074585604263,16.99802,2.921258,2.2421682,224.21107764931696,-37.78870974248007,2025070900049,9,60865.97364172688,i,224.21104910194978,-37.788718629045846,21.584447860717773,19005.5,870.845,False,17831.7,4.32557,17997.6,885.183,False,79.829,7.0417,20.70280175103952,0.04974917331424668,20.772018175128824,0.0002633752405331699,20.761963535286007,0.05340018856797275,26.64459824513651,0.09577256738336659
2010 RN163,589712,MBO,MBO,21164706861888334,745504074717724700,16.998102,2.9212577,2.2421727,224.2110884995291,-37.78867218756788,2025070900050,5,60865.974102140724,i,224.21110972050536,-37.78867493565161,26.470434188842773,18325.4,683.639,False,16791.7,4.37719,17163.0,667.728,False,41.1417,9.70718,20.742366319269692,0.04050397658692194,20.8372633841357,0.0002830251851795993,20.813516993786674,0.04224066271740579,27.364294397746868,0.2561740668599322
2010 RN163,589712,MBO,MBO,21164706861888334,745504075453300765,16.998793,2.9212558,2.2422106,224.21118082708463,-37.78835226085731,2025070900055,128,60865.97802760426,y,224.21119848760188,-37.78837374269345,7.955615043640137,17771.5,2229.99,False,17951.6,22.6674,13389.8,2210.15,False,-3018.4,121.49,20.775689785265914,0.1362395334465683,20.764742116938034,0.0013709539970946875,21.08306479054867,0.17921401379557503,nan,nan
2010 RN163,589712,MBO,MBO,21164706861888334,745504075717017653,16.99897,2.9212554,2.2422204,224.21120433636025,-37.78827069905003,2025070900057,119,60865.97902790355,y,224.21116525323544,-37.78825690412793,10.450748443603516,22776.7,2186.25,False,22643.5,98.381,20805.5,2175.99,False,-2762.98,119.379,20.50627303327503,0.10421574938735702,20.512641108770673,0.004717283546352519,20.604554606835517,0.11355416181244138,nan,nan
2010 RN163,589712,MBO,MBO,21164706861888334,745504076732563696,16.999628,2.9212537,2.2422566,224.21129219570275,-37.78796555220711,2025070900065,8,60865.98276645431,y,224.21136090360397,-37.78797778978593,9.77653980255127,21550.8,2259.84,False,23488.8,9.39644,19727.5,2240.61,False,-4160.88,62.7723,20.56634146939423,0.11385146312156341,20.472847888811685,0.0004343369724479479,20.662319869864668,0.12331575285134615,nan,nan
2010 RN163,589712,MBO,MBO,21164706861888334,745504078212628831,17.000519,2.9212515,2.2423058,224.21141098852573,-37.78755220468595,2025070900076,15,60865.987825619086,y,224.2114210922368,-37.787489487351145,11.138854026794434,21145.9,1909.87,False,20224.4,184.735,26786.3,1856.1,False,-3375.95,99.4582,20.58693454475395,0.09806227031123706,20.635310863523227,0.00991740049517856,20.330218147037577,0.07523379057084903,nan,nan
2010 RN163,589712,MBO,MBO,21164706861888334,745504078366769253,17.000599,2.9212513,2.24231,224.2114217628821,-37.787514674880015,2025070900077,53,60865.98828413301,y,224.21139538625653,-37.787498935478105,10.69896125793457,19737.5,1818.11,False,19549.7,53.0589,17937.5,1792.46,False,-3480.66,90.1979,20.66176964245912,0.10001204992164477,20.672149800100208,0.0029467444436726406,20.76559521480483,0.10849553589793372,nan,nan
2010 RN163,589712,MBO,MBO,21164706861888334,745504078637826067,17.000763,2.9212508,2.242319,224.2114435214081,-37.78743886564815,2025070900079,58,60865.989211694294,y,224.2114725593969,-37.78739180165613,11.463593482971191,20564.7,1801.08,False,21106.0,15.6083,18887.9,1762.27,False,-2993.01,97.5261,20.617194095352055,0.09509002272057628,20.588985165491138,0.0008029231797448347,20.70954079066989,0.10130084991948546,nan,nan
2010 RN163,589712,MBO,MBO,21164706861888334,745504078748975487,17.000843,2.9212506,2.2423236,224.21145436480663,-37.787401076797295,2025070900080,14,60865.98967364336,y,224.21144281267672,-37.7873249816059,9.987724304199219,19665.6,1994.98,False,25494.9,709.231,22679.3,1954.69,False,-3127.01,105.484,20.66573201824455,0.11014268751459784,20.383866701238368,0.03020360080070456,20.510925847940534,0.09357773676232094,nan,nan
2010 RN163,589712,MBO,MBO,21164706861888334,745504078945058873,17.001196,2.9212496,2.242343,224.21150141894364,-37.78723702677459,2025070900081,132,60865.99167894689,z,224.21151882163812,-37.78723760221109,22.229684829711914,18970.1,851.47,False,18927.1,4.26531,18598.5,849.287,False,-368.181,24.3505,20.704825971712406,0.04873310069494067,20.707289830667804,0.00024467569683134905,20.726305202357366,0.04957935480531532,nan,nan
2010 RN163,589712,MBO,MBO,21164706861888334,745504079053586520,17.00128,2.9212494,2.2423477,224.2115124951885,-37.78719839492428,2025070900082,83,60865.99215056975,z,224.21151902185053,-37.78719807757795,22.65945053100586,18441.4,809.758,False,18186.9,4.4962,18203.8,802.311,False,-360.971,25.988,20.73551525717174,0.04767444740086982,20.750603279547622,0.00026841776833488775,20.749594814928674,0.04785253818945707,nan,nan
2010 RN163,589712,MBO,MBO,21164706861888334,745504079187804325,17.00136,2.9212494,2.242352,224.2115231722468,-37.78716114996784,2025070900083,83,60865.99260556275,z,224.21152187778006,-37.78716285023382,23.585895538330078,18179.5,762.848,False,17020.0,0.420937,17778.2,750.804,False,-299.38,27.6179,20.751045163927465,0.04555965327506161,20.822601110628575,2.685232330632416e-05,20.77528057874173,0.04585251256000444,nan,nan
2010 RN163,589712,MBO,MBO,21164706861888334,745504079427403845,17.001524,2.921249,2.242361,224.21154506544391,-37.787084763409545,2025070900085,28,60865.99353849355,z,224.2115498183595,-37.78708695338793,26.551050186157227,20225.1,755.849,False,20487.5,2.60225,19592.7,751.486,False,-312.394,26.251,20.635273326984482,0.040575949657599635,20.62127758355361,0.00013790638909176183,20.669764321568024,0.041643857917486066,nan,nan
2010 RN163,589712,MBO,MBO,21164706861888334,745504080016703562,17.001862,2.921248,2.2423797,224.2115899998476,-37.786927919787416,2025070900089,128,60865.99545329548,z,224.21160795615424,-37.78694532147748,26.561487197875977,19570.1,730.985,False,20040.5,2.38324,19363.8,723.78,False,-328.24,35.3476,20.671017409578575,0.04055456433908917,20.645228618123248,0.00012911703479515178,20.682523485296947,0.04058264134019811,nan,nan
2010 RN163,589712,MBO,MBO,21164706861888334,745504080087482503,17.001951,2.9212477,2.2423847,224.2116018257272,-37.78688662767593,2025070900090,7,60865.995957523555,z,224.21158005546673,-37.78691409378126,27.720924377441406,19274.2,694.155,False,20549.6,4.32562,18909.0,683.137,False,-296.315,27.712,20.687559141117603,0.03910249336270144,20.61799158886553,0.00022854374394936129,20.708328595386803,0.039225056834678786,nan,nan
2010 RN163,589712,MBO,MBO,21164706861888334,745504080225894587,17.002031,2.9212475,2.242389,224.21161264264023,-37.7868488537058,2025070900091,15,60865.996418330804,z,224.2116011123072,-37.78685053822297,27.267635345458984,19772.7,718.499,False,20501.2,8.19604,19725.1,716.522,False,-330.453,28.6166,20.659835100136252,0.03945340968367647,20.62055183530538,0.00043405936576487795,20.66245198744557,0.03943979308717189,nan,nan
2010 RN163,589712,MBO,MBO,21164706861888334,745504080658432015,17.002287,2.921247,2.242403,224.21164652493857,-37.78673050379645,2025070900094,72,60865.99786223304,z,224.21165959934567,-37.78672719508577,24.39468002319336,17357.5,711.636,False,17013.1,2.76296,17021.9,687.62,False,-285.763,32.7977,20.80128206517852,0.04451383868444226,20.82304138813002,0.00017632563886783704,20.82247988808323,0.0438596106593082,nan,nan
2010 RN163,589712,MBO,MBO,21164706861888334,745504081180622879,17.002619,2.921246,2.2424214,224.2116908975163,-37.78657544960347,2025070900098,44,60865.99975303552,z,224.21169917025244,-37.786590189121,27.385215759277344,19728.5,714.275,False,19784.4,0.756473,19572.1,710.166,False,-345.806,29.9434,20.662264834574472,0.03930933695723671,20.65919276859836,4.151402686139666e-05,20.670906456568538,0.039395515552330264,nan,nan
2010 RN163,589712,MBO,MBO,21164706861888334,745504081979638027,17.003138,2.9212446,2.24245,224.2117600576904,-37.786333653279215,2025070900104,32,60866.0027008749,z,224.21174566964936,-37.78632461274652,27.499446868896484,18070.3,650.425,False,17585.9,3.436,17917.3,638.121,False,-337.202,34.8686,20.75758654630243,0.039080144059303275,20.787088477712288,0.00021213526943310312,20.76681853915454,0.03866827098717368,nan,nan
2010 RN163,589712,MBO,MBO,21164706861888334,745504082637095167,17.003624,2.9212434,2.242477,224.21182479761015,-37.78610719321135,2025070900109,6,60866.005458644664,z,224.21181548415242,-37.786111662796145,28.59334945678711,18463.4,646.193,False,18086.1,0.256728,17967.7,634.213,False,-570.539,31.8366,20.734220780635976,0.03799923703628763,20.756637704017557,1.5411773866416395e-05,20.763768827897227,0.03832366186837429,nan,nan
2010 RN163,589712,MBO,MBO,21164706861888334,745504082830557481,17.003717,2.9212432,2.242482,224.21183717035169,-37.7860639022816,2025070900110,119,60866.005985853626,z,224.21184017356507,-37.78606429781162,29.74920082092285,18674.8,622.204,False,18620.4,0.408306,18041.5,600.596,False,-533.674,39.9347,20.721860056119468,0.03617438253785937,20.725027461774243,2.3807898883013048e-05,20.759318393337583,0.03614382566002673,nan,nan
2010 RN163,589712,MBO,MBO,21164706861888334,745504082991513973,17.00382,2.921243,2.2424877,224.21185088226537,-37.78601592199284,2025070900111,170,60866.006569111545,z,224.211851284911,-37.78600994409813,22.7884464263916,17418.9,758.011,False,17952.3,7.91092,16354.0,750.543,False,-794.682,38.6003,20.79744816082905,0.0472475272838583,20.764699709974877,0.0004784441012326762,20.86594001645978,0.049828283029632096,nan,nan
2010 RN163,589712,MBO,MBO,21164706861888334,745530475518361771,17.947851,2.918556,2.3030524,224.5222754732961,-37.31292220595052,2025071500143,80,60872.00444052537,r,224.52228788795577,-37.31293071535128,8.24549674987793,15429.0,1849.69,False,15008.5,128.987,12406.7,1814.52,False,-3.32863,41.9776,20.929155552398118,0.1301623784407096,20.959156776099917,0.009331102729319533,21.165859280646607,0.1587924305777813,nan,nan
2010 RN163,589712,MBO,MBO,21164706861888334,745530476973260864,17.948643,2.9185536,2.3031075,224.522617831731,-37.31252629504896,2025071500154,39,60872.00970995321,r,224.52261784149647,-37.312540853107436,24.01601791381836,12037.4,491.092,False,12040.3,5.23389,12646.2,491.096,False,49.1069,22.971,21.19866823408823,0.044294977184646464,21.198406747417167,0.00047196697909239964,21.145099868454846,0.04216291913692745,27.172143718740706,0.5078807145947039
2010 RN163,589712,MBO,MBO,21164706861888334,745530477282591175,17.948797,2.918553,2.3031182,224.52268484744525,-37.31244875854341,2025071500156,117,60872.01074066723,r,224.52271105189593,-37.31245288884219,27.186782836914062,12282.2,443.943,False,12701.5,1.75173,12187.9,422.861,False,-0.742537,13.3019,21.176809570142535,0.03924418857061706,21.140362468622918,0.00014973953030651127,21.18517775960115,0.03766977693845773,nan,nan
2010 RN163,589712,MBO,MBO,21164706861888334,745534870860595277,18.08592,2.9181259,2.3132482,224.5958087199573,-37.24057700491326,2025071600123,42,60872.976320514106,r,224.59581317118065,-37.24058018873126,47.71189498901367,11401.2,234.995,False,10612.9,2.42109,11547.5,231.231,False,88.2883,19.5312,21.25762357105239,0.02237857153324874,21.335414779759518,0.0002476858209546387,21.243780072703537,0.021741144958714757,26.535242119113413,0.2401873352632136
2010 RN163,589712,MBO,MBO,21164706861888334,745534870993764548,18.085989,2.9181256,2.313253,224.59584164531623,-37.24054332133932,2025071600124,40,60872.97678056924,r,224.59585201615337,-37.24054605542867,49.29593276977539,10789.4,216.741,False,9924.99,0.62241,11086.1,216.56,False,66.7475,15.23,21.31750672524329,0.021810623326590128,21.408174779714166,6.808803379771514e-05,21.288053058899855,0.02120917528585629,26.838912529660018,0.24773605762433165
2010 RN163,589712,MBO,MBO,21164706861888334,745534871950065811,18.086468,2.9181242,2.3132875,224.5960777044725,-37.240301698316216,2025071600131,72,60872.98007815458,r,224.5960831281078,-37.24030323813282,49.896602630615234,11503.1,229.427,False,11020.9,0.217774,11689.6,227.396,False,66.2624,16.2307,21.247962798710233,0.021654789650487616,21.294457307107567,2.1454247106821043e-05,21.2305009099519,0.021120660589436815,26.846832132056107,0.2659465807507472
2010 RN163,589712,MBO,MBO,21164706861888334,745534872086905058,18.086535,2.918124,2.3132923,224.5961104150517,-37.24026819938184,2025071600132,77,60872.98053552857,r,224.59610948128784,-37.24027710708604,48.408103942871094,10751.2,219.32,False,10010.3,0.637913,10852.5,215.903,False,62.4473,36.9016,21.321357627950825,0.022148566490608538,21.39888228842667,6.918925914209406e-05,21.311175513723157,0.021599972696001682,26.91121583633935,0.641587435085341
2010 RN163,589712,MBO,MBO,21164706861888334,745534872199102907,18.086601,2.9181237,2.3132973,224.59614326890355,-37.24023454954569,2025071600133,35,60872.98099402989,r,224.59613873769453,-37.24023216009835,49.150245666503906,10625.8,215.22,False,9859.07,0.0842377,10832.9,212.825,False,81.1413,25.4877,21.33409592667895,0.021991017298323586,21.41541009022995,9.276728958744533e-06,21.313138125518066,0.02133055748063731,26.62689514473733,0.34104604393633103
2010 RN163,589712,MBO,MBO,21164706861888334,745534872583930072,18.086803,2.918123,2.3133118,224.596242404074,-37.24013298742461,2025071600136,1,60872.98237955251,r,224.59626864467558,-37.240138274081914,32.36213302612305,11045.4,338.775,False,10910.1,1.84124,12043.5,340.254,False,249.198,8.14921,21.292046341335748,0.03330076440255819,21.305428210695865,0.00018323398078693155,21.198118207571987,0.030674312635705712,25.408638627350463,0.03550547107392141
2010 RN163,589712,MBO,MBO,21164706861888334,745534872733352268,18.086878,2.9181228,2.313317,224.59627840814213,-37.24009609270169,2025071600137,30,60872.98288288189,r,224.59628530472958,-37.24010168936878,40.618839263916016,10976.2,268.835,False,10561.4,0.200805,11123.8,266.745,False,212.657,13.5502,21.29886995113079,0.02659243437025435,21.340696231589284,2.0643214297966178e-05,21.284367089366395,0.026035590690396918,25.580800804605126,0.06918156178329227
2010 RN163,589712,MBO,MBO,21164706861888334,745534873685459563,18.08737,2.9181213,2.3133526,224.5965204255516,-37.23984796389335,2025071600144,54,60872.986263716324,r,224.59651927190524,-37.23986361872606,48.33143615722656,10372.9,210.078,False,10528.1,7.07497,10641.2,204.827,False,271.747,32.138,21.36024948136967,0.021988960176479916,21.34412503681455,0.0007296236842607104,21.332523465627396,0.02089877842949774,25.31458806715195,0.1284039547351535
2010 RN163,589712,MBO,MBO,21164706861888334,745534875939373392,18.088772,2.918117,2.313454,224.597209859336,-37.23914001233006,2025071600161,1,60872.99589228521,g,224.5974060629757,-37.23893865911115,43.55699157714844,1789.74,122.572,False,5857.57,1.5734,3225.15,120.268,False,1408.38,19.312,23.268025144629185,0.0743576482011893,21.980706314406596,0.00029163926648706414,22.628625237263446,0.04048782951981191,23.528200373359045,0.01488784121600762
2010 RN163,589712,MBO,MBO,21164706861888334,745534877304094954,18.08946,2.9181151,2.3135037,224.5975484631979,-37.23879177077962,2025071600171,44,60873.000619886574,g,224.5975464962116,-37.2388052715184,35.44983673095703,4491.7,123.718,False,4062.22,1.3473,6827.91,121.463,False,2278.01,56.3809,22.26897309755953,0.02990518254950181,22.378091407721953,0.0003601017316582315,21.814280505251478,0.019314368648299003,23.006110929816543,0.026872044273596796
2010 RN163,589712,MBO,MBO,21164706861888334,745534877416292595,18.089527,2.918115,2.3135087,224.59758106264505,-37.23875822628345,2025071600172,2,60873.00107401906,g,224.59759600382955,-37.23875868775997,32.827213287353516,4628.08,138.935,False,4415.63,0.758519,6849.1,135.353,False,2301.65,37.3556,22.236497838006997,0.03259380875243216,22.2875183405684,0.00018650827978816236,21.81091621663247,0.021456490193065746,22.99490183756407,0.017621413945688866
2010 RN163,589712,MBO,MBO,21164706861888334,745534877588258848,18.089634,2.9181144,2.3135164,224.59763343948697,-37.23870432499176,2025071600173,74,60873.00180590533,g,224.5976598034917,-37.23867106632249,36.05002975463867,4612.27,127.264,False,4399.06,0.255979,6672.55,126.118,False,1942.37,60.6502,22.2402131885259,0.029958161970342186,22.2916002718379,6.317842127829145e-05,21.83927043975963,0.020521521542914558,23.17917009836094,0.033901943508227464
2010 RN163,589712,MBO,MBO,21164706861888334,745534877750788436,18.089705,2.9181142,2.3135216,224.59766869375727,-37.238668040474,2025071600174,128,60873.00229735322,g,224.59771146896594,-37.238632197309286,40.41133499145508,4914.65,119.802,False,4857.51,0.51593,6611.92,117.12,False,1614.53,21.3481,22.171268534811368,0.026466457124643034,22.18396579403466,0.00011531914578788129,21.849181037213967,0.019232148723191945,23.37988468238254,0.014356131735685233
2010 RN163,589712,MBO,MBO,21164706861888334,745534877834149927,18.089783,2.9181142,2.313527,224.5977064577777,-37.23862916920008,2025071600175,31,60873.00282468571,g,224.5977496711717,-37.238604896440584,39.200435638427734,5651.47,142.913,False,5618.99,1.38278,6998.49,139.283,False,1407.84,9.73307,22.019596392339096,0.02745583117936069,22.025854306735848,0.0002671893345019018,21.78748909767835,0.021608174893701457,23.528616775469267,0.007506213166670835
2010 RN163,589712,MBO,MBO,21164706861888334,745534882440544286,18.109627,2.9180536,2.3149831,224.60770765867832,-37.22834233282436,2025071600209,113,60873.13983114339,i,224.60769944382128,-37.2283379516973,49.22407913208008,17947.3,363.805,False,16140.1,0.249377,33582.6,363.747,False,15254.5,10.5302,20.76500214681666,0.022008671768209535,20.880234473342735,1.677546243278974e-05,20.084714157892645,0.011760056665350948,20.94150505687787,0.0007494850298806359
2010 RN163,589712,MBO,MBO,21164706861888334,745534883265249663,18.110022,2.9180524,2.3150125,224.60791442820596,-37.22813268392676,2025071600215,150,60873.142581092325,i,224.60792777334458,-37.228136224659046,49.63641357421875,17600.2,353.37,False,16393.1,0.036598,23402.2,352.208,False,5600.71,8.12643,20.786206040817728,0.021798991738980023,20.86334730552233,2.4239329536168456e-06,20.476858319755827,0.01634055765927246,22.029392292942447,0.0015753643462807472
2010 RN163,589712,MBO,MBO,21164706861888334,745534883411525756,18.110086,2.9180522,2.3150175,224.60794882013408,-37.22809783488899,2025071600216,173,60873.143038313094,i,224.60794289210676,-37.22810497929524,47.901180267333984,17838.3,370.889,False,16625.0,1.11244,23825.2,369.846,False,5812.6,8.42555,20.77161629368806,0.02257432635551522,20.84809586506214,7.265060889089642e-05,20.45740864810477,0.016854222191830286,21.989073887841876,0.0015738094874292949
2010 RN163,589712,MBO,MBO,21164706861888334,745534884472684598,18.110613,2.9180505,2.3150566,224.6082249513381,-37.227818263252495,2025071600224,149,60873.14670360522,i,224.60823136545827,-37.22781910736921,48.3889274597168,17465.6,357.022,False,16031.6,2.80336,25305.4,355.318,False,7634.15,9.25091,20.794541250148455,0.022194011279923542,20.887557855551712,0.00018985687674525644,20.391966966865716,0.015245030840260734,21.693098291501244,0.0013156733665237888
2010 RN163,589712,MBO,MBO,21164706861888334,745534884607951313,18.110678,2.9180503,2.3150616,224.608259498398,-37.22778331484912,2025071600225,151,60873.14716102631,i,224.60825651982296,-37.2277903213951,45.693729400634766,16977.9,366.719,False,15785.0,0.251966,25978.5,367.326,False,8573.93,8.50278,20.825290046883033,0.023451668330603487,20.90438853442941,1.7330922276676865e-05,20.363464821815064,0.015351891947404897,21.56705020585865,0.0010767263531224773
2010 RN163,589712,MBO,MBO,21164706861888334,745534884882678092,18.11081,2.9180498,2.3150713,224.6083285438728,-37.22771348688867,2025071600227,163,60873.14807644411,i,224.60833758483454,-37.22771116657761,49.43205642700195,16706.4,332.79,False,15202.0,0.184573,23720.0,332.98,False,6825.24,9.99804,20.84279278593259,0.02162776854442859,20.945248179508987,1.3182316983042238e-05,20.46221328826944,0.01524150309395515,21.814705144371032,0.00159045452588077
2010 RN163,589712,MBO,MBO,21164706861888334,745534885566349750,18.111135,2.9180489,2.3150957,224.60850089921377,-37.22753929351291,2025071600232,187,60873.150358841165,i,224.60851265208652,-37.22754072331576,43.69029235839844,16353.6,371.126,False,15266.6,2.12228,20653.6,370.983,False,3817.93,11.1449,20.865966598575426,0.024639525978315324,20.940644210786594,0.00015093315891838793,20.612510616162808,0.01950215380966612,22.445430115589946,0.0031693671687613315
2010 RN163,589712,MBO,MBO,21164706861888334,745534885833212069,18.111265,2.9180486,2.3151054,224.6085698437976,-37.22746966023152,2025071600234,184,60873.15127007482,i,224.60857583774592,-37.2274712648898,48.56767654418945,15833.6,320.058,False,14491.3,0.0775912,18610.6,317.406,False,2567.86,10.9376,20.90105085359333,0.021946909224977943,20.9972316462796,5.813390073321772e-06,20.725599085597608,0.018517361041693364,22.87607159892775,0.004624608804150087
2010 RN163,589712,MBO,MBO,21164706861888334,745534886999752790,18.112082,2.918046,2.3151667,224.60900232901997,-37.2270334742628,2025071600243,105,60873.15698063691,g,224.60900967756922,-37.22703967696443,39.611209869384766,7536.53,189.766,False,7468.96,0.251415,8098.6,191.651,False,329.718,4.90464,21.707071450337956,0.02733828824804093,21.716849671724013,3.654730843879975e-05,21.62897511403982,0.02569362950747611,25.104643400506824,0.016150606406060638
2010 RN163,589712,MBO,MBO,21164706861888334,745534887273431202,18.112213,2.9180455,2.3151765,224.6090719181408,-37.22696339116443,2025071600245,115,60873.157897838835,g,224.60905719248737,-37.22696371801834,43.515037536621094,7357.57,168.688,False,6952.24,0.821193,7674.17,167.313,False,236.134,7.36011,21.733164019255376,0.024892821560308524,21.794688073180406,0.0001282462802230725,21.68742147214981,0.02367132697341444,25.467103677840726,0.03384153741753623
2010 RN163,589712,MBO,MBO,21164706861888334,745534888628191514,18.112865,2.9180436,2.3152254,224.6094191332645,-37.22661414188022,2025071600255,139,60873.162465976835,g,224.60942411865446,-37.226614920192226,41.38560485839844,6757.68,162.067,False,6655.19,0.484106,6961.22,160.652,False,141.057,8.11268,21.825505915384817,0.0260388189996119,21.842098862746948,7.897767311973463e-05,21.79328656831361,0.025056768722131972,26.026513339801266,0.06244447591570818
2010 RN163,589712,MBO,MBO,21164706861888334,745534889701933148,18.113386,2.918042,2.3152647,224.60969755317493,-37.22633461870007,2025071600263,139,60873.16611992644,g,224.60969258208243,-37.226332807138014,39.30825424194336,6807.37,171.535,False,6324.36,0.310201,7128.05,170.799,False,233.456,6.66556,21.81755159033058,0.027358842056940662,21.897458565464863,5.325383944895099e-05,21.76757318620973,0.02601590319147896,25.479487429234148,0.03099958777074183
2010 RN163,589712,MBO,MBO,21164706861888334,745534889851879652,18.113451,2.9180417,2.3152695,224.60973272269408,-37.22629934380506,2025071600264,169,60873.16658076435,g,224.60974704314734,-37.22629567989593,36.020660400390625,6967.22,191.95,False,6595.82,0.390408,7123.55,190.861,False,280.445,6.44785,21.79235115595867,0.02991251241720552,21.851828040852723,6.426496199275166e-05,21.768258837395244,0.02909008784114063,25.280380717990163,0.02496269946644093
2010 RN163,589712,MBO,MBO,21164706861888334,745534889965125725,18.113516,2.9180415,2.3152745,224.60976744408865,-37.22626452592076,2025071600265,129,60873.16703584885,g,224.60976690539115,-37.22626723817024,38.15099334716797,6996.31,183.284,False,6445.37,0.0518328,7421.16,182.87,False,301.165,7.07679,21.78782737986145,0.028443289273242266,21.87688034696459,8.731344407254032e-06,21.72382048947364,0.026754384797295864,25.20298872226934,0.02551268156018709
2010 RN163,589712,MBO,MBO,21164706861888334,745534890104586632,18.11358,2.9180415,2.3152792,224.6098024039534,-37.22622947649234,2025071600266,139,60873.16749333593,g,224.6098006535059,-37.22623551243806,39.54182052612305,6898.28,169.25,False,6657.24,1.54125,7309.86,168.398,False,286.686,7.56923,21.803147987995896,0.026638648819482625,21.841764426840847,0.0002513640572242594,21.7402273719648,0.025012216840612,25.256483769522124,0.028666160910014105
2010 RN163,589712,MBO,MBO,21164706861888334,745534890227270024,18.113647,2.9180412,2.3152843,224.60983729710924,-37.22619450155877,2025071600267,117,60873.16795061381,g,224.60984008044085,-37.22620004268772,31.7264404296875,6895.47,216.433,False,6816.93,1.75707,7474.63,217.947,False,396.54,4.72685,21.803590282839615,0.03407876986266459,21.816027885888488,0.00027984949306369944,21.71602576798768,0.031658150181039534,24.90428247096861,0.012942230555529599
2010 RN163,589712,MBO,MBO,21164706861888334,745534890515103906,18.114021,2.91804,2.3153124,224.61003852119268,-37.22599295523717,2025071600269,154,60873.1705832555,r,224.61005563260935,-37.22598904088977,42.033668518066406,11416.6,268.928,False,10900.1,0.92529,12300.0,269.807,False,771.452,7.22635,21.25615807446102,0.02557546781627516,21.30642383322086,9.216620732253758e-05,21.175237221401503,0.023816198017821255,24.18172768965927,0.010170314382745009
2010 RN163,589712,MBO,MBO,21164706861888334,745534890647224742,18.114086,2.9180398,2.3153174,224.6100734795748,-37.22595796699195,2025071600270,150,60873.17104054775,r,224.61007180150463,-37.22595978135061,43.875694274902344,11183.4,253.833,False,10588.3,0.128306,12073.5,257.21,False,678.327,8.447,21.278565315285263,0.024643280250315938,21.337934425680672,1.3156642105370899e-05,21.19541703388179,0.02313017765753985,24.321402197834615,0.013520341776711601
2010 RN163,589712,MBO,MBO,21164706861888334,745534890777772140,18.114151,2.9180396,2.3153222,224.61010844765573,-37.22592297682287,2025071600271,143,60873.171497593765,r,224.61010548149596,-37.225919908444816,38.01158142089844,11210.1,294.376,False,11205.5,0.503571,12406.3,294.989,False,951.128,6.58436,21.275976320963565,0.028511315673919853,21.276421900165843,4.8792578465876264e-05,21.165894320230507,0.025815936837866302,23.95440259323898,0.007516210478600718
2010 RN163,589712,MBO,MBO,21164706861888334,745534891563155784,18.114544,2.9180384,2.3153517,224.61031961036971,-37.22571184718841,2025071600277,105,60873.17425442111,r,224.6103334512785,-37.225702010163914,41.26956558227539,11363.9,273.527,False,10608.9,0.367025,12034.0,274.525,False,473.952,7.82954,21.261181454266342,0.026133472260216624,21.335824070650073,3.7562075500793365e-05,21.198974982110908,0.024768300231379225,24.710664108860023,0.01793602490478773
2010 RN163,589712,MBO,MBO,21164706861888334,745534892276187355,18.11487,2.9180374,2.3153763,224.6104952756466,-37.22553642906528,2025071600282,185,60873.17654421207,r,224.61049682061517,-37.225554124669884,30.351585388183594,10531.2,343.909,False,10795.4,1.39235,11488.7,350.062,False,390.833,6.6154,21.343805328328145,0.035456020378128526,21.31690311370549,0.00014003415388489645,21.249322758987535,0.03308250659970966,24.920021912629608,0.01837761644728833
2010 RN163,589712,MBO,MBO,21164706861888334,745534892788940877,18.115131,2.9180365,2.315396,224.6106364469709,-37.22539560254204,2025071600286,139,60873.17838279411,r,224.61063071502946,-37.22539673197656,43.14848709106445,11037.9,253.824,False,10199.8,0.587517,11414.2,252.503,False,46.2372,10.4187,21.29278382364688,0.024967240349180353,21.378520880539504,6.253931597594981e-05,21.256386286415903,0.02401847266678398,27.237521144031177,0.24465061941029095
2010 RN163,589712,MBO,MBO,21164706861888334,745534894414233935,18.11591,2.918034,2.315455,224.6110587659694,-37.224975104285264,2025071600298,167,60873.18386844436,r,224.6110715347622,-37.224977300970885,34.37392044067383,11237.2,323.773,False,11365.9,0.938428,11255.7,325.694,False,67.52,7.6689,21.27335470483384,0.031282888374884486,21.260990385947178,8.964404081907692e-05,21.271568708010978,0.031416772088939664,26.82641896993622,0.12331757714337238
2010 RN163,589712,MBO,MBO,21164706861888334,745534896281223212,18.117218,2.91803,2.3155541,224.6117727324601,-37.22426697059854,2025071600312,144,60873.19310054924,u,224.61165266543082,-37.224226020238696,5.237083435058594,2824.84,539.397,False,3206.91,149.532,2793.7,547.207,False,76.8923,13.9104,22.772515330595763,0.20731892911755395,22.63478310004117,0.050625776246055146,22.78455059948073,0.21266507837000975,26.6852928217962,0.19641790720061958
2010 RN163,589712,MBO,MBO,21164706861888334,745534898564497952,18.118753,2.9180253,2.3156707,224.61261741606629,-37.22343380500697,2025071600329,147,60873.20395320939,z,224.61260635300732,-37.22344821864724,21.152822494506836,14199.3,665.578,False,13461.6,4.24115,13609.5,650.072,False,27.5237,21.1321,21.019332677503275,0.05089280068815886,21.077258327202784,0.0003420670746717304,21.065394575167595,0.05186132697203354,27.800732933025877,0.8336046583910026
2010 RN163,589712,MBO,MBO,21164706861888334,745534898846564599,18.118881,2.9180248,2.3156805,224.61268874192652,-37.22336368631693,2025071600331,173,60873.204866400345,z,224.61269642020324,-37.223371872080506,19.338685989379883,13314.6,690.435,False,12870.8,14.5709,13348.8,680.516,False,141.05,20.4882,21.089179722340397,0.05630137562331431,21.12598616188243,0.001229150780543392,21.08639445028654,0.05535035811347811,26.026567250280547,0.15770846648261658
2010 RN163,589712,MBO,MBO,21164706861888334,745534898945130952,18.118946,2.9180245,2.3156853,224.612724303294,-37.22332874063268,2025071600332,105,60873.205321573085,z,224.61274268185136,-37.223330253441716,21.712068557739258,14498.0,659.874,False,14759.2,4.07322,14662.2,645.144,False,135.565,23.5581,20.996729761459456,0.04941710013970949,20.977342941000213,0.0002996396906596124,20.984502137506908,0.047772924195310255,26.06963103443811,0.18867614317607675
2010 RN163,589712,MBO,MBO,21164706861888334,745534899390775699,18.11914,2.918024,2.3157,224.61283214513315,-37.22322282225067,2025071600335,187,60873.20670004631,z,224.6127915648072,-37.223241734233575,15.598971366882324,14519.0,900.092,False,15720.8,13.2731,14681.6,901.204,False,94.5821,20.5574,20.995158236885548,0.06730921208604065,20.908813406885546,0.0009166890545693367,20.983066560014727,0.06664599324599238,26.460477619986882,0.23598453834457409
2010 RN163,589712,MBO,MBO,21164706861888334,745534899505594478,18.119204,2.9180238,2.315705,224.6128675136863,-37.22318810302796,2025071600336,150,60873.20715287497,z,224.61286200814465,-37.22318199403147,19.644393920898438,14851.9,751.11,False,15566.4,6.00278,14970.4,743.131,False,72.3344,18.4466,20.970544930453332,0.05490928994960902,20.919529507633012,0.00041868610397431867,20.96191646021223,0.0538959674009716,26.751637846041056,0.27688267876462486
2010 RN163,589712,MBO,MBO,21164706861888334,745534899656065298,18.119268,2.9180236,2.3157098,224.6129034404979,-37.22315284517111,2025071600337,181,60873.207611313395,z,224.6128815099898,-37.22314856661823,21.630624771118164,15801.1,719.037,False,15276.8,4.93731,15689.2,705.356,False,49.4213,20.6091,20.903281722856544,0.04940697223462349,20.939919031404433,0.00035089917569258077,20.910997988326454,0.04881259442960869,27.16521460966074,0.4527611950732914
2010 RN163,589712,MBO,MBO,21164706861888334,745534899773505570,18.119333,2.9180233,2.3157148,224.61293914302397,-37.22311781679503,2025071600338,149,60873.208067375745,z,224.61295617083977,-37.22309759539848,20.70253562927246,14762.5,708.622,False,14568.4,3.39388,14513.1,700.15,False,-0.24484,20.5698,20.97710022344607,0.05211695654264949,20.991470327792328,0.0002529349944297649,20.995599559965736,0.052378764752471274,nan,nan
2010 RN163,589712,MBO,MBO,21164706861888334,745534899903529414,18.119398,2.9180233,2.3157198,224.61297493434856,-37.22308271068606,2025071600339,141,60873.20852470564,z,224.61299030325765,-37.223085023092665,24.15440559387207,14729.0,603.317,False,14489.3,4.8963,14150.5,593.824,False,-17.8058,29.6952,20.979566844574414,0.04447302110604779,20.9973815032489,0.0003668976469694787,21.023070535790126,0.04556278495366034,nan,nan
2010 RN163,589712,MBO,MBO,21164706861888334,745534900460847445,18.119658,2.9180224,2.3157396,224.61311945985204,-37.222941047945206,2025071600343,180,60873.21036872236,z,224.61312830286116,-37.222939891022484,17.83542823791504,14275.9,798.453,False,13685.8,18.5393,13936.7,795.085,False,-57.6743,19.3673,21.013491227434123,0.06072536998422255,21.059324542837324,0.0014707792387342023,21.039600105876655,0.06194096035064124,nan,nan
2010 RN163,589712,MBO,MBO,21164706861888334,745534900577763608,18.119722,2.9180222,2.3157444,224.6131550689983,-37.222906167796005,2025071600344,147,60873.21082258179,z,224.61314487692707,-37.222900440410605,21.82506561279297,15767.2,717.095,False,15508.2,12.224,15398.7,706.28,False,-102.616,23.3999,20.9056135453204,0.049379468916353274,20.923596503306,0.0008558078419779778,20.931289841062625,0.049798605647162375,nan,nan
2010 RN163,589712,MBO,MBO,21164706861888334,745534901525676222,18.120174,2.9180207,2.315779,224.61340776983045,-37.22265891019838,2025071600351,163,60873.21404055966,z,224.61340008525872,-37.22265939109283,16.189781188964844,14869.3,912.315,False,14981.7,7.93192,14277.8,918.621,False,63.3326,17.7215,20.969273704808124,0.06661601025640584,20.961097245038804,0.0005748328067555482,21.013346779421823,0.0698553041117219,26.895931712345703,0.3038068023856085
2010 RN163,589712,MBO,MBO,21164706861888334,745534902199910710,18.120497,2.9180198,2.3158035,224.6135877605228,-37.22248308645933,2025071600356,169,60873.21632856528,z,224.61357233396427,-37.22249963617154,18.024150848388672,15698.4,861.334,False,15200.8,9.36889,16100.6,855.891,False,77.6513,21.3272,20.91036149587458,0.05957176960418182,20.94533390158147,0.0006691847135904756,20.88289487479711,0.05771659807892767,26.67462819347551,0.29820123496959433
2010 RN163,589712,MBO,MBO,21164706861888334,745565646782201916,18.962,2.9150586,2.3897974,225.3101684784142,-36.75658026174923,2025072300045,166,60880.0096017637,u,225.31016885487176,-36.75659049338808,5.072093486785889,1564.55,318.098,False,1533.89,11.1036,1756.47,305.747,False,47.8997,24.0711,23.414026348820485,0.22074749655497022,23.43551444931135,0.007859481395432175,23.288398176691572,0.18899303888243876,27.199168012767483,0.5456164636432105
2010 RN163,589712,MBO,MBO,21164706861888334,745565646894923834,18.962063,2.9150584,2.3898036,225.31023339717484,-36.756544687484975,2025072300046,125,60880.01015586125,u,225.31015750719075,-36.756606198698776,5.823855400085449,1578.56,269.241,False,1668.51,13.2786,1695.47,244.872,False,50.0847,22.7234,23.404347225244003,0.18518440080759652,23.34417795892852,0.00864067725145408,23.326774744548736,0.15680984861501499,27.15073727476323,0.49259788804669574
2010 RN163,589712,MBO,MBO,21164706861888334,745565647032811555,18.962126,2.9150581,2.3898098,225.3102980856062,-36.75650923576829,2025072300047,132,60880.01070794087,u,225.31033503264638,-36.756511249646984,5.412886619567871,1509.42,279.483,False,1607.14,14.9489,1568.09,257.343,False,3.82693,19.6878,23.45297471801829,0.20103404270210984,23.384865714220552,0.010099034337551311,23.411572560540822,0.1781827600344812,29.942873690844838,5.58561468371359
2010 RN163,589712,MBO,MBO,21164706861888334,745565648455729231,18.962835,2.9150553,2.3898795,225.311026239315,-36.75610993637383,2025072300058,30,60880.01691835263,u,225.311078141308,-36.75613425368595,6.5133233070373535,2297.03,353.24,False,2246.86,1.54019,2156.0,339.779,False,-203.869,17.9681,22.9970833179847,0.16696579560314537,23.02105991626641,0.000744256404550384,23.065878108713246,0.17110869800744605,nan,nan
2010 RN163,589712,MBO,MBO,21164706861888334,745565649735516520,18.963518,2.915053,2.3899465,225.3117253946762,-36.75572614538108,2025072300067,167,60880.02287779793,g,225.31172396256255,-36.755730044256815,31.509973526000977,5085.54,160.861,False,4918.89,0.263017,5157.24,157.433,False,26.0284,8.42265,22.134157305215137,0.03434298070113164,22.17033219322031,5.805518523322328e-05,22.118956594581242,0.03314383249523061,27.861381301741584,0.35133839433747893
2010 RN163,589712,MBO,MBO,21164706861888334,745565651030507879,18.96405,2.9150507,2.389999,225.31227231586607,-36.75542567750341,2025072300077,77,60880.02753589643,g,225.31228011510677,-36.7554348883461,32.44270324707031,5650.02,173.763,False,5741.76,1.07117,5221.26,173.383,False,-41.8928,6.5049,22.01987503339098,0.03339117030123082,22.002387455689874,0.00020255253928745345,22.105561748599754,0.03605417161154081,nan,nan
2010 RN163,589712,MBO,MBO,21164706861888334,745565652104249452,18.964487,2.915049,2.390042,225.3127217192128,-36.75517863840304,2025072300085,77,60880.03136003447,g,225.31273086897153,-36.75519860859862,31.527790069580078,5604.22,177.204,False,5572.95,0.366779,5820.76,172.146,False,72.4132,6.81442,22.028712019202437,0.034330698179794665,22.034787095390904,7.145680923361679e-05,21.987550811363644,0.032110093525405455,26.750455644971687,0.1021728457261846
2010 RN163,589712,MBO,MBO,21164706861888334,745565654943793288,18.96673,2.9150407,2.3902633,225.3150358063682,-36.753904903579965,2025072300106,117,60880.05101645615,r,225.3150293694385,-36.75390893991986,51.89542770385742,12243.5,234.847,False,11648.5,0.469641,12317.4,220.275,False,96.3711,11.2501,21.180236036071847,0.020825898690028877,21.23432498995644,4.377441189629717e-05,21.173702352818715,0.019416478176541095,26.440132944107667,0.12674589010360282
2010 RN163,589712,MBO,MBO,21164706861888334,745565656711168440,18.96786,2.9150364,2.3903751,225.31620613212013,-36.753259975525225,2025072300119,160,60880.06092800721,r,225.31620290091112,-36.75326134574767,60.29054641723633,14302.3,237.083,False,13706.8,0.69116,13988.7,224.521,False,13.4441,12.556,21.01148530630619,0.017997776026454245,21.057659825717238,5.474782379374776e-05,21.035556593725502,0.017426249099900537,28.57867063386162,1.0140138154731404
