provid,permid,orbit_class,population,ssObjectId,diaSourceId,phaseAngle,helioRange,topoRange,ephRa,ephDec,visit,detector,midpointMjdTai,band,ra,dec,snr,psfFlux,psfFluxErr,psfFlux_flag,trailFlux,trailFluxErr,scienceFlux,scienceFluxErr,forced_PsfFlux_flag,templateFlux,templateFluxErr,psfMag,psfMagErr,trailMag,trailMagErr,scienceMag,scienceMagErr,templateMag,templateMagErr
2004 JJ38,608928,Not a NEA or MBO,Not a NEA or MBO,21163624394602570,745279797168963612,31.597736,1.9305221,1.6172979,149.0254458389196,1.8797608953397948,2025051900220,17,60815.04917177312,y,149.02546650900865,1.8797491614819923,5.577158451080322,10119.0,1762.73,False,12609.9,161.007,8203.96,1743.75,False,1007.73,107.495,21.38715601022784,0.18913526623258348,21.14822086008846,0.013863006670384067,21.61494116963361,0.23077300670183162,23.891639551923415,0.1158159611945354
2004 JJ38,608928,Not a NEA or MBO,Not a NEA or MBO,21163624394602570,745279797303181343,31.597752,1.930522,1.6173028,149.02562475878364,1.879795624561536,2025051900221,17,60815.049647067804,y,149.02563808554234,1.8797982802036166,5.357271671295166,9172.94,1611.69,False,8429.16,22.2793,11472.6,1584.13,False,1068.13,213.508,21.49372856712548,0.190764361072918,21.585539235939976,0.0028697335116549243,21.250845407276955,0.14991783535611772,23.828439712446755,0.21702729047446792
2004 JJ38,608928,Not a NEA or MBO,Not a NEA or MBO,21163624394602570,745279797587345429,31.597801,1.9305214,1.6173196,149.02624389584733,1.8799157814701133,2025051900223,47,60815.051294858786,y,149.02623861619227,1.879881152249372,5.896675109863281,9047.91,1521.22,False,8129.54,110.0,12357.3,1493.05,False,184.761,340.637,21.50862930127375,0.1825442084493492,21.624835064104623,0.01469098890583323,21.170191041571925,0.13118225819152426,25.733474230286355,2.001731497700632
2004 JJ38,608928,Not a NEA or MBO,Not a NEA or MBO,21163624394602570,745279798262104103,31.59788,1.9305204,1.6173466,149.02723500893887,1.880108061357613,2025051900228,54,60815.053930095935,y,149.02722168482944,1.8801749957613094,6.866903305053711,11160.0,1546.92,False,12036.4,76.8619,11729.8,1535.74,False,1141.28,173.515,21.280839513496097,0.1504970517542529,21.198758434735417,0.006933281151011394,21.226773500073804,0.14215148904979794,23.756519455437424,0.16507037017198237
2004 JJ38,608928,Not a NEA or MBO,Not a NEA or MBO,21163624394602570,745279798396321843,31.597895,1.9305202,1.6173514,149.02741400641122,1.8801427787392768,2025051900229,54,60815.05440648252,y,149.0273990885643,1.8801215359998553,6.204171657562256,9691.85,1606.19,False,nan,nan,10737.8,1583.04,False,1052.05,177.292,21.43398333382016,0.17993454721132052,nan,nan,21.322711743186098,0.16006667243335707,23.84490899785861,0.18296881551699987
2004 JJ38,608928,Not a NEA or MBO,Not a NEA or MBO,21163624394602570,745279798530539605,31.597908,1.93052,1.6173563,149.0275933877864,1.8801775678559836,2025051900230,54,60815.05488372881,y,149.027581589854,1.8802438411369056,6.354950904846191,10291.4,1602.28,False,10843.8,79.6997,11029.2,1570.07,False,1258.79,126.316,21.368813812719708,0.1690395254229229,21.31204627211335,0.007979937909913123,21.29363995039465,0.1545607799750693,23.650116755907423,0.10895054158251796
2004 JJ38,608928,Not a NEA or MBO,Not a NEA or MBO,21163624394602570,745279799185899579,31.59798,1.9305191,1.617381,149.02849906713877,1.8803531729606675,2025051900235,24,60815.057291523684,y,149.02850853919978,1.8804220387648223,5.201168060302734,8929.08,1630.78,False,8645.69,135.41,11331.3,1606.12,False,1297.81,150.114,21.522983205402817,0.1982955583679729,21.558000797522176,0.01700495115549691,21.264300674232608,0.1538943155632773,23.616972160481623,0.12558401889309928
2004 JJ38,608928,Not a NEA or MBO,Not a NEA or MBO,21163624394602570,745279799336370216,31.597996,1.930519,1.6173859,149.02867774501962,1.8803878091206585,2025051900236,55,60815.057766480146,y,149.02873663495916,1.8802983244234934,5.812871932983398,9305.67,1529.23,False,10322.9,83.5381,11965.5,1525.45,False,1394.7,342.417,21.47813089058861,0.17842244235350513,21.365495658256727,0.008786323369731555,21.205172872232723,0.13841763741873098,23.5387980357545,0.26656237080238837
2004 JJ38,608928,Not a NEA or MBO,Not a NEA or MBO,21163624394602570,745279799470063648,31.59801,1.9305187,1.6173906,149.0288560546985,1.880422371177728,2025051900237,54,60815.05824038299,y,149.02881483970108,1.8804065662643104,5.146720886230469,7214.47,1462.84,False,nan,nan,9020.28,1459.28,False,2597.36,345.595,21.75448888811286,0.2201489874322887,nan,nan,21.511949920192738,0.17564788594804176,22.863669585087035,0.1444639901631482
2004 JJ38,608928,Not a NEA or MBO,Not a NEA or MBO,21163624394602570,745279800007458839,31.59807,1.930518,1.6174113,149.029613020719,1.880569064702646,2025051900241,55,60815.060252144816,y,149.02950071489258,1.880542407020376,5.262251377105713,7919.81,1570.63,False,10786.1,71.4521,15273.6,1563.54,False,7310.4,419.459,21.65321308500789,0.2153195402369915,21.31783893332515,0.007192417794645403,20.94014649605252,0.1111455106468227,21.74014716272477,0.06229780107310422
2004 JJ38,608928,Not a NEA or MBO,Not a NEA or MBO,21163624394602570,745279800125947972,31.598085,1.9305179,1.6174171,149.0298263671806,1.880610400488188,2025051900242,25,60815.06081909503,y,149.0297850973405,1.8806317635230516,6.045554161071777,9958.58,1615.76,False,nan,nan,13192.4,1618.88,False,2362.28,180.253,21.404506450174637,0.17615856146564068,nan,nan,21.09919044071019,0.1332340271986708,22.966671553883028,0.08284674644131435
2004 JJ38,608928,Not a NEA or MBO,Not a NEA or MBO,21163624394602570,745279800410112007,31.598116,1.9305174,1.6174273,149.03020417370493,1.8806835906710917,2025051900244,55,60815.0618239676,y,149.03022310660998,1.880683336908124,5.330820083618164,8406.99,1602.46,False,8517.33,371.915,10166.5,1602.55,False,1434.1,166.675,21.588398642655946,0.20695263676543177,21.574241304766744,0.04740940954105226,21.38207133753226,0.17114509496381283,23.508551428972094,0.12618721729461527
2004 JJ38,608928,Not a NEA or MBO,Not a NEA or MBO,21163624394602570,745279801483329572,31.59824,1.930516,1.6174703,149.03178052646106,1.880988833835038,2025051900252,54,60815.0660111598,y,149.03173428493216,1.8809256484888817,6.662097454071045,12932.8,1899.6,False,12167.0,81.7468,14444.5,1907.67,False,205.397,167.456,21.120768612760713,0.15947548088572203,21.18704122986805,0.007294769782883579,21.00074371693077,0.14339204773055192,25.618514743065987,0.8851786160591066
2004 JJ38,608928,Not a NEA or MBO,Not a NEA or MBO,21163624394602570,745279801736036396,31.598269,1.9305156,1.6174802,149.03214534965778,1.8810594467511623,2025051900254,24,60815.06698084937,y,149.03218277766896,1.8810499932684486,5.484338283538818,8536.34,1587.71,False,8095.78,51.3166,9893.9,1581.72,False,1257.68,385.257,21.571820758406197,0.20194066998247362,21.62935328417577,0.006882140185601346,21.411581165801756,0.17357468441956553,23.651074566901926,0.33258654245481273
2004 JJ38,608928,Not a NEA or MBO,Not a NEA or MBO,21163624394602570,745279801882312707,31.598284,1.9305154,1.617485,149.0323238210033,1.881093986285816,2025051900255,47,60815.06745496728,y,149.03231821742136,1.8810460274237746,5.205389499664307,8084.33,1503.91,False,nan,nan,7975.58,1509.73,False,1382.86,368.779,21.630889907058773,0.20197710348643133,nan,nan,21.64559430027975,0.2055234206348865,23.5480544750114,0.28954247507584596
2004 JJ38,608928,Not a NEA or MBO,Not a NEA or MBO,21163624394602570,745279802016530438,31.598297,1.9305153,1.61749,149.03251058508587,1.8811301277010837,2025051900256,47,60815.06795073539,y,149.0325352570744,1.8811137385469594,5.984396457672119,8703.87,1501.38,False,10287.2,101.237,10148.0,1508.03,False,1280.08,367.812,21.55071899580638,0.18728480623604998,21.36925702110622,0.01068479990124418,21.384048853625764,0.16134438319571143,23.631907256761487,0.31197021387538026
2004 JJ38,608928,Not a NEA or MBO,Not a NEA or MBO,21163624394602570,745279802810302519,31.598385,1.9305141,1.6175207,149.03363438178243,1.88134753253185,2025051900262,25,60815.07093486421,y,149.03362492107811,1.8812938884847221,5.825796604156494,8687.13,1565.2,False,8618.8,15.9768,9242.33,1576.91,False,1096.22,360.437,21.552809213062506,0.19562206132490492,21.56138301713537,0.002012645675867916,21.485546313156014,0.18524639363481843,23.800255725767272,0.35698995057248273
2004 JJ38,608928,Not a NEA or MBO,Not a NEA or MBO,21163624394602570,745279804303998991,31.598545,1.9305122,1.6175765,149.03568364857492,1.881743684266848,2025051900273,58,60815.07637350922,y,149.03572313504088,1.881692588785926,6.008837699890137,11553.9,1837.78,False,11528.5,115.16,16245.0,1872.0,False,138.109,117.293,21.24317845237867,0.17269876377055526,21.24556799024142,0.010845590086830977,20.873200710797494,0.12511530780592295,26.049445099111068,0.9220924185618905
2004 JJ38,608928,Not a NEA or MBO,Not a NEA or MBO,21163624394602570,745279804572434459,31.598574,1.9305118,1.6175869,149.0360646960816,1.8818173043185,2025051900275,58,60815.07738493587,y,149.03616221726512,1.8817997817644285,5.668099880218506,9890.12,1715.35,False,10320.5,45.2397,10727.9,1729.37,False,416.15,148.918,21.41199608447648,0.18831091536371047,21.365748154547994,0.004759302410444296,21.32371316898798,0.17502396058430683,24.851875268501665,0.38852737166006734
2004 JJ38,608928,Not a NEA or MBO,Not a NEA or MBO,21163624394602570,745279805644079173,31.598694,1.9305103,1.617629,149.037617584412,1.8821171926379625,2025051900283,54,60815.08150358246,y,149.0375825331761,1.8820899130057058,6.260069370269775,10456.7,1619.0,False,12542.6,165.655,9949.4,1610.03,False,-286.394,125.218,21.35151335871533,0.1681034057274967,21.15403110314137,0.014339740984748588,21.405507729012452,0.1756958032569035,nan,nan
2004 JJ38,608928,Not a NEA or MBO,Not a NEA or MBO,21163624394602570,745284180466204756,31.618204,1.9301745,1.6268642,149.39006066044018,1.947300245687068,2025052000110,45,60815.997173178526,g,149.39006645256077,1.9473052453455388,16.779512405395508,3421.45,197.831,False,3993.12,6.39205,3479.26,196.444,False,313.867,16.5269,22.56447452115723,0.06277814239488061,22.39671906395374,0.0017380092948186792,22.54628278657671,0.06130222020599892,25.15813584393382,0.05717024316723979
2004 JJ38,608928,Not a NEA or MBO,Not a NEA or MBO,21163624394602570,745284180600946746,31.61822,1.9301742,1.6268702,149.3902833339741,1.9473410483836056,2025052000111,46,60815.99776202555,g,149.39027371053163,1.947336381947315,17.46432876586914,3729.27,207.706,False,4168.56,7.70256,3827.53,209.54,False,124.752,15.3498,22.47094042551541,0.06047132979712683,22.350034842543455,0.002006195925518092,22.44270348328113,0.059439156666087054,26.15988121737007,0.13359171686102925
2004 JJ38,608928,Not a NEA or MBO,Not a NEA or MBO,21163624394602570,745284180735164469,31.61824,1.930174,1.6268779,149.39057293272433,1.947394109801132,2025052000112,46,60815.99852844935,g,149.39060738656346,1.9474025680760425,17.752758026123047,3428.2,189.33,False,3953.31,5.53299,3391.59,188.505,False,-32.85,15.1762,22.562334639014658,0.05996220773663764,22.407597806379087,0.0015195791505089873,22.573991606637332,0.06034535520967643,nan,nan
2004 JJ38,608928,Not a NEA or MBO,Not a NEA or MBO,21163624394602570,745284181005172799,31.618269,1.9301735,1.6268882,149.3909544189035,1.9474639991238236,2025052000114,49,60815.99953748862,g,149.3909642976501,1.9474480228464177,24.94869613647461,3411.74,134.171,False,3539.04,0.671991,3343.44,131.73,False,-54.8632,6.07736,22.567560184902263,0.042697954253439585,22.527786309819366,0.00020615899785101827,22.589516184188554,0.042777507034825635,nan,nan
2004 JJ38,608928,Not a NEA or MBO,Not a NEA or MBO,21163624394602570,745284181137817671,31.61829,1.9301733,1.626896,149.3912436659531,1.9475169838382536,2025052000115,46,60816.000302056374,g,149.39123550266729,1.9475121273502134,26.606626510620117,3599.49,134.682,False,3759.55,0.734197,3545.4,133.31,False,-23.0539,10.978,22.509397574552544,0.040624958354652276,22.46216032318898,0.00021203183260300103,22.525836928997776,0.04082458814022656,nan,nan
2004 JJ38,608928,Not a NEA or MBO,Not a NEA or MBO,21163624394602570,745284181273608220,31.618303,1.930173,1.6269014,149.3914452004962,1.947553898096036,2025052000116,49,60816.00083512574,g,149.39145085567858,1.9475416148868923,27.730857849121094,3574.24,128.062,False,3796.82,1.39293,3602.01,127.405,False,-43.2816,10.5182,22.517040726011786,0.03890101011406052,22.45144995906664,0.000398321368389895,22.508637711592478,0.03840306369688534,nan,nan
2004 JJ38,608928,Not a NEA or MBO,Not a NEA or MBO,21163624394602570,745284181407301704,31.618322,1.9301728,1.6269085,149.39171102295882,1.947602583741706,2025052000117,48,60816.00153897185,g,149.39170011952717,1.9475906783014796,25.886760711669922,3665.13,140.727,False,3606.68,0.452493,3584.1,138.122,False,-40.6643,7.78135,22.48977657616608,0.04168812817179944,22.50723099164653,0.00013621614747839818,22.514049674385333,0.04184147917001441,nan,nan
2004 JJ38,608928,Not a NEA or MBO,Not a NEA or MBO,21163624394602570,745284181542567950,31.618338,1.9301727,1.626914,149.39191257069186,1.9476394943898647,2025052000118,50,60816.002071902825,g,149.39189659357191,1.9476278190883118,27.371366500854492,3809.28,137.269,False,3873.64,1.32028,3839.47,136.422,False,36.1142,8.58884,22.44789275034541,0.03912495770759121,22.42970188827265,0.0003700591144893182,22.43932181192404,0.038577799142812605,27.505804985119276,0.2582146048571196
2004 JJ38,608928,Not a NEA or MBO,Not a NEA or MBO,21163624394602570,745284181676261417,31.618353,1.9301724,1.6269194,149.39211450225957,1.947676472713212,2025052000119,49,60816.00260581951,g,149.3921041719115,1.947668682153158,26.549331665039062,3493.86,131.76,False,3200.68,0.135562,3525.79,130.116,False,69.5208,5.8305,22.5417362198989,0.04094514147000743,22.636894382956037,4.598540854435886e-05,22.531858883801007,0.04006808333376457,26.794713132842347,0.09105742864389924
2004 JJ38,608928,Not a NEA or MBO,Not a NEA or MBO,21163624394602570,745284181810479161,31.61837,1.9301722,1.6269261,149.3923606852387,1.9477215509326509,2025052000120,49,60816.003256159864,g,149.3923512441366,1.9477103740259063,28.548145294189453,3492.99,121.18,False,3263.39,0.251159,3499.86,120.038,False,-15.3211,9.48139,22.54200664726589,0.03766673079275053,22.615827589756798,8.356109499657202e-05,22.539873286116404,0.03723851832169615,nan,nan
2004 JJ38,608928,Not a NEA or MBO,Not a NEA or MBO,21163624394602570,745284182079438918,31.618397,1.9301718,1.6269364,149.39274453638765,1.9477918295481955,2025052000122,50,60816.00427132496,g,149.39273698735812,1.9477807635362354,28.66705322265625,3603.04,124.527,False,3390.13,0.256123,3655.49,123.762,False,15.2471,6.145,22.50832727929857,0.03752483218836826,22.57445915691987,8.202695190790271e-05,22.492636002447767,0.03675919935735278,28.442031887096498,0.43758150806470336
2004 JJ38,608928,Not a NEA or MBO,Not a NEA or MBO,21163624394602570,745284182211559492,31.61841,1.9301716,1.6269412,149.39292455671372,1.9478247858467288,2025052000123,46,60816.00474765939,g,149.39291230642462,1.9478125312873014,27.240489959716797,3696.62,134.611,False,3790.36,0.795782,3747.93,132.958,False,71.0098,7.30372,22.480487943411752,0.03953666414406997,22.453298818591133,0.0002279491489402377,22.465521342343706,0.038516543494807154,26.771704218690317,0.1116734987194763
2004 JJ38,608928,Not a NEA or MBO,Not a NEA or MBO,21163624394602570,745284182345777216,31.618423,1.9301715,1.6269461,149.39310533824704,1.9478578793717047,2025052000124,46,60816.00522575411,g,149.39309044062642,1.9478547228595304,22.766067504882812,3309.83,142.187,False,3345.76,3.33188,3419.47,142.049,False,78.2076,6.99835,22.600485754251736,0.04664214363229474,22.58876303513196,0.0010812320178113252,22.565103014565786,0.04510281976369612,26.666877555398738,0.09715630947201857
2004 JJ38,608928,Not a NEA or MBO,Not a NEA or MBO,21163624394602570,745284182479994947,31.618446,1.9301711,1.626955,149.39343854897658,1.947918870692653,2025052000125,46,60816.00610655401,g,149.39344377854488,1.947897637627116,27.736806869506836,3930.23,140.149,False,3521.16,0.492772,3876.83,138.403,False,-22.7087,5.74109,22.41395508950277,0.038716524572339,22.533285627916932,0.00015194436734052,22.42880808437254,0.038760829024335204,nan,nan
2004 JJ38,608928,Not a NEA or MBO,Not a NEA or MBO,21163624394602570,745284182750527516,31.61848,1.9301707,1.6269678,149.39390832475496,1.948004846654932,2025052000127,50,60816.0073481772,g,149.39389160503796,1.9479971171433954,28.080900192260742,3670.88,128.797,False,3389.54,0.274006,3670.18,126.932,False,-8.93468,7.13156,22.48807456522136,0.03809428999246492,22.574648079012984,8.776950293393413e-05,22.488281609531143,0.03754983942143366,nan,nan
2004 JJ38,608928,Not a NEA or MBO,Not a NEA or MBO,21163624394602570,745284182884220989,31.618498,1.9301704,1.6269743,149.39415381688508,1.948049769569545,2025052000128,49,60816.00799732409,g,149.39416422797876,1.9480339923247705,23.461551666259766,3545.82,148.707,False,3733.28,1.31774,3539.11,146.845,False,1.40333,5.54106,22.52570826581779,0.04553433944291732,22.469773582231397,0.0003832335039523572,22.52776481387678,0.04504944166012743,31.032100500566784,4.2870383718295875
2004 JJ38,608928,Not a NEA or MBO,Not a NEA or MBO,21163624394602570,745284183020011529,31.618511,1.9301703,1.6269792,149.3943342538946,1.948082785416112,2025052000129,52,60816.0084747443,g,149.3943170389851,1.9480710894935473,23.212249755859375,3652.54,157.068,False,3562.23,0.826952,3766.33,156.353,False,44.4411,8.40183,22.49351253660285,0.046689264173185134,22.520695113905468,0.0002520476526913482,22.460204053584818,0.04507255228705784,27.28053797375786,0.20526428221224116
2004 JJ38,608928,Not a NEA or MBO,Not a NEA or MBO,21163624394602570,745284183151607843,31.618526,1.93017,1.6269852,149.39455782119867,1.9481236901151835,2025052000130,47,60816.00906569423,g,149.39455650374464,1.9481140182384602,18.54544448852539,3737.06,198.201,False,3708.64,2.91792,3834.05,199.794,False,42.583,6.74622,22.468674806281534,0.05758376973313519,22.476963336103385,0.0008542461928408187,22.440855555595846,0.056578183232539825,27.326909359060455,0.17200797006326568
2004 JJ38,608928,Not a NEA or MBO,Not a NEA or MBO,21163624394602570,745284183421616148,31.618555,1.9301697,1.626996,149.3949610942627,1.9481974660020505,2025052000132,50,60816.01013182878,g,149.39495143147755,1.9481902003143918,23.2609920501709,3876.93,165.441,False,3577.27,1.05759,3838.05,165.155,False,-54.1349,7.07411,22.428780119984435,0.046331834825340035,22.516120692983385,0.0003209888420415615,22.439723415723513,0.046720277039174515,nan,nan
2004 JJ38,608928,Not a NEA or MBO,Not a NEA or MBO,21163624394602570,745284183554261040,31.618572,1.9301695,1.6270021,149.3951846836739,1.9482383653673752,2025052000133,47,60816.010722717605,g,149.39518289789396,1.9482185349130128,24.041425704956055,4028.77,165.982,False,3837.72,0.379844,4031.89,165.35,False,-45.8348,7.57056,22.387068808507987,0.04473143416797486,22.43981679469918,0.00010746234660982597,22.386228341517114,0.0445266346221497,nan,nan
2004 JJ38,608928,Not a NEA or MBO,Not a NEA or MBO,21163624394602570,745284183690051627,31.618586,1.9301692,1.6270076,149.39538671543207,1.948275318475807,2025052000134,50,60816.01125654897,g,149.3953978063762,1.9482762940941798,23.026615142822266,3504.55,152.422,False,3503.74,0.792034,3520.31,151.546,False,-25.6697,5.98148,22.538419333583548,0.04722149157952916,22.538670324893047,0.0002454348665741886,22.533547708629904,0.046739912634587155,nan,nan
2004 JJ38,608928,Not a NEA or MBO,Not a NEA or MBO,21163624394602570,745284183958487103,31.618612,1.9301689,1.6270171,149.3957442597708,1.9483407092343683,2025052000136,50,60816.01220191838,g,149.39573923842502,1.94833225608832,24.50812530517578,3685.04,149.331,False,3349.2,0.139571,3670.95,147.232,False,-30.6483,6.27214,22.483894472599545,0.04399791171389933,22.587647309488354,4.5245815681376465e-05,22.488053841299312,0.04354597834174435,nan,nan
2004 JJ38,608928,Not a NEA or MBO,Not a NEA or MBO,21163624394602570,745284184092704804,31.618628,1.9301687,1.6270231,149.39596598566433,1.9483812560054588,2025052000137,50,60816.01278751195,g,149.39595857421642,1.9483755769260698,22.833730697631836,3841.15,166.236,False,3404.46,0.427483,3895.34,165.702,False,-26.9602,7.04424,22.438846859989695,0.046988125979358995,22.569879422730217,0.0001363310971795913,22.42363654918485,0.04618560948089771,nan,nan
2004 JJ38,608928,Not a NEA or MBO,Not a NEA or MBO,21163624394602570,745284184230592573,31.618643,1.9301685,1.6270292,149.39618961152655,1.948422146835476,2025052000138,57,60816.013378554475,g,149.39618669115364,1.9484296951583553,25.113420486450195,3754.37,150.229,False,3924.12,1.36357,3722.39,149.707,False,-67.02,11.0831,22.46365728884394,0.043445122205467444,22.415644268372105,0.0003772762416177985,22.47294534928733,0.04366611652503857,nan,nan
2004 JJ38,608928,Not a NEA or MBO,Not a NEA or MBO,21163624394602570,745284184493260863,31.618673,1.930168,1.6270404,149.39660661451765,1.948498388283053,2025052000140,46,60816.014480708174,g,149.39660261491173,1.9484812425072748,24.382261276245117,3944.33,160.433,False,3703.17,0.586162,3895.16,160.71,False,-56.4109,7.41713,22.410066871554495,0.044161596932796816,22.47856589916376,0.00017185743222524963,22.42368677018965,0.04479627966331054,nan,nan
2004 JJ38,608928,Not a NEA or MBO,Not a NEA or MBO,21163624394602570,745284184627478598,31.618687,1.9301679,1.6270453,149.3967871229,1.9485313872787884,2025052000141,46,60816.01495770269,g,149.39679023593138,1.9485247609994452,28.598796844482422,4010.7,139.805,False,3711.9,0.461262,3979.01,138.173,False,-23.375,7.13286,22.39194956819759,0.03784659635525448,22.47600935945049,0.00013491981278733865,22.400562420806743,0.037702703124165036,nan,nan
2004 JJ38,608928,Not a NEA or MBO,Not a NEA or MBO,21163624394602570,745284186642317365,31.619555,1.9301559,1.6273805,149.40921585687457,1.950797846948144,2025052000156,49,60816.04776117539,u,149.4090591409165,1.9507648345041597,5.300561428070068,1837.84,339.824,False,2296.33,49.0026,1502.87,331.597,False,-197.419,17.0308,23.239230771258185,0.20075699324971513,22.997414214024626,0.023169098909967538,23.457696465440897,0.2395595447539855,nan,nan
2004 JJ38,608928,Not a NEA or MBO,Not a NEA or MBO,21163624394602570,745284188122906638,31.619722,1.9301535,1.6274472,149.4116874613256,1.951247157892956,2025052000167,57,60816.05427404967,u,149.41172217385554,1.9511966020568632,5.42000150680542,1523.22,286.32,False,1758.66,13.0717,1344.91,277.788,False,-98.4669,19.8643,23.44309343738503,0.20408608347947216,23.28704526427491,0.00807001795473734,23.578266915485,0.22425625141138023,nan,nan
2004 JJ38,608928,Not a NEA or MBO,Not a NEA or MBO,21163624394602570,745284189461413890,31.619957,1.9301502,1.6275411,149.41516572328086,1.9518786346639676,2025052000177,50,60816.06343342403,r,149.41517375109495,1.9518730241011792,25.22382164001465,5282.32,208.752,False,5343.59,2.4048,5237.33,208.679,False,-48.2699,7.65245,22.09293826866691,0.042907209439247626,22.080417210646488,0.000488618781465757,22.102225135519866,0.043260658201934164,nan,nan
2004 JJ38,608928,Not a NEA or MBO,Not a NEA or MBO,21163624394602570,745284189595631624,31.619968,1.9301499,1.627546,149.4153469549681,1.951911510033763,2025052000178,50,60816.0639107544,r,149.41533000407867,1.9519221395280208,23.2039852142334,5758.53,245.412,False,5355.39,1.24003,5816.46,246.888,False,-51.6109,6.98879,21.999220956240443,0.04627095911741151,22.078022214016634,0.0002514000821982056,21.988353142838815,0.046085633263306156,nan,nan
2004 JJ38,608928,Not a NEA or MBO,Not a NEA or MBO,21163624394602570,745284189864067118,31.620096,1.9301481,1.6275978,149.41726428382955,1.9522591458225125,2025052000180,50,60816.06895572477,r,149.4172587814986,1.952233324450654,17.077619552612305,6516.92,372.477,False,6338.54,7.92655,9503.0,376.158,False,2850.72,6.66453,21.8648940386578,0.06205565789587025,21.895026904977964,0.0013577483402644444,21.455348176838257,0.042976780796727225,22.7626136045266,0.0025382785283590485
2004 JJ38,608928,Not a NEA or MBO,Not a NEA or MBO,21163624394602570,745284190001954890,31.62011,1.9301479,1.6276029,149.41745702089506,1.952294074494857,2025052000181,57,60816.069462385756,r,149.4174565422027,1.9522821572328455,15.565674781799316,5833.26,371.189,False,5863.83,5.6402,8062.26,374.109,False,2221.87,9.3236,21.98522170804824,0.06908887093397095,21.979546557889474,0.0010443292882672424,21.633858032525126,0.05038087424326179,23.033203330001626,0.004556058340185911
2004 JJ38,608928,Not a NEA or MBO,Not a NEA or MBO,21163624394602570,745284190132502610,31.620121,1.9301478,1.6276083,149.41765318932505,1.9523296218126325,2025052000182,50,60816.06997807289,r,149.41765242720982,1.9523188027715894,21.860748291015625,6207.23,282.236,False,5511.39,2.51381,7117.11,283.839,False,871.994,8.21747,21.917755408810464,0.049367243719513794,22.04684711332405,0.0004952170638660802,21.769240825334137,0.04330047911008094,24.04871623525345,0.010231727149762343
2004 JJ38,608928,Not a NEA or MBO,Not a NEA or MBO,21163624394602570,745284190402510902,31.620146,1.9301474,1.6276184,149.41802806735737,1.9523975437665029,2025052000184,53,60816.070964540704,r,149.41802482509607,1.952390821696361,23.00198745727539,6535.16,280.437,False,6213.92,5.15415,6728.32,283.09,False,125.287,7.98401,21.861859411898216,0.04659114841830341,21.916585869379425,0.0009005663639137728,21.830233432371323,0.04568169561775892,26.15523495235792,0.06918937142069835
2004 JJ38,608928,Not a NEA or MBO,Not a NEA or MBO,21163624394602570,745284190540398627,31.62016,1.9301472,1.6276236,149.41822198475498,1.9524326738783635,2025052000185,60,60816.071474644064,r,149.41821332896802,1.9524177089933115,20.82144546508789,6134.91,294.87,False,5856.24,1.3209,6463.6,296.958,False,236.171,6.63524,21.930479482477146,0.052185121092511236,21.98095278994783,0.0002448924319542065,21.873813802904884,0.04988211762850085,25.466933554626944,0.030503830782786533
2004 JJ38,608928,Not a NEA or MBO,Not a NEA or MBO,21163624394602570,745284190673043469,31.620173,1.9301469,1.6276288,149.41841515166232,1.95246766487691,2025052000186,57,60816.07198260975,r,149.41841594489975,1.952457540956537,15.582761764526367,6799.63,428.583,False,6164.5,7.20265,7496.24,430.322,False,626.188,8.06157,21.818786815376615,0.06843432603624242,21.925255357705932,0.0012685826833335114,21.71289125981256,0.06232673322738119,24.408238168503303,0.01397781299210519
2004 JJ38,608928,Not a NEA or MBO,Not a NEA or MBO,21163624394602570,745284190803591182,31.620186,1.9301468,1.627634,149.41860908947558,1.9525027923493952,2025052000187,50,60816.072492731924,r,149.4186245693611,1.9524766615124471,10.733698844909668,6075.48,551.919,False,5866.52,3.20176,7141.99,557.136,False,989.626,6.38753,21.941048514639107,0.09863228077653023,21.979048607393487,0.0005925602908719343,21.765451869942225,0.0846966589815018,23.911322283726015,0.007007872248073409
2004 JJ38,608928,Not a NEA or MBO,Not a NEA or MBO,21163624394602570,745284190937808908,31.620197,1.9301466,1.6276389,149.41879010727487,1.952535576781517,2025052000188,50,60816.07296889353,r,149.41879975198077,1.9525361916225283,12.796637535095215,6422.58,492.068,False,6510.18,12.5651,7181.4,495.981,False,685.829,10.0631,21.880726180374552,0.08318402088913596,21.866017479322704,0.0020955462536983716,21.759477221357304,0.07498600863011476,24.309460419634632,0.015930898486429607
2004 JJ38,608928,Not a NEA or MBO,Not a NEA or MBO,21163624394602570,745284191072026648,31.62021,1.9301465,1.6276444,149.4189935729546,1.9525724234736035,2025052000189,50,60816.073503021646,r,149.41898433647395,1.9525168925884941,10.855381965637207,5097.67,472.848,False,5073.87,21.7573,5302.35,473.997,False,185.451,14.9735,22.131570722161598,0.10071036219843234,22.13665163550878,0.004655753331471758,22.08882900136181,0.09705804114046841,25.7294270276667,0.08766343121452727
2004 JJ38,608928,Not a NEA or MBO,Not a NEA or MBO,21163624394602570,745284191211487240,31.620224,1.9301462,1.6276497,149.41918678081026,1.9526074092719508,2025052000190,60,60816.07401194263,r,149.41919405033508,1.9526428598451984,5.040685653686523,4757.37,877.886,False,4648.9,26.047,4708.97,887.108,False,22.794,8.94221,22.206582649304274,0.20035283686730218,22.231624511788873,0.00608319655838678,22.21768514136501,0.20453840179662308,28.005448610354676,0.4259402077500581
2004 JJ38,608928,Not a NEA or MBO,Not a NEA or MBO,21163624394602570,745284191612567573,31.620264,1.9301456,1.6276668,149.41982124412596,1.952722274655617,2025052000193,57,60816.075679726535,r,149.41979113703394,1.9527077615900068,6.493753433227539,6228.95,964.085,False,6630.67,8.12013,6332.82,976.043,False,-50.8527,8.49137,21.913962853978326,0.16804469132029007,21.846106477375862,0.001329627139026396,21.89600716989724,0.16733860811685017,nan,nan
2004 JJ38,608928,Not a NEA or MBO,Not a NEA or MBO,21163624394602570,745284191748882440,31.620277,1.9301454,1.6276721,149.420014876758,1.9527573237338984,2025052000194,61,60816.07618805147,r,149.42001305853518,1.9527407280517803,17.206525802612305,6054.77,347.136,False,6085.54,13.204,6014.19,348.251,False,-33.8971,14.769,21.944755870420973,0.06224812951030089,21.939252189608606,0.0023557582842577886,21.952057150099066,0.06286943552067302,nan,nan
2004 JJ38,608928,Not a NEA or MBO,Not a NEA or MBO,21163624394602570,745284191881003118,31.620289,1.9301453,1.627677,149.42019596488666,1.9527900992594445,2025052000195,57,60816.07666423876,r,149.42017848487478,1.9527805806192382,18.276371002197266,6653.7,367.754,False,6356.31,1.55558,6609.94,368.073,False,-62.5886,9.05086,21.842341929037225,0.06000929079135002,21.891987315535452,0.0002657122656840134,21.84950621635184,0.060458972928026336,nan,nan
2004 JJ38,608928,Not a NEA or MBO,Not a NEA or MBO,21163624394602570,745284192015220768,31.620302,1.930145,1.6276821,149.42038999797592,1.9528252146113687,2025052000196,57,60816.07717479927,r,149.4203608757652,1.9528119468297596,14.421220779418945,6757.59,460.868,False,6353.46,5.63274,6828.35,463.208,False,-94.0701,8.71327,21.82552042885834,0.07404727088248243,21.89247425656737,0.000962573119232822,21.814210550475572,0.0736520092296585,nan,nan
2004 JJ38,608928,Not a NEA or MBO,Not a NEA or MBO,21163624394602570,745284192151011362,31.620314,1.9301449,1.627687,149.4205699637335,1.952857781233782,2025052000197,60,60816.07764777465,r,149.42057711629465,1.9528626308025412,10.809391975402832,7244.56,657.678,False,7658.76,8.26721,7258.17,666.708,False,-71.7367,6.2826,21.749969957133626,0.09856565292733058,21.689603882235303,0.001171992527682509,21.747932171742335,0.09973161690560149,nan,nan
2004 JJ38,608928,Not a NEA or MBO,Not a NEA or MBO,21163624394602570,745284192283656274,31.620327,1.9301447,1.6276922,149.42076363676244,1.952892825226506,2025052000198,57,60816.07815667415,r,149.42075613974947,1.9528827032867266,21.140716552734375,6893.28,318.923,False,6254.53,0.284078,6815.5,319.519,False,-63.9987,10.4366,21.803935234896286,0.050232438393396424,21.90951333738366,4.931366262779795e-05,21.81625569466661,0.050900647043768,nan,nan
2004 JJ38,608928,Not a NEA or MBO,Not a NEA or MBO,21163624394602570,745284192419446825,31.620338,1.9301445,1.6276971,149.42094400205517,1.952925458370743,2025052000199,60,60816.07863047651,r,149.4209325926508,1.9529145981318128,15.096952438354492,6154.84,398.888,False,6203.58,2.9772,6228.78,404.746,False,-36.6982,9.5723,21.92695810861093,0.0703652986541134,21.91839401841193,0.0005210626480290854,21.91399255770069,0.07055111971752924,nan,nan
2004 JJ38,608928,Not a NEA or MBO,Not a NEA or MBO,21163624394602570,745284192553664513,31.620352,1.9301443,1.6277024,149.421137314876,1.9529604309861013,2025052000200,60,60816.07913864023,r,149.42110341068837,1.9529470725072495,13.603490829467773,5666.17,428.609,False,5384.99,6.34481,5705.22,433.943,False,29.7183,8.62414,22.016776014079138,0.08212890275867138,22.072037699884774,0.0012792576475090867,22.009318969154865,0.08258184622804003,27.717440098656084,0.3150765973359669
2004 JJ38,608928,Not a NEA or MBO,Not a NEA or MBO,21163624394602570,745284192687882295,31.620363,1.9301442,1.6277076,149.42133139959682,1.9529955400170416,2025052000201,60,60816.07964867999,r,149.421291274323,1.953004403683564,10.295416831970215,6097.83,597.439,False,5958.33,16.556,6124.66,604.703,False,27.1403,7.6071,21.93706170458421,0.10637573894673234,21.96218860378534,0.003016860111006117,21.932295010820837,0.10719744878199304,27.81596336021872,0.30431880508034675
2004 JJ38,608928,Not a NEA or MBO,Not a NEA or MBO,21163624394602570,745284192951074826,31.62039,1.9301438,1.6277183,149.42173178062615,1.953067956855857,2025052000203,50,60816.08070072743,r,149.42183306472919,1.9530203276350182,5.047045707702637,6311.53,1400.91,False,7378.74,377.017,6241.46,1412.27,False,-23.9865,7.99178,21.899663409841466,0.240990503965463,21.730044446377526,0.05547573052467835,21.911784527870687,0.24567211849408882,nan,nan
2004 JJ38,608928,Not a NEA or MBO,Not a NEA or MBO,21163624394602570,745284193085292558,31.620401,1.9301436,1.6277236,149.42192551746504,1.9531029930392436,2025052000204,50,60816.08120964865,r,149.4218780205353,1.9531427365639136,6.6902875900268555,6349.68,948.489,False,6890.37,37.6545,6454.88,960.209,False,-29.3224,10.2108,21.89312037235721,0.16218279243208933,21.80439362319355,0.0059333319110000515,21.875279587489672,0.16151093086115198,nan,nan
2004 JJ38,608928,Not a NEA or MBO,Not a NEA or MBO,21163624394602570,745284193489518603,31.62044,1.930143,1.627739,149.4224942297382,1.9532058226245124,2025052000207,53,60816.08270365432,r,149.422477259218,1.9532004086945045,16.48139762878418,6619.38,400.147,False,6108.4,6.07098,6639.89,402.353,False,-78.8173,9.05025,21.84795673564818,0.06563365394685532,21.93518134615757,0.0010790850252010737,21.844597765966828,0.06579163310719871,nan,nan
2004 JJ38,608928,Not a NEA or MBO,Not a NEA or MBO,21163624394602570,745284193756381241,31.620462,1.9301426,1.627749,149.42286428526887,1.953272717794337,2025052000209,50,60816.083675456524,r,149.4228584900544,1.9532501792118353,10.84780216217041,7130.95,655.04,False,7313.57,2.27028,6959.42,657.258,False,-32.6648,6.53946,21.767131491960075,0.09973434117879008,21.739676469874034,0.00033703446122818477,21.793567394949033,0.10253854627345968,nan,nan
2004 JJ38,608928,Not a NEA or MBO,Not a NEA or MBO,21163624394602570,745284194028486730,31.620487,1.9301423,1.6277595,149.4232522768957,1.9533428425200203,2025052000211,57,60816.08469416469,r,149.42326764863458,1.9533136657158694,6.531473636627197,6855.82,1043.46,False,6976.95,47.4923,6329.03,1051.79,False,-48.3557,12.266,21.80985151125057,0.16524971292320223,21.79083594301013,0.0073906371809057915,21.896657151199726,0.18043310965172377,nan,nan
2004 JJ38,608928,Not a NEA or MBO,Not a NEA or MBO,21163624394602570,745284194159034463,31.620502,1.9301422,1.6277652,149.4234666622089,1.9533815844205744,2025052000212,50,60816.085257778046,r,149.4233842422534,1.953319429955849,5.433761119842529,7336.14,1293.97,False,8105.64,64.7813,7837.27,1305.92,False,2.41063,14.24,21.736330953152077,0.19150534461989924,21.628031703467844,0.008677341371279916,21.66458797527993,0.18091563372159497,30.444673613028673,6.41362771807832
2004 JJ38,608928,Not a NEA or MBO,Not a NEA or MBO,21163624394602570,745284194294824962,31.620514,1.9301419,1.6277701,149.4236483097648,1.953414407098475,2025052000213,53,60816.08573409721,r,149.4236788236166,1.9534145276946355,6.953156471252441,5882.78,809.171,False,6718.85,36.2707,5909.11,823.711,False,120.42,8.4329,21.97604352151035,0.14934202960022583,21.831762620555516,0.00586118309120746,21.971194838651584,0.1513481512544562,26.19825345933141,0.07603309621208137
2004 JJ38,608928,Not a NEA or MBO,Not a NEA or MBO,21163624394602570,745297371298004997,31.659634,1.9290761,1.657147,150.5593478225252,2.137313126894042,2025052300085,136,60818.98851694912,u,150.55933744272807,2.137294502432156,5.125401020050049,1457.83,276.625,False,2105.42,12.3217,1413.05,269.503,False,-64.5153,23.6931,23.490732824911213,0.2060197599821792,23.091653180015804,0.006354131904777679,23.52460613900043,0.20707628477904919,nan,nan
2004 JJ38,608928,Not a NEA or MBO,Not a NEA or MBO,21163624394602570,745297371948646425,31.65968,1.9290749,1.6571785,150.5605439582989,2.1374907614645755,2025052300090,97,60818.99159898592,u,150.56042718957576,2.137419104133124,5.550177097320557,1687.87,308.442,False,nan,nan,1580.64,300.663,False,-14.7229,26.8333,23.33165251776161,0.19840783492074224,nan,nan,23.4029175697193,0.2065243796242476,nan,nan
2004 JJ38,608928,Not a NEA or MBO,Not a NEA or MBO,21163624394602570,745297372505964564,31.659716,1.9290739,1.6572037,150.56150036905836,2.137632739170764,2025052300094,136,60818.99406224796,u,150.56150153855063,2.137711509464257,5.541943550109863,1766.25,319.932,False,2091.75,78.3724,1782.06,312.925,False,79.635,14.5364,23.282369562858463,0.19666624933203267,23.098725555855623,0.040679694213483976,23.272694158889934,0.1906523783987543,26.647240009882736,0.19818792203395477
2004 JJ38,608928,Not a NEA or MBO,Not a NEA or MBO,21163624394602570,745297373961388036,31.659897,1.9290695,1.6573282,150.56623062703352,2.1383341858521585,2025052300105,96,60819.006244870674,u,150.56627203781386,2.138244515349137,6.603219032287598,2461.71,372.343,False,3589.44,13.4081,2800.6,366.476,False,32.0903,16.4578,22.92190779259029,0.16422172719545952,22.512433272239004,0.0040556911339425065,22.781872250950983,0.14207536307016286,27.63406550586604,0.5568295831364103
2004 JJ38,608928,Not a NEA or MBO,Not a NEA or MBO,21163624394602570,745297375727190019,31.66002,1.9290663,1.6574159,150.56956031664143,2.1388271656770814,2025052300118,136,60819.01481426267,u,150.56954382715017,2.1388628401163574,5.600347995758057,1333.96,233.828,False,1422.51,47.9389,1390.68,229.318,False,23.2438,98.4705,23.58714301413875,0.19031720284065293,23.517361672313456,0.03658954874294934,23.54193193578635,0.17903388124127928,27.98423221212094,4.599634632530444
2004 JJ38,608928,Not a NEA or MBO,Not a NEA or MBO,21163624394602570,745297375975178260,31.660038,1.929066,1.6574285,150.570039519126,2.138898059852416,2025052300120,97,60819.01604786089,u,150.57004787809333,2.138866808290196,5.598287582397461,1267.16,232.218,False,1335.75,31.5208,1400.96,228.438,False,70.1708,82.6798,23.642921332617473,0.19897052125537426,23.585687042862638,0.025621016933292138,23.533935691393673,0.17703818660178755,26.78460894191793,1.279285049081366
2004 JJ38,608928,Not a NEA or MBO,Not a NEA or MBO,21163624394602570,745297376129318927,31.660048,1.9290657,1.6574348,150.57027855161678,2.138933417598022,2025052300121,135,60819.01666260169,u,150.57031913844315,2.1389535341107337,6.4004950523376465,2025.46,308.444,False,2422.81,19.9322,2030.19,302.35,False,88.4448,14.7787,23.13369084369885,0.1653396387309887,22.939201579945177,0.008932235747134412,23.13115832067798,0.1616953869390389,26.533319223160397,0.18142128505029506
2004 JJ38,608928,Not a NEA or MBO,Not a NEA or MBO,21163624394602570,745297377715814430,31.660152,1.929063,1.6575105,150.57315082471362,2.1393580111155384,2025052300133,89,60819.02405021712,u,150.5731051856339,2.139413326721081,5.0989508628845215,1266.55,245.293,False,1247.19,32.5332,1263.61,240.36,False,-29.3116,57.4802,23.643444110024248,0.2102747462091487,23.6601685009812,0.02832164626663086,23.64596737713337,0.20652539776008352,nan,nan
2004 JJ38,608928,Not a NEA or MBO,Not a NEA or MBO,21163624394602570,745297377874673672,31.660202,1.9290617,1.6575463,150.57450700098548,2.1395583095520565,2025052300134,136,60819.02753780842,g,150.57450163412648,2.1395494652601594,30.233753204345703,3503.65,114.637,False,3279.01,0.281654,3510.47,112.786,False,-10.5127,34.0731,22.538698241616952,0.03552453752532591,22.61064314391721,9.326044885824972e-05,22.5365868441489,0.03488303503276949,nan,nan
2004 JJ38,608928,Not a NEA or MBO,Not a NEA or MBO,21163624394602570,745297377988444218,31.66021,1.9290615,1.6575516,150.57471160451075,2.139588518107417,2025052300135,97,60819.02806302253,g,150.57470976049706,2.139586523103179,31.558462142944336,3511.7,110.354,False,3342.3,0.0151206,3519.68,108.958,False,10.4813,31.8834,22.53620649609279,0.03411889704800739,22.589886411764084,4.911881937005604e-06,22.533742070170014,0.03361091005274948,28.84896208404505,3.3027353955943695
2004 JJ38,608928,Not a NEA or MBO,Not a NEA or MBO,21163624394602570,745297378122661963,31.660217,1.9290613,1.657557,150.57491504904823,2.139618552916681,2025052300136,97,60819.028586217355,g,150.57489789362918,2.1396061889787505,32.780860900878906,3627.5,107.708,False,3365.69,0.0997652,3657.85,106.322,False,0.0569792,35.3587,22.500981447225563,0.032237760259377767,22.582314737937516,3.218320393092554e-05,22.491935240789424,0.03155887752537868,34.51070909855737,673.7584830281036
2004 JJ38,608928,Not a NEA or MBO,Not a NEA or MBO,21163624394602570,745297378277326862,31.660225,1.929061,1.6575624,150.5751185014741,2.1396485862649905,2025052300137,136,60819.02910952353,g,150.57510778925484,2.139631338638885,31.227214813232422,3503.85,109.673,False,3424.98,0.138829,3522.37,108.327,False,3.34089,31.9102,22.53863620542748,0.03398431430808315,22.563354906704333,4.400950214599638e-05,22.532912529917503,0.033390741380700174,30.09034458108288,10.370308597019875
2004 JJ38,608928,Not a NEA or MBO,Not a NEA or MBO,21163624394602570,745297378411544666,31.660233,1.9290609,1.6575677,150.5753215727005,2.1396785607184734,2025052300138,136,60819.029631473495,g,150.5753114633423,2.139672691201231,32.56571578979492,3747.78,113.352,False,3452.15,0.584594,3724.44,110.969,False,-35.9535,35.4242,22.465564768357428,0.03283820460917111,22.554775885558897,0.00018386075376669242,22.47234756141247,0.03234931015751268,nan,nan
2004 JJ38,608928,Not a NEA or MBO,Not a NEA or MBO,21163624394602570,745297378525315129,31.660238,1.9290607,1.6575732,150.575525819108,2.1397087059873496,2025052300139,97,60819.03015675932,g,150.57552351212144,2.139702083262608,32.86030960083008,3680.12,110.333,False,3504.44,0.02554,3685.18,109.338,False,-14.1417,16.0476,22.485345014878455,0.03255125622636832,22.53845344623445,7.912734401540127e-06,22.48385325634346,0.03221341279792949,nan,nan
2004 JJ38,608928,Not a NEA or MBO,Not a NEA or MBO,21163624394602570,745297378679455784,31.660246,1.9290606,1.6575786,150.57573007358258,2.1397388497867804,2025052300140,135,60819.030681123004,g,150.5757130698048,2.139732584461165,33.406982421875,3660.01,108.892,False,3528.81,0.254181,3643.42,107.827,False,-40.1805,33.8737,22.491294317128705,0.032302639784470684,22.5309292932646,7.820582776756013e-05,22.49622692830254,0.03213236026537593,nan,nan
2004 JJ38,608928,Not a NEA or MBO,Not a NEA or MBO,21163624394602570,745297378813673561,31.660254,1.9290603,1.657584,150.57593394717148,2.139768934717868,2025052300141,135,60819.03120546072,g,150.57592768297562,2.1397614323746192,32.5697135925293,3840.7,115.872,False,3440.01,0.140532,3891.89,115.805,False,13.5911,28.7632,22.43897405025963,0.032756119693387147,22.558600734283637,4.43547204530729e-05,22.424598637685836,0.032306587543273264,28.566863501051774,2.2977720000061397
2004 JJ38,608928,Not a NEA or MBO,Not a NEA or MBO,21163624394602570,745297378948415508,31.660261,1.9290601,1.6575893,150.57613705049815,2.139798903339564,2025052300142,136,60819.03172731136,g,150.57612402182724,2.1397921549239816,32.024742126464844,3774.48,116.354,False,3682.82,0.300924,3803.51,115.737,False,-2.87375,33.0904,22.457857184371466,0.03346944399752407,22.484548747410326,8.871573386920361e-05,22.44953859116717,0.03303786509758397,nan,nan
2004 JJ38,608928,Not a NEA or MBO,Not a NEA or MBO,21163624394602570,745297379082108969,31.660269,1.92906,1.6575947,150.5763413293464,2.1398290427468014,2025052300143,135,60819.0322521672,g,150.57633585984627,2.139815642373306,33.367671966552734,3894.08,115.224,False,3872.46,0.442997,3911.72,113.937,False,-17.8462,11.4632,22.423987804657955,0.03212642392731648,22.430032659766823,0.0001242047421140964,22.41908060680423,0.03162432971799424,nan,nan
2004 JJ38,608928,Not a NEA or MBO,Not a NEA or MBO,21163624394602570,745297379216326707,31.660276,1.9290597,1.6576,150.5765456164182,2.139859180687872,2025052300144,135,60819.03277742538,g,150.57654581505622,2.1398481805769034,34.0007438659668,3886.4,113.446,False,3659.08,0.0970591,3958.07,112.53,False,31.3514,29.8147,22.426131283629402,0.03169319464086975,22.491570214936623,2.879974681117988e-05,22.406291304737593,0.03086804722653978,27.659357639339042,1.0325184182683134
2004 JJ38,608928,Not a NEA or MBO,Not a NEA or MBO,21163624394602570,745297379350544440,31.660284,1.9290595,1.6576054,150.57674874422804,2.139889144944898,2025052300145,135,60819.03329943505,g,150.57674594981788,2.139877999173905,33.17612838745117,3862.92,112.918,False,3486.25,0.0509458,3917.8,112.131,False,8.16949,27.7781,22.432710736658578,0.031737432422402845,22.544103681814732,1.58662457714742e-05,22.41739433171749,0.031074756567444854,29.119512654774212,3.6917467753475512
2004 JJ38,608928,Not a NEA or MBO,Not a NEA or MBO,21163624394602570,745297379484762167,31.66029,1.9290594,1.6576108,150.5769522694955,2.139919165166831,2025052300146,135,60819.033822497426,g,150.57694856005534,2.1399096384628993,33.182823181152344,3807.54,114.171,False,3618.51,0.202405,3809.42,112.49,False,-37.2151,24.6786,22.448388802611134,0.032556344615487454,22.503675554154192,6.073174928701452e-05,22.44785287833632,0.032061170954801044,nan,nan
2004 JJ38,608928,Not a NEA or MBO,Not a NEA or MBO,21163624394602570,745297379598532647,31.660297,1.9290591,1.6576161,150.57715502468753,2.139949069143904,2025052300147,96,60819.034343319145,g,150.5771459494386,2.139942522944719,32.230289459228516,3691.79,113.293,False,3570.32,0.199664,3716.2,112.31,False,-4.25574,24.4503,22.48190751577666,0.03331888047503434,22.51823212240055,6.071792608209569e-05,22.474752316785874,0.03281282818681751,nan,nan
2004 JJ38,608928,Not a NEA or MBO,Not a NEA or MBO,21163624394602570,745297379732750385,31.660305,1.929059,1.6576215,150.57735856651487,2.139979086467679,2025052300148,96,60819.03486655337,g,150.57735969639532,2.139970458590783,33.37337875366211,4005.57,119.621,False,3770.31,0.25515,4104.23,118.332,False,54.8251,19.9572,22.3933391671613,0.03242406217305762,22.459057333239294,7.34755438754707e-05,22.366920778823136,0.031303639900311424,27.052551419848754,0.3952250634570978
2004 JJ38,608928,Not a NEA or MBO,Not a NEA or MBO,21163624394602570,745297379863298067,31.660313,1.9290588,1.6576269,150.57756250599405,2.140009159745409,2025052300149,89,60819.03539085956,g,150.57755741333975,2.1400020863159455,30.581539154052734,3749.15,122.422,False,3608.41,0.357352,3853.57,121.742,False,89.5048,21.3613,22.465167987063477,0.03545283542675617,22.506710332166158,0.00010752381277785132,22.43534184988542,0.0343005813265854,26.520384197318904,0.25912282415817434
2004 JJ38,608928,Not a NEA or MBO,Not a NEA or MBO,21163624394602570,745297379997515803,31.66032,1.9290586,1.6576322,150.57776684303096,2.140039288942464,2025052300150,89,60819.03591508551,g,150.57776024413675,2.14002115772232,28.80719566345215,3744.7,127.424,False,3456.73,0.501403,3765.72,126.516,False,27.6765,8.22356,22.466457437415173,0.036945244176805496,22.553336359194642,0.00015748738410604354,22.46037994612772,0.03647722121951568,27.79472206765655,0.32260643804130645
2004 JJ38,608928,Not a NEA or MBO,Not a NEA or MBO,21163624394602570,745297380265951285,31.660334,1.9290582,1.6576431,150.57817632095822,2.1400996576966005,2025052300152,89,60819.03696702246,g,150.57816992115187,2.140093561065812,33.473419189453125,3879.49,115.285,False,3534.39,0.0611737,3881.29,113.804,False,38.2367,18.6744,22.42806341087625,0.03226431893282543,22.52921385859603,1.879206954139709e-05,22.42755975577697,0.03183506584936709,27.44379904340038,0.5302621178247904
2004 JJ38,608928,Not a NEA or MBO,Not a NEA or MBO,21163624394602570,745297380420616196,31.660341,1.9290581,1.6576484,150.57837990507863,2.140129667752513,2025052300153,128,60819.03749054286,g,150.57837790510752,2.1401211608732726,35.1483268737793,4332.86,121.985,False,3935.72,0.46,4328.77,121.402,False,-21.2152,23.3389,22.308063392569757,0.030567231754364307,22.41243952376282,0.00012689893258833722,22.309088717323014,0.03044988451666378,nan,nan
2004 JJ38,608928,Not a NEA or MBO,Not a NEA or MBO,21163624394602570,745297380536483881,31.660349,1.9290578,1.6576538,150.57858349774364,2.1401596763625013,2025052300154,93,60819.03801396572,g,150.57857559878582,2.1401476814022553,32.86409378051758,4161.16,126.029,False,3862.76,0.260019,4155.37,124.512,False,-32.6831,15.9381,22.351963921502325,0.03288367721559345,22.432755683477055,7.308557772906848e-05,22.353475719294465,0.03253312789015795,nan,nan
2004 JJ38,608928,Not a NEA or MBO,Not a NEA or MBO,21163624394602570,745297380672274482,31.660357,1.9290576,1.6576593,150.5787882669994,2.1401898556632197,2025052300155,96,60819.03853933948,g,150.57878670487332,2.140181258772817,31.126506805419922,3942.72,125.118,False,3754.06,0.48237,3929.71,123.783,False,-8.47636,8.64064,22.410510168334646,0.03445467579937735,22.463746959209953,0.00013950937202438513,22.414098755748903,0.03419989842886863,nan,nan
2004 JJ38,608928,Not a NEA or MBO,Not a NEA or MBO,21163624394602570,745297380802822169,31.660362,1.9290575,1.6576647,150.57899226614632,2.1402199187341004,2025052300156,89,60819.039063642136,g,150.5789779482492,2.1402073093338188,28.396663665771484,3790.26,132.205,False,3863.05,0.863671,3838.2,131.44,False,23.9832,5.91049,22.453327491614637,0.03787068870427357,22.432674162986977,0.0002427405462079,22.439681011059307,0.03718127539461821,27.95023217387816,0.2675720087545233
2004 JJ38,608928,Not a NEA or MBO,Not a NEA or MBO,21163624394602570,745297380939137063,31.66037,1.9290572,1.65767,150.57919627416567,2.140249980382985,2025052300157,93,60819.039587964784,g,150.57919748269006,2.140236499981876,31.389251708984375,4022.1,126.705,False,3822.34,0.573772,3991.91,124.57,False,7.90886,7.87374,22.388867813389204,0.03420307910588417,22.44417668689467,0.00016298001582018155,22.397048170663105,0.03388106487200557,29.154715251954233,1.0809148947614198
2004 JJ38,608928,Not a NEA or MBO,Not a NEA or MBO,21163624394602570,745297381071257638,31.660378,1.929057,1.6576754,150.57940029073188,2.1402800405574443,2025052300158,89,60819.040111307746,g,150.57939750975981,2.140269228489732,32.78132629394531,4119.03,124.096,False,3967.54,1.28904,4110.24,123.524,False,-27.5381,20.8064,22.363012669002963,0.032710499273435736,22.403696704497584,0.00035275191943284507,22.365331984595493,0.0326293534105437,nan,nan
2004 JJ38,608928,Not a NEA or MBO,Not a NEA or MBO,21163624394602570,745297381203902511,31.660385,1.9290569,1.6576807,150.57960587355518,2.1403103287375598,2025052300159,86,60819.04063972704,g,150.57960299016773,2.1402991563269143,36.14603805541992,4285.81,116.058,False,4085.74,0.250111,4327.89,115.248,False,-2.20555,31.3286,22.31991770055496,0.029401296200995623,22.37182318652485,6.646399021440252e-05,22.309309430764806,0.02891222359300889,nan,nan
2004 JJ38,608928,Not a NEA or MBO,Not a NEA or MBO,21163624394602570,745297381339693092,31.66039,1.9290566,1.6576862,150.57980951845852,2.140340328661697,2025052300160,89,60819.04116299786,g,150.57979879394287,2.1403208534361013,32.970252990722656,4348.12,131.251,False,4168.26,0.661766,4360.28,130.51,False,-18.4639,7.32943,22.3042461674952,0.03277369678323938,22.350113059166873,0.00017237488488935112,22.301214106386464,0.032497782963663326,nan,nan
2004 JJ38,608928,Not a NEA or MBO,Not a NEA or MBO,21163624394602570,745297381472337958,31.660398,1.9290565,1.6576916,150.58001472979635,2.1403705565766358,2025052300161,86,60819.04168941305,g,150.58000969567013,2.1403565943382348,33.36392593383789,4017.3,119.186,False,3803.54,0.0959661,4058.47,118.561,False,-3.83232,32.9814,22.39016432490042,0.03221182149212747,22.44953001914658,2.7393919580576735e-05,22.379094157755908,0.03171785620059451,nan,nan
2004 JJ38,608928,Not a NEA or MBO,Not a NEA or MBO,21163624394602570,745297381608128534,31.660406,1.9290563,1.657697,150.5802191712671,2.140400668321745,2025052300162,89,60819.04221461984,g,150.58021675943073,2.1403871429964227,35.72187042236328,4017.16,110.445,False,3842.96,0.466786,4123.85,110.417,False,54.299,33.3445,22.39020219963249,0.029850475815438815,22.4383353508574,0.00013187919263638943,22.361742824368445,0.02907082737806325,27.063020425625396,0.6667403201818907
2004 JJ38,608928,Not a NEA or MBO,Not a NEA or MBO,21163624394602570,745297381901205512,31.660423,1.9290558,1.6577102,150.58072077230517,2.140474536332265,2025052300164,136,60819.04350260107,g,150.58071595649741,2.140455945825777,30.292152404785156,3929.34,128.284,False,3939.77,0.975253,3906.6,126.351,False,-4.1136,7.21768,22.414200952466306,0.03544681205106633,22.411322822443452,0.00026876377819003285,22.420502608532676,0.035115919092046984,nan,nan
2004 JJ38,608928,Not a NEA or MBO,Not a NEA or MBO,21163624394602570,745297382035423247,31.66047,1.9290546,1.6577448,150.5820295542564,2.140667194556288,2025052300165,136,60819.04686286381,r,150.58202087169258,2.140662312616584,36.106422424316406,6411.91,176.512,False,5703.18,0.192405,6479.71,175.935,False,36.9125,34.7842,21.882531429034835,0.029888981153378808,22.009707269743387,3.662887518806083e-05,21.871111083002315,0.029479559684761146,27.48206639494903,1.0231348597219267
2004 JJ38,608928,Not a NEA or MBO,Not a NEA or MBO,21163624394602570,745297382149193853,31.660477,1.9290544,1.6577501,150.58223291684368,2.1406971201033858,2025052300166,97,60819.04738498699,r,150.58222499329455,2.14069843506917,35.33565902709961,6411.35,177.171,False,5843.87,1.24771,6354.15,175.847,False,-9.91074,38.7648,21.882626268549963,0.03000319307201416,21.9832486125834,0.00023181280239375522,21.89235635959497,0.030047049167067363,nan,nan
2004 JJ38,608928,Not a NEA or MBO,Not a NEA or MBO,21163624394602570,745297382283411574,31.660484,1.9290541,1.6577555,150.5824370676834,2.140727158851674,2025052300167,97,60819.04790885035,r,150.58244263398737,2.1407180990604746,34.7198486328125,6206.39,176.427,False,5596.59,0.559905,6244.87,177.417,False,-34.1114,34.9325,21.917902319825703,0.030863864387795814,22.030191299967036,0.00010862134596986242,21.911191474479757,0.03084580859321899,nan,nan
2004 JJ38,608928,Not a NEA or MBO,Not a NEA or MBO,21163624394602570,745297382438076439,31.66049,1.929054,1.6577609,150.58264161756065,2.140757253503266,2025052300168,136,60819.04843320498,r,150.5826277483203,2.140747989849156,35.831565856933594,6111.47,169.437,False,5483.44,0.288291,6121.87,168.283,False,-12.2679,35.9187,21.934635751240542,0.0301014117740829,22.052367272187034,5.708241313028642e-05,21.932789721797352,0.029845610477956894,nan,nan
2004 JJ38,608928,Not a NEA or MBO,Not a NEA or MBO,21163624394602570,745297382571769939,31.660498,1.9290538,1.6577663,150.5828457870859,2.140787289385535,2025052300169,135,60819.0489575571,r,150.58283904292304,2.1407791532948828,36.024688720703125,6374.56,173.978,False,5912.04,0.47502,6337.3,171.897,False,0.0449404,37.6027,21.88887445692839,0.02963250926325737,21.970656583401723,8.723662208592444e-05,21.895239367013495,0.029450208383261338,34.768407644975355,908.4612334459966
2004 JJ38,608928,Not a NEA or MBO,Not a NEA or MBO,21163624394602570,745297382686064775,31.660505,1.9290537,1.6577717,150.58305074551413,2.1408174384980363,2025052300170,97,60819.04948372305,r,150.58304543344414,2.140810504015939,35.97151184082031,5978.99,165.098,False,5206.78,0.229859,6028.87,164.18,False,26.2938,34.3523,21.958430389806587,0.029980461035412402,22.108576974820707,4.7931013524327876e-05,21.949410180615423,0.029567092785236126,27.85036659735367,1.4184915817725812
2004 JJ38,608928,Not a NEA or MBO,Not a NEA or MBO,21163624394602570,745297382840205369,31.660511,1.9290534,1.6577771,150.58325454429425,2.140847414215137,2025052300171,135,60819.05000675553,r,150.5832544950643,2.140846051741977,34.23585891723633,6473.44,187.679,False,6033.9,0.0642273,6426.96,187.311,False,-5.26408,21.977,21.872162192237155,0.03147783681395959,21.94850474676334,1.1557020135355065e-05,21.87998601418777,0.0316433182285079,nan,nan
2004 JJ38,608928,Not a NEA or MBO,Not a NEA or MBO,21163624394602570,745297382970753086,31.660519,1.9290532,1.6577826,150.5834603009209,2.1408776750528777,2025052300172,128,60819.05053419755,r,150.58344694863277,2.140876257106554,34.66274642944336,6241.68,179.856,False,6014.49,0.811253,6297.29,179.21,False,4.11562,14.7455,21.91174622096616,0.03128583464577592,21.952002939837673,0.00014644745126921987,21.902115759017526,0.030898178635132403,29.863911791490985,3.889990391422937
2004 JJ38,608928,Not a NEA or MBO,Not a NEA or MBO,21163624394602570,745297383109165077,31.660526,1.9290531,1.6577879,150.58366489811775,2.1409077625293347,2025052300173,136,60819.05105965396,r,150.58366392271193,2.1409009279922073,36.276939392089844,6455.89,176.228,False,6103.36,0.686831,6458.44,176.506,False,-30.3779,27.3622,21.87510967210235,0.02963760417140926,21.936077556580848,0.00012218143730741737,21.874680936692382,0.029672638085542834,nan,nan
2004 JJ38,608928,Not a NEA or MBO,Not a NEA or MBO,21163624394602570,745297383242858545,31.660532,1.9290528,1.6577933,150.58386911505286,2.1409377912552934,2025052300174,135,60819.051583761844,r,150.5838595306299,2.1409298402070895,37.552215576171875,6543.95,174.878,False,6080.5,0.128254,6568.87,174.765,False,-12.3588,24.422,21.86040003663006,0.02901479639101941,21.94015176797248,2.2901078409051915e-05,21.85627331280907,0.02888604642454336,nan,nan
2004 JJ38,608928,Not a NEA or MBO,Not a NEA or MBO,21163624394602570,745297383377076278,31.66054,1.9290526,1.6577986,150.58407334173745,2.140967818583232,2025052300175,135,60819.05210794845,r,150.58406871562002,2.1409673573164567,33.19951248168945,6109.7,179.516,False,5714.47,0.386081,6126.0,179.311,False,-15.7689,24.1851,21.934950250463963,0.03190124250406162,22.007560066467917,7.33545044210407e-05,21.932057518823612,0.03178002769307198,nan,nan
2004 JJ38,608928,Not a NEA or MBO,Not a NEA or MBO,21163624394602570,745297383511294063,31.660547,1.9290525,1.6578041,150.5842779677104,2.1409979017742184,2025052300176,135,60819.05263225407,r,150.58426745570472,2.140995395076779,34.27552032470703,5942.09,171.846,False,5583.93,0.0519519,6006.17,171.396,False,9.00637,23.9657,21.965151964993844,0.031399628951176525,22.0326500524587,1.0101497886891175e-05,21.953505963106174,0.030983278983135003,29.01362558759942,2.889113983444139
2004 JJ38,608928,Not a NEA or MBO,Not a NEA or MBO,21163624394602570,745297383645511754,31.660553,1.9290522,1.6578095,150.58448221347498,2.141027926225897,2025052300177,135,60819.053156911876,r,150.58447138471192,2.141018091268236,35.01958084106445,5974.06,169.405,False,5457.35,0.778304,6008.19,169.825,False,-35.5709,25.6405,21.95932603912017,0.03078796306660916,22.05754546160996,0.00015484306397248076,21.953140865275742,0.030688967801921558,nan,nan
2004 JJ38,608928,Not a NEA or MBO,Not a NEA or MBO,21163624394602570,745297383759282224,31.66056,1.9290521,1.6578149,150.58468646909498,2.1410579492827555,2025052300178,96,60819.05368098723,r,150.5846772498146,2.1410477336421625,35.20516586303711,6116.89,172.25,False,5518.21,0.0543089,6118.0,171.54,False,-17.1079,25.39,21.93367329910096,0.030574042869749636,22.045504447961303,1.0685555284690203e-05,21.933476318378347,0.030442494487532012,nan,nan
2004 JJ38,608928,Not a NEA or MBO,Not a NEA or MBO,21163624394602570,745297384024047632,31.660574,1.9290516,1.6578257,150.5850953990768,2.141118048384671,2025052300180,89,60819.05472985945,r,150.58508100398674,2.141111573996332,33.09101867675781,5833.63,174.814,False,5176.97,0.325997,5876.07,175.188,False,-19.7009,23.5591,21.985152820856754,0.032535811780144454,22.114810834196998,6.836947585072896e-05,21.97728263053123,0.032369928161635614,nan,nan
2004 JJ38,608928,Not a NEA or MBO,Not a NEA or MBO,21163624394602570,745297384158265377,31.660582,1.9290515,1.6578311,150.5853000737287,2.141148124453362,2025052300181,89,60819.05525411703,r,150.58528533910933,2.141147998033411,33.973026275634766,5950.27,173.47,False,5374.3,0.0462427,5931.22,172.645,False,-23.1136,24.7413,21.96365831453089,0.03165279225086184,22.07419527540019,9.342123507070251e-06,21.967139877863037,0.031603434861534774,nan,nan
2004 JJ38,608928,Not a NEA or MBO,Not a NEA or MBO,21163624394602570,745297384296153172,31.66059,1.9290513,1.6578364,150.58550280870466,2.141177912665066,2025052300182,96,60819.05577405935,r,150.58548578389505,2.1411768131579674,31.988513946533203,6049.43,187.575,False,5435.99,0.257596,6113.63,187.555,False,11.8758,19.4727,21.945713829141035,0.03366547912387484,22.061803330345942,5.1449924720392634e-05,21.934252142156023,0.033308402673136894,28.71334280025094,1.7802771423636286
2004 JJ38,608928,Not a NEA or MBO,Not a NEA or MBO,21163624394602570,745297384426176567,31.660595,1.9290512,1.6578418,150.58570750300203,2.141207985902637,2025052300183,88,60819.05629904333,r,150.58570357183712,2.1412000593333476,31.46090316772461,5917.71,186.067,False,5477.94,0.0130943,5979.85,186.834,False,0.710108,21.4733,21.969615810785356,0.03413815161644456,22.053456833846454,2.595310678261934e-06,21.95827425682525,0.03392266267036997,31.7716890138014,32.832105602673224
2004 JJ38,608928,Not a NEA or MBO,Not a NEA or MBO,21163624394602570,745297384560394328,31.660603,1.9290509,1.6578473,150.58591220722252,2.1412380577193995,2025052300184,88,60819.056824495594,r,150.58591047374898,2.1412330288083514,36.137508392333984,6562.15,177.804,False,6158.93,1.2961,6570.36,176.785,False,-14.9134,22.6296,21.85738463259775,0.02941844425248775,21.926236798771278,0.00022848492789852038,21.856027107928078,0.029213297738366877,nan,nan
2004 JJ38,608928,Not a NEA or MBO,Not a NEA or MBO,21163624394602570,745297384853471251,31.660648,1.9290496,1.6578834,150.58728144860083,2.1414391301158875,2025052300186,135,60819.060335375776,i,150.58728533267742,2.1414181320738486,22.055152893066406,6758.14,302.214,False,6584.38,0.287893,6676.72,300.544,False,-71.2453,17.3162,21.825432017355507,0.04855251046642314,21.853712801624226,4.747232932940648e-05,21.838592055782676,0.04887302422666274,nan,nan
2004 JJ38,608928,Not a NEA or MBO,Not a NEA or MBO,21163624394602570,745297385101983928,31.660662,1.9290493,1.6578941,150.58769063213967,2.141499193324939,2025052300188,97,60819.06138473396,i,150.58767465727084,2.1414933997252903,27.7415771484375,6834.21,243.132,False,6228.25,0.419587,6757.49,241.488,False,-99.0584,45.2582,21.81327920728919,0.03862585734893967,21.914084908274646,7.314426718177307e-05,21.825536433129738,0.03880024427380231,nan,nan
2004 JJ38,608928,Not a NEA or MBO,Not a NEA or MBO,21163624394602570,745297385256648731,31.66067,1.929049,1.6578996,150.58789504405536,2.1415291941716146,2025052300189,136,60819.06190884062,i,150.58788507245387,2.141527479951452,28.55729866027832,6805.41,232.259,False,6199.34,0.313826,6879.13,230.509,False,27.1862,50.3645,21.81786423778712,0.037054637752453816,21.91913638814195,5.496266587419093e-05,21.80616622671898,0.03638134095471746,27.814128763576253,2.011408755036041
2004 JJ38,608928,Not a NEA or MBO,Not a NEA or MBO,21163624394602570,745297385390342249,31.660675,1.9290489,1.657905,150.5880998564444,2.1415592508780303,2025052300190,135,60819.06243327331,i,150.58808942263153,2.1415558804449177,28.945859909057617,7027.3,241.166,False,6224.81,0.822057,7042.12,239.766,False,-13.7457,49.2501,21.783028794560266,0.03726077799891896,21.914684739802713,0.00014338382189438073,21.780741428643566,0.03696651428297737,nan,nan
2004 JJ38,608928,Not a NEA or MBO,Not a NEA or MBO,21163624394602570,745297385504637115,31.660683,1.9290487,1.6579105,150.58830545946046,2.141589420671105,2025052300191,97,60819.06296078522,i,150.58828716686432,2.1415885546818894,28.0378360748291,6414.28,223.397,False,5914.67,1.09698,6379.15,220.255,False,-21.5856,53.7296,21.882130251142357,0.037814099556678984,21.970173717238556,0.00020136895063368592,21.888092980830226,0.03748757071731244,nan,nan
2004 JJ38,608928,Not a NEA or MBO,Not a NEA or MBO,21163624394602570,745297385658777654,31.660688,1.9290484,1.6579158,150.5885114629937,2.1416196462779835,2025052300192,135,60819.063488538115,i,150.58849545754498,2.141614766539016,27.799842834472656,6844.08,240.836,False,6609.96,1.88041,6791.21,239.485,False,-36.4111,42.3585,21.811712294260587,0.038205918112274785,21.849502927986567,0.00030887163932288256,21.82013210607176,0.03828736516096272,nan,nan
2004 JJ38,608928,Not a NEA or MBO,Not a NEA or MBO,21163624394602570,745297385789325374,31.660696,1.9290483,1.6579213,150.58871708693772,2.141649813234713,2025052300193,128,60819.064015990574,i,150.58870767556604,2.1416332432623544,28.040462493896484,7061.6,248.57,False,6840.22,2.64919,7062.1,248.067,False,-21.3734,20.1269,21.777742201036936,0.038218173308691254,21.812324790819602,0.00042050129244487283,21.77766532768291,0.038138134668045685,nan,nan
2004 JJ38,608928,Not a NEA or MBO,Not a NEA or MBO,21163624394602570,745297385927737368,31.660704,1.9290481,1.6579267,150.58892311150692,2.1416800360021746,2025052300194,136,60819.06454344802,i,150.5889253821558,2.141675224482175,30.741886138916016,7127.84,227.855,False,6694.21,2.31539,7221.93,227.22,False,45.0996,37.2832,21.767605167685048,0.034707628639176105,21.835751675775235,0.0003755339144204366,21.753366787010414,0.03415997880979461,27.26456823291317,0.8975626780197313
2004 JJ38,608928,Not a NEA or MBO,Not a NEA or MBO,21163624394602570,745297386061430827,31.66071,1.929048,1.6579322,150.58912797605294,2.1417100856541618,2025052300195,135,60819.06506858168,i,150.5891154308406,2.141707035798308,30.307029724121094,7373.57,236.62,False,6703.03,2.03328,7408.27,236.822,False,-8.53825,29.0292,21.73080550708024,0.03484158983951064,21.834322126996714,0.0003293444409491617,21.72570799175507,0.034707998704783055,nan,nan
2004 JJ38,608928,Not a NEA or MBO,Not a NEA or MBO,21163624394602570,745297386195648568,31.660717,1.9290477,1.6579375,150.58933363159326,2.1417402483717463,2025052300196,135,60819.06559514809,i,150.58932466480022,2.141733691077247,27.817951202392578,6958.98,243.003,False,6957.3,0.489814,6967.53,241.713,False,-25.3374,17.822,21.79363603219415,0.037913194491089715,21.79389820394021,7.643896665444731e-05,21.792302915165507,0.037665652041637764,nan,nan
2004 JJ38,608928,Not a NEA or MBO,Not a NEA or MBO,21163624394602570,745297386329866349,31.660723,1.9290475,1.657943,150.5895381270165,2.141770237997505,2025052300197,135,60819.06611941331,i,150.5895341823326,2.1417617914709046,31.733877182006836,7410.62,231.257,False,7081.32,1.36365,7370.22,229.684,False,-46.231,22.5486,21.725363622357907,0.03388165870627083,21.77471447620077,0.0002090802525017091,21.731298839150647,0.033835656657940506,nan,nan
2004 JJ38,608928,Not a NEA or MBO,Not a NEA or MBO,21163624394602570,745297386464084066,31.66073,1.9290473,1.6579484,150.58974302315923,2.141800283443922,2025052300198,135,60819.06664482081,i,150.58973716832367,2.1417932144666767,28.34284210205078,6815.37,239.889,False,6179.36,0.240354,6831.53,239.737,False,-43.5908,31.7,21.816276385711376,0.03821599944860327,21.922641280823232,4.223108010939258e-05,21.813705084551927,0.03810144260155658,nan,nan
2004 JJ38,608928,Not a NEA or MBO,Not a NEA or MBO,21163624394602570,745297386577854528,31.660736,1.9290471,1.6579537,150.58994636864773,2.1418300985883665,2025052300199,96,60819.067165975925,i,150.58993614265702,2.141821558094803,29.89614486694336,6671.67,217.623,False,6334.09,0.199265,6707.15,216.119,False,17.2015,40.1675,21.839413620949152,0.03541559670183737,21.895789452043935,3.415632453235248e-05,21.833654968070686,0.03498478934138669,28.31108420441518,2.535320097802821
2004 JJ38,608928,Not a NEA or MBO,Not a NEA or MBO,21163624394602570,745297386708402207,31.660744,1.9290469,1.6579591,150.59015089550266,2.141860084012857,2025052300200,89,60819.06768914743,i,150.59014497230223,2.1418480747943502,28.032169342041016,6582.5,231.897,False,6003.68,1.03577,7006.03,229.983,False,441.154,35.9858,21.854022830554733,0.03824974889794699,21.95395612817758,0.0001873139506993745,21.786320051680306,0.03564085210762863,24.788524466968102,0.08856564486460904
2004 JJ38,608928,Not a NEA or MBO,Not a NEA or MBO,21163624394602570,745297386842619907,31.66075,1.9290468,1.6579645,150.59035504271392,2.1418900108392376,2025052300201,89,60819.06821238123,i,150.59034697639865,2.141877324577086,23.128808975219727,5518.39,235.495,False,5168.35,2.81028,6097.3,233.625,False,561.54,34.1683,22.045468998027953,0.04633333923543518,22.116620188610973,0.0005903669015679631,21.93715612540226,0.04160122168203247,24.52654829833436,0.06606432756207423
2004 JJ38,608928,Not a NEA or MBO,Not a NEA or MBO,21163624394602570,745297386976837663,31.660757,1.9290465,1.65797,150.59055998127764,2.1419200507167906,2025052300202,89,60819.068737992246,i,150.5905444044548,2.141922321399235,25.234682083129883,5940.27,232.843,False,5568.11,0.0578795,6466.29,232.538,False,460.687,31.3191,21.965484533453104,0.042558011136105425,22.035730510834746,1.128603247873961e-05,21.87336204859225,0.03904478734486013,24.741485079409493,0.07381210948547437
2004 JJ38,608928,Not a NEA or MBO,Not a NEA or MBO,21163624394602570,745301777399677007,31.665375,1.9287115,1.6672086,150.95350347670632,2.1926887619002398,2025052400145,140,60819.98026129721,i,150.95349422082617,2.192681347072028,26.879594802856445,6482.86,236.498,False,6205.5,0.782889,6471.72,237.451,False,-64.3189,48.1224,21.870583415552147,0.03960820495289082,21.918058050122013,0.00013697702696955404,21.872450665980182,0.039836263523629505,nan,nan
2004 JJ38,608928,Not a NEA or MBO,Not a NEA or MBO,21163624394602570,745301777533894734,31.66538,1.9287113,1.6672139,150.95370768398064,2.1927168810555164,2025052400146,140,60819.9807832778,i,150.9537054557168,2.192716581938744,26.668102264404297,6009.19,221.717,False,6007.09,0.441106,6099.0,222.468,False,42.8281,52.8491,21.952960170945055,0.04005967048615443,21.95333968142965,7.972658270064948e-05,21.936853416605747,0.039603470162045996,27.320678023056168,1.3397788272672628
2004 JJ38,608928,Not a NEA or MBO,Not a NEA or MBO,21163624394602570,745301777668112424,31.665386,1.928711,1.6672193,150.95391228669092,2.192745052576022,2025052400147,140,60819.98130642876,i,150.953903635841,2.1927378848819936,26.091413497924805,6039.93,222.461,False,6097.94,1.19422,6071.01,223.114,False,12.7732,53.1061,21.947420204957183,0.03998952855858512,21.93704214328684,0.00021263046950452508,21.941847671336966,0.03990159054545628,28.634250716222212,4.514077390447783
2004 JJ38,608928,Not a NEA or MBO,Not a NEA or MBO,21163624394602570,745301777802330235,31.665392,1.9287109,1.6672245,150.95411689358946,2.1927732225796164,2025052400148,140,60819.98182965605,i,150.9541139829549,2.1927720490123197,24.519969940185547,5561.05,222.83,False,5809.59,1.24352,5508.66,223.498,False,-42.715,53.4047,22.03710803842531,0.04350520297271312,21.98963631914632,0.0002323975951710217,22.047385048925978,0.04405061568529354,nan,nan
2004 JJ38,608928,Not a NEA or MBO,Not a NEA or MBO,21163624394602570,745301777938120739,31.665398,1.9287107,1.6672299,150.95432189586157,2.1928014449126803,2025052400149,143,60819.98235309965,i,150.95430748292807,2.192799746861917,25.438987731933594,6127.77,231.37,False,5975.47,0.948025,6050.2,229.811,False,-41.1066,55.1037,21.931743856285713,0.04099481207564288,21.959069785080548,0.0001722550720978366,21.945575636806403,0.041240639967808,nan,nan
2004 JJ38,608928,Not a NEA or MBO,Not a NEA or MBO,21163624394602570,745301778070765629,31.665403,1.9287105,1.6672353,150.9545265112763,2.192829611880761,2025052400150,140,60819.98287619607,i,150.95451630526705,2.192825101785113,28.059064865112305,5751.49,199.835,False,5456.49,0.228419,5729.35,200.303,False,-62.8001,82.4519,22.000549033183567,0.03772380599215376,22.05771654432129,4.5450971939147045e-05,22.004736597354366,0.037958269010526735,nan,nan
2004 JJ38,608928,Not a NEA or MBO,Not a NEA or MBO,21163624394602570,745301778206031934,31.66541,1.9287103,1.6672406,150.95473191350905,2.1928578850386864,2025052400151,142,60819.98340187362,i,150.9547226807569,2.192853113332899,25.513336181640625,6041.3,226.843,False,5630.23,0.646167,6018.39,226.105,False,-28.4867,56.4867,21.947174028748407,0.04076799171976789,22.02368466242377,0.00012460714521935715,21.951299157337175,0.04079004091813723,nan,nan
2004 JJ38,608928,Not a NEA or MBO,Not a NEA or MBO,21163624394602570,745301778340249674,31.665415,1.9287101,1.667246,150.95493575510767,2.1928859412709896,2025052400152,142,60819.98392289992,i,150.95493582788143,2.1928728927679195,24.455703735351562,6091.88,248.399,False,5597.54,0.766118,6119.13,248.791,False,-58.8763,35.997,21.938121671229844,0.04427135711256277,22.030006978100907,0.00014860135578721644,21.933275821253304,0.044143759274387864,nan,nan
2004 JJ38,608928,Not a NEA or MBO,Not a NEA or MBO,21163624394602570,745301778473418838,31.665466,1.9287084,1.6672935,150.95676192206471,2.1931371956554195,2025052400153,140,60819.988589141874,i,150.95674445435992,2.1931357622756784,28.838651657104492,6108.98,208.289,False,5871.28,0.819565,6107.44,207.842,False,-4.92309,63.7739,21.935078245193466,0.03701876756288656,21.97816805903954,0.00015155663214918048,21.93535198761333,0.03694863662441025,nan,nan
2004 JJ38,608928,Not a NEA or MBO,Not a NEA or MBO,21163624394602570,745301778608685111,31.665472,1.9287082,1.6672989,150.9569669832602,2.193165398416949,2025052400154,142,60819.98911337381,i,150.9569536691146,2.193164129366273,28.420381546020508,5977.7,210.471,False,5549.67,0.498648,6071.41,210.997,False,30.8748,58.7629,21.958664675728663,0.038228075970802515,22.03933211668486,9.75553828339294e-05,21.941776068048565,0.03773210335085889,27.67598962701374,2.0664428597424944
2004 JJ38,608928,Not a NEA or MBO,Not a NEA or MBO,21163624394602570,745301778742902823,31.665478,1.9287081,1.6673043,150.95717283184044,2.193193707274152,2025052400155,142,60819.98963994597,i,150.95716608973535,2.1931851881369537,27.73578643798828,6098.3,219.198,False,5705.93,0.752702,6151.53,220.163,False,-18.4357,51.0673,21.936978071638286,0.03902582852798748,22.009183867912938,0.0001432256941781813,21.927542172091897,0.0388584534741758,nan,nan
2004 JJ38,608928,Not a NEA or MBO,Not a NEA or MBO,21163624394602570,745301778877120581,31.665483,1.9287078,1.6673096,150.9573771200843,2.193221799368966,2025052400156,142,60819.99016198833,i,150.9573606162193,2.1932103676689874,25.33123779296875,6073.17,237.903,False,6195.85,1.33368,5968.73,236.459,False,-83.004,47.8163,21.941461418838458,0.04253131453767901,21.919747745256675,0.0002337088011024142,21.96029516930831,0.04301285159211236,nan,nan
2004 JJ38,608928,Not a NEA or MBO,Not a NEA or MBO,21163624394602570,745301779011338303,31.66549,1.9287076,1.667315,150.95758219579972,2.193249997560264,2025052400157,142,60819.990685411554,i,150.95756619761025,2.1932346212114826,24.351943969726562,6082.42,248.527,False,5627.17,0.499893,6062.93,248.32,False,-62.1227,44.4373,21.939809000163322,0.04436305901370742,22.024274925986326,9.645202590850024e-05,21.943293583308147,0.04446860090764068,nan,nan
2004 JJ38,608928,Not a NEA or MBO,Not a NEA or MBO,21163624394602570,745301779143458915,31.665495,1.9287075,1.6673204,150.9577868852103,2.193278140440821,2025052400158,138,60819.99120829157,i,150.9577570851336,2.1932674749810714,23.514297485351562,6107.98,252.456,False,5626.32,2.04953,6451.88,255.796,False,-81.3394,46.3623,21.93525598764505,0.044875820368275435,22.02443896075697,0.00039550701436628634,21.875784316597844,0.04304590119094075,nan,nan
2004 JJ38,608928,Not a NEA or MBO,Not a NEA or MBO,21163624394602570,745301779277676593,31.6655,1.9287072,1.6673257,150.95799118833048,2.193306228019475,2025052400159,138,60819.991730077396,i,150.95798908260082,2.193293291961971,23.700862884521484,6310.29,264.575,False,5887.24,0.796053,6276.44,263.721,False,-42.0478,41.6309,21.899876697186993,0.045522260918164546,21.975220605078583,0.00014680962900872298,21.905716556343762,0.0456200408735727,nan,nan
2004 JJ38,608928,Not a NEA or MBO,Not a NEA or MBO,21163624394602570,745301779408224352,31.665506,1.9287071,1.6673311,150.95819667060232,2.193334475495376,2025052400160,131,60819.99225536175,i,150.95819733789781,2.1933271767164917,23.378742218017578,6041.34,257.718,False,5780.36,2.1428,5992.92,257.338,False,-84.1102,39.13,21.947166832993002,0.04631650534583003,21.99511280802641,0.00040248629760564875,21.9559038134011,0.046621880633504593,nan,nan
2004 JJ38,608928,Not a NEA or MBO,Not a NEA or MBO,21163624394602570,745301779542442105,31.665512,1.9287069,1.6673365,150.95840176650776,2.193362667639632,2025052400161,131,60819.99277955042,i,150.9583927772425,2.1933608111247156,25.29490852355957,6579.03,255.904,False,6191.36,0.18837,6596.19,255.889,False,-52.7748,37.6126,21.854595368556467,0.04223179623291318,21.92053488138462,3.303315233990458e-05,21.851767117666988,0.04211946023151727,nan,nan
2004 JJ38,608928,Not a NEA or MBO,Not a NEA or MBO,21163624394602570,745301779680329950,31.665518,1.9287066,1.6673417,150.95860491055336,2.1933905892950385,2025052400162,138,60819.993298227986,i,150.9586008613523,2.193380517402888,27.452531814575195,6177.43,219.582,False,5640.61,0.69747,6175.39,219.79,False,-72.4215,43.9193,21.922980386949178,0.038593415275352004,22.021684843792137,0.00013425293704300367,21.923339000485747,0.038642733150637355,nan,nan
2004 JJ38,608928,Not a NEA or MBO,Not a NEA or MBO,21163624394602570,745301779810353376,31.665524,1.9287065,1.6673471,150.95880962543194,2.193418724648108,2025052400163,130,60819.99382186806,i,150.95879770285123,2.1934125334876087,24.550865173339844,5955.96,238.537,False,5333.06,0.104921,5872.91,235.404,False,-83.8088,35.6137,21.962620576158933,0.0434838819529074,22.082558813636897,2.136044318843841e-05,21.977866607352553,0.04351959187174798,nan,nan
2004 JJ38,608928,Not a NEA or MBO,Not a NEA or MBO,21163624394602570,745301779946143771,31.66553,1.9287063,1.6673524,150.95901356265193,2.1934467509118187,2025052400164,133,60819.99434295512,i,150.95900823820642,2.193431747294573,24.54728126525879,5821.34,231.21,False,5548.8,1.1683,5953.88,234.627,False,-28.9271,40.3334,21.98744261579007,0.04312290330569412,22.03950235956664,0.0002286018036475845,21.96299982830365,0.042786054192383946,nan,nan
2004 JJ38,608928,Not a NEA or MBO,Not a NEA or MBO,21163624394602570,745301780077740200,31.665535,1.928706,1.6673577,150.9592167221969,2.1934746681039305,2025052400165,128,60819.994861739484,i,150.95920707521844,2.193474983714789,25.19130516052246,6277.81,243.861,False,6174.1,1.69205,6393.41,243.726,False,33.4278,26.3744,21.90547957112503,0.04217532960380605,21.923565834483625,0.00029755266268217067,21.885668583478832,0.04138982695003209,27.589730537427055,0.8566415001321236
2004 JJ38,608928,Not a NEA or MBO,Not a NEA or MBO,21163624394602570,745301780347748353,31.665546,1.9287057,1.6673684,150.9596254058546,2.193530820747703,2025052400167,131,60819.995905787044,i,150.95962433860115,2.1935168892013563,22.38197898864746,5906.31,261.569,False,6241.44,0.653116,6053.37,262.6,False,33.0424,13.5597,21.971709394950466,0.04808330934036142,21.911788010383574,0.00011361347389283036,21.94500692874163,0.047100099362297324,27.60232102737403,0.4455565294429039
2004 JJ38,608928,Not a NEA or MBO,Not a NEA or MBO,21163624394602570,745301780480393245,31.665552,1.9287056,1.6673738,150.95983014720943,2.19355894860454,2025052400168,128,60819.99642804626,i,150.95983817602894,2.1935439144709807,22.78924560546875,6691.1,293.043,False,6318.77,0.1377,6777.42,294.667,False,-9.89154,12.7477,21.83625618276122,0.04755083457310209,21.898418627757984,2.366059879448483e-05,21.822339012732122,0.04720537098970836,nan,nan
2004 JJ38,608928,Not a NEA or MBO,Not a NEA or MBO,21163624394602570,745301780616183821,31.665558,1.9287053,1.667379,150.96003293644526,2.193586806057406,2025052400169,131,60819.99694684725,i,150.96002968446228,2.1935894052138587,22.293508529663086,5718.5,255.603,False,5431.55,0.538376,5719.91,253.349,False,-53.6098,21.5098,22.006794686388986,0.048529759149926036,22.06269058459619,0.00010761832394782485,22.00652698175489,0.0480899477727663,nan,nan
2004 JJ38,608928,Not a NEA or MBO,Not a NEA or MBO,21163624394602570,745301780748304445,31.665564,1.9287051,1.6673844,150.96023768866826,2.1936149309249595,2025052400170,127,60819.997469902744,i,150.96022508376524,2.193611429118931,26.73786163330078,6669.06,242.413,False,6253.35,1.32738,6685.94,242.03,False,-18.6613,29.089,21.839838428751158,0.03946531628069747,21.909718140986648,0.00023046598030302036,21.837093822287507,0.03930348382055283,nan,nan
2004 JJ38,608928,Not a NEA or MBO,Not a NEA or MBO,21163624394602570,745301780882522326,31.66557,1.928705,1.6673896,150.96044088035768,2.1936428392029423,2025052400171,127,60819.99798851295,i,150.96043327860488,2.193635898028415,26.39570426940918,7120.34,260.111,False,6843.54,0.522222,7043.36,258.678,False,1.27797,29.5284,21.768748194017725,0.03966270261474836,21.811797968754387,8.28511720632517e-05,21.780550304560602,0.03987529889623704,31.133698389551885,25.08670352172577
2004 JJ38,608928,Not a NEA or MBO,Not a NEA or MBO,21163624394602570,745301781157249142,31.66561,1.9287035,1.6674286,150.9619326893417,2.193847669814249,2025052400173,139,60820.00179829667,z,150.96192634620377,2.1938529522323473,14.020954132080078,8107.53,569.477,False,8231.14,2.392,7877.21,562.146,False,-165.876,24.4425,21.62777861789087,0.07626265976549748,21.611350075164253,0.0003155190009181799,21.659068946482435,0.07748203530760871,nan,nan
2004 JJ38,608928,Not a NEA or MBO,Not a NEA or MBO,21163624394602570,745301781425684603,31.66562,1.9287032,1.6674393,150.96234308868588,2.1939039977425416,2025052400175,139,60820.002846007206,z,150.96235358639183,2.1939139287467455,12.846574783325195,7210.89,550.843,False,6789.6,12.1198,7134.03,548.627,False,-145.601,27.0709,21.755027802971313,0.0829398584617648,21.820389511462132,0.0019380972437278586,21.766662704447484,0.08349617679217276,nan,nan
2004 JJ38,608928,Not a NEA or MBO,Not a NEA or MBO,21163624394602570,745301781560426567,31.665627,1.928703,1.6674447,150.96254633916803,2.1939318907423475,2025052400176,140,60820.00336581418,z,150.96253199038188,2.193933794130501,12.885064125061035,7171.65,550.618,False,6453.33,12.9609,7169.09,549.031,False,-91.8151,31.1897,21.760952298747647,0.08335960135484263,21.87554030203843,0.002180598007367904,21.761339942395082,0.08314902638805365,nan,nan
2004 JJ38,608928,Not a NEA or MBO,Not a NEA or MBO,21163624394602570,745301781695692883,31.665632,1.9287028,1.6674501,150.96275116211712,2.193959997230518,2025052400177,142,60820.003888935134,z,150.96275806197215,2.1939641338065705,12.987334251403809,6581.89,503.811,False,6232.26,0.669674,6670.27,498.979,False,2.42236,74.1124,21.854123427792892,0.08310771476420739,21.913386133032894,0.00011666543309085073,21.83964146257788,0.0812200358259613,30.439403309244394,33.21823085746559
2004 JJ38,608928,Not a NEA or MBO,Not a NEA or MBO,21163624394602570,745301781828337778,31.665638,1.9287026,1.6674554,150.96295638266784,2.1939881559498677,2025052400178,139,60820.00441263528,z,150.96296464343533,2.1939905680524237,14.456710815429688,7835.32,541.343,False,8090.48,14.0404,8004.71,539.371,False,84.54,28.4859,21.664858179207826,0.07501362121311891,21.63006428104797,0.0018842108452176698,21.641635998726592,0.07315875211044148,26.5823443795095,0.3658407094208985
2004 JJ38,608928,Not a NEA or MBO,Not a NEA or MBO,21163624394602570,745301781963604021,31.665644,1.9287024,1.6674608,150.96316082618236,2.194016205727691,2025052400179,141,60820.00493446327,z,150.96313874017793,2.1940435303940546,12.032902717590332,6789.57,554.278,False,6728.19,19.9697,7383.5,550.096,False,557.533,26.2176,21.820394352548494,0.08863591127507946,21.830254391516654,0.0032225347864079687,21.72934430196011,0.08089106146205549,24.53432351582233,0.05105598477089873
2004 JJ38,608928,Not a NEA or MBO,Not a NEA or MBO,21163624394602570,745301782097821741,31.66565,1.9287022,1.6674662,150.96336527561664,2.1940442539941647,2025052400180,141,60820.005456584026,z,150.96336877183987,2.1940417629646904,12.435615539550781,6974.87,558.783,False,6689.55,18.4943,7612.12,552.987,False,470.321,26.1721,21.79115968802622,0.08698240185781834,21.836507771319916,0.0030016865996105382,21.696235918205012,0.07887395323344845,24.71901404029228,0.06041830096287851
2004 JJ38,608928,Not a NEA or MBO,Not a NEA or MBO,21163624394602570,745301782230991080,31.665655,1.928702,1.6674714,150.9635697313763,2.1940723008000504,2025052400181,139,60820.00597883633,z,150.96354235616278,2.1940750346210303,11.364887237548828,6247.39,540.026,False,6398.13,6.46595,6584.95,535.759,False,108.536,30.5105,21.910753431015518,0.09385131517958194,21.884867369829443,0.0010972450004912125,21.853618763594046,0.08833672174481215,26.311065438880014,0.30521074551774513
2004 JJ38,608928,Not a NEA or MBO,Not a NEA or MBO,21163624394602570,745301782366257180,31.66566,1.9287019,1.6674768,150.96377497653597,2.194100453547288,2025052400182,141,60820.00650210535,z,150.963781496555,2.1940947232490187,13.927566528320312,7982.46,564.551,False,7505.42,27.9645,8127.94,563.414,False,-112.01,26.5807,21.64465812788032,0.07678754302551356,21.711562510833144,0.004045352675516952,21.625048785291945,0.07526125735030892,nan,nan
2004 JJ38,608928,Not a NEA or MBO,Not a NEA or MBO,21163624394602570,745301782500474902,31.665667,1.9287016,1.6674821,150.96397983635052,2.194128551088581,2025052400183,141,60820.00702511784,z,150.9639709878641,2.194120069318804,13.029415130615234,8450.81,637.507,False,7851.98,11.0055,8487.84,636.487,False,-155.132,22.0596,21.582754211330503,0.08190510573021777,21.662552040886595,0.0015217906384420693,21.578007059227623,0.08141729720979608,nan,nan
2004 JJ38,608928,Not a NEA or MBO,Not a NEA or MBO,21163624394602570,745301782634692735,31.66567,1.9287014,1.6674875,150.96418352738084,2.1941564859933447,2025052400184,141,60820.00754595589,z,150.9641786980832,2.1941580208223046,15.408679962158203,7892.42,506.728,False,7852.69,12.3416,7780.59,501.904,False,-176.369,64.421,21.65697453963758,0.06970902936802087,21.662453875143775,0.0017063862827340491,21.672468695130004,0.07003779225532646,nan,nan
2004 JJ38,608928,Not a NEA or MBO,Not a NEA or MBO,21163624394602570,745301782768910447,31.665676,1.9287013,1.6674929,150.96438839960135,2.194184580540307,2025052400185,141,60820.00806811941,z,150.96436852698884,2.1941818932152883,12.905109405517578,6769.09,523.26,False,6855.89,7.39484,6771.98,520.216,False,11.6083,30.7818,21.823674304066234,0.08392891071303878,21.80984037612197,0.0011710872110930733,21.82321083608909,0.08340505300288428,28.738078422203298,2.879053208787544
2004 JJ38,608928,Not a NEA or MBO,Not a NEA or MBO,21163624394602570,745301782897885202,31.665682,1.928701,1.6674981,150.96459131973717,2.19421240506567,2025052400186,131,60820.0085868014,z,150.96458550445502,2.194226567613488,15.092954635620117,7878.8,513.873,False,7603.27,6.47709,8097.5,511.151,False,57.5536,87.4004,21.65884983632056,0.07081414926186329,21.697498964691277,0.0009249192739680782,21.629122608294463,0.06853660362563901,26.9998187588685,1.6487895836549111
2004 JJ38,608928,Not a NEA or MBO,Not a NEA or MBO,21163624394602570,745301783032102933,31.665688,1.9287009,1.6675035,150.96479581301952,2.1942404429528604,2025052400187,131,60820.009108688195,z,150.96480702059506,2.1942339896642036,12.955208778381348,7514.44,579.892,False,7019.5,9.82461,7359.52,577.583,False,-158.868,26.7838,21.710258455663634,0.08378665282276637,21.784234554068107,0.0015196145751434048,21.732876272466847,0.08520973938121998,nan,nan
2004 JJ38,608928,Not a NEA or MBO,Not a NEA or MBO,21163624394602570,745301783300538372,31.665699,1.9287004,1.6675142,150.96520638623784,2.194296729133674,2025052400189,131,60820.01015619562,z,150.9651866527382,2.194298576421233,15.094467163085938,7760.28,498.183,False,7162.07,13.5392,7777.66,496.435,False,-26.4135,80.9351,21.67530655157133,0.06970049402584143,21.762403623234512,0.0020524792132299748,21.6728775930234,0.06930072018192378,nan,nan
2004 JJ38,608928,Not a NEA or MBO,Not a NEA or MBO,21163624394602570,745301783438426167,31.665705,1.9287003,1.6675196,150.96541089917153,2.194324762594176,2025052400190,138,60820.010678378465,z,150.9653993623053,2.194319930652544,14.767682075500488,6925.46,467.855,False,6555.95,1.23493,7145.53,461.477,False,146.914,103.167,21.798878443072745,0.07334778150050922,21.85841088591702,0.00020451776068242914,21.764913915348963,0.07011968188432564,25.982342030790676,0.7624334353474267
2004 JJ38,608928,Not a NEA or MBO,Not a NEA or MBO,21163624394602570,745301783568449581,31.66571,1.9287001,1.6675249,150.965616202096,2.1943529019512487,2025052400191,130,60820.01120266389,z,150.96560082342228,2.19434773250764,15.614392280578613,6821.86,427.748,False,6707.21,5.96731,6992.73,423.115,False,191.024,112.212,21.81524301561559,0.06807842495247383,21.833645245983266,0.0009659641635488416,21.788383103558026,0.0656955530896316,25.69728015107046,0.6377870188978347
2004 JJ38,608928,Not a NEA or MBO,Not a NEA or MBO,21163624394602570,745301783702667382,31.665714,1.9286999,1.6675303,150.96582190358,2.1943810935286363,2025052400192,130,60820.011727967314,z,150.96582839510566,2.1943584178328197,13.039785385131836,6899.47,524.975,False,7066.44,8.38029,7044.19,520.199,False,-21.8832,33.6749,21.80296063967981,0.08261276878322978,21.776998319539462,0.0012876051263360586,21.78042235528814,0.08017939111657472,nan,nan
2004 JJ38,608928,Not a NEA or MBO,Not a NEA or MBO,21163624394602570,745301783970054353,31.665726,1.9286995,1.667541,150.9662305838909,2.194437096373047,2025052400194,128,60820.0127708697,z,150.96622806774204,2.194422885687956,17.682451248168945,7938.98,439.86,False,7645.02,1.97657,7782.76,428.955,False,-156.108,132.815,21.650588233009962,0.06015532376898298,21.691553432476578,0.0002807100067514073,21.67216593732843,0.05984149237010981,nan,nan
2004 JJ38,608928,Not a NEA or MBO,Not a NEA or MBO,21163624394602570,745301784103747732,31.665731,1.9286994,1.6675464,150.96643552182914,2.1944651761123195,2025052400195,127,60820.01329302211,z,150.9664375879613,2.194455201313154,13.385305404663086,5889.64,435.374,False,5483.98,8.89841,5817.66,428.949,False,-96.1697,123.41,21.974778100643377,0.08025979444418502,22.05226034823103,0.001761736141673214,21.98812913010815,0.08005374194313801,nan,nan
2004 JJ38,608928,Not a NEA or MBO,Not a NEA or MBO,21163624394602570,745301784217518226,31.665737,1.9286991,1.6675518,150.9666392908414,2.194493093300721,2025052400196,88,60820.01381386521,z,150.9666233373469,2.1944926814394816,18.141407012939453,7547.83,412.136,False,7098.17,4.18413,7615.07,403.577,False,-1.11861,116.909,21.70544471382319,0.059284715873109003,21.772134020906762,0.0006400046328366933,21.695815275424614,0.057540924235241146,nan,nan
2004 JJ38,608928,Not a NEA or MBO,Not a NEA or MBO,21163624394602570,745301784372183182,31.665743,1.9286989,1.6675571,150.966844634146,2.1945212237583736,2025052400197,127,60820.014337399916,z,150.96682995595089,2.1945122455788058,16.464866638183594,7206.75,434.36,False,6644.62,5.51498,7156.98,427.073,False,-46.4018,133.028,21.75565135806204,0.06543870149434934,21.843824608182075,0.0009011520861181694,21.76317549398628,0.06478830698415905,nan,nan
2004 JJ38,608928,Not a NEA or MBO,Not a NEA or MBO,21163624394602570,745301784485953656,31.665749,1.9286988,1.6675625,150.96704959253475,2.1945492990634707,2025052400198,88,60820.01486095751,z,150.9670320222735,2.194540669092959,16.899656295776367,7231.73,417.524,False,6851.51,2.09222,7248.58,409.001,False,-7.11982,152.403,21.75189449497308,0.06268498824843355,21.81053429731527,0.0003315472288344479,21.749367647238092,0.06126264680575127,nan,nan
2004 JJ38,608928,Not a NEA or MBO,Not a NEA or MBO,21163624394602570,745301784640618553,31.665752,1.9286985,1.6675678,150.96725573366027,2.194577533934916,2025052400199,127,60820.015386180174,z,150.9672416852186,2.194568493908202,19.703601837158203,8228.76,411.069,False,8018.07,1.21147,8627.25,402.078,False,315.409,149.602,21.61166404123241,0.05423812444777248,21.639825415193517,0.00016404656948468583,21.560319042042387,0.050601367170026015,25.15281480803294,0.5149767917160979
2004 JJ38,608928,Not a NEA or MBO,Not a NEA or MBO,21163624394602570,745301784753864814,31.665758,1.9286984,1.6675732,150.96746109777797,2.1946056599374417,2025052400200,87,60820.0159104199,z,150.9674407323995,2.1945872446597776,16.39971923828125,7101.74,431.504,False,6838.17,2.15972,7843.09,423.902,False,642.551,146.375,21.771588043138934,0.06596967749462214,21.81265027902413,0.00034291135817466,21.663782025135305,0.05868168879686206,24.380230947557074,0.2473338780758406
2004 JJ38,608928,Not a NEA or MBO,Not a NEA or MBO,21163624394602570,745301784909053968,31.665764,1.9286982,1.6675786,150.96766607706283,2.1946337307981505,2025052400201,127,60820.016433712604,z,150.967658656974,2.19464023018004,16.24748992919922,7175.9,431.224,False,6739.68,0.749052,7945.16,423.781,False,682.885,146.515,21.76030906989422,0.0652455461296793,21.82840177987422,0.00012066935545037644,21.64974335996322,0.05791127830046256,24.314131051296403,0.23294791524572153
2004 JJ38,608928,Not a NEA or MBO,Not a NEA or MBO,21163624394602570,745301785022824459,31.66577,1.928698,1.667584,150.96787263118858,2.1946620148584315,2025052400202,88,60820.01696019084,z,150.9678606972858,2.1946618093407237,14.87711238861084,6143.77,417.289,False,5725.83,6.56754,6446.95,407.972,False,268.354,152.703,21.928912624172273,0.07374393496134095,22.005403861021666,0.0012453419050401614,21.876614212088374,0.06870689877752795,25.328229801376327,0.6178226389123275
2004 JJ38,608928,Not a NEA or MBO,Not a NEA or MBO,21163624394602570,745301785183780972,31.665777,1.9286977,1.6675918,150.96816973685742,2.1947026940547607,2025052400203,139,60820.01771853029,z,150.96815086323295,2.194716422834977,15.699129104614258,7192.67,455.794,False,7268.17,10.7892,7679.49,448.278,False,355.156,146.971,21.75777467352076,0.06880227509097245,21.74643731978658,0.001611715879064619,21.686669018848868,0.06337812224207609,25.023952092001622,0.4493003794454455
2004 JJ38,608928,Not a NEA or MBO,Not a NEA or MBO,21163624394602570,745301785317998715,31.665783,1.9286975,1.6675972,150.96837513250674,2.1947308134651786,2025052400204,139,60820.01824204062,z,150.96836295442202,2.1947276952151933,15.521294593811035,7003.38,442.074,False,7097.03,4.59133,7103.79,436.326,False,-71.3688,148.106,21.78673078917977,0.06853487324408991,21.77230843024825,0.0007024027537899431,21.771274707820293,0.06668763019162778,nan,nan
2004 JJ38,608928,Not a NEA or MBO,Not a NEA or MBO,21163624394602570,745301785452216422,31.665789,1.9286973,1.6676025,150.96858131953385,2.1947590387399054,2025052400205,139,60820.01876831184,z,150.9685636639543,2.194750949163975,15.417168617248535,7012.48,452.426,False,6491.92,2.84296,6981.31,444.22,False,-71.7206,152.879,21.785320913941725,0.07004872512656321,21.869067114636962,0.00047546866080246466,21.79015768347347,0.06908527685420822,nan,nan
2004 JJ38,608928,Not a NEA or MBO,Not a NEA or MBO,21163624394602570,745301785722224693,31.665798,1.928697,1.6676133,150.9689925391441,2.194815323823535,2025052400207,142,60820.01981795414,z,150.9689783064106,2.1948107039150813,15.042278289794922,6728.79,441.784,False,6022.94,3.89141,6818.99,435.902,False,27.6355,152.684,21.830157557345366,0.07128486354712928,21.950478668591025,0.0007014921097797729,21.81569982879386,0.06940537757160213,27.796331685458682,5.998608789096784
2004 JJ38,608928,Not a NEA or MBO,Not a NEA or MBO,21163624394602570,745301785854869642,31.665834,1.9286957,1.6676489,150.970353420604,2.195001521482236,2025052400208,139,60820.023288582335,r,150.9703446826807,2.19499208171277,31.089521408081055,5745.02,181.501,False,5245.44,0.566418,5937.08,181.896,False,140.19,38.6647,22.001771133994154,0.03430139736971381,22.100545202845513,0.00011724098034393137,21.966067733397637,0.033264006188358106,26.033207391731985,0.29944834454154795
2004 JJ38,608928,Not a NEA or MBO,Not a NEA or MBO,21163624394602570,745301785989087351,31.66584,1.9286954,1.6676543,150.9705588947913,2.195029625211685,2025052400209,139,60820.02381293694,r,150.97055021941256,2.1950307868835743,32.72887420654297,6268.33,190.023,False,5696.23,0.62495,6465.74,189.797,False,150.999,8.01118,21.907120356236952,0.0329138451280289,22.01103121186189,0.00011911928318937692,21.873454368644477,0.031870979006865446,25.952564873005144,0.057603219187979816
2004 JJ38,608928,Not a NEA or MBO,Not a NEA or MBO,21163624394602570,745301786123305027,31.665846,1.9286953,1.6676596,150.9707628081773,2.1950575129785106,2025052400210,139,60820.024332603716,r,150.9707544297753,2.1950618658431553,30.57387351989746,6155.45,197.997,False,5724.66,0.576672,6383.25,197.404,False,188.517,7.98978,21.926850445706567,0.034923928878984274,22.00562572515409,0.00010937132871857452,21.88739536523196,0.033576732435457605,25.711623710049235,0.04601597435522957
2004 JJ38,608928,Not a NEA or MBO,Not a NEA or MBO,21163624394602570,745301786257522865,31.66585,1.9286951,1.667665,150.9709679053298,2.1950855601401877,2025052400211,139,60820.02485572451,r,150.97095202078526,2.1950868784484636,30.07469367980957,5916.91,196.205,False,5421.45,0.697181,6135.76,195.913,False,182.738,8.49674,21.9697625627552,0.03600306045167714,22.064711318903324,0.00013962216951891244,21.930329131817288,0.03466723586177581,25.74542779231274,0.05048330548697837
2004 JJ38,608928,Not a NEA or MBO,Not a NEA or MBO,21163624394602570,745301786393313335,31.665855,1.9286948,1.6676704,150.9711718338842,2.195113445005129,2025052400212,142,60820.025375670215,r,150.97115240880336,2.195106294140983,27.730802536010742,5919.26,211.964,False,5583.44,0.668726,6214.15,213.343,False,205.75,6.5393,21.96933150169139,0.03887935365595336,22.032745377536045,0.0001300381245630423,21.916545686450803,0.037275287093176915,25.61665039028923,0.03450767788904345
2004 JJ38,608928,Not a NEA or MBO,Not a NEA or MBO,21163624394602570,745301786525958210,31.665861,1.9286947,1.6676757,150.97137773094454,2.195141596516753,2025052400213,139,60820.02590084262,r,150.97136584764021,2.195153488705727,26.336082458496094,5706.48,213.936,False,5713.94,2.98346,5912.02,216.267,False,156.202,7.11491,22.009079254978936,0.040704263667359616,22.007660821876946,0.0005669031379097145,21.970660259961175,0.03971720480701917,25.915783553212506,0.04945465309255985
2004 JJ38,608928,Not a NEA or MBO,Not a NEA or MBO,21163624394602570,745301786661224478,31.665867,1.9286945,1.6676811,150.97158245909017,2.195169585688868,2025052400214,141,60820.026422853975,r,150.97158271565996,2.195164154666269,27.003122329711914,6210.8,228.421,False,6124.33,1.07515,6439.09,230.115,False,136.231,6.39007,21.91713117331212,0.0399312428552171,21.932353526300716,0.00019060522207925385,21.877938788033532,0.03880116581453687,26.0643101162255,0.05092769021151156
2004 JJ38,608928,Not a NEA or MBO,Not a NEA or MBO,21163624394602570,745301786791772200,31.66587,1.9286944,1.6676865,150.97178758730922,2.195197627033862,2025052400215,134,60820.026945783255,r,150.97178345908517,2.19517263448297,22.71399688720703,5806.1,255.055,False,5482.23,2.20756,6118.28,257.302,False,212.145,5.95101,21.990288702915603,0.04769508535758807,22.05260687421972,0.0004371994411898111,21.933426667196933,0.045660236028274466,25.583417977059568,0.030456655252000895
2004 JJ38,608928,Not a NEA or MBO,Not a NEA or MBO,21163624394602570,745301786928611426,31.665876,1.9286941,1.6676918,150.97199154672592,2.1952255060939376,2025052400216,139,60820.02746558065,r,150.9719936821475,2.1952052109094145,29.647493362426758,5667.25,191.028,False,5114.11,0.363373,5798.76,191.071,False,86.9613,18.6594,22.016569072143533,0.03659729420618462,22.128074866319615,7.714484921179148e-05,21.991662207705495,0.03577535711711414,26.551684894986614,0.23296784081037378
2004 JJ38,608928,Not a NEA or MBO,Not a NEA or MBO,21163624394602570,745301787063877639,31.665882,1.9286939,1.6676972,150.97219786726447,2.1952537053456416,2025052400217,141,60820.027991999144,r,150.97217743772444,2.195249392028966,27.572254180908203,5721.67,207.149,False,5413.88,0.820514,5861.76,208.23,False,88.4797,6.80099,22.006192999690704,0.03930830935784799,22.066228460262323,0.00016455144940343445,21.979929960906247,0.038569107967172736,26.53289091871744,0.0834550901126455
2004 JJ38,608928,Not a NEA or MBO,Not a NEA or MBO,21163624394602570,745301787194425346,31.665888,1.9286938,1.6677026,150.97240262689974,2.1952816887195823,2025052400218,134,60820.0285134994,r,150.97239257141382,2.19528000812088,26.637344360351562,5598.09,209.272,False,5356.86,1.29248,5723.68,209.019,False,119.04,7.63778,22.02990033955328,0.0405878070609669,22.077724286811794,0.0002619617382123759,22.00581160367388,0.03964922668011091,26.210767696145176,0.06966241945532661
2004 JJ38,608928,Not a NEA or MBO,Not a NEA or MBO,21163624394602570,745301787593932953,31.665903,1.9286932,1.6677188,150.9730204838199,2.1953661124614925,2025052400221,128,60820.030088322615,r,150.9730090055714,2.195348573642071,27.662168502807617,6012.12,214.83,False,5500.24,1.12911,6017.36,215.133,False,-10.74,7.18895,21.952430877884733,0.038796415625399414,22.04904585345306,0.00022288400701853052,21.951485037764172,0.03881730318179104,nan,nan
2004 JJ38,608928,Not a NEA or MBO,Not a NEA or MBO,21163624394602570,745301787728150642,31.665909,1.9286929,1.6677241,150.973226452376,2.1953942507847537,2025052400222,128,60820.030613783456,r,150.97321479425398,2.195389959500976,24.33319091796875,5709.84,234.188,False,5368.38,1.37753,5793.47,235.012,False,29.5104,7.23306,22.008440182954157,0.044531265520829935,22.07539189939841,0.00027860065861943557,21.99265305367704,0.04404286555955767,27.725062231085126,0.2661161753421698
2004 JJ38,608928,Not a NEA or MBO,Not a NEA or MBO,21163624394602570,745301787861844078,31.665913,1.9286928,1.6677295,150.97343085970266,2.195422173271305,2025052400223,127,60820.031134837554,r,150.97342527181178,2.19541061876682,30.019554138183594,5810.86,191.486,False,5238.98,0.525426,5885.27,191.835,False,47.9369,22.7212,21.98939899507951,0.03577840105916364,22.10188315275805,0.00010889028041294334,21.97558401671482,0.03539042583229744,27.198325111504488,0.5146187992372497
2004 JJ38,608928,Not a NEA or MBO,Not a NEA or MBO,21163624394602570,745306225917296722,31.66723,1.9283472,1.6772642,151.35022336874871,2.2442606429941625,2025052500521,150,60820.97064975185,g,151.35020661521375,2.244253077854993,29.551952362060547,4022.22,135.594,False,4001.72,0.2222,3963.62,134.633,False,-48.9011,5.47836,22.388835455028058,0.03660150604853737,22.394383263408344,6.028672501963973e-05,22.404769940029894,0.036879396451247916,nan,nan
2004 JJ38,608928,Not a NEA or MBO,Not a NEA or MBO,21163624394602570,745306226051514433,31.667234,1.9283471,1.6772696,151.3504291670194,2.244286815214808,2025052500522,150,60820.97117170756,g,151.35042034578197,2.2442797856459795,27.707761764526367,3911.79,140.428,False,3616.26,0.633583,3922.69,139.4,False,-29.6685,5.25746,22.41906115881874,0.03897646741770706,22.50435087805056,0.00019022526311633384,22.41604004541538,0.03858363076797681,nan,nan
2004 JJ38,608928,Not a NEA or MBO,Not a NEA or MBO,21163624394602570,745306226185732153,31.667238,1.9283469,1.677275,151.35063575742026,2.244313086211728,2025052500523,150,60820.97169588203,g,151.3506256341026,2.2443072548739833,27.861217498779297,3963.23,140.749,False,4032.53,0.531417,3901.21,139.067,False,-40.7412,6.09464,22.404876813644375,0.03855851872071539,22.386055974596808,0.00014308106468991478,22.422001688932923,0.03870339708881295,nan,nan
2004 JJ38,608928,Not a NEA or MBO,Not a NEA or MBO,21163624394602570,745306226319949940,31.667242,1.9283466,1.6772803,151.35084274549024,2.2443394058009467,2025052500524,150,60820.972220035575,g,151.35084950063506,2.2443340610461906,27.202611923217773,3775.48,138.594,False,3476.15,0.0496457,3809.3,137.739,False,-20.4613,5.81501,22.457569570604843,0.03985626144992298,22.547253759242977,1.5506274164756592e-05,22.44788704431367,0.03925871300955046,nan,nan
2004 JJ38,608928,Not a NEA or MBO,Not a NEA or MBO,21163624394602570,745306226734661756,31.667253,1.9283462,1.6772963,151.3514597882784,2.244417854145941,2025052500527,173,60820.97378587482,g,151.35145002767905,2.2444043103046187,27.977876663208008,4379.92,156.4,False,4403.18,0.0702255,4405.38,156.735,False,-23.4184,7.52045,22.296334574085485,0.038769917904040115,22.290583857696525,1.731620427439097e-05,22.290041589358125,0.038628420077771765,nan,nan
2004 JJ38,608928,Not a NEA or MBO,Not a NEA or MBO,21163624394602570,745306226869927953,31.667257,1.9283459,1.6773015,151.35166560776233,2.2444440172641045,2025052500528,175,60820.9743077991,g,151.35166402026644,2.2444542864590495,25.97629165649414,3796.4,145.85,False,3682.72,1.245,3870.68,145.291,False,2.56975,5.56738,22.451570116116585,0.04171178910657411,22.48457825771068,0.00036704978680281874,22.430531848032565,0.040754519130766505,30.37527278335432,2.3522544266796883
2004 JJ38,608928,Not a NEA or MBO,Not a NEA or MBO,21163624394602570,745306227003097135,31.667261,1.9283457,1.6773069,151.35187064250584,2.244470078657842,2025052500529,173,60820.97482747467,g,151.3518530276589,2.244454842467915,23.60297966003418,4178.91,174.795,False,4063.8,0.838135,4165.1,174.905,False,3.40164,4.97303,22.347342414486167,0.04541405553761834,22.37766917197945,0.00022392674527075445,22.350936392403256,0.04559330751131728,30.07077914528414,1.5872928688146164
2004 JJ38,608928,Not a NEA or MBO,Not a NEA or MBO,21163624394602570,745306227136790575,31.667265,1.9283456,1.6773123,151.35207686360627,2.244496288857034,2025052500530,172,60820.97535075101,g,151.35207837437002,2.244494790819509,27.089313507080078,3666.02,134.672,False,3514.37,0.0662994,3681.08,133.862,False,-13.8337,5.91531,22.489512919391807,0.039884742092874605,22.53538125637066,2.0482663425308218e-05,22.485061837047873,0.039482656238551066,nan,nan
2004 JJ38,608928,Not a NEA or MBO,Not a NEA or MBO,21163624394602570,745306227272581122,31.667269,1.9283453,1.6773175,151.35228190581356,2.2445223472387266,2025052500531,175,60820.97587058709,g,151.35228182074349,2.244499908639254,29.040372848510742,3822.3,131.062,False,3728.42,1.25671,3853.32,128.916,False,6.24233,5.91603,22.444188060055208,0.03722856730415201,22.471187950369405,0.0003659608175749582,22.435412289205683,0.03632420003713885,29.41163317742504,1.0289824163564392
2004 JJ38,608928,Not a NEA or MBO,Not a NEA or MBO,21163624394602570,745306227406798871,31.667273,1.9283452,1.677323,151.35249050064672,2.2445488550821007,2025052500532,175,60820.97639929077,g,151.35249264002886,2.2445437972321876,29.93729019165039,3967.11,132.158,False,3793.78,0.610654,3986.1,130.355,False,-35.3249,6.85474,22.40381436371119,0.036169586079521435,22.452319634878315,0.00017476214947232595,22.398629499090124,0.03550616764885006,nan,nan
2004 JJ38,608928,Not a NEA or MBO,Not a NEA or MBO,21163624394602570,745306227541016593,31.667276,1.928345,1.6773282,151.35269633901777,2.244575010623475,2025052500533,175,60820.97692103904,g,151.35268540868228,2.2445663808493803,28.2027645111084,3770.54,131.49,False,3640.62,0.256519,3811.96,130.453,False,-29.3119,7.12048,22.45899110778244,0.03786286793105371,22.49706158858691,7.650124030258025e-05,22.447129174094787,0.037156095486728616,nan,nan
2004 JJ38,608928,Not a NEA or MBO,Not a NEA or MBO,21163624394602570,745306227673137156,31.66728,1.9283447,1.6773336,151.35290336440605,2.2446013149719573,2025052500534,171,60820.977446518904,g,151.3528825502861,2.2445911063354416,28.144983291625977,3792.85,134.147,False,3698.77,0.234317,3788.56,130.898,False,-16.6072,8.52116,22.45258580323985,0.038400742016045035,22.479856678033208,6.87813662457676e-05,22.45381455913912,0.037513115827230666,nan,nan
2004 JJ38,608928,Not a NEA or MBO,Not a NEA or MBO,21163624394602570,745306227807354893,31.667284,1.9283446,1.677339,151.35310921083212,2.244627467504808,2025052500535,171,60820.97796848843,g,151.35311379340123,2.2446152694396644,28.05489730834961,3704.91,131.346,False,3552.45,0.0133233,3670.84,130.212,False,-50.8312,6.80214,22.47805586944743,0.038491381269351164,22.523680079829866,4.072003526306261e-06,22.488086335429873,0.038513224604089916,nan,nan
2004 JJ38,608928,Not a NEA or MBO,Not a NEA or MBO,21163624394602570,745306227937902605,31.667288,1.9283444,1.6773442,151.3533130893766,2.244653368031501,2025052500536,164,60820.9784858992,g,151.35330136434808,2.244633008437314,27.587844848632812,3722.95,133.923,False,3579.92,1.16606,3750.64,132.79,False,14.9479,6.15892,22.472782005261152,0.03905640853707504,22.515316719617108,0.00035364856055611593,22.464736578608647,0.03844008155132163,28.4635495536905,0.447351286970395
2004 JJ38,608928,Not a NEA or MBO,Not a NEA or MBO,21163624394602570,745306228072120336,31.667292,1.9283442,1.6773496,151.35351973233134,2.244679617721488,2025052500537,164,60820.979009012066,g,151.35350420425445,2.2446666974007563,28.942657470703125,3763.25,128.611,False,3606.48,0.0555658,3811.39,127.178,False,37.0139,7.04719,22.461092324241516,0.037105589799483425,22.507291185577955,1.672816754709932e-05,22.447291555166103,0.03622871562990189,27.479087859546755,0.20671664898742276
2004 JJ38,608928,Not a NEA or MBO,Not a NEA or MBO,21163624394602570,745306228210008089,31.667295,1.928344,1.6773548,151.35372401334797,2.244705565367699,2025052500538,171,60820.97952775342,g,151.35372348033079,2.2446940818277814,26.955703735351562,3710.73,135.719,False,3536.73,0.613536,3768.92,134.233,False,42.187,7.16149,22.476351617266655,0.03971052229276426,22.528495240248855,0.00018834863053569928,22.459457724734477,0.03866933573804857,27.337053385554473,0.18431006904486802
2004 JJ38,608928,Not a NEA or MBO,Not a NEA or MBO,21163624394602570,745306228340031523,31.667297,1.9283438,1.6773603,151.3539322420331,2.244732012383944,2025052500539,163,60820.98005534505,g,151.35391765618658,2.2447049777268133,25.96037483215332,3919.6,151.046,False,3961.39,1.28068,4102.6,150.938,False,107.145,6.44133,22.416895600459455,0.0418400123474366,22.405381027123557,0.00035100826138041084,22.367352034931884,0.039945120464203294,26.325070261066372,0.06527215790933748
2004 JJ38,608928,Not a NEA or MBO,Not a NEA or MBO,21163624394602570,745306228885815311,31.667334,1.928342,1.6774124,151.3559457407034,2.244987637477521,2025052500543,180,60820.9851604967,u,151.35590970658592,2.2448962360282954,5.02200984954834,1694.8,353.352,False,nan,nan,1558.98,337.611,False,46.6802,24.8948,23.327203830396957,0.22636714493602433,nan,nan,23.417898654343123,0.2351258401003583,27.22716826069825,0.5790289382386273
2004 JJ38,608928,Not a NEA or MBO,Not a NEA or MBO,21163624394602570,745306229017935877,31.66734,1.9283417,1.6774187,151.35618912480984,2.245018523046049,2025052500544,176,60820.985777339905,u,151.35626324794032,2.245119966373551,5.166654109954834,1932.96,377.656,False,1983.52,20.6598,2082.25,368.787,False,53.6887,26.7898,23.18444285448371,0.2121279316654866,23.15640852965837,0.01130873001614565,23.103667823107884,0.19229457748127066,27.07529274646653,0.5417649448482914
2004 JJ38,608928,Not a NEA or MBO,Not a NEA or MBO,21163624394602570,745306230895411222,31.667418,1.9283376,1.6775346,151.36065646654947,2.245584903747415,2025052500558,173,60820.99709920843,r,151.36066003001145,2.245572855791185,14.134662628173828,5332.11,373.643,False,5258.57,0.729548,5651.64,376.79,False,80.9408,4.96938,22.08275227730652,0.07608202925068548,22.097830887669407,0.00015062967283894688,22.01956374816843,0.07238510308015829,26.629581221322354,0.0666590327685561
2004 JJ38,608928,Not a NEA or MBO,Not a NEA or MBO,21163624394602570,745306231029628935,31.667421,1.9283373,1.6775398,151.36086249285128,2.245610999729963,2025052500559,173,60820.99762132482,r,151.36086685765721,2.2456167497449018,11.88621997833252,5984.28,502.31,False,5746.92,13.4109,6189.4,507.236,False,186.478,5.629,21.957470274862267,0.0911348015034516,22.00141213581118,0.002533652807458912,21.920878640670445,0.08897865544782604,25.723431011792652,0.03277388970038393
2004 JJ38,608928,Not a NEA or MBO,Not a NEA or MBO,21163624394602570,745306231163846664,31.667423,1.9283371,1.6775452,151.36106852456732,2.245637094197862,2025052500560,173,60820.99814325482,r,151.36104566728122,2.24563222069563,11.95393180847168,5342.69,456.501,False,5618.38,10.9523,5692.92,459.005,False,272.802,5.02881,22.08060007251747,0.0927696864933417,22.025972249062704,0.002116501368947091,22.0116623126178,0.08754002494423177,25.3103811173519,0.020014373322412286
2004 JJ38,608928,Not a NEA or MBO,Not a NEA or MBO,21163624394602570,745306231298064403,31.667427,1.928337,1.6775506,151.3612749567309,2.24566323717224,2025052500561,173,60820.998666450614,r,151.3613092131394,2.245647436075482,21.16545295715332,5958.54,281.245,False,5930.97,0.11,6164.89,281.978,False,178.543,5.18925,21.962150345049746,0.05124709603424901,21.96718564243794,2.0136837237411654e-05,21.92518664618723,0.04966085579949968,25.770642934933477,0.03155630080916159
2004 JJ38,608928,Not a NEA or MBO,Not a NEA or MBO,21163624394602570,745306231433854990,31.66743,1.9283367,1.6775559,151.3614821840523,2.245689478616083,2025052500562,176,60820.99919193251,r,151.36147271204,2.2457027569061205,20.124313354492188,5285.85,261.516,False,5176.88,1.14014,5426.3,261.857,False,98.5933,5.25479,22.092212893156354,0.053716502461320585,22.11482977917995,0.0002391191926369468,22.063740537528723,0.05239438102777879,26.41538149383902,0.05786717326416978
2004 JJ38,608928,Not a NEA or MBO,Not a NEA or MBO,21163624394602570,745306231565975570,31.667435,1.9283366,1.6775613,151.3616890225167,2.245715668585362,2025052500563,172,60820.99971589072,r,151.3616860866763,2.24571059567875,18.386688232421875,5216.52,281.93,False,5115.42,1.38424,5182.9,279.201,False,30.3175,5.62031,22.106547803947727,0.05867927260112305,22.127796773761453,0.00029380178772195256,22.11356794658704,0.05848822620986104,27.695766564449666,0.20127563397356169
2004 JJ38,608928,Not a NEA or MBO,Not a NEA or MBO,21163624394602570,745306231701766146,31.667439,1.9283364,1.6775666,151.36189586660694,2.245741857030983,2025052500564,175,60821.000239021814,r,151.36190031443954,2.2457440110312765,18.55265235900879,5038.44,276.615,False,5422.08,2.60225,4954.95,276.72,False,-27.7336,5.31655,22.144259784739027,0.05960791696813472,22.064585181647686,0.0005210836258055602,22.16240176617061,0.06063530652442463,nan,nan
2004 JJ38,608928,Not a NEA or MBO,Not a NEA or MBO,21163624394602570,745306231835459604,31.667442,1.9283361,1.677572,151.36210311140113,2.245768093962745,2025052500565,174,60821.000764293705,r,151.3620878030741,2.2457614144961067,21.630977630615234,5330.77,246.023,False,5232.35,1.53571,5345.66,247.945,False,-75.1811,5.39957,22.083025133587697,0.05010834680366029,22.103258012438914,0.0003186667350387869,22.079996636094577,0.05035914431002113,nan,nan
2004 JJ38,608928,Not a NEA or MBO,Not a NEA or MBO,21163624394602570,745306231968628763,31.667446,1.928336,1.6775775,151.36231036211242,2.2457943293899145,2025052500566,172,60821.00128955838,r,151.36231130647906,2.245780472715881,17.002470016479492,5928.52,345.44,False,5647.02,8.15129,5799.93,348.513,False,-54.0789,6.14633,21.967634273153898,0.06326312738875191,22.02045168155361,0.0015672249385691875,21.99144308697862,0.06524098928622792,nan,nan
2004 JJ38,608928,Not a NEA or MBO,Not a NEA or MBO,21163624394602570,745306232102322228,31.667448,1.9283358,1.6775827,151.36251603964865,2.2458203634397185,2025052500567,171,60821.00181050827,r,151.36252541964262,2.2458207489975774,23.122556686401367,5781.46,247.48,False,5490.65,1.45008,5845.46,249.144,False,5.70958,5.70049,21.99490619421026,0.04647580250148533,22.050940617792453,0.00028674281261729874,21.9829532747123,0.04627602613953137,29.508489604362687,1.0840076565324988
2004 JJ38,608928,Not a NEA or MBO,Not a NEA or MBO,21163624394602570,745306232372330520,31.667456,1.9283354,1.6775935,151.36292899171423,2.2458726269492457,2025052500569,174,60821.002856651525,r,151.36292228174761,2.245862611675051,22.88954734802246,5025.72,218.408,False,4763.91,0.615726,5047.67,218.394,False,-36.2922,6.31152,22.147004231326207,0.047183979219005565,22.205091093945434,0.00014032926358591724,22.14227263074261,0.04697578750663151,nan,nan
2004 JJ38,608928,Not a NEA or MBO,Not a NEA or MBO,21163624394602570,745306232506548236,31.66746,1.9283352,1.6775988,151.36313389751285,2.245898556628617,2025052500570,174,60821.003375144894,r,151.36311663425604,2.2458962750171523,25.800519943237305,5688.45,218.254,False,5361.67,3.08884,5683.52,217.964,False,-95.2899,8.41573,22.012515099963053,0.041657439040760025,22.07674981452548,0.0006254889756401656,22.01345651478841,0.04163817673281577,nan,nan
2004 JJ38,608928,Not a NEA or MBO,Not a NEA or MBO,21163624394602570,745306232619794509,31.667463,1.9283351,1.6776042,151.3633407833522,2.24592473461412,2025052500571,134,60821.00389933289,r,151.36333202884748,2.245918582172974,27.114805221557617,5683.31,208.217,False,5209.39,0.312284,5666.48,206.376,False,-96.5492,6.53039,22.013496624861297,0.039777652080652204,22.108032791444447,6.508593678251242e-05,22.0167166031128,0.039543050262700316,nan,nan
2004 JJ38,608928,Not a NEA or MBO,Not a NEA or MBO,21163624394602570,745306232754012240,31.667467,1.9283348,1.6776096,151.3635472805863,2.2459508611622216,2025052500572,134,60821.00442242049,r,151.36353733600123,2.2459620440193633,21.17642593383789,5808.37,271.688,False,5495.16,0.203353,5870.21,271.576,False,-36.3424,8.9316,21.989864293988397,0.050785586889853705,22.050049113896485,4.0178577341587746e-05,21.978365912449174,0.0502298700237592,nan,nan
2004 JJ38,608928,Not a NEA or MBO,Not a NEA or MBO,21163624394602570,745306232887705653,31.667469,1.9283346,1.6776149,151.36375417892705,2.245977036184732,2025052500573,133,60821.00494649089,r,151.36373935706501,2.245967207065613,23.84300422668457,5337.3,224.445,False,5044.64,0.995704,5440.07,225.302,False,-25.434,6.91938,22.081696003734663,0.045657557069417015,22.14292452263188,0.0002143010893824289,22.060988815056803,0.04496606632436456,nan,nan
2004 JJ38,608928,Not a NEA or MBO,Not a NEA or MBO,21163624394602570,745306233021923382,31.667473,1.9283345,1.6776203,151.36396068835484,2.246003159730451,2025052500574,133,60821.00546957778,r,151.36395594430698,2.246006761362629,20.062753677368164,5152.33,256.118,False,5044.31,1.65,5257.74,255.868,False,5.41972,5.64479,22.11999080544613,0.053971037090433674,22.142995566251663,0.0003551456375907965,22.098002186485303,0.052837366386826734,29.56505784016254,1.1308246298942233
2004 JJ38,608928,Not a NEA or MBO,Not a NEA or MBO,21163624394602570,745306233172393985,31.667477,1.9283342,1.6776255,151.36416483513474,2.246028982161861,2025052500575,164,60821.00598691785,r,151.3642015268277,2.24599237172975,18.667896270751953,5057.51,272.221,False,5133.9,8.38005,5086.3,272.395,False,-32.6518,6.61828,22.140158174925787,0.058439868256269505,22.123881507978904,0.0017722440125461317,22.133995111342564,0.058146218847397874,nan,nan
2004 JJ38,608928,Not a NEA or MBO,Not a NEA or MBO,21163624394602570,745306233439780881,31.667484,1.9283339,1.6776363,151.36457867521864,2.246081321757787,2025052500577,162,60821.00703421028,r,151.36456312303838,2.246103544007806,16.689315795898438,5089.45,299.488,False,5079.5,1.67694,4967.84,300.495,False,-110.57,5.18768,22.133322828067133,0.0638899997384864,22.135447588349273,0.00035844363272768406,22.159581034140274,0.06567407682391588,nan,nan
2004 JJ38,608928,Not a NEA or MBO,Not a NEA or MBO,21163624394602570,745306233557221431,31.667486,1.9283336,1.6776416,151.36478521000794,2.2461074393936924,2025052500578,130,60821.00755743646,r,151.36477959824947,2.2460980589615342,15.934041976928711,5236.57,327.705,False,5152.07,5.41951,5165.27,328.459,False,-64.4023,5.44105,22.102382753064425,0.06794546436786372,22.12004564941398,0.0011420959532526768,22.117267425957596,0.06904185897341046,nan,nan
2004 JJ38,608928,Not a NEA or MBO,Not a NEA or MBO,21163624394602570,745306233693011994,31.66749,1.9283335,1.677647,151.36499096135492,2.2461334556770325,2025052500579,133,60821.00807812068,r,151.3649963542149,2.2461361984755874,19.640735626220703,5026.97,254.673,False,5205.91,1.72013,5138.46,255.939,False,-61.6172,5.24514,22.146734219975027,0.05500484171641167,22.108758328072504,0.0003587475245865175,22.122917557902746,0.054078894374126434,nan,nan
2004 JJ38,608928,Not a NEA or MBO,Not a NEA or MBO,21163624394602570,745306235840495631,31.66756,1.9283295,1.677759,151.36930340011642,2.2466782118071955,2025052500595,133,60821.01899406759,i,151.36931275586315,2.2467320245127467,5.607625961303711,8854.07,1528.54,False,nan,nan,10631.2,1553.23,False,1824.16,6.78196,21.532142583742058,0.18743822922770148,nan,nan,21.333544259016765,0.15862724745360823,23.247342658834313,0.004036608293506423
2004 JJ38,608928,Not a NEA or MBO,Not a NEA or MBO,21163624394602570,745306236104736800,31.66759,1.9283278,1.6778061,151.37111605647698,2.2469068821441107,2025052500597,125,60821.023580709094,i,151.37110931711703,2.246904323083851,7.1125407218933105,9088.42,1266.82,False,9798.97,75.2825,8876.04,1281.88,False,102.229,6.83334,21.503779037505844,0.15133898878123397,21.422048960154015,0.008341380720719804,21.52945186842525,0.15680230433072712,26.376064758132078,0.07257436823239653
2004 JJ38,608928,Not a NEA or MBO,Not a NEA or MBO,21163624394602570,745306236241051664,31.667593,1.9283276,1.6778115,151.37132281357955,2.24693295319495,2025052500598,129,60821.02410394958,i,151.3712991713514,2.246931633400086,6.932404041290283,6251.27,896.242,False,6514.45,35.8121,6251.48,909.134,False,-31.9019,7.09987,21.910079354062887,0.15566155186959968,21.865305579662735,0.00596865303792034,21.910042888134758,0.1578953578420193,nan,nan
2004 JJ38,608928,Not a NEA or MBO,Not a NEA or MBO,21163624394602570,745306236642131996,31.667603,1.9283271,1.6778276,151.3719435263781,2.24701120742432,2025052500601,126,60821.02567340035,i,151.37196218049468,2.246961037510826,5.483206272125244,6676.07,1204.96,False,6520.39,94.9775,7127.3,1234.13,False,106.327,7.13938,21.838697824337004,0.19596389632232195,21.86431604550335,0.01581508302712231,21.76768743134249,0.1880010192356917,26.33339106323063,0.0729023020324834
2004 JJ38,608928,Not a NEA or MBO,Not a NEA or MBO,21163624394602570,745306236777922575,31.667604,1.9283268,1.677833,151.37215110522192,2.24703737231479,2025052500602,129,60821.02619863588,i,151.37211278679825,2.246970124490342,5.237670421600342,7829.99,1443.21,False,9677.17,42.2393,8566.27,1478.53,False,346.847,7.53586,21.665596948992974,0.20012097828401507,21.43562908271511,0.004739064974438561,21.568020662435295,0.1873970433423274,25.049655191162024,0.02358952639056236
2004 JJ38,608928,Not a NEA or MBO,Not a NEA or MBO,21163624394602570,745306236906897430,31.667608,1.9283266,1.6778383,151.37235750562095,2.2470633862247564,2025052500603,119,60821.02672083935,i,151.3723853864834,2.2470216235875546,6.047898769378662,6499.55,1058.31,False,8093.98,37.4357,7294.36,1076.72,False,952.612,7.73262,21.867791809974072,0.17678848243400422,21.629594685301797,0.00502166972927834,21.742532037028425,0.16026544844095808,23.95270988057329,0.008813226411163878
2004 JJ38,608928,Not a NEA or MBO,Not a NEA or MBO,21163624394602570,745306237423321111,31.667622,1.9283259,1.6778599,151.37318793203778,2.247168025303984,2025052500607,80,60821.02882074547,i,151.3731588864674,2.2472147605248107,5.222159385681152,12442.8,2394.49,False,15306.4,86.0351,12410.1,2434.61,False,102.765,7.24738,21.162704715729927,0.20893886545928347,20.937817326045632,0.006102769015195244,21.165561831581883,0.21299944571767487,26.370386940010842,0.07657025897253593
2004 JJ38,608928,Not a NEA or MBO,Not a NEA or MBO,21163624394602570,745306238008426514,31.667635,1.928325,1.6778839,151.37411025240928,2.2472841970922355,2025052500611,172,60821.03115241413,i,151.3740459062254,2.2472537383110875,6.253499507904053,9451.35,1480.36,False,9264.7,73.7951,9567.97,1496.79,False,12.0221,7.54514,21.461265429506177,0.17005829840186093,21.482921574599374,0.008648095161055502,21.447950518696345,0.1698499454716973,28.700049119197057,0.6814143231067253
2004 JJ38,608928,Not a NEA or MBO,Not a NEA or MBO,21163624394602570,745306238143692816,31.667639,1.9283248,1.6778893,151.37431791549324,2.247310346720613,2025052500612,174,60821.03167765079,i,151.3742847945975,2.2473642217186476,7.59648323059082,6766.05,882.484,False,7695.7,35.7664,6564.32,895.525,False,-20.442,6.50639,21.82416202426939,0.1416106688718987,21.684379649091923,0.005046048278778702,21.857025668944654,0.14811952606056544,nan,nan
2004 JJ38,608928,Not a NEA or MBO,Not a NEA or MBO,21163624394602570,745306238406885422,31.667645,1.9283245,1.6779001,151.37473128852764,2.247362392583901,2025052500614,164,60821.032722705946,i,151.37467143073044,2.247372583331377,10.933722496032715,6760.03,612.737,False,7715.09,5.72509,6724.87,622.573,False,-86.757,6.27705,21.825128476306965,0.0984123983929104,21.681647530315217,0.0008056856943399316,21.830790247805886,0.10051495899626427,nan,nan
