provid,permid,orbit_class,population,ssObjectId,diaSourceId,phaseAngle,helioRange,topoRange,ephRa,ephDec,visit,detector,midpointMjdTai,band,ra,dec,snr,psfFlux,psfFluxErr,psfFlux_flag,trailFlux,trailFluxErr,scienceFlux,scienceFluxErr,forced_PsfFlux_flag,templateFlux,templateFluxErr,psfMag,psfMagErr,trailMag,trailMagErr,scienceMag,scienceMagErr,templateMag,templateMagErr
2003 AN95,618678,MBO,MBO,21163619949032782,745284181441380396,19.684753,3.0044582,2.824012,149.41013618202234,3.947814242190972,2025052000117,113,60816.00153897185,g,149.41014267236199,3.9478492757490495,10.544493675231934,2077.2,198.474,False,2321.54,0.706127,2214.58,185.302,False,58.6058,24.2309,23.10630424071453,0.10374081047002935,22.985559554392584,0.00033024097067327503,23.036771528051766,0.09084751295379145,26.980148491680673,0.4489037760125093
2003 AN95,618678,MBO,MBO,21163619949032782,745284182919348345,19.6848,3.0044606,2.824102,149.41129372620205,3.94753475128903,2025052000128,116,60816.00799732409,g,149.41128606238306,3.947556381399307,11.908535957336426,2161.0,178.141,False,2120.17,14.5974,2196.3,166.032,False,41.6019,39.146,23.063363082791895,0.08950214728192239,23.084073327424136,0.007475309030043895,23.04577082192919,0.08207756090812791,27.352217132802483,1.021641588912978
2003 AN95,618678,MBO,MBO,21163619949032782,745284184147755070,19.684834,3.0044622,2.8241684,149.4121525435511,3.947327389231813,2025052000137,155,60816.01278751195,g,149.4121481079807,3.947349651495764,12.054728507995605,2568.65,213.217,False,2391.99,1.13269,2573.73,204.444,False,-63.0482,28.5762,22.875737711153313,0.09012415860556763,22.953101605182177,0.0005141336274801445,22.873592546205074,0.08624535386195245,nan,nan
2003 AN95,618678,MBO,MBO,21163619949032782,745284189919117367,19.6852,3.0044818,2.824951,149.42225378421753,3.944890261712824,2025052000180,155,60816.06895572477,r,149.42219675504657,3.944937102581284,6.682906150817871,3548.2,531.211,False,nan,nan,3869.62,533.246,False,106.721,16.7961,22.52497978604964,0.16254862223445163,nan,nan,22.43082916956326,0.14961790562399319,26.329375278095988,0.17087671988944308
2003 AN95,618678,MBO,MBO,21163619949032782,745284190860214293,19.68522,3.004483,2.8250003,149.42289212397884,3.944736463175468,2025052000187,158,60816.072492731924,r,149.42292826350342,3.9447635686045355,6.384378433227539,4648.65,722.701,False,4709.78,135.453,6131.75,726.531,False,29.1973,14.0127,22.231682900086213,0.16879365949368833,22.2174984966827,0.031225712460586235,21.931038900621207,0.1286453323995375,27.736643271025674,0.5210788609385913
2003 AN95,618678,MBO,MBO,21163619949032782,745284191128649791,19.685226,3.0044835,2.8250144,149.4230746397783,3.944692495330121,2025052000189,158,60816.073503021646,r,149.42300834780406,3.944714816836435,7.482138633728027,4642.66,620.759,False,5026.05,3.54715,3388.75,621.16,False,18.8903,31.5592,22.23308276405613,0.14517118803190618,22.146933030408256,0.0007662616201841829,22.574901173528644,0.19901611856572626,28.209402819152036,1.8138920495129858
2003 AN95,618678,MBO,MBO,21163619949032782,745297377861042182,19.67708,3.0055196,2.865795,149.9814581697523,3.810110534547496,2025052300134,110,60819.02753780842,g,149.98145275062924,3.810122961228307,18.4909725189209,2510.06,134.806,False,2672.03,1.59666,2514.07,132.942,False,-50.1287,9.44686,22.90078971740915,0.05831085756392288,22.832896663503348,0.0006487769857335593,22.899056556205725,0.057412856470243856,nan,nan
2003 AN95,618678,MBO,MBO,21163619949032782,745297377995259920,19.677076,3.0055199,2.865802,149.98155809861143,3.810085282764079,2025052300135,110,60819.02806302253,g,149.98157077765953,3.810100422124973,19.695415496826172,2753.24,137.105,False,2794.77,2.45575,2705.26,135.192,False,-52.6467,18.0806,22.80038982759019,0.05406715660189355,22.78413481055116,0.0009540307981608854,22.81947746837161,0.054258315253133675,nan,nan
2003 AN95,618678,MBO,MBO,21163619949032782,745297378129477671,19.677074,3.00552,2.8658094,149.98165746261128,3.810060174132316,2025052300136,110,60819.028586217355,g,149.98166858011356,3.810067713939548,20.436969757080078,2757.3,132.956,False,2626.6,0.59683,2757.38,130.098,False,-43.7843,41.9508,22.798789928714555,0.0523538002363195,22.851515109814077,0.0002467067411483782,22.79875849311057,0.05122693375211713,nan,nan
2003 AN95,618678,MBO,MBO,21163619949032782,745297378401058866,19.67707,3.0055203,2.865824,149.98185601571336,3.810010002324217,2025052300138,116,60819.029631473495,g,149.98185785061625,3.810026807305069,22.20450782775879,2793.85,125.159,False,2635.12,1.70702,2828.33,121.453,False,-4.67161,44.6518,22.78449224851377,0.048638849326349896,22.847998958678165,0.0007033354769237409,22.771174769769953,0.04662324368617381,nan,nan
2003 AN95,618678,MBO,MBO,21163619949032782,745297378533703721,19.677067,3.0055206,2.8658314,149.9819557749567,3.809984795097163,2025052300139,113,60819.03015675932,g,149.98196806251391,3.8099828637694206,21.984922409057617,2599.08,117.683,False,2575.69,0.588082,2672.87,113.826,False,35.7267,48.2328,22.862950849004246,0.04916073706310334,22.872766045090458,0.00024789549601707283,22.832555361020404,0.04623681657342304,27.51751774722164,1.4657972036906892
2003 AN95,618678,MBO,MBO,21163619949032782,745297378669494354,19.677065,3.0055208,2.8658385,149.98205553935315,3.8099595870096032,2025052300140,116,60819.030681123004,g,149.98206238581082,3.809981856026149,21.773540496826172,2490.06,114.632,False,2380.59,1.02976,2577.72,112.342,False,54.0922,49.3767,22.90947544470915,0.04998277704303368,22.95828844753681,0.00046965150500026824,22.8719106594503,0.0473184757133517,27.067163362448888,0.9910869055189282
2003 AN95,618678,MBO,MBO,21163619949032782,745297378823634982,19.677063,3.005521,2.865846,149.98215511892533,3.809934426069793,2025052300141,154,60819.03120546072,g,149.9821614573698,3.809950162368759,22.547744750976562,2793.88,123.64,False,2650.63,1.71046,2844.63,121.207,False,21.4409,45.1938,22.784480673572745,0.04804802973794251,22.84162727541832,0.0007006290481839577,22.764935580034077,0.04626219732854072,28.07189243114854,2.288548759372852
2003 AN95,618678,MBO,MBO,21163619949032782,745297379092594781,19.677057,3.0055213,2.8658605,149.9823541034314,3.809884149680135,2025052300143,155,60819.0322521672,g,149.98235375681853,3.8098952530034325,21.528627395629883,2753.43,127.053,False,2733.02,1.82186,2807.63,124.345,False,23.4649,17.6632,22.800314927055183,0.05009971089589543,22.80839296765811,0.000723763199633265,22.779150359630624,0.04808535146761265,27.97395327403448,0.8172878174828948
2003 AN95,618678,MBO,MBO,21163619949032782,745297379630514206,19.67705,3.005522,2.8658895,149.98275156491258,3.8097837307608167,2025052300147,157,60819.034343319145,g,149.982763239132,3.8098029508352975,22.21556854248047,2847.85,126.799,False,2643.27,0.0956576,2884.09,124.843,False,8.48591,26.7692,22.763707186002687,0.048341824259023974,22.844646174650336,3.9291832061352e-05,22.749977945125345,0.04699803522016285,29.07825389330027,3.4250053920261494
2003 AN95,618678,MBO,MBO,21163619949032782,745297379764731983,19.677046,3.0055223,2.865897,149.98285099098445,3.809758611904569,2025052300148,157,60819.03486655337,g,149.98285247308212,3.8097670300048283,22.119985580444336,2856.39,126.627,False,2795.63,0.784907,2873.63,124.237,False,-5.04771,31.3262,22.760456280896715,0.04813191559188446,22.783800814873114,0.00030483360278041403,22.7539229219269,0.04694014672772401,nan,nan
2003 AN95,618678,MBO,MBO,21163619949032782,745297379898425409,19.677044,3.0055225,2.865904,149.98295061253827,3.8097334441608632,2025052300149,156,60819.03539085956,g,149.98295714224204,3.8097371744346242,22.751386642456055,2956.42,128.86,False,2873.76,0.606418,2906.05,126.597,False,-28.3504,31.8347,22.72308469971123,0.04732344244219606,22.753873757507264,0.0002291109871095594,22.741742276073392,0.04729820345032552,nan,nan
2003 AN95,618678,MBO,MBO,21163619949032782,745297380034215974,19.677042,3.0055227,2.8659115,149.98305042953857,3.809708227547831,2025052300150,159,60819.03591508551,g,149.98305933877387,3.8097103374037,21.43426513671875,2953.15,137.854,False,2677.21,0.0164008,2910.51,136.348,False,-30.5773,12.29,22.724286269051575,0.05068252136239242,22.830793919529043,6.6513055343518525e-06,22.740077256899905,0.05086323955914373,nan,nan
2003 AN95,618678,MBO,MBO,21163619949032782,745297380314710057,19.677036,3.005523,2.865926,149.9832504599798,3.809657695723679,2025052300152,182,60819.03696702246,g,149.98325298321672,3.8096635711828992,17.974973678588867,2612.22,143.314,False,2598.38,2.31425,2635.82,142.764,False,-13.2041,27.9285,22.857475636601006,0.05956665026584639,22.8632433870561,0.0009670121833218125,22.847710599369737,0.05880676515594299,nan,nan
2003 AN95,618678,MBO,MBO,21163619949032782,745297380450500631,19.677034,3.0055232,2.8659334,149.98334991293416,3.809632572636352,2025052300153,185,60819.03749054286,g,149.98333979958264,3.809641944261853,20.54745101928711,2824.54,134.06,False,2792.74,0.874914,2748.33,132.905,False,-46.5947,32.9721,22.77263066143521,0.051531856849677656,22.784923740288182,0.0003401411512902502,22.80232777282706,0.052504526336393915,nan,nan
2003 AN95,618678,MBO,MBO,21163619949032782,745297380853153817,19.677027,3.0055237,2.8659554,149.98364906521428,3.80955700616604,2025052300156,185,60819.039063642136,g,149.98365909901827,3.8095772201253584,17.97419548034668,2657.75,146.717,False,2624.01,0.966625,2587.64,146.153,False,-55.2126,9.46195,22.83871468294407,0.0599363949147167,22.85258628149391,0.00039996026238354955,22.867740405352095,0.06132368103329038,nan,nan
2003 AN95,618678,MBO,MBO,21163619949032782,745297380985798738,19.677025,3.005524,2.8659627,149.98374873028848,3.809531831661384,2025052300157,182,60819.039587964784,g,149.98376020176653,3.8095526953077683,17.2894287109375,2770.25,158.475,False,2620.72,4.33504,2791.58,156.632,False,-62.4722,13.0324,22.793702591128373,0.06211065848780884,22.853948454573203,0.0017959606635149332,22.785374774102213,0.06091927602754633,nan,nan
2003 AN95,618678,MBO,MBO,21163619949032782,745297381122637825,19.677023,3.0055242,2.86597,149.98384840080612,3.809506656339489,2025052300158,187,60819.040111307746,g,149.98385887259948,3.8095149074143744,20.61506462097168,2925.58,143.619,False,3021.08,3.23752,2858.17,141.225,False,-69.4505,28.2646,22.734470025021555,0.05329963542463376,22.699594407416853,0.0011635218413434116,22.759779888531106,0.05364730101252553,nan,nan
2003 AN95,618678,MBO,MBO,21163619949032782,745297381255282717,19.67702,3.0055244,2.8659773,149.9839488377908,3.8094812879900473,2025052300159,184,60819.04063972704,g,149.98395694909692,3.8094829603009863,19.869741439819336,2869.17,142.693,False,2645.07,1.91723,2829.45,140.646,False,-28.4727,42.4718,22.755609326537847,0.0539971326418626,22.843907047352914,0.00078697576281311,22.77074495923603,0.053969659350224276,nan,nan
2003 AN95,618678,MBO,MBO,21163619949032782,745297381391073310,19.677017,3.0055244,2.8659847,149.98404832928537,3.809456159023425,2025052300160,187,60819.04116299786,g,149.98405207102334,3.8094603377041145,18.02831268310547,2792.28,153.72,False,2612.38,2.14483,2727.95,153.016,False,8.64139,10.0019,22.785102574470336,0.059771716650786,22.85740917318882,0.0008914168980034286,22.810409004512202,0.060901050644392454,29.058541004261805,1.2566757007909235
2003 AN95,618678,MBO,MBO,21163619949032782,745297381523193914,19.677015,3.0055246,2.8659918,149.98414858735492,3.809430837021486,2025052300161,183,60819.04168941305,g,149.9841508635906,3.809447679478416,19.47783088684082,2566.14,128.961,False,2486.92,1.3111,2635.04,126.489,False,31.7422,43.8752,22.876799179607815,0.054563519906433336,22.910845496664038,0.0005723983036864108,22.848031953394432,0.05211825362985446,27.645907411619955,1.5007431771340976
2003 AN95,618678,MBO,MBO,21163619949032782,745297381658984517,19.677011,3.0055249,2.8659992,149.98424847058635,3.809405610278789,2025052300162,186,60819.04221461984,g,149.98424943285002,3.8094270670847115,20.138797760009766,2679.81,130.478,False,2686.67,1.61362,2709.03,127.553,False,44.095,28.6956,22.829739967752616,0.052863703762956495,22.826964216791865,0.0006520956247463492,22.81796545208518,0.05112121687540839,27.289026602595335,0.7065620031317245
2003 AN95,618678,MBO,MBO,21163619949032782,745297381793202181,19.67701,3.005525,2.8660066,149.98434835947998,3.809380382698247,2025052300163,186,60819.04273919154,g,149.98435334220437,3.8094004331368394,20.894804000854492,2851.47,135.237,False,2707.86,0.245391,2960.84,134.566,False,32.8715,60.6822,22.76232799420262,0.05149333785778016,22.818434439465065,9.83913047481419e-05,22.72146261950555,0.04934517487041001,27.607951256591456,2.0043158000396915
2003 AN95,618678,MBO,MBO,21163619949032782,745297381887574103,19.677006,3.0055254,2.866017,149.98449354146334,3.8093437171268736,2025052300164,110,60819.04350260107,g,149.98451523491283,3.8093566819450095,20.20585823059082,2616.57,127.39,False,2670.4,1.82052,2633.22,126.221,False,-29.5854,12.9713,22.855669077311376,0.052860015534833646,22.833559241367333,0.0007401904564343348,22.848782149545677,0.05204377596799535,nan,nan
2003 AN95,618678,MBO,MBO,21163619949032782,745297382021791877,19.67699,3.0055265,2.866064,149.98513301947085,3.809182233118078,2025052300165,110,60819.04686286381,r,149.9851398132274,3.8091972154126874,27.60769271850586,4602.44,165.603,False,4233.92,0.892177,4553.77,163.477,False,-75.428,57.7809,22.242529675058805,0.03906648898403292,22.333143400638402,0.0002287877126503698,22.254072266192065,0.03897713371952361,nan,nan
2003 AN95,618678,MBO,MBO,21163619949032782,745297382156009593,19.676989,3.0055265,2.8660712,149.98523238836293,3.8091571423599855,2025052300166,110,60819.04738498699,r,149.98523336370602,3.8091707030703286,24.2880916595459,4453.01,183.914,False,4178.01,0.452687,4421.38,181.076,False,-68.629,56.2665,22.278365881107266,0.04484205076165922,22.347576373100804,0.00011763942349521332,22.286105422800066,0.04446593113401869,nan,nan
2003 AN95,618678,MBO,MBO,21163619949032782,745297382291800082,19.676985,3.0055268,2.8660786,149.98533214373143,3.809131954667982,2025052300167,113,60819.04790885035,r,149.98532619124492,3.809144068170762,25.522056579589844,4714.78,178.959,False,4191.52,0.478833,4711.93,176.017,False,-31.5339,57.751,22.21634646798733,0.041211312918883726,22.344071138059242,0.00012403288324480617,22.217002884526064,0.04055833184449072,nan,nan
2003 AN95,618678,MBO,MBO,21163619949032782,745297382582255622,19.676981,3.0055273,2.8660932,149.9855318625473,3.809081528732742,2025052300169,155,60819.0489575571,r,149.985539840178,3.8090860827906354,22.831911087036133,4062.13,176.641,False,3885.67,1.16342,4223.09,176.064,False,67.6408,56.8033,22.37811548637101,0.04721304869658929,22.426335236049788,0.00032508349895954544,22.335924197793517,0.04526521130045785,26.824478153769235,0.9117780656918969
2003 AN95,618678,MBO,MBO,21163619949032782,745297382696026167,19.676977,3.0055275,2.8661005,149.9856320165172,3.8090562424034338,2025052300170,116,60819.04948372305,r,149.98562916093726,3.809080164106221,24.17829132080078,4419.37,179.536,False,4090.99,0.889762,4711.24,176.652,False,119.27,48.7565,22.286599063122374,0.04410780839457522,22.37042895781193,0.00023614010357650298,22.21716187440583,0.0407106100902842,26.20867198242424,0.44383918019871477
2003 AN95,618678,MBO,MBO,21163619949032782,745297382850166827,19.676975,3.0055275,2.866108,149.98573160514573,3.80903109948606,2025052300171,154,60819.05000675553,r,149.9857336452664,3.8090511718132816,22.057771682739258,4203.01,188.815,False,4197.17,4.62671,4500.02,188.393,False,252.678,43.042,22.34109900229302,0.04877535280283718,22.342608620193317,0.0011968508738407926,22.266963885365744,0.045454265929220444,25.393581449993487,0.18494787309462654
2003 AN95,618678,MBO,MBO,21163619949032782,745297382984384637,19.676973,3.0055277,2.8661153,149.98583215184348,3.809005715379001,2025052300172,154,60819.05053419755,r,149.98583574242113,3.80901626869132,22.96631622314453,4264.84,182.366,False,4059.41,1.9996,4623.59,180.255,False,302.256,44.6892,22.32524318280128,0.04642644813293302,22.37884273042897,0.0005348161972806372,22.237551747291,0.04232844856571258,25.199062630333877,0.16052843269428652
2003 AN95,618678,MBO,MBO,21163619949032782,745297383119126637,19.67697,3.005528,2.8661225,149.9859321333074,3.808980474666815,2025052300173,155,60819.05105965396,r,149.98595045854532,3.8089918265474547,19.959957122802734,3860.32,192.448,False,3656.3,4.25002,3963.07,192.307,False,196.326,24.6351,22.43344171360586,0.05412705561005882,22.4923954293618,0.0012620410121741497,22.404920622827895,0.052685084075963076,25.667555432125184,0.13623880071685107
2003 AN95,618678,MBO,MBO,21163619949032782,745297383254392892,19.676968,3.0055282,2.8661299,149.98603193028575,3.8089552812265497,2025052300174,157,60819.051583761844,r,149.98604435070834,3.8089724933416504,23.642982482910156,4420.54,184.554,False,4207.56,2.94171,4513.97,183.065,False,102.516,35.7792,22.28631167863059,0.045328615664610175,22.339924190501733,0.0007590910174270293,22.263603277285917,0.044032257971301246,26.373020881255453,0.37893377515257104
2003 AN95,618678,MBO,MBO,21163619949032782,745297383388610692,19.676966,3.0055282,2.8661373,149.9861317333685,3.808930086948792,2025052300175,157,60819.05210794845,r,149.98614723665764,3.8089322474974288,22.545068740844727,4339.23,189.53,False,4188.42,2.17016,4422.47,190.21,False,68.1517,24.2672,22.306468328812908,0.04742306411245276,22.344874458474607,0.0005625561395364784,22.285837708409964,0.04669740682557179,26.81630822035386,0.38660483927204325
2003 AN95,618678,MBO,MBO,21163619949032782,745297383524401249,19.676962,3.0055285,2.8661444,149.98623173292532,3.8089048437848447,2025052300176,160,60819.05263225407,r,149.98623901109968,3.8089228188702164,23.50017547607422,4498.15,186.651,False,4443.15,1.2268,4657.83,185.27,False,12.2462,28.7018,22.26741518912739,0.04505268917538889,22.280772585870075,0.0002997830744334129,22.229540897424513,0.04318627943063102,28.679996665067772,2.5446737551449057
2003 AN95,618678,MBO,MBO,21163619949032782,745297383926530086,19.676954,3.0055292,2.8661666,149.98653157759458,3.80882915750047,2025052300179,159,60819.05420634805,r,149.9865316849053,3.8088462539911667,22.75002098083496,4176.74,181.639,False,3894.81,0.2105,4593.64,180.151,False,412.624,36.5554,22.347906335350256,0.04721673737098331,22.42378429267817,5.868000486138789e-05,22.244607575507484,0.042579840445095496,24.861113806577464,0.09618811038999418
2003 AN95,618678,MBO,MBO,21163619949032782,745297384060747861,19.676952,3.0055292,2.8661737,149.98663122052318,3.808804007259715,2025052300180,159,60819.05472985945,r,149.9866378764752,3.8088297613543207,21.297630310058594,4051.33,187.635,False,3804.13,3.65395,4781.04,186.459,False,691.125,33.5092,22.38100592915012,0.050285240374674516,22.449361658867446,0.0010428733774856891,22.20119404816949,0.042343357292837995,24.301108492633016,0.052641928409899896
2003 AN95,618678,MBO,MBO,21163619949032782,745297384475459684,19.676945,3.0055299,2.8661957,149.9869303765954,3.80872850362725,2025052300183,182,60819.05629904333,r,149.98694118872996,3.808732746974952,21.884614944458008,3724.04,169.327,False,3958.2,1.53259,4375.46,168.744,False,599.779,25.844,22.47246414585776,0.04936693695783462,22.406255677233336,0.00042039020385838897,22.29744071489155,0.041872506056466474,24.455021875571312,0.046783509784446606
2003 AN95,618678,MBO,MBO,21163619949032782,745297384610725945,19.67694,3.0055299,2.866203,149.98703042526597,3.808703253979097,2025052300184,184,60819.056824495594,r,149.98702614341767,3.8087167234097015,21.312164306640625,4116.86,191.242,False,3930.03,1.54681,4777.17,190.843,False,617.87,29.6144,22.363584790023584,0.050436102985580475,22.414010327936687,0.00042733201526503917,22.20207327693595,0.043374039532074325,24.422757235994276,0.052039146509751014
2003 AN95,618678,MBO,MBO,21163619949032782,745297384743895114,19.676939,3.00553,2.8662102,149.98712971782564,3.808678195912963,2025052300185,182,60819.05734536407,r,149.98713755779448,3.8086854560702417,20.220924377441406,3914.82,188.887,False,3646.11,0.853323,4327.26,188.525,False,377.77,39.1034,22.418220485109867,0.05238591908954373,22.49542555099382,0.00025410194137563485,22.309467583246935,0.04730208549096766,24.956931366190677,0.11238578931478657
2003 AN95,618678,MBO,MBO,21163619949032782,745297384841936913,19.676924,3.0055313,2.866252,149.98769967402387,3.808534373281351,2025052300186,113,60819.060335375776,i,149.98770559818266,3.8085626645107866,14.344979286193848,4108.47,287.674,False,4085.35,0.908925,5500.81,284.967,False,1316.0,18.6353,22.365799642953768,0.07602296544160178,22.371926800726577,0.0002415589246706148,22.048933377140578,0.0562460796071398,23.601860276805155,0.015374634917883859
2003 AN95,618678,MBO,MBO,21163619949032782,745297384976154668,19.676922,3.0055313,2.8662593,149.98779938985277,3.808509213675231,2025052300187,113,60819.06085855108,i,149.9877971344441,3.808531034477335,15.518259048461914,4339.02,273.638,False,4222.72,8.1319,6093.23,270.766,False,1741.83,27.3735,22.306520865255504,0.06847137897276759,22.33601923177683,0.002090855565532374,21.93788107431643,0.04824706118384858,23.297485611770554,0.017062745299709726
2003 AN95,618678,MBO,MBO,21163619949032782,745297385110372471,19.676918,3.0055315,2.8662667,149.98789968411427,3.8084839089392575,2025052300188,113,60819.06138473396,i,149.98788872280696,3.808492362413774,16.040069580078125,4378.59,270.164,False,4152.73,5.06726,6884.79,270.61,False,2461.25,71.0764,22.29666433657367,0.06699116566750456,22.354165766858614,0.0013248411134794674,21.805273248999473,0.042675383969336934,22.92211067713456,0.031354076833151806
2003 AN95,618678,MBO,MBO,21163619949032782,745297385400828000,19.676912,3.005532,2.8662813,149.9880997197221,3.808433441439104,2025052300190,155,60819.06243327331,i,149.98811236239516,3.80844507226284,17.113052368164062,4620.31,265.448,False,4337.52,5.87703,7753.55,264.128,False,3064.71,68.5673,22.23832219735537,0.0623781733920638,22.306896269348847,0.0014710950279340728,21.676248547726217,0.03698606824505531,22.684026550273884,0.024291368454214143
2003 AN95,618678,MBO,MBO,21163619949032782,745297385514598514,19.67691,3.005532,2.8662887,149.98820022399337,3.808408086210013,2025052300191,116,60819.06296078522,i,149.98821494431363,3.8084251382626566,14.421621322631836,3676.98,255.68,False,3593.84,7.5248,6085.04,255.546,False,2326.42,63.7423,22.48627183666563,0.07549701830168785,22.511103128092493,0.0022733197366636804,21.939341399506443,0.045596339235086165,22.98327972950779,0.02974842168405513
2003 AN95,618678,MBO,MBO,21163619949032782,745297385668739154,19.676907,3.0055323,2.866296,149.98830092547166,3.8083826820781295,2025052300192,154,60819.063488538115,i,149.9883132594525,3.8084013789789886,14.57895278930664,4005.37,269.443,False,3817.45,7.56358,5876.72,268.127,False,1841.78,37.4902,22.393393366598946,0.0730379476146986,22.44556662017287,0.002151188041202061,21.977162462869394,0.04953701998813252,23.236905601155737,0.02210061291931283
2003 AN95,618678,MBO,MBO,21163619949032782,745297385804529702,19.676905,3.0055325,2.8663034,149.9884014428179,3.808357325250652,2025052300193,157,60819.064015990574,i,149.9884105986182,3.8083831839733255,16.433765411376953,4370.34,261.998,False,4318.9,2.549,5288.8,256.965,False,913.166,29.8993,22.298711975922515,0.06508891961956502,22.311567153323903,0.0006407978131996088,22.091607179713375,0.052752270871041805,23.99862564894763,0.03554967173613453
2003 AN95,618678,MBO,MBO,21163619949032782,745297385939271738,19.676903,3.0055327,2.8663108,149.98850215743545,3.808331919519657,2025052300194,158,60819.06454344802,i,149.98850471479392,3.808347006999675,15.300554275512695,4247.85,277.833,False,4217.72,4.63881,4480.0,271.975,False,564.62,40.6578,22.32957704367557,0.07101318279223567,22.337305582105117,0.0011941342428479756,22.27180496500464,0.065913640829442,24.520609365174764,0.0781829274714896
2003 AN95,618678,MBO,MBO,21163619949032782,745297386072965295,19.676899,3.005533,2.8663182,149.98860230639954,3.8083066573378233,2025052300195,157,60819.06506858168,i,149.98860661227175,3.8083198652003816,15.706048965454102,4054.22,253.312,False,3780.62,1.53864,4511.44,248.552,False,442.908,54.4149,22.380231728481693,0.06783795838498721,22.45609239763951,0.00044187385309679494,22.26421204951974,0.059817244780056435,24.784216213798622,0.13339165309874376
2003 AN95,618678,MBO,MBO,21163619949032782,745297386208755783,19.676897,3.005533,2.8663254,149.9887028434731,3.808281298125797,2025052300196,160,60819.06559514809,i,149.98871376972093,3.808299428035786,15.435012817382812,4290.06,272.071,False,4231.33,3.12014,4585.33,268.485,False,203.448,26.6116,22.318841569693618,0.06885622731837575,22.333807737122683,0.0008006109146624631,22.24657348970761,0.06357314829325157,25.628866448250907,0.14201751216461367
2003 AN95,618678,MBO,MBO,21163619949032782,745297386611408982,19.676888,3.0055337,2.8663473,149.989002395531,3.8082057451069526,2025052300199,160,60819.067165975925,i,149.98899995272293,3.808218637579656,18.038883209228516,4688.75,250.051,False,4282.75,2.85897,4868.76,249.434,False,73.8127,52.5157,22.222357307103053,0.057902301928969634,22.320693190607535,0.0007247883154231486,22.18145413471627,0.055623925550591154,26.729672294794447,0.772471396882431
2003 AN95,618678,MBO,MBO,21163619949032782,745297386745102417,19.676886,3.0055337,2.8663547,149.98910238651905,3.808180527139662,2025052300200,159,60819.06768914743,i,149.98911215869666,3.808189385656524,18.08198356628418,4526.14,242.851,False,4230.09,1.36329,4628.49,240.528,False,62.4213,58.1958,22.26068000925996,0.05825540368702599,22.33412602114248,0.0003499153241291853,22.236401620622914,0.05642227692002274,26.91166799488459,1.0122392341213169
2003 AN95,618678,MBO,MBO,21163619949032782,745297386879320192,19.676884,3.005534,2.866362,149.98920219332746,3.808155356510708,2025052300201,159,60819.06821238123,i,149.9892154564917,3.808165499833286,16.20079803466797,4028.55,250.92,False,3861.75,5.69605,4088.77,248.761,False,24.9025,45.2419,22.38712809128549,0.06762555341446388,22.433039611952662,0.0016014521630145424,22.37101829114743,0.06605625272750629,27.9093926214208,1.9725236429516153
2003 AN95,618678,MBO,MBO,21163619949032782,745301777361404028,19.66755,3.005855,2.8789387,150.16796761346546,3.763828618713386,2025052400145,67,60819.98026129721,i,150.16795298789071,3.7638534962985712,8.427342414855957,2492.57,286.981,False,2690.82,20.3182,2564.27,286.697,False,67.4088,22.1066,22.90838156110233,0.12500577304295893,22.825288354932173,0.008198320170277124,22.877590613037096,0.12139022042022213,26.82820853877822,0.3560653269298771
2003 AN95,618678,MBO,MBO,21163619949032782,745301777631412257,19.667542,3.0058556,2.8789532,150.16816893614146,3.763776998072371,2025052400147,70,60819.98130642876,i,150.16818751396633,3.7637845328700275,11.267157554626465,2722.93,235.148,False,2799.6,0.505518,2785.36,232.256,False,22.5536,69.7485,22.81240883522276,0.0937624904246629,22.78226000002367,0.00019604914861299754,22.787796621911355,0.09053362390087322,28.01696030070519,3.3577108481683924
2003 AN95,618678,MBO,MBO,21163619949032782,745301777766154333,19.667538,3.0058558,2.8789604,150.16826969821372,3.763751161688189,2025052400148,71,60819.98182965605,i,150.16830334038482,3.763754627404614,10.07340145111084,2429.46,242.072,False,2993.45,7.51423,2544.63,240.929,False,24.196,48.3652,22.93622563498586,0.10818303060904629,22.709569996553036,0.002725441029613757,22.885938442494336,0.10279897315156981,27.94064109875496,2.1702699037541002
2003 AN95,618678,MBO,MBO,21163619949032782,745301777920819303,19.667534,3.005856,2.8789678,150.16837065587208,3.763725275006085,2025052400149,110,60819.98235309965,i,150.1683715674706,3.763748073113826,13.31136417388916,3138.15,230.456,False,3091.25,0.553339,3187.3,229.465,False,-0.687959,84.8296,22.658315787463998,0.07973309870410741,22.674664676576615,0.00019434862618956616,22.641442626523883,0.07816598702100237,nan,nan
2003 AN95,618678,MBO,MBO,21163619949032782,745301778055036950,19.66753,3.005856,2.878975,150.16847142389318,3.763699436808668,2025052400150,110,60819.98287619607,i,150.16846799829122,3.763712349268499,11.555047035217285,2652.78,221.337,False,2564.23,6.47221,2641.94,221.384,False,-24.9366,77.7749,22.840746901451297,0.0905893431778092,22.877607566087605,0.0027404377531563776,22.845192648306686,0.09098035239288145,nan,nan
2003 AN95,618678,MBO,MBO,21163619949032782,745301778326093834,19.66752,3.0058565,2.8789895,150.16867296898974,3.7636477576994167,2025052400152,115,60819.98392289992,i,150.16866515084078,3.7636498510811824,10.700761795043945,2787.74,259.871,False,2584.77,5.16691,2805.13,257.095,False,3.40624,67.5687,22.7868693372603,0.10121150345467808,22.868945230740163,0.0021703677300301894,22.780117563218425,0.09950959939430046,30.069311892764034,21.537468622286003
2003 AN95,618678,MBO,MBO,21163619949032782,745301778459263020,19.667486,3.0058582,2.879054,150.16957236657956,3.7634171339779656,2025052400153,113,60819.988589141874,i,150.16957317056915,3.7634381887849795,12.634110450744629,3007.17,236.406,False,2876.77,1.27276,3123.88,236.093,False,-12.915,71.828,22.70460507786337,0.08535419223126135,22.752737139887312,0.00048035874924822315,22.66326418413363,0.08205652263343881,nan,nan
2003 AN95,618678,MBO,MBO,21163619949032782,745301778595053627,19.667482,3.0058584,2.8790615,150.16967336492306,3.7633912355857873,2025052400154,116,60819.98911337381,i,150.16969077487968,3.7634002179943624,12.310269355773926,2882.01,226.031,False,2601.12,7.02097,2870.62,222.196,False,-30.4588,82.6092,22.75076128783142,0.08515239212488993,22.8620989801147,0.0029306302033168,22.755060689888232,0.08403976526892247,nan,nan
2003 AN95,618678,MBO,MBO,21163619949032782,745301778729271413,19.667479,3.0058584,2.8790686,150.1697747520108,3.763365237459845,2025052400155,116,60819.98963994597,i,150.16977445064532,3.7633702834055116,12.909395217895508,3178.98,244.828,False,2940.6,7.42441,3244.2,242.22,False,6.77402,68.8045,22.64428051758278,0.08361758436748487,22.728910081702416,0.0027412603969053937,22.622230966443134,0.08106375340609911,29.32288378237906,11.027946631031819
2003 AN95,618678,MBO,MBO,21163619949032782,745301778883936321,19.667475,3.0058587,2.879076,150.16987537151297,3.763339436118426,2025052400156,155,60819.99016198833,i,150.16987091024333,3.763353241711221,12.004913330078125,3283.86,269.437,False,3314.12,3.49585,3365.03,267.386,False,53.8279,47.5378,22.609038380304142,0.08908342893892501,22.59907938758414,0.0011452726125776175,22.58252763952145,0.08627282475160203,27.07248140906013,0.9588616765655708
2003 AN95,618678,MBO,MBO,21163619949032782,745301779018154101,19.66747,3.005859,2.8790832,150.16997637980964,3.763313535044244,2025052400157,155,60819.990685411554,i,150.16999912945857,3.763332233914584,10.3370943069458,2894.27,277.514,False,2723.26,5.38518,2854.0,276.116,False,-1.19155,37.4546,22.7461523850794,0.10410466311408234,22.812277228438933,0.002147016763130222,22.76136507805343,0.10504174316650321,nan,nan
2003 AN95,618678,MBO,MBO,21163619949032782,745301779286065187,19.667463,3.0058591,2.8790977,150.17017782841137,3.763261878462812,2025052400159,154,60819.991730077396,i,150.17018620219125,3.763243866212146,11.026214599609375,3261.92,286.556,False,3277.24,2.45057,3279.48,285.349,False,-20.9545,39.1057,22.61631676206729,0.0953807055590621,22.611229385849683,0.0008118638533828114,22.61048753974332,0.09447038587713995,nan,nan
2003 AN95,618678,MBO,MBO,21163619949032782,745301779420282958,19.66746,3.0058594,2.8791049,150.17027903979033,3.76323592524641,2025052400160,154,60819.99225536175,i,150.17028079748061,3.7632644471633143,10.762367248535156,3031.21,280.162,False,2954.29,4.16804,3025.5,278.509,False,51.985,50.7705,22.695959951460953,0.10035003075788537,22.723867174573574,0.0015318034629386453,22.698007106828882,0.0999462262656676,27.110304866482224,1.0603706749115698
2003 AN95,618678,MBO,MBO,21163619949032782,745301779556073504,19.667456,3.0058596,2.8791122,150.17038006181596,3.763210020576623,2025052400161,157,60819.99277955042,i,150.17038755035637,3.7632206154291956,13.059857368469238,3520.57,268.963,False,3374.64,3.74343,3622.57,267.14,False,101.25,53.0307,22.53346751921859,0.08294761216333556,22.579431409682563,0.0012043884683789164,22.502458013946637,0.08006569373957849,26.386512420283232,0.5686652019345128
2003 AN95,618678,MBO,MBO,21163619949032782,745301779690815628,19.667452,3.0058599,2.8791194,150.17048012337585,3.76318436219399,2025052400162,158,60819.993298227986,i,150.1704933647485,3.763192063309969,13.74238109588623,3440.63,245.495,False,3169.9,6.08786,3600.87,242.23,False,100.671,51.7948,22.55840510753331,0.07746918830681333,22.647386128797987,0.0020851794478568566,22.508981358197758,0.07303731256078005,26.392739069095523,0.5586066562946592
2003 AN95,618678,MBO,MBO,21163619949032782,745301779825557552,19.667448,3.00586,2.8791268,150.17058095962497,3.763158505166465,2025052400163,159,60819.99382186806,i,150.17058079327717,3.763187463239696,12.503290176391602,3337.71,256.874,False,3011.17,8.56209,3354.73,255.111,False,45.0226,46.6054,22.591378512938466,0.08355950560054222,22.703161840834134,0.0030872289693959862,22.58585607525886,0.08256498803999332,27.26642361339392,1.1239060418142623
2003 AN95,618678,MBO,MBO,21163619949032782,745301780093992965,19.66744,3.0058603,2.879141,150.17078148581868,3.763107085097633,2025052400165,159,60819.994861739484,i,150.17080525823252,3.7631251356002875,12.786227226257324,3443.82,258.704,False,3406.96,2.1567,3533.77,257.946,False,68.3583,42.3477,22.557398868771863,0.08156184249124387,22.569082425726684,0.0006873010503732493,22.52940429532056,0.07925284474198942,26.81302187750244,0.6726093193866065
2003 AN95,618678,MBO,MBO,21163619949032782,745301780496646220,19.667427,3.0058608,2.8791628,150.17108365163523,3.763029602232037,2025052400168,159,60819.99642804626,i,150.17108496274977,3.7630508942268945,11.808828353881836,3840.78,319.698,False,3674.11,8.53513,3794.57,316.507,False,-22.8208,14.6373,22.43895141302833,0.09037426991926178,22.487119581745915,0.0025222159626867293,22.452093558325338,0.09056180023302624,nan,nan
2003 AN95,618678,MBO,MBO,21163619949032782,745301780777140271,19.66742,3.0058613,2.8791773,150.1712844065255,3.762978123884287,2025052400170,182,60819.997469902744,i,150.17128877717397,3.7629905582787737,13.57363510131836,3818.78,271.515,False,3751.41,2.81811,3842.81,272.191,False,-22.4456,40.2334,22.445188393222196,0.07719577437758851,22.46451369603438,0.0008156197578813507,22.438377702996846,0.07690404395248372,nan,nan
2003 AN95,618678,MBO,MBO,21163619949032782,745301780912930853,19.667416,3.0058615,2.8791845,150.17138450019175,3.762952457564856,2025052400171,185,60819.99798851295,i,150.1713842687726,3.7629662477297314,14.127608299255371,3872.66,271.404,False,3623.0,8.11509,3879.04,270.631,False,-62.0397,36.8146,22.4299766001499,0.07609063191485176,22.502329164913657,0.002431920347719168,22.428189344081733,0.07574912474722885,nan,nan
2003 AN95,618678,MBO,MBO,21163619949032782,745301781046624275,19.667412,3.0058615,2.8791919,150.17148556193072,3.762926543077117,2025052400172,184,60819.998512696766,i,150.17148079265138,3.76294964073578,15.982465744018555,3826.12,238.478,False,3629.76,4.24304,3857.08,238.303,False,-26.0106,53.6245,22.443103499642135,0.06767278267852678,22.50030522107364,0.0012691809447333204,22.434353361269693,0.06708032573928516,nan,nan
2003 AN95,618678,MBO,MBO,21163619949032782,745301781141520394,19.667387,3.0058627,2.8792374,150.17211940590474,3.7627640133104663,2025052400173,109,60820.00179829667,z,150.17210236605584,3.762803459700281,5.976012229919434,3885.57,633.574,False,3949.72,106.58,7715.04,633.758,False,3780.96,23.2709,22.426363137537123,0.17703816699317934,22.40858423529427,0.029297714154293285,21.681654539297355,0.08918864936537843,22.455994804104883,0.006682445647911939
2003 AN95,618678,MBO,MBO,21163619949032782,745301781276262430,19.667383,3.005863,2.8792446,150.17222049552274,3.762738092378028,2025052400174,110,60820.00232259649,z,150.1722155505845,3.7627152908419514,6.888180255889893,4514.97,636.584,False,5064.46,33.4965,14235.4,628.446,False,9727.0,50.2502,22.263362775929714,0.15308235632049236,22.138667145003602,0.007181093543809547,21.01657578300777,0.04793167306274111,21.430052710311294,0.005608970870808311
2003 AN95,618678,MBO,MBO,21163619949032782,745301781410480171,19.66738,3.0058632,2.879252,150.17232158917864,3.762712170535799,2025052400175,110,60820.002846007206,z,150.1723353411019,3.7627627836466484,6.640341281890869,3983.15,605.587,False,4113.23,30.3058,19771.7,596.56,False,15756.2,27.3293,22.399433372480523,0.16507229707990576,22.364542518436988,0.007999577915758518,20.659890012399323,0.03275928793442042,20.906371274409842,0.0018832212090071215
2003 AN95,618678,MBO,MBO,21163619949032782,745301781546270726,19.667376,3.0058634,2.879259,150.17242172206383,3.762686495179442,2025052400176,113,60820.00336581418,z,150.17245611483975,3.762725566147003,8.020462036132812,4876.16,597.774,False,4529.86,26.5899,29617.7,594.984,False,24560.2,35.1589,22.179805096316795,0.13310162893589453,22.259788083017064,0.006373180841133389,20.22112170412268,0.021811136470231134,20.424420286899963,0.001554274524738493
2003 AN95,618678,MBO,MBO,21163619949032782,745301781682061351,19.667372,3.0058634,2.8792665,150.17252263065853,3.762660621059405,2025052400177,116,60820.003888935134,z,150.17255450000127,3.762634805417031,6.105757236480713,3258.41,533.07,False,3452.13,53.6646,27344.0,529.033,False,24224.5,143.721,22.617485704481783,0.17762449238558475,22.554782181923056,0.016878159720522614,20.307844886558343,0.021006081895397065,20.43936294534025,0.006441539991722517
2003 AN95,618678,MBO,MBO,21163619949032782,745301781814706230,19.667368,3.0058637,2.8792737,150.1726237361684,3.7626346965942448,2025052400178,113,60820.00441263528,z,150.17264045982583,3.762658091101998,5.824492931365967,3504.6,600.299,False,3465.86,64.7968,22403.3,594.174,False,18976.4,33.6629,22.538403828187437,0.18597453404435635,22.55047242676215,0.020298635296022004,20.524219975875,0.028795588749100785,20.704465412167558,0.0019260253508506732
2003 AN95,618678,MBO,MBO,21163619949032782,745301781949972570,19.667362,3.005864,2.879281,150.1727244598881,3.7626088701762823,2025052400179,115,60820.00493446327,z,150.1727540679363,3.762655536566319,8.016834259033203,4517.33,549.28,False,4540.31,22.8222,13476.3,548.445,False,8798.04,40.7509,22.262795436718676,0.132018958996629,22.25728622020396,0.005457532488763605,21.07607333979105,0.0441862090782233,21.539035164802087,0.005028930034600323
2003 AN95,618678,MBO,MBO,21163619949032782,745301782104637473,19.667358,3.0058641,2.8792882,150.1728251875562,3.762583042904736,2025052400180,154,60820.005456584026,z,150.17284349430483,3.7625944719399036,7.255337238311768,4240.57,580.859,False,4063.45,9.03951,9077.22,575.183,False,4784.69,28.9634,22.33143945351452,0.14872049791525213,22.377762712525346,0.0024153178092563422,21.505117879333316,0.06879826733829343,22.200365500569077,0.006572340581185769
2003 AN95,618678,MBO,MBO,21163619949032782,745301782239379466,19.667355,3.0058644,2.8792953,150.1729259193764,3.76255721473422,2025052400181,155,60820.00597883633,z,150.172900448713,3.762549246619913,8.36330509185791,4883.31,585.053,False,4513.2,22.2839,8377.81,583.067,False,3082.39,29.0835,22.178214249876763,0.13007840846766072,22.263788504338798,0.005360816098119425,21.592173788709495,0.07556354252404093,22.677781070204304,0.01024432661413569
2003 AN95,618678,MBO,MBO,21163619949032782,745301782373597255,19.66735,3.0058644,2.8793027,150.17302704116474,3.7625312867474814,2025052400182,155,60820.00650210535,z,150.17305043616489,3.7625729011440634,6.7410759925842285,4033.18,588.011,False,3832.56,30.5007,5223.92,583.804,False,1129.27,30.4031,22.385881006116882,0.1582931650639953,22.441277576890762,0.008640625000226025,22.105008722591624,0.12133745659521519,23.768005503975562,0.029231047327419105
2003 AN95,618678,MBO,MBO,21163619949032782,745301782508863510,19.667347,3.0058646,2.87931,150.17312797414604,3.762505407351661,2025052400183,157,60820.00702511784,z,150.17320040771597,3.762512342731764,6.045866966247559,3824.82,650.392,False,4840.93,46.6484,4457.56,649.956,False,569.407,23.9947,22.443472476541704,0.18462415495181228,22.187677953639252,0.010462422351180415,22.277256991699442,0.15831099178291708,24.511443028919714,0.04575271247098246
2003 AN95,618678,MBO,MBO,21163619949032782,745301782911516707,19.667336,3.005865,2.8793316,150.17342925394152,3.762428159815368,2025052400186,157,60820.0085868014,z,150.17341597443348,3.762459217604724,6.542551040649414,3577.3,539.992,False,3624.15,89.7187,3675.21,533.724,False,181.912,69.9651,22.5161115788383,0.16389144367219458,22.501984618261844,0.02687825828426094,22.48679461269309,0.1576735683803544,25.75034661304611,0.4175845710480211
2003 AN95,618678,MBO,MBO,21163619949032782,745301783179427908,19.667326,3.0058656,2.8793461,150.17363077143762,3.762376492152692,2025052400188,156,60820.00963091398,z,150.17363551069081,3.762369232223525,8.804051399230957,4584.15,514.752,False,4233.65,28.4474,4718.36,506.633,False,140.202,78.9248,22.246852973295226,0.12191680249376409,22.333212646003307,0.007295447637216717,22.215522347754266,0.11658071910424254,26.033114509783914,0.6112003548871858
2003 AN95,618678,MBO,MBO,21163619949032782,745301783315218468,19.667322,3.0058658,2.8793535,150.17373230867636,3.762350459052125,2025052400189,159,60820.01015619562,z,150.17375472659572,3.7623709207945675,9.503402709960938,5192.16,538.508,False,4685.96,8.52853,5594.6,534.058,False,251.367,82.3876,22.111629799618374,0.11260777976518895,22.223003566352652,0.0019760591218803522,22.0305773785532,0.10364388479861411,25.399229326070653,0.35585897377703174
2003 AN95,618678,MBO,MBO,21163619949032782,745301783595712549,19.667315,3.005866,2.879368,150.17393423794184,3.7622986871633617,2025052400191,182,60820.01120266389,z,150.17394480266105,3.7623288534287425,8.188741683959961,3827.01,461.21,False,3820.17,5.36116,4100.83,453.462,False,352.216,102.493,22.44285100462931,0.1308468973013303,22.444793297896506,0.0015237032422649992,22.367820564382818,0.12005864851727875,25.032977287885103,0.3159434995734693
2003 AN95,618678,MBO,MBO,21163619949032782,745301783731503109,19.66731,3.0058663,2.8793752,150.17403559520682,3.762272700914313,2025052400192,185,60820.011727967314,z,150.17401588605242,3.762300465587035,5.186728477478027,2928.9,548.082,False,3018.56,15.4373,3700.18,540.923,False,543.797,35.3257,22.733238676124266,0.2031726785067788,22.70050044702803,0.005552592922940898,22.47944289157667,0.15872191820633125,24.56140798745512,0.07053071350010633
2003 AN95,618678,MBO,MBO,21163619949032782,745301784134156295,19.6673,3.0058668,2.8793972,150.17433795569622,3.762195182430194,2025052400195,185,60820.01329302211,z,150.17432094917987,3.762209924898985,9.250897407531738,4280.56,450.399,False,3848.7,10.642,5361.58,445.922,False,939.314,140.359,22.32124851295523,0.11424077220717767,22.43671486413788,0.0030021578852591807,22.07676800800454,0.09030055499732466,23.967972981776104,0.1622384386272073
2003 AN95,618678,MBO,MBO,21163619949032782,745301784266801206,19.667294,3.005867,2.8794043,150.17443836506862,3.762169440231177,2025052400196,182,60820.01381386521,z,150.1744392130093,3.762193069773247,9.116569519042969,3995.26,424.772,False,3833.39,15.6394,5418.94,418.978,False,1359.2,121.798,22.396137379340583,0.11543437510604351,22.441042516445535,0.004429568284105167,22.065214155713345,0.08394623027196017,23.566791624351694,0.09729289231936407
2003 AN95,618678,MBO,MBO,21163619949032782,745301784402067495,19.66729,3.0058672,2.8794117,150.1745395512852,3.76214349914616,2025052400197,184,60820.014337399916,z,150.17455549011322,3.7621733764729335,8.471088409423828,3835.64,451.821,False,3726.65,36.6383,6192.95,448.956,False,2241.7,118.014,22.440405432851072,0.12789480950975318,22.471703512093075,0.010674340719179061,21.920256031603685,0.07871010766733828,23.02355629410602,0.057158440109290824
2003 AN95,618678,MBO,MBO,21163619949032782,745301784536285195,19.667286,3.0058675,2.8794188,150.17464054892713,3.7621176066887054,2025052400198,184,60820.01486095751,z,150.1746377544212,3.7621385799770266,10.945226669311523,4763.71,428.162,False,4637.13,0.265526,7206.01,426.429,False,2353.75,125.434,22.20513672114219,0.0975859099168168,22.23437684911169,6.217017750008942e-05,21.75576288413681,0.06425045253590232,22.970599167438195,0.057860109634974295
2003 AN95,618678,MBO,MBO,21163619949032782,745301784672075798,19.667282,3.0058675,2.8794262,150.17474213049877,3.7620915648226174,2025052400199,187,60820.015386180174,z,150.17477099978632,3.7621141063270143,9.20375919342041,3919.61,415.66,False,3878.11,19.2245,6742.47,417.699,False,2875.4,130.544,22.4168928277401,0.11513826693918025,22.428449661449825,0.005382192821397346,21.82795240846412,0.0672618369984589,22.75325436586762,0.04929274494664049
2003 AN95,618678,MBO,MBO,21163619949032782,745301784804196400,19.667278,3.0058677,2.8794334,150.17484333029034,3.7620656211288352,2025052400200,183,60820.0159104199,z,150.17486059387113,3.762079096755134,7.659309387207031,3475.04,438.721,False,3264.53,22.0715,6566.62,433.061,False,3037.83,146.79,22.547600467869035,0.13707332207563752,22.6154483302863,0.007340666887171647,21.85664526793842,0.07160304741467485,22.6935913054429,0.05246350391833838
2003 AN95,618678,MBO,MBO,21163619949032782,745301784939986990,19.667274,3.005868,2.8794408,150.1749443415521,3.762039726069834,2025052400201,186,60820.016433712604,z,150.17494493366104,3.7620571711646718,7.80057430267334,3557.04,440.486,False,3461.23,13.6046,6047.66,433.841,False,2473.48,106.184,22.522278115608756,0.13445212435615328,22.55192385792603,0.004267560030175824,21.94603155418882,0.07788745933957407,22.91672900080472,0.04660955901081461
2003 AN95,618678,MBO,MBO,21163619949032782,745301785072631849,19.667269,3.0058682,2.879448,150.17504613000017,3.762013632085938,2025052400202,183,60820.01696019084,z,150.17504686171227,3.762036388502434,9.671944618225098,3897.05,400.469,False,3570.31,6.79843,5736.39,396.033,False,1734.76,145.972,22.423160041593263,0.11157251776951049,22.518235166379792,0.002067411913372211,22.003403299006877,0.07495782970347656,23.30190149475282,0.09135966042640228
2003 AN95,618678,MBO,MBO,21163619949032782,745301785168052283,19.667263,3.0058684,2.8794587,150.17519254361036,3.7619760987808046,2025052400203,109,60820.01771853029,z,150.17519440357609,3.761959540181834,7.6280083656311035,3616.99,472.347,False,3408.1,16.5658,4826.75,470.268,False,1100.26,134.434,22.50413173279044,0.1417875703441394,22.568719145663167,0.005277453124599033,22.19086298686263,0.10578277295712166,23.796261679234284,0.13265943130183003
2003 AN95,618678,MBO,MBO,21163619949032782,745301785438584854,19.667255,3.0058687,2.8794732,150.17539537535285,3.761924103755676,2025052400205,113,60820.01876831184,z,150.1754134047825,3.761914192917398,8.618718147277832,4324.94,497.581,False,4729.83,20.7469,4831.38,494.557,False,520.238,154.109,22.31004979754818,0.12491311022280127,22.212886153154535,0.004762467298144246,22.189822033419393,0.11113976972682396,24.60949487142353,0.32162533580744124
2003 AN95,618678,MBO,MBO,21163619949032782,745301785572802626,19.667252,3.005869,2.8794804,150.17549660504696,3.761898154477512,2025052400206,113,60820.0192924014,z,150.17552789678427,3.761905039417748,10.839393615722656,5258.7,466.453,False,5325.46,20.4463,5857.74,462.402,False,439.115,165.073,22.09780397030087,0.09630610118263566,22.084107190441273,0.004168520442591631,21.980674728306802,0.08570653207764198,24.793554342419228,0.4081521569368413
2003 AN95,618678,MBO,MBO,21163619949032782,745301785729040390,19.667248,3.0058692,2.8794878,150.17559803270723,3.761872154801393,2025052400207,155,60820.01981795414,z,150.1755940300081,3.7618816214350783,10.412370681762695,5032.61,475.616,False,5336.1,7.11267,5590.64,469.864,False,568.223,179.564,22.145516838914457,0.10260948531181385,22.081940080669163,0.0014472148442110939,22.031346154734813,0.09125043974945217,24.513702935309595,0.3431031885868672
2003 AN95,618678,MBO,MBO,21163619949032782,745301785840713732,19.66722,3.0058703,2.8795362,150.17626873530315,3.76170023809198,2025052400208,112,60820.023288582335,r,150.17627421247312,3.761709632243672,22.571569442749023,4363.42,192.065,False,4084.34,1.22721,4343.74,192.222,False,-16.7935,20.7251,22.300432474651036,0.0477909370519593,22.37219525746126,0.00032622806815198375,22.305340386120967,0.04804670022206852,nan,nan
2003 AN95,618678,MBO,MBO,21163619949032782,745301785975455756,19.667215,3.0058706,2.8795433,150.1763700064699,3.761674281404964,2025052400209,113,60820.02381293694,r,150.17637161055586,3.761692189854121,18.417810440063477,3819.32,205.967,False,3823.68,2.18239,3801.58,204.612,False,-1.55121,10.7289,22.445034862905594,0.058551213230099375,22.443796170788445,0.0006196909392730802,22.450089642285747,0.058437452646636336,nan,nan
2003 AN95,618678,MBO,MBO,21163619949032782,745301786109673515,19.667212,3.0058708,2.8795507,150.1764705095205,3.761648521994092,2025052400210,113,60820.024332603716,r,150.17646738447115,3.761654920182992,18.227352142333984,3743.5,203.028,False,3544.77,2.89849,3752.93,200.797,False,10.6008,19.8551,22.466805406339855,0.058884693481260145,22.52602984019275,0.0008877855157794124,22.46407385980789,0.05809129759868559,28.836653442583888,2.0335637403425864
2003 AN95,618678,MBO,MBO,21163619949032782,745301786245464079,19.667208,3.0058708,2.8795578,150.17657159717356,3.7616226131566415,2025052400211,116,60820.02485572451,r,150.17656512319024,3.7616365780479724,19.634187698364258,4282.63,216.163,False,3885.63,0.736781,4359.41,215.457,False,37.9316,9.53189,22.320723642398598,0.054801838018824565,22.426346423846127,0.00020587390770307254,22.30143067087389,0.05366080682461346,27.452497132892923,0.27283632500824606
2003 AN95,618678,MBO,MBO,21163619949032782,745301786400129044,19.667202,3.005871,2.879565,150.1766721100063,3.761596852060168,2025052400212,155,60820.025375670215,r,150.17666785457624,3.7616109376602678,17.426509857177734,4136.19,234.51,False,3969.89,0.374325,4286.61,233.783,False,100.302,8.69587,22.358498814648357,0.06155809936695889,22.40305384625901,0.00010237518512124606,22.319715102708287,0.059213849737093746,26.396725996748096,0.09412993899171616
2003 AN95,618678,MBO,MBO,21163619949032782,745301786513899566,19.667198,3.0058713,2.8795724,150.17677359425252,3.761570842419193,2025052400213,116,60820.02590084262,r,150.17677756672276,3.761605687172397,15.65179443359375,3873.83,248.24,False,3695.38,2.61212,4103.95,248.416,False,234.565,7.18827,22.429648582784615,0.06957537011115855,22.48085227441174,0.0007674645775971301,22.366994795929806,0.06572064294222416,25.47434196243954,0.03327250445396435
2003 AN95,618678,MBO,MBO,21163619949032782,745301786668040251,19.667194,3.0058715,2.8795798,150.17687450352437,3.761544980570297,2025052400214,154,60820.026422853975,r,150.1768815710341,3.7615689113139363,19.26067543029785,4690.28,240.496,False,4411.81,8.83002,5040.77,239.785,False,319.487,8.42957,22.22200312480863,0.05567156516153614,22.288457983712167,0.0021730473937149556,22.143757790984537,0.051647517904064695,25.138867023382062,0.02864682935008501
2003 AN95,618678,MBO,MBO,21163619949032782,745301786803830792,19.66719,3.0058718,2.879587,150.17697561116333,3.761519068319402,2025052400215,157,60820.026945783255,r,150.17697947165908,3.7615518990680363,17.20330047607422,4072.04,238.255,False,3803.46,2.48498,4523.46,233.996,False,435.728,8.24628,22.3754699009302,0.06352640992833912,22.449552878018544,0.0007093627637155292,22.261323123637283,0.05616451423206139,24.801961336122933,0.020547875068788475
2003 AN95,618678,MBO,MBO,21163619949032782,745301786938572802,19.667187,3.0058718,2.879594,150.17707614386703,3.7614933038555143,2025052400216,158,60820.02746558065,r,150.17708500617948,3.7615089696583754,19.82611083984375,4140.98,206.883,False,3910.82,0.865898,4291.53,203.289,False,309.236,11.7539,22.357242172713484,0.05424328529408825,22.41933041225228,0.0002403937808525679,22.318469672321534,0.05143113061522725,25.174274909096923,0.041268269629732054
2003 AN95,618678,MBO,MBO,21163619949032782,745301787072266300,19.667181,3.005872,2.8796015,150.1771778415685,3.7614672412799934,2025052400217,157,60820.027991999144,r,150.17717320839975,3.7614898625866804,20.04602813720703,4536.96,224.947,False,4250.42,1.47888,4979.98,225.431,False,316.804,8.47246,22.258087633508218,0.05383188542854224,22.32892040384822,0.00037776822994010814,22.156931007754032,0.04914851044977879,25.14802340836819,0.02903642870344318
2003 AN95,618678,MBO,MBO,21163619949032782,745301787208056838,19.667177,3.0058722,2.8796089,150.17727877106637,3.761441376033359,2025052400218,160,60820.0285134994,r,150.1773011758231,3.7614424047125614,18.705493927001953,4396.81,235.264,False,3930.61,3.25727,4527.27,233.845,False,151.348,9.29276,22.292155738547038,0.058095448129309245,22.41385008352603,0.0008997422733703601,22.260409005370406,0.05608103405180023,25.95005823255326,0.06666414739774107
2003 AN95,618678,MBO,MBO,21163619949032782,745301787342274640,19.667173,3.0058725,2.879616,150.1773802857049,3.76141536129868,2025052400219,160,60820.0290386908,r,150.17736967629978,3.7614329839044554,20.05266761779785,4692.94,231.239,False,4618.58,7.76625,4642.36,229.333,False,113.138,8.05915,22.221387509249688,0.05349835192092038,22.238728805167042,0.0018256907539832925,22.233152993080438,0.053635465645504504,26.265978752264154,0.07734015641809204
2003 AN95,618678,MBO,MBO,21163619949032782,745301787744403484,19.66716,3.005873,2.879638,150.17768486060143,3.761337312027953,2025052400222,159,60820.030613783456,r,150.17769219983714,3.761346238461459,17.017051696777344,4079.32,236.673,False,3771.68,4.74497,4082.27,236.184,False,-19.6751,7.53511,22.373530545196502,0.06299198027829582,22.458662922538352,0.0013659127084952938,22.37274568124363,0.06281640479118493,nan,nan
2003 AN95,618678,MBO,MBO,21163619949032782,745306225875353643,19.654373,3.0062046,2.8925984,150.36484550706697,3.7142319520858105,2025052500521,70,60820.97064975185,g,150.3648321305647,3.7142504817391737,9.709336280822754,1326.94,136.872,False,1347.91,1.32554,1294.83,135.054,False,9.92374,5.74493,23.592871833204626,0.11199216685413355,23.575847734196117,0.001067717187597736,23.61946815423877,0.11324499996273212,28.908311514361177,0.62854105650832
2003 AN95,618678,MBO,MBO,21163619949032782,745306226009571366,19.654367,3.0062048,2.8926058,150.36494774208217,3.7142053808967175,2025052500522,70,60820.97117170756,g,150.36494528042178,3.7142504837027817,9.164971351623535,1351.64,146.936,False,1314.31,2.8853,1329.64,144.241,False,7.25468,5.64648,23.572847399072213,0.11802975517871844,23.60325542093667,0.002383512600676676,23.590664808885776,0.11778200961869338,29.248454324791624,0.8450528105495961
2003 AN95,618678,MBO,MBO,21163619949032782,745306226143789120,19.654362,3.006205,2.892613,150.36505037142405,3.71417870697406,2025052500523,70,60820.97169588203,g,150.3650072898939,3.714165769997871,9.160696029663086,1304.28,142.86,False,1302.29,3.94704,1294.78,140.124,False,6.86581,5.81553,23.61157288860752,0.118922525370602,23.613230703135947,0.0032906988374758915,23.619510019453113,0.11750080231855965,29.308270560877958,0.9196484253027651
2003 AN95,618678,MBO,MBO,21163619949032782,745306226298978314,19.654356,3.0062053,2.8926203,150.3651531991436,3.7141519812509367,2025052500524,110,60820.972220035575,g,150.36513360112693,3.714126446872893,8.784758567810059,1217.07,136.227,False,1248.58,24.1611,1195.35,134.2,False,-3.42896,5.68572,23.686711154230824,0.12152677982933227,23.65895910312242,0.021009933172781898,23.706262307472954,0.12189383723684342,nan,nan
2003 AN95,618678,MBO,MBO,21163619949032782,745306226434768930,19.65435,3.0062053,2.8926275,150.36525563771383,3.7141253564379633,2025052500525,113,60820.97274321155,g,150.36528453884358,3.714137797987016,9.079426765441895,1301.0,141.176,False,1264.15,8.15185,1287.36,140.498,False,-24.7134,6.25842,23.614306758596033,0.1178169783831015,23.645503456532683,0.007001351291234111,23.62574998512631,0.11849348140743649,nan,nan
2003 AN95,618678,MBO,MBO,21163619949032782,745306226567413805,19.654345,3.0062056,2.8926346,150.36535729537795,3.714098934367626,2025052500526,110,60820.97326288884,g,150.3653512298657,3.714126850588146,9.377212524414062,1343.46,142.438,False,1460.63,9.61714,1294.37,140.233,False,-28.5622,6.44365,23.579438180730584,0.11511329096028161,23.488649455352416,0.0071487487247658054,23.61985390756589,0.1176294626974633,nan,nan
2003 AN95,618678,MBO,MBO,21163619949032782,745306226838470701,19.654333,3.006206,2.8926492,150.3655619896419,3.714045731179383,2025052500528,115,60820.9743077991,g,150.36551726087941,3.7140495835003615,9.65654182434082,1327.66,138.202,False,1403.38,1.34866,1255.82,135.961,False,-16.0872,5.90762,23.59228279468939,0.11301907611948611,23.532061788790706,0.0010434016277595408,23.652681558221886,0.11754692938338449,nan,nan
2003 AN95,618678,MBO,MBO,21163619949032782,745306227107430480,19.654322,3.0062063,2.8926635,150.36576630279183,3.71399262623544,2025052500530,116,60820.97535075101,g,150.36579560775104,3.71399040413179,10.996832847595215,1431.04,131.866,False,1412.29,1.25875,1379.53,128.567,False,-30.3434,6.56636,23.51087053736743,0.10004729675812171,23.52519025992941,0.0009676981133627219,23.550672103645233,0.10118652376576603,nan,nan
2003 AN95,618678,MBO,MBO,21163619949032782,745306227262095386,19.654316,3.0062065,2.8926706,150.36586816963506,3.7139661487842415,2025052500531,155,60820.97587058709,g,150.36587676699472,3.7139517670586257,9.994346618652344,1323.76,128.545,False,1338.27,6.55269,1356.59,126.483,False,-27.4337,6.33125,23.59547685725923,0.10543146599307064,23.583640627927977,0.005316186344585016,23.568878498925287,0.1012296845044764,nan,nan
2003 AN95,618678,MBO,MBO,21163619949032782,745306227397885953,19.65431,3.0062068,2.892678,150.3659718023162,3.7139392121667,2025052500532,158,60820.97639929077,g,150.36597205604988,3.7139342621441904,11.169027328491211,1393.75,125.122,False,1418.27,0.984009,1348.41,124.087,False,-21.697,8.00412,23.539537799019406,0.09747048409039268,23.520602693635915,0.0007532939512450183,23.57544506085257,0.09991452365224836,nan,nan
2003 AN95,618678,MBO,MBO,21163619949032782,745306227532103711,19.654305,3.006207,2.8926852,150.3660740664049,3.7139126311025374,2025052500533,158,60820.97692103904,g,150.36611267075827,3.7139297012248087,11.138745307922363,1420.97,126.898,False,1459.04,4.20778,1352.52,123.997,False,-42.5077,8.55179,23.518537749755094,0.09696035708112061,23.489831975020806,0.0031311950596055248,23.572140744744598,0.0995386626641509,nan,nan
2003 AN95,618678,MBO,MBO,21163619949032782,745306227664224291,19.654299,3.006207,2.8926926,150.36617692108408,3.713885896358823,2025052500534,154,60820.977446518904,g,150.36617416304625,3.7139049557224406,11.043217658996582,1317.93,118.272,False,1349.4,2.92062,1218.24,117.001,False,-53.5559,8.79619,23.60026909592835,0.09743475800822607,23.574648215808093,0.0023499501841806516,23.685667870867768,0.10427520202489304,nan,nan
2003 AN95,618678,MBO,MBO,21163619949032782,745306227798442057,19.654293,3.0062072,2.8926997,150.36627919088795,3.71385931347841,2025052500535,154,60820.97796848843,g,150.36626725033827,3.7138768935467317,12.986822128295898,1627.68,124.293,False,1534.64,0.484818,1554.13,122.519,False,-56.5921,8.59063,23.37107739628819,0.0829090514411078,23.43498370516871,0.0003430019175859846,23.421281636872397,0.08559342564939418,nan,nan
2003 AN95,618678,MBO,MBO,21163619949032782,745306227933708309,19.654287,3.0062075,2.8927069,150.36638048384447,3.713832984356552,2025052500536,156,60820.9784858992,g,150.36639768231285,3.713838811066416,12.343249320983887,1600.23,128.6,False,1568.89,2.33385,1610.01,126.902,False,-17.733,6.98665,23.389543993249248,0.08725350997223738,23.411018752736812,0.0016151198087545706,23.382928559652576,0.08557840975171957,nan,nan
2003 AN95,618678,MBO,MBO,21163619949032782,745306228067926078,19.654282,3.0062077,2.8927143,150.36648315110716,3.71380629786309,2025052500537,156,60820.979009012066,g,150.36647738138277,3.7137984088801073,12.879701614379883,1492.18,117.817,False,1402.6,3.72708,1483.02,115.268,False,28.4831,9.11804,23.46544692403649,0.08572570285721454,23.53266543249173,0.0028850890349015937,23.47213246579845,0.08438904178629936,27.763531829495367,0.34756701085288694
2003 AN95,618678,MBO,MBO,21163619949032782,745306228204240918,19.654276,3.0062077,2.8927214,150.36658464573608,3.713779916035484,2025052500538,160,60820.97952775342,g,150.36657015559342,3.7138032531172005,11.592623710632324,1559.96,132.818,False,1532.43,1.47512,1616.04,129.534,False,98.3321,7.75375,23.417216371048234,0.0924416699354747,23.436548348272854,0.0010451316394157434,23.378869708333514,0.08702739191890028,26.41826171559097,0.08561321215847856
2003 AN95,618678,MBO,MBO,21163619949032782,745306230861856797,19.654081,3.006214,2.8929648,150.37002948380814,3.712884454558129,2025052500558,109,60820.99709920843,r,150.37005031547562,3.7128854091446235,10.17064094543457,3845.01,377.154,False,3795.88,10.9355,3915.85,381.876,False,18.3743,5.09236,22.437756313141215,0.10649900585872585,22.45171884720899,0.0031278830708736864,22.41793485435737,0.1058816339429011,28.239472992596173,0.3009072258597752
2003 AN95,618678,MBO,MBO,21163619949032782,745306231266607142,19.654064,3.0062146,2.8929865,150.37033687306769,3.7128045525240303,2025052500561,113,60820.998666450614,r,150.37032415453658,3.712815325067988,12.054546356201172,3251.11,267.112,False,3214.76,15.8001,3298.16,268.158,False,-5.25526,5.67649,22.61992080431569,0.08920435144080333,22.632128606868676,0.005336243113396146,22.60432072826071,0.08827614353338416,nan,nan
2003 AN95,618678,MBO,MBO,21163619949032782,745306231402397749,19.654058,3.0062149,2.892994,150.37043986692956,3.7127777807801015,2025052500562,116,60820.99919193251,r,150.37041280745788,3.712810767100922,12.2786283493042,3386.11,273.201,False,3509.14,16.942,3349.52,273.941,False,-16.6468,5.35256,22.57574730969924,0.0876002832963526,22.536998295503288,0.005241894803606201,22.58754355539576,0.0887971023523217,nan,nan
2003 AN95,618678,MBO,MBO,21163619949032782,745306231536615426,19.654053,3.0062149,2.8930013,150.3705426685347,3.71275105914028,2025052500563,116,60820.99971589072,r,150.3705200675518,3.7127639911768244,11.211736679077148,3376.91,297.8,False,3370.01,7.80968,3598.4,300.457,False,-31.3504,5.18972,22.578701312873754,0.09574795802633265,22.58092202291103,0.0025160911340822685,22.509726434236683,0.09065613954017587,nan,nan
2003 AN95,618678,MBO,MBO,21163619949032782,745306231690756109,19.654047,3.006215,2.8930085,150.37064547394667,3.7127243366475113,2025052500564,154,60821.000239021814,r,150.37067473739626,3.7127209921009,13.036348342895508,3799.11,288.857,False,3559.79,3.91019,3655.91,290.987,False,-61.0581,5.69223,22.4507952983896,0.08255156818264904,22.52143904127962,0.0011926082489065468,22.492511286418157,0.08641764378201594,nan,nan
2003 AN95,618678,MBO,MBO,21163619949032782,745306231824973875,19.654041,3.0062153,2.8930159,150.3707484795338,3.7126975622665417,2025052500565,154,60821.000764293705,r,150.37075714816248,3.7127185420409234,14.224124908447266,3620.09,253.717,False,3413.84,0.293521,3600.75,252.149,False,-68.118,5.57343,22.50320155420095,0.07609471609979199,22.566892065239237,9.335128602227492e-05,22.509017576597834,0.07603063265893834,nan,nan
2003 AN95,618678,MBO,MBO,21163619949032782,745306231959715862,19.654036,3.0062156,2.893023,150.3708514890829,3.712670787006997,2025052500566,155,60821.00128955838,r,150.37088875150212,3.712702295065718,7.1278581619262695,3260.56,450.504,False,3355.65,7.79903,3167.35,455.353,False,-77.2456,5.60182,22.616769489503415,0.150013645512686,22.585558389432144,0.0025234125405562157,22.648259824932325,0.1560904918484147,nan,nan
2003 AN95,618678,MBO,MBO,21163619949032782,745306232094982153,19.65403,3.0062156,2.8930302,150.3709537177324,3.712644214882858,2025052500567,157,60821.00181050827,r,150.37096082078006,3.712675071763411,15.223727226257324,3738.74,244.515,False,3771.1,5.6547,3703.55,244.579,False,-75.8684,5.99177,22.468186841749972,0.071007555523301,22.458829849519752,0.0016280427842046976,22.478454455070448,0.0717010074181415,nan,nan
2003 AN95,618678,MBO,MBO,21163619949032782,745306232229199924,19.654024,3.0062158,2.8930376,150.37105653897387,3.7126174888912336,2025052500568,157,60821.00233476552,r,150.3710902582478,3.71260540697084,14.799039840698242,3373.08,227.909,False,3210.53,2.68658,3373.73,226.741,False,-81.775,6.18834,22.579933370956,0.0733599687075197,22.63355815902147,0.0009085469016493697,22.579724198769373,0.07296995056286718,nan,nan
2003 AN95,618678,MBO,MBO,21163619949032782,745306232364990490,19.654018,3.006216,2.8930447,150.3711589718524,3.712590864015998,2025052500569,160,60821.002856651525,r,150.37116562252157,3.7125865624801784,16.803163528442383,4038.12,236.475,False,3828.2,2.65815,3948.39,235.477,False,-82.3536,6.50042,22.38455191688867,0.06358143596426975,22.4425134665387,0.0007538920859713387,22.40894992126576,0.06475194108930157,nan,nan
2003 AN95,618678,MBO,MBO,21163619949032782,745306232499208230,19.65401,3.0062163,2.893052,150.37126081996465,3.7125643913117017,2025052500570,160,60821.003375144894,r,150.3712842255823,3.7125647283798644,16.188913345336914,3617.88,223.659,False,3386.76,0.051855,3396.99,222.704,False,-84.5199,6.90065,22.503864640607098,0.06712071101714108,22.575538942347105,1.6623809325445288e-05,22.572264332112816,0.0711800125230033,nan,nan
2003 AN95,618678,MBO,MBO,21163619949032782,745306232631853095,19.654005,3.0062165,2.8930593,150.37136365328243,3.712537662713921,2025052500571,157,60821.00389933289,r,150.37135956321185,3.712542951934754,17.016469955444336,3613.4,210.738,False,3443.97,1.29709,3555.99,208.371,False,-82.0942,7.37943,22.50520992878799,0.06332149489649941,22.557351609955646,0.00040891693132052526,22.52259867549197,0.0636210849098582,nan,nan
2003 AN95,618678,MBO,MBO,21163619949032782,745306232901337098,19.653994,3.0062168,2.8930738,150.37156913608655,3.712484253882596,2025052500573,159,60821.00494649089,r,150.37155143339317,3.7124903902150064,17.836885452270508,4083.42,229.626,False,4150.36,3.38092,4008.92,229.225,False,-108.351,7.39096,22.3724398918679,0.06105501619005895,22.354785613724854,0.0008844503363356247,22.392431546724122,0.06208103255055496,nan,nan
2003 AN95,618678,MBO,MBO,21163619949032782,745306233035554852,19.653988,3.006217,2.893081,150.37167178542202,3.712457573701512,2025052500574,159,60821.00546957778,r,150.3716971589216,3.7124922814678536,13.729986190795898,3735.54,273.302,False,3726.82,0.401385,3720.54,273.013,False,-98.3463,6.07706,22.46911651070522,0.0794353360559496,22.471653936417653,0.00011693567938305715,22.47348504346562,0.07967125629280088,nan,nan
2003 AN95,618678,MBO,MBO,21163619949032782,745306233316048925,19.653976,3.0062172,2.8930955,150.37187631157542,3.712404414768025,2025052500576,182,60821.00651108364,r,150.3718480268141,3.7124428488661434,10.103236198425293,3922.12,387.831,False,4411.99,10.4242,3971.91,391.404,False,-70.4378,6.33544,22.416197774864813,0.107360850395786,22.288413643776433,0.0025652666500513366,22.40250152601911,0.10699172284323198,nan,nan
2003 AN95,618678,MBO,MBO,21163619949032782,745306233451315220,19.65397,3.0062175,2.893103,150.37197897348472,3.712377731974329,2025052500577,184,60821.00703421028,r,150.3719707495194,3.712407334081031,10.303125381469727,3276.09,318.932,False,3324.84,3.33852,3219.59,320.518,False,-48.0491,6.18546,22.611610410643024,0.105697956218567,22.595573094411044,0.0010902034362045311,22.63049854583762,0.10808767365048465,nan,nan
2003 AN95,618678,MBO,MBO,21163619949032782,745306233584484363,19.653965,3.0062177,2.89311,150.37208163961273,3.712351048316813,2025052500578,182,60821.00755743646,r,150.37201252694666,3.712329720888813,10.092188835144043,3769.16,372.823,False,3786.69,13.3443,3793.59,378.224,False,-56.9048,5.80427,22.45938859145596,0.10739460155178879,22.45435063490661,0.003826135795266526,22.452373995284727,0.10824877747307873,nan,nan
2003 AN95,618678,MBO,MBO,21163619949032782,745306233720274951,19.65396,3.006218,2.8931172,150.37218391735095,3.712324465843041,2025052500579,185,60821.00807812068,r,150.37219539636385,3.7123100675481715,12.37696361541748,3696.29,299.389,False,3549.9,1.41487,3691.21,301.771,False,-50.9597,5.47114,22.480584895156973,0.08794155258065695,22.524459731779622,0.0004327377255830851,22.48207812713334,0.08876322384048099,nan,nan
2003 AN95,618678,MBO,MBO,21163619949032782,745306235183562774,19.653864,3.0062208,2.8932326,150.37381486275677,3.711900612915745,2025052500590,160,60821.01638391444,i,150.3738280164041,3.7120651833688494,6.526886463165283,5882.3,895.766,False,6908.87,86.3697,5368.02,908.306,False,-187.362,7.21833,21.97613211116566,0.165337640028777,21.801482429318987,0.013573088805554646,22.075464682937945,0.18371405815921688,nan,nan
2003 AN95,618678,MBO,MBO,21163619949032782,745306236268314649,19.653776,3.0062234,2.8933399,150.3753319715837,3.7115064237230575,2025052500598,181,60821.02410394958,i,150.3752411564783,3.7115093599058744,5.125778675079346,4586.63,926.502,False,nan,nan,4474.08,943.538,False,-303.354,7.00509,22.246265759402682,0.21931937092298692,nan,nan,22.27324061766565,0.22897073282420377,nan,nan
2003 AN95,618678,MBO,MBO,21163619949032782,745306238403215388,19.653675,3.0062265,2.8934598,150.3770270317409,3.711066115491653,2025052500614,157,60821.032722705946,i,150.37710003827988,3.710963718238718,5.7894697189331055,4240.94,851.0,False,5101.37,444.524,4030.01,863.134,False,-159.277,7.45358,22.33134469452895,0.21786715280452484,22.130782915431485,0.09460905115351356,22.38673468788508,0.23253932393928736,nan,nan
2003 AN95,618678,MBO,MBO,21163619949032782,745319361519550509,19.593798,3.0072675,2.9339077,150.98026578329052,3.554847694874565,2025052800085,115,60823.970929467236,i,150.98022331980155,3.5548466117122257,7.143632888793945,2461.92,336.895,False,2256.42,4.34,2326.49,334.558,False,-148.391,10.17,22.92181519335071,0.14857472963424342,23.01645018638652,0.0020883060146025057,22.983247029216564,0.15613295128082566,nan,nan
2003 AN95,618678,MBO,MBO,21163619949032782,745319361654292553,19.593786,3.0072677,2.933915,150.9803725940445,3.554818852653022,2025052800086,116,60823.971449116994,i,150.98032169046692,3.5548357027514426,8.748035430908203,3154.68,359.56,False,3189.19,4.3919,2954.29,352.644,False,-167.19,9.88237,22.65261174237578,0.12374862603861203,22.64079903581539,0.001495189999094064,22.723867174573574,0.129600806504061,nan,nan
2003 AN95,618678,MBO,MBO,21163619949032782,745319361943175205,19.593763,3.0072682,2.9339292,150.98058786707367,3.55476072192035,2025052800088,155,60823.9724977966,i,150.98057399486657,3.554775186454049,7.597634792327881,2578.55,335.041,False,2639.28,12.931,2547.67,333.252,False,-48.4312,12.3722,22.871561086647688,0.1410739061567869,22.84628632103338,0.005319501698497423,22.884642100569174,0.14202145025755936,nan,nan
2003 AN95,618678,MBO,MBO,21163619949032782,745319362078965847,19.593752,3.0072682,2.9339366,150.9806961241071,3.554731488842725,2025052800089,158,60823.97302420653,i,150.98069146737623,3.554691410026111,8.184821128845215,2940.93,353.228,False,2805.78,6.35529,2769.9,347.468,False,-56.9506,10.3679,22.728788306349067,0.13040515537696556,22.77986595070256,0.002459269188344267,22.79383981257826,0.13619935262889743,nan,nan
2003 AN95,618678,MBO,MBO,21163619949032782,745319362211086409,19.593742,3.0072684,2.9339437,150.98080397307697,3.554702365865413,2025052800090,154,60823.97354942407,i,150.98081729224134,3.5546054566688223,8.390926361083984,2775.75,345.085,False,3142.47,24.8814,2710.86,343.872,False,-88.3766,9.89471,22.791549128782968,0.1349801923593364,22.656822159300113,0.008596624992159121,22.817232233476226,0.13772539912817883,nan,nan
2003 AN95,618678,MBO,MBO,21163619949032782,745319362348449804,19.59373,3.0072687,2.933951,150.98091120877834,3.5546734084092413,2025052800091,160,60823.97407135773,i,150.9809207052028,3.5547003355465807,7.863115310668945,2740.86,345.22,False,2763.67,51.4207,2702.17,343.563,False,-60.2204,10.1235,22.80528282534786,0.13675190970783493,22.79628457009381,0.02020115184582205,22.820718361256528,0.13804415924110844,nan,nan
2003 AN95,618678,MBO,MBO,21163619949032782,745319362482143294,19.59372,3.007269,2.9339583,150.98101885815774,3.554644339169662,2025052800092,159,60823.97459561535,i,150.9810174102117,3.55466943380498,8.292319297790527,2902.01,350.304,False,2814.11,17.9183,2818.15,349.716,False,-104.3,9.84134,22.7432527347608,0.13106009922517198,22.776647284923563,0.006913214827298259,22.77508977431466,0.13473354486162167,nan,nan
2003 AN95,618678,MBO,MBO,21163619949032782,745319362616885255,19.593708,3.0072691,2.9339654,150.9811260996736,3.554615379999794,2025052800093,160,60823.975117617665,i,150.98114342272422,3.5546681009330037,8.61888599395752,3034.77,350.564,False,2995.1,7.78563,2855.47,347.818,False,-150.103,10.6888,22.694685537446226,0.125419725184726,22.708971646764866,0.0028223232405451444,22.76080600673656,0.13225094002706297,nan,nan
2003 AN95,618678,MBO,MBO,21163619949032782,745319362751103059,19.593697,3.0072691,2.9339726,150.98123293312554,3.554586530961632,2025052800094,160,60823.97563737584,i,150.98130377887514,3.554596763899033,9.242706298828125,3112.47,332.076,False,2989.63,6.08537,3040.11,331.247,False,-206.023,11.4719,22.66723707493798,0.11583948668795811,22.710956435377554,0.0022100082139209394,22.69277671681712,0.11830060688007706,nan,nan
2003 AN95,618678,MBO,MBO,21163619949032782,745319363299508236,19.593653,3.0072699,2.9340017,150.9816637898288,3.5544701830244723,2025052800098,182,60823.97773406464,i,150.98171893695476,3.554497330128312,8.331262588500977,3074.44,362.637,False,2979.05,1.83895,2891.61,360.729,False,-223.424,9.93539,22.680584965989393,0.1280649875852933,22.714805501153982,0.0006702185603547802,22.7471506646907,0.13544583297799737,nan,nan
2003 AN95,618678,MBO,MBO,21163619949032782,745319363433725971,19.593641,3.00727,2.9340088,150.98177125482272,3.554441163247271,2025052800099,182,60823.9782570753,i,150.98183456122948,3.554396537349818,8.465611457824707,3134.07,385.565,False,3812.08,14.3623,2867.56,386.709,False,-195.382,9.05215,22.65972824560853,0.1335713220532532,22.447094962422597,0.00409059324206598,22.75621869351206,0.14641854733502035,nan,nan
2003 AN95,618678,MBO,MBO,21163619949032782,745319363567419428,19.59363,3.0072703,2.934016,150.9818785174747,3.5544121980921264,2025052800100,181,60823.978779000485,i,150.98184990211797,3.5544831407651363,7.975153923034668,2949.95,365.298,False,3147.13,13.9097,2803.84,364.513,False,-184.326,9.17518,22.72546338049041,0.1344488127584698,22.655213333196155,0.004798742307151556,22.780616898060792,0.14115104618283889,nan,nan
2003 AN95,618678,MBO,MBO,21163619949032782,745319363703209989,19.593618,3.0072706,2.9340231,150.9819851667067,3.5543833985736137,2025052800101,184,60823.979298783684,i,150.98198970547656,3.5543842567047963,11.009461402893066,3816.76,345.425,False,3961.24,9.93242,3780.27,344.206,False,-111.44,10.6506,22.445762866901685,0.09826146111240332,22.405422113077137,0.0027223767757670885,22.45619294498089,0.09885984526825864,nan,nan
2003 AN95,618678,MBO,MBO,21163619949032782,745319363837952034,19.593609,3.0072708,2.9340305,150.98209264104014,3.554354376240909,2025052800102,185,60823.97982178057,i,150.9821404632839,3.5543495199986346,9.153998374938965,3264.29,351.305,False,3252.93,1.02418,3171.24,352.298,False,-88.604,11.441,22.615528150555086,0.11684762839576897,22.619313228384335,0.00034184239713386445,22.646927226459695,0.12061613096076007,nan,nan
2003 AN95,618678,MBO,MBO,21163619949032782,745319363972694020,19.593597,3.0072708,2.9340377,150.98219991299126,3.554325408562698,2025052800103,186,60823.980343354226,i,150.98221199177343,3.5543778223645943,6.346444129943848,2308.08,360.379,False,2428.9,35.6511,2204.75,357.395,False,-81.9936,10.3317,22.991872818855207,0.16952467509998087,22.936475956457233,0.01593630521554175,23.041601621812248,0.17600030795839777,nan,nan
2003 AN95,618678,MBO,MBO,21163619949032782,745319364106911773,19.593586,3.007271,2.9340448,150.9823065716367,3.554296606511387,2025052800104,186,60823.980862001554,i,150.9822956821597,3.554338458190183,9.306045532226562,3497.49,369.047,False,3716.33,2.92236,3334.18,367.069,False,-76.5632,10.1887,22.54060879944716,0.1145643553220447,22.474714299167736,0.0008537756138911518,22.592527417081314,0.11953167236938153,nan,nan
2003 AN95,618678,MBO,MBO,21163619949032782,745319364239556621,19.593575,3.0072713,2.934052,150.98241446656718,3.554267470631476,2025052800105,183,60823.98138725439,i,150.9824213990523,3.5542915948803593,9.044150352478027,3226.67,351.454,False,2989.43,24.1545,3213.33,347.091,False,-63.5376,9.54295,22.628113648188574,0.11826011095466833,22.711029053559447,0.00877271410615812,22.63261165192776,0.11727686219419152,nan,nan
2003 AN95,618678,MBO,MBO,21163619949032782,745319364375871503,19.593563,3.0072715,2.9340594,150.98252236476793,3.554238333893172,2025052800106,187,60823.98191238269,i,150.98250083484714,3.554287741311418,8.64997673034668,3310.89,375.0,False,3481.32,9.0013,3416.11,374.89,False,-63.7463,9.22043,22.60013815491601,0.12297330626940843,22.545640115925885,0.0028072791222617344,22.566170349147363,0.11915062714805152,nan,nan
2003 AN95,618678,MBO,MBO,21163619949032782,745319364509564934,19.593552,3.0072715,2.9340665,150.98263026626384,3.5542091962970472,2025052800107,186,60823.98243712131,i,150.98266047784048,3.554231946144882,7.6552534103393555,3119.74,396.492,False,3788.71,42.6696,3169.18,389.962,False,-26.5151,8.4811,22.66470400013973,0.13798769301794314,22.453771600553402,0.012227890655163927,22.647632757104486,0.13359792662746314,nan,nan
2003 AN95,618678,MBO,MBO,21163619949032782,745319364638539806,19.59354,3.0072718,2.9340737,150.98273796559036,3.554180113333359,2025052800108,176,60823.98296152153,i,150.9827059464121,3.554172099857385,8.712804794311523,3440.73,386.406,False,3445.09,19.496,3465.83,387.592,False,-19.6919,8.64662,22.55837352085522,0.12193197161038184,22.556998542400876,0.0061442553961479724,22.550481833961243,0.12142045887615638,nan,nan
2003 AN95,618678,MBO,MBO,21163619949032782,745319364774330399,19.59353,3.007272,2.934081,150.98284628473755,3.554150863040782,2025052800109,179,60823.983488194426,i,150.98286005524872,3.554165485667133,9.288559913635254,3544.03,380.49,False,3420.22,4.53539,3803.43,380.704,False,62.4895,8.66852,22.526256517256854,0.11656553543015215,22.564864903726313,0.0014397427824904912,22.449561450219612,0.10867667720801318,26.91048240799009,0.15061292309190352
2003 AN95,618678,MBO,MBO,21163619949032782,745319364906450994,19.59352,3.0072722,2.9340882,150.9829535796704,3.55412188937823,2025052800110,175,60823.984010136104,i,150.98292745262927,3.554095989073569,9.239450454711914,3289.41,354.66,False,3381.85,29.3751,3332.8,349.8,False,41.9727,9.51898,22.607205008088357,0.11706270019374805,22.57711411662654,0.009430816795369418,22.592976852583938,0.11395538454349198,27.342582778259498,0.24623390173163284
2003 AN95,618678,MBO,MBO,21163619949032782,745319365042241583,19.593508,3.0072725,2.9340954,150.98306067235418,3.554092970390239,2025052800111,178,60823.984531787224,i,150.98307363024045,3.554132066274438,8.94920539855957,3388.56,366.736,False,3536.77,12.6181,3777.26,364.237,False,217.223,10.4437,22.574962031379272,0.11750671013226172,22.52848294877794,0.0038735705488859586,22.4570577981113,0.10469633979655013,25.557735445730863,0.05220028564383679
2003 AN95,618678,MBO,MBO,21163619949032782,745319365175934985,19.593496,3.0072725,2.9341028,150.9831681795316,3.5540639395409204,2025052800112,177,60823.98505448804,i,150.9831965185348,3.554043547561758,9.411542892456055,3536.67,371.362,False,3862.12,17.621,3807.36,368.523,False,221.77,9.11926,22.528513677716138,0.11400588034731915,22.432935557994043,0.004953693152544576,22.448440112094616,0.10509086696032406,25.535242987891625,0.04464585098046233
2003 AN95,618678,MBO,MBO,21163619949032782,745319365310677042,19.593485,3.0072727,2.93411,150.98327548450757,3.5540349633674784,2025052800113,178,60823.98557674613,i,150.98330288137154,3.553997589974265,7.549981117248535,2904.64,393.48,False,3702.66,9.29675,3217.26,392.034,False,288.7,9.06995,22.742269255740347,0.14708036437428784,22.47871543975019,0.00272609917619638,22.63128459809994,0.13230062298139963,25.248882994390282,0.03411005468174308
2003 AN95,618678,MBO,MBO,21163619949032782,745319365442797631,19.593473,3.007273,2.934117,150.98338299853611,3.554005930823952,2025052800114,174,60823.98609996366,i,150.98336066059133,3.5540552763022206,10.151546478271484,3515.0,342.672,False,3468.72,7.24126,3995.3,349.048,False,370.999,9.38187,22.535186676610394,0.10584676915391462,22.549576898194836,0.002266570456143038,22.396126498536375,0.09485496725478806,24.976568173199006,0.027456236848701375
2003 AN95,618678,MBO,MBO,21163619949032782,745319365566529572,19.593458,3.0072732,2.9341276,150.9835392392877,3.5539637405228457,2025052800115,154,60823.9868594163,i,150.98348543734267,3.5539353387660673,9.80064868927002,3461.72,362.205,False,4028.97,7.84246,3972.38,362.95,False,354.876,9.63407,22.551770166178414,0.11360221820182766,22.38701492386371,0.002113404415297586,22.402373065396112,0.09920198480402465,25.024808405019037,0.029475250002531168
2003 AN95,618678,MBO,MBO,21163619949032782,745319365700747293,19.593447,3.0072734,2.934135,150.9836463506748,3.5539348169354463,2025052800116,154,60823.98738087852,i,150.98364153086732,3.553938455439363,9.067329406738281,3448.38,382.535,False,3319.98,15.9824,3748.78,382.729,False,305.53,8.86138,22.555962242906066,0.12044267661267376,22.59716133772648,0.005226739425056689,22.46527510584483,0.11084745781415474,25.187365354186195,0.03148993787741109
2003 AN95,618678,MBO,MBO,21163619949032782,745319365834965039,19.593435,3.0072737,2.934142,150.98375531590958,3.5539053928564632,2025052800117,154,60823.98791093669,i,150.98375496555872,3.553942563779921,10.71083927154541,4411.66,406.571,False,4317.22,5.80993,4609.5,407.439,False,191.12,8.44396,22.288494874957408,0.1000595817696002,22.31198949519263,0.0014611372292482987,22.24086545171985,0.09596946924700586,25.69673468588428,0.04796940939644627
2003 AN95,618678,MBO,MBO,21163619949032782,745319365971279901,19.593164,3.007278,2.9343166,150.98634899778895,3.5532050670595847,2025052800118,158,60824.00052049079,z,150.98634346615881,3.553219291535462,5.173310279846191,3875.53,744.045,False,3868.77,39.4643,3218.51,738.835,False,-38.3073,19.6878,22.4291722341474,0.20844544354124472,22.43106771577,0.011075307445836216,22.630862839625383,0.249239533282482,nan,nan
2003 AN95,618678,MBO,MBO,21163619949032782,745319367191822378,19.593061,3.0072796,2.934382,150.98732125079783,3.5529425839679725,2025052800127,182,60824.00524403843,z,150.9873537922187,3.5529248589292703,6.205711364746094,5020.68,803.17,False,5089.24,23.4351,5253.07,808.951,False,253.763,15.8829,22.1480936072479,0.17368776709319692,22.133367620114406,0.0049996337298648915,22.098967066204978,0.1671988771846548,25.388929248108703,0.06795569011958762
2003 AN95,618678,MBO,MBO,21163619949032782,745319367327088649,19.59305,3.0072799,2.934389,150.98742808814535,3.5529137422839363,2025052800128,184,60824.00576376874,z,150.9874463370969,3.5529291557155047,6.01421594619751,4586.42,756.896,False,5038.6,42.2769,5119.12,752.115,False,299.558,16.8307,22.246315461998073,0.17917883669480741,22.144225273128797,0.00910998321302762,22.127011699654524,0.1595193033851716,25.20879764367303,0.061002207940921184
2003 AN95,618678,MBO,MBO,21163619949032782,745319367594999832,19.593027,3.0072803,2.9344037,150.98764301097648,3.5528557230299853,2025052800130,183,60824.00680797392,z,150.98766713652316,3.5528763507241496,6.468408584594727,4915.06,738.132,False,6147.34,66.6848,5415.48,740.919,False,483.644,16.5907,22.171177927562063,0.16305327857895227,21.928281942720233,0.011777793750239378,22.0659076132333,0.14854502147295137,24.688685461138313,0.0372445917883788
2003 AN95,618678,MBO,MBO,21163619949032782,745319367731314700,19.593014,3.0072806,2.9344127,150.98777724366016,3.5528194871328043,2025052800131,187,60824.0074593559,z,150.9878150503077,3.5529403870286695,5.68903112411499,4214.75,791.731,False,nan,nan,4306.29,784.196,False,630.662,16.2117,22.338070451673104,0.20395302941923243,nan,nan,22.314741806855906,0.19771774859760574,24.400508362509292,0.027909768564033932
2003 AN95,618678,MBO,MBO,21163619949032782,745319367861338127,19.593002,3.0072806,2.9344199,150.98788512888746,3.552790364111169,2025052800132,179,60824.00798357035,z,150.9878679450227,3.55283185534006,5.352102279663086,3608.14,720.018,False,5023.52,166.492,4246.96,716.835,False,618.721,17.9092,22.506791581513603,0.21666277910043727,22.14747965666997,0.03598401046896986,22.329804583469773,0.18325902371410555,24.42126284380241,0.03142719788566973
2003 AN95,618678,MBO,MBO,21163619949032782,745319367995555891,19.59299,3.0072808,2.9344273,150.98799322453388,3.5527611846728413,2025052800133,179,60824.008508915074,z,150.98803308746233,3.552866457046,6.39853572845459,4495.67,710.488,False,4667.72,112.514,5445.09,707.13,False,547.336,18.0291,22.26801395688189,0.1715878905868115,22.22723795911115,0.026171346536025698,22.059987375021684,0.14099981263914518,24.554364967936092,0.035763858243436565
2003 AN95,618678,MBO,MBO,21163619949032782,745319368128200738,19.59298,3.007281,2.9344344,150.9881015306485,3.5527319488137503,2025052800134,176,60824.00903431997,z,150.98802780187864,3.552676401814759,5.743532657623291,3796.91,649.33,False,5015.02,16.4692,4099.58,644.519,False,395.611,20.3324,22.45142426771011,0.1856775969696354,22.149318322434134,0.0035655305022817634,22.36815156496464,0.17069494436103477,24.906829124044076,0.055801336530263666
2003 AN95,618678,MBO,MBO,21163619949032782,745319368267661339,19.592968,3.0072813,2.9344418,150.9882086056997,3.552703045658385,2025052800135,186,60824.00955400299,z,150.98816917892967,3.5527395775023365,6.723880290985107,4571.33,669.687,False,5680.7,40.3842,4981.39,666.893,False,221.687,22.3189,22.249893547119733,0.15905730324718992,22.013995326119115,0.007718518434784635,22.15662360873418,0.14535498339993505,25.535649451599326,0.10930923892480073
2003 AN95,618678,MBO,MBO,21163619949032782,745319368398209037,19.592957,3.0072815,2.934449,150.98831650902827,3.552673919326009,2025052800136,179,60824.0100783978,z,150.98830134442775,3.5527054361499766,6.902584075927734,4668.01,656.371,False,4724.0,129.88,4642.06,647.904,False,-70.3053,19.2575,22.227170610169594,0.15266586050286324,22.214225277646307,0.029850851730616457,22.233223112443078,0.1515389314476586,nan,nan
2003 AN95,618678,MBO,MBO,21163619949032782,745319368530329631,19.592945,3.0072815,2.9344563,150.98842441682166,3.5526447921998194,2025052800137,175,60824.010602922135,z,150.98844516117884,3.552721135941644,8.7860689163208,5764.98,665.327,False,6947.1,45.2488,5395.78,659.001,False,-232.091,19.0841,21.998005491255835,0.12530306141187783,21.795491108814335,0.007071764897856644,22.069864458120726,0.1326038585179492,nan,nan
2003 AN95,618678,MBO,MBO,21163619949032782,745319368666120231,19.592934,3.0072818,2.9344635,150.98853274108964,3.5526155530770023,2025052800138,178,60824.01112860269,z,150.98855353242595,3.5526518465565395,6.32454252243042,4226.86,674.543,False,4494.45,72.7589,3995.67,670.643,False,-226.689,18.8806,22.334955376176527,0.17326710910554122,22.268308569474307,0.017576560495553853,22.396025988946196,0.18223261821825137,nan,nan
2003 AN95,618678,MBO,MBO,21163619949032782,745319368798240813,19.592922,3.007282,2.934471,150.98864045218374,3.552586479888044,2025052800139,174,60824.01165192337,z,150.98863673705648,3.5526430990742024,6.679410934448242,4167.31,634.607,False,4283.38,6.15658,4254.54,638.401,False,-193.904,22.121,22.350360464283487,0.1653382590144632,22.320533518367007,0.001560548434932361,22.32786846221209,0.16291657230867618,nan,nan
2003 AN95,618678,MBO,MBO,21163619949032782,745319368934031404,19.592907,3.0072823,2.934481,150.98879100834537,3.55254584275683,2025052800140,177,60824.01238206441,z,150.9888350603235,3.552609011818549,6.611112117767334,4013.69,629.727,False,4515.52,80.5016,3617.65,625.191,False,-125.563,21.0533,22.391140449786587,0.17034634011643054,22.263230569850087,0.019356243276975636,22.503933660603927,0.1876335463951209,nan,nan
2003 AN95,618678,MBO,MBO,21163619949032782,745319369064579074,19.592896,3.0072825,2.934488,150.9888989364615,3.5525167120356924,2025052800141,170,60824.01290652602,z,150.98889901038984,3.5525757788033667,6.091423511505127,3629.56,607.521,False,3712.06,68.2072,3672.77,592.146,False,-78.7563,22.8692,22.500365032247274,0.1817320914825328,22.47596251452137,0.019949845723257396,22.487515663329226,0.17504889852689565,nan,nan
2003 AN95,618678,MBO,MBO,21163619949032782,745319369331441704,19.592873,3.0072827,2.9345028,150.98911542489122,3.552458281317082,2025052800143,167,60824.013957535906,z,150.9891164879389,3.5524659896125192,7.004777908325195,4377.59,616.002,False,4924.26,42.8533,4412.87,612.427,False,18.4494,19.0662,22.296912329704977,0.1527817161611194,22.169147612848015,0.009448603353542667,22.288197137091778,0.15068065706311218,28.235044385884,1.1220345357408044
2003 AN95,618678,MBO,MBO,21163619949032782,745319369460416538,19.592855,3.0072832,2.934513,150.98927012990953,3.552416527217628,2025052800144,157,60824.014708630355,z,150.98926452183778,3.55243896385552,6.303695201873779,4332.59,679.748,False,5551.31,46.5187,4488.1,670.169,False,14.2161,20.7612,22.308131056682086,0.17034314923725802,22.03901128810353,0.009098219315950352,22.269843664041623,0.16212355733295877,28.518048845537514,1.5856097561874003
2003 AN95,618678,MBO,MBO,21163619949032782,745319369594634270,19.592844,3.0072832,2.9345205,150.98937828504964,3.5523873372688164,2025052800145,157,60824.01523337104,z,150.98954748418566,3.552347444383002,6.273986339569092,3379.11,659.323,False,nan,nan,3404.25,654.449,False,-46.9767,20.6847,22.57799414155518,0.21184596738557626,nan,nan,22.569946384663623,0.20872701649415648,nan,nan
2003 AN95,618678,MBO,MBO,21163619949032782,745319369728852041,19.592833,3.0072834,2.9345276,150.98948665096816,3.552358090915328,2025052800146,157,60824.01575903534,z,150.9894861781943,3.5523668340921497,7.191565036773682,4520.72,624.788,False,4853.66,22.4743,4647.69,619.024,False,5.88257,20.4973,22.26198092601605,0.15005462552369975,22.184826588465235,0.0050273733262233946,22.231907131206462,0.14460877609596634,29.47608227929919,3.7831527087551384
2003 AN95,618678,MBO,MBO,21163619949032782,745319369864642600,19.592821,3.0072837,2.934535,150.9895946097563,3.55232895492708,2025052800147,160,60824.01628337175,z,150.98953956074493,3.552395903815385,7.332932472229004,4564.42,619.908,False,4495.5,6.7441,4606.34,614.028,False,32.4557,21.6007,22.251536019440444,0.14745719992358855,22.26805499499668,0.0016288096185955892,22.24161006018657,0.1447293229296285,27.621772551727283,0.7226053514888493
2003 AN95,618678,MBO,MBO,21163619949032782,745319370132553778,19.592798,3.007284,2.9345496,150.98981177796352,3.552270346928644,2025052800149,159,60824.017337786245,z,150.98978435545726,3.552298335262,7.111995220184326,4393.9,604.382,False,4796.65,11.3407,4321.92,601.403,False,-219.676,21.2453,22.292874602468515,0.14934328368057384,22.19765494660618,0.002567001759632468,22.31080821036609,0.15108216695078372,nan,nan
2003 AN95,618678,MBO,MBO,21163619949032782,745319370278830136,19.592787,3.0072842,2.934557,150.98992036949636,3.5522410416894328,2025052800150,182,60824.01786417225,z,150.98994640676875,3.5522433759020884,10.260187149047852,5735.59,567.314,False,5879.87,22.5663,5663.41,563.215,False,-322.857,24.8779,22.003554782369555,0.10739146175785486,21.976580667807852,0.0041669369934121195,22.017304961753158,0.10797433504722678,nan,nan
2003 AN95,618678,MBO,MBO,21163619949032782,745319370414620685,19.592775,3.0072844,2.934564,150.99002772955075,3.552212069295481,2025052800151,185,60824.01838595644,z,150.9900395749376,3.552245985110536,9.054749488830566,5455.33,584.528,False,5385.1,42.9082,4976.82,574.712,False,-346.891,23.0925,22.057947417560122,0.11633452415173944,22.072015549180676,0.008651089975551144,22.157620204330406,0.12537837830396636,nan,nan
2003 AN95,618678,MBO,MBO,21163619949032782,745319370683056153,19.592752,3.0072849,2.9345787,150.99024267040173,3.5521540664890745,2025052800153,185,60824.019428302316,z,150.9902571120289,3.552165442193961,8.320425033569336,5034.01,608.77,False,5700.86,10.2068,4881.51,600.58,False,-376.059,20.5267,22.145214865715197,0.1312996361448912,22.010149086382707,0.0019438984751101835,22.178614593828353,0.133579875840976,nan,nan
2003 AN95,618678,MBO,MBO,21163619949032782,745319370817273901,19.592741,3.0072849,2.9345858,150.9903500451128,3.5521250917031595,2025052800154,185,60824.01994931261,z,150.99035284991996,3.5521591909050994,8.789912223815918,5003.64,560.114,False,4798.0,47.8339,4579.41,549.705,False,-321.75,25.8683,22.151784831108237,0.12153872916902925,22.197349390920472,0.010824301278691885,22.24797614253543,0.1303300247471974,nan,nan
2003 AN95,618678,MBO,MBO,21163619949032782,745319371086757922,19.592718,3.0072854,2.9346004,150.99056542764302,3.5520669729053758,2025052800156,187,60824.02099459154,z,150.9904901496138,3.552101006450548,9.15676212310791,5926.95,669.962,False,6878.44,17.6247,5574.88,664.287,False,-384.783,24.2465,21.967921805401623,0.12272786984950144,21.80627512594669,0.002781993539829866,22.034411213880535,0.12937326859543757,nan,nan
2003 AN95,618678,MBO,MBO,21163619949032782,745319371219402772,19.592707,3.0072856,2.9346075,150.99067384791547,3.55203771762114,2025052800157,184,60824.021520801994,z,150.99063477704286,3.552017125047281,9.96340274810791,5910.22,592.154,False,6332.79,39.0169,5489.17,580.888,False,-348.338,22.4486,21.970990842505103,0.10878156891094518,21.896012276453156,0.006689320141456126,22.05123331264769,0.11489736007739625,nan,nan
2003 AN95,618678,MBO,MBO,21163619949032782,745319371353096230,19.592695,3.0072856,2.934615,150.99078165471664,3.552008628431176,2025052800158,183,60824.022043167475,z,150.99078512561,3.552018636695571,9.794177055358887,5625.58,574.698,False,5387.17,18.8748,5618.56,566.925,False,-262.77,23.001,22.02458172226826,0.11091663697185832,22.071598314351736,0.003804048084591176,22.02593743115499,0.10955315565015884,nan,nan
2003 AN95,618678,MBO,MBO,21163619949032782,745319371743690755,19.592485,3.0072892,2.9347463,150.99273379189268,3.5514819932834656,2025052800161,160,60824.03150921826,r,150.99275711020238,3.551495182924792,16.325668334960938,4520.92,280.179,False,4422.0,6.11023,4527.74,275.498,False,-36.396,7.13465,22.26193296366609,0.06728729411944498,22.285953154393262,0.001500248280589827,22.260296243647115,0.06606344933247932,nan,nan
2003 AN95,618678,MBO,MBO,21163619949032782,745319371877384207,19.592474,3.0072892,2.9347534,150.99284211161898,3.551452777683749,2025052800162,159,60824.032034955926,r,150.99284907026492,3.5514476443636496,15.720159530639648,4137.6,259.494,False,4073.93,1.61912,4141.69,261.536,False,-29.821,6.41373,22.358128716373542,0.06809310012549442,22.374966111979496,0.00043150894475169895,22.357056041839513,0.06856117182311089,nan,nan
2003 AN95,618678,MBO,MBO,21163619949032782,745319372012126263,19.592463,3.0072894,2.9347608,150.9929506431364,3.551423505659072,2025052800163,160,60824.03256016,r,150.9929648333879,3.551417621749673,14.822518348693848,3883.37,261.552,False,3897.76,3.02449,3741.18,263.757,False,-19.4989,6.87236,22.42697803909198,0.07312629735976453,22.422962261200887,0.0008424834812424148,22.467478509884423,0.0765455062126372,nan,nan
2003 AN95,618678,MBO,MBO,21163619949032782,745319372561580050,19.592417,3.0072901,2.93479,150.99338461858312,3.5513064653031137,2025052800167,184,60824.03466371316,r,150.99336849678934,3.5513230550032024,15.635274887084961,4413.62,277.335,False,4351.21,1.65499,4440.41,278.492,False,-22.6015,6.3636,22.288012623851767,0.06822350657150425,22.303474899975203,0.00041296157432901614,22.281442281712852,0.06809480234189856,nan,nan
2003 AN95,618678,MBO,MBO,21163619949032782,745319372830539808,19.592394,3.0072906,2.9348044,150.99360029838056,3.5512483021908388,2025052800169,185,60824.03570848347,r,150.9936383460101,3.5512543516912056,14.961162567138672,4178.8,275.042,False,4136.39,2.06588,4159.02,276.42,False,-100.211,6.56447,22.347371085662175,0.07146143933762891,22.35844626531144,0.0005422604497896587,22.35252247286079,0.07216104151670927,nan,nan
2003 AN95,618678,MBO,MBO,21163619949032782,745319373100023835,19.59237,3.0072908,2.934819,150.9938172389994,3.551189802035388,2025052800171,187,60824.03675923546,r,150.99386470094757,3.551265070483782,8.817108154296875,3050.02,344.33,False,3150.89,12.7444,2068.2,342.537,False,-148.65,6.8101,22.68924327512204,0.1225734685055758,22.653916932307176,0.004391475737384452,23.111018691154165,0.1798205286557268,nan,nan
2003 AN95,618678,MBO,MBO,21163619949032782,745319373234241578,19.592358,3.007291,2.9348264,150.99392540816405,3.5511606342919544,2025052800172,187,60824.0372834039,r,150.99388423487545,3.55118030947054,12.50584888458252,4063.24,319.813,False,3899.79,2.70578,3736.16,318.849,False,-123.266,7.3634,22.377818814626725,0.08545705913590683,22.422396935851175,0.000753313206734935,22.468936359303186,0.09265821330842999,nan,nan
2003 AN95,618678,MBO,MBO,21163619949032782,745319373366362134,19.592346,3.0072913,2.9348335,150.99403296371773,3.5511316327608022,2025052800173,183,60824.037804515276,r,150.9940325056235,3.551130058803931,14.334878921508789,4396.28,304.35,False,4775.77,2.78917,4355.59,306.371,False,-122.312,5.95665,22.29228669071071,0.07516442007641698,22.202391487806725,0.0006340973009411338,22.302382558851043,0.07637038865147476,nan,nan
2003 AN95,618678,MBO,MBO,21163619949032782,745319373500579866,19.592335,3.0072916,2.934841,150.99414155725162,3.5511023521137526,2025052800174,183,60824.03833093225,r,150.994161727,3.551132884512323,12.282126426696777,3925.87,317.304,False,4263.24,2.46188,3991.59,323.73,False,-119.941,5.84822,22.415160181555926,0.08775339346226596,22.325650485222543,0.0006269766812980406,22.39713516126463,0.08805648519894677,nan,nan
2003 AN95,618678,MBO,MBO,21163619949032782,745319373631127578,19.592323,3.0072916,2.934848,150.9942503629753,3.5510730150328498,2025052800175,176,60824.038857291715,r,150.9942246250267,3.5511044602742214,15.404825210571289,4718.03,303.593,False,4738.57,2.47361,4835.34,311.158,False,-105.73,6.08231,22.215598304297863,0.06986431043724022,22.210881788838037,0.000566771821648134,22.18893249212278,0.06986799387817495,nan,nan
2003 AN95,618678,MBO,MBO,21163619949032782,745319373765345334,19.592312,3.0072918,2.9348555,150.9943587614528,3.551043788539704,2025052800176,176,60824.03938280088,r,150.99436068256867,3.551066478525066,13.06478214263916,3944.45,298.4,False,4214.14,11.3676,3933.79,304.224,False,-83.3557,6.38815,22.410033875196,0.08213659214430244,22.338227566224322,0.002928762442533623,22.412972059255967,0.0839666089994896,nan,nan
2003 AN95,618678,MBO,MBO,21163619949032782,745319374034829326,19.592287,3.0072923,2.93487,150.99457598898832,3.5509852218369358,2025052800178,178,60824.04043414835,r,150.99458709286137,3.5509990396782745,12.245620727539062,3653.04,290.619,False,3762.6,7.08259,3700.6,293.776,False,-56.5166,6.29454,22.49336391921794,0.08637615622275988,22.461279843922817,0.0020437528036107207,22.479319610124215,0.08619230177054978,nan,nan
2003 AN95,618678,MBO,MBO,21163619949032782,745319374168522793,19.592276,3.0072925,2.9348774,150.99468399197943,3.550956104350063,2025052800179,177,60824.04095713925,r,150.99467163076338,3.55096758296298,12.176895141601562,3544.62,290.161,False,3784.38,4.04436,3473.9,295.072,False,-52.709,7.30698,22.526075755115944,0.08887787806778416,22.455013187065397,0.0011603243827700942,22.547956748894762,0.09222209983268935,nan,nan
2003 AN95,618678,MBO,MBO,21163619949032782,745319374301691945,19.592264,3.0072925,2.9348848,150.99479468555162,3.550926262316544,2025052800180,175,60824.04149341594,r,150.9948051307017,3.550947292465949,15.586295127868652,4279.1,274.14,False,4218.17,4.32754,4245.32,273.192,False,-47.9708,6.52457,22.321618885711583,0.06955755469234244,22.337189823554944,0.0011138875049082006,22.33022396575192,0.06986857113780484,nan,nan
2003 AN95,618678,MBO,MBO,21163619949032782,745319374437482529,19.592253,3.0072927,2.9348922,150.9949035264606,3.550896920571605,2025052800181,178,60824.04202079975,r,150.99491751908548,3.5509213577534804,10.3292875289917,3092.35,296.58,False,3601.19,1.5743,3073.17,299.153,False,-39.7227,6.3062,22.674278359270225,0.10413039237447412,22.508884928917567,0.0004746416018169258,22.68103356511527,0.10568932651088969,nan,nan
2003 AN95,618678,MBO,MBO,21163619949032782,745319374571175946,19.592241,3.007293,2.9348993,150.9950123733028,3.5508675780533805,2025052800182,177,60824.04254722603,r,150.99505143011348,3.5508716771614526,13.204621315002441,4027.18,306.448,False,4202.01,3.24215,4020.44,308.059,False,31.6729,5.86133,22.38749741494782,0.08261902671420839,22.34135735653142,0.0008377228770838912,22.389316052816806,0.08319258689057164,27.648280451847846,0.20092439832193076
2003 AN95,618678,MBO,MBO,21163619949032782,745319374703820825,19.59223,3.0072932,2.9349067,150.9951203998631,3.550838457486726,2025052800183,174,60824.0430702788,r,150.99511203525668,3.5508547165643116,11.716423988342285,3252.98,276.589,False,3172.73,2.49173,3379.94,279.483,False,67.547,6.63104,22.619296523626524,0.09231617817438616,22.64641721888418,0.0008526919916657568,22.57772754172272,0.08977816731372805,26.82598488399132,0.10658594193673654
2003 AN95,618678,MBO,MBO,21163619949032782,745319374835941398,19.592216,3.0072935,2.9349139,150.995228845447,3.550809224795604,2025052800184,170,60824.04359566094,r,150.99521411953174,3.550832264152632,12.313199996948242,3699.51,297.436,False,4004.98,12.7354,4113.86,297.49,False,213.484,6.15699,22.479639483174914,0.08729184080658076,22.393499126161394,0.0034525228956291234,22.364376266071055,0.07851401449853453,25.576586704197787,0.03131320011610605
2003 AN95,618678,MBO,MBO,21163619949032782,745319374968586272,19.592205,3.0072935,2.9349213,150.99533771014254,3.5507798799721075,2025052800185,167,60824.044122991545,r,150.9953195838728,3.550816875394907,13.62724494934082,3873.49,281.986,False,3828.55,2.00277,4325.67,284.709,False,413.096,6.28909,22.429743904968966,0.07904045240585712,22.44241417801528,0.0005679643242437077,22.309866558160877,0.0714615055870706,24.859872503851925,0.016529554245869514
2003 AN95,618678,MBO,MBO,21163619949032782,745319375104376849,19.592194,3.0072937,2.9349287,150.99544637421093,3.5507505900775715,2025052800186,170,60824.044648688796,r,150.99543493586293,3.550763218722066,13.5257568359375,3952.16,288.748,False,4050.21,8.36311,4722.72,293.396,False,663.129,6.59863,22.407913728314732,0.07932476145935612,22.38130615646145,0.0022418913963231017,22.214519455743115,0.06745067266293653,24.346004901327667,0.010803887530405912
2003 AN95,618678,MBO,MBO,21163619949032782,745319375236497428,19.592182,3.007294,2.9349358,150.99555463117733,3.550721410765489,2025052800187,166,60824.045172979844,r,150.99555399729275,3.550712000756897,12.899605751037598,4120.28,320.992,False,4121.83,2.94454,5187.31,324.88,False,981.364,6.04241,22.362683231140537,0.08458470268562279,22.362274789794345,0.0007756248194630453,22.11264448088751,0.06799940229500982,23.9204246787833,0.006685045607544608
2003 AN95,618678,MBO,MBO,21163619949032782,745319375372288014,19.59217,3.0072942,2.9349432,150.99566392716005,3.550691952266664,2025052800188,169,60824.04570146889,r,150.99563709224313,3.5507359495590984,12.288179397583008,3696.68,302.698,False,4003.45,12.2478,3774.43,299.575,False,1049.46,6.02884,22.480470375419948,0.08890414687360812,22.3939139910566,0.0033216050939360057,22.45787158110565,0.08617445354261814,23.84758531498982,0.006237236459618808
2003 AN95,618678,MBO,MBO,21163619949032782,745319375504932873,19.592157,3.0072942,2.9349506,150.9957732291662,3.55066249302187,2025052800189,166,60824.04623003084,r,150.99574551963207,3.550665424585154,12.329303741455078,3640.82,295.188,False,3630.46,4.40909,4853.92,297.247,False,1105.4,6.34292,22.49700195911224,0.08802859797218528,22.500095871402614,0.0013185956436015374,22.184768481925474,0.0664889089484239,23.791201325405844,0.006230086436960105
2003 AN95,618678,MBO,MBO,21163619949032782,745319375635480587,19.59214,3.0072947,2.9349613,150.9959319244692,3.550619722794661,2025052800190,159,60824.046998932594,r,150.99592312859647,3.550651190646138,12.98471736907959,3999.08,309.058,False,4333.81,16.5887,5000.27,315.68,False,905.802,5.7288,22.39509974851865,0.08390816600916573,22.307825316938448,0.004155916207832188,22.152516356746915,0.06854533771718341,24.007416809496323,0.006866804622771655
2003 AN95,618678,MBO,MBO,21163619949032782,745319375769698324,19.592129,3.0072947,2.9349685,150.99604000172403,3.5505905957957564,2025052800191,159,60824.04752198832,r,150.99607120197842,3.5506011806248963,13.025527954101562,4024.14,306.716,False,3934.25,8.72858,4572.87,310.409,False,622.038,5.86205,22.38831732539802,0.08275375070926208,22.412845116271257,0.0024088290875499438,22.249527834176668,0.0737003844926687,24.415457665682496,0.010231914650876169
2003 AN95,618678,MBO,MBO,21163619949032782,745319375903916063,19.592117,3.007295,2.9349759,150.99614849836257,3.5505613566566714,2025052800192,159,60824.0480465993,r,150.99614105878877,3.550583903244,14.51456356048584,3893.67,264.388,False,3719.99,0.468018,4284.68,266.743,False,374.731,7.02991,22.42410216926664,0.07372366687300115,22.47364557179514,0.00013659823907374527,22.320203974653694,0.0675925700501998,24.965700981003025,0.020368285922154675
2003 AN95,618678,MBO,MBO,21163619949032782,745323760534421509,19.565414,3.0076437,2.9484365,151.20358098893496,3.495427905972761,2025052900092,170,60825.028359943615,r,151.20359519560247,3.4954413314558384,15.732651710510254,3973.32,250.672,False,3712.17,4.03197,3950.59,244.957,False,-71.615,11.692,22.402116123025152,0.06849779480530024,22.475930381211292,0.0011792714029274264,22.408345075633534,0.06732125540419198,nan,nan
2003 AN95,618678,MBO,MBO,21163619949032782,745323760668639249,19.565401,3.0076437,2.948444,151.20369110221353,3.495397852516625,2025052900093,170,60825.028885205786,r,151.20369775333253,3.4954122254287237,16.724071502685547,4193.61,245.063,False,4028.75,5.65397,4180.4,241.546,False,-66.8395,12.9734,22.34352993736221,0.0634474317031492,22.387074203699022,0.0015237281226566247,22.34695542769523,0.06273448692469061,nan,nan
2003 AN95,618678,MBO,MBO,21163619949032782,745323760802856963,19.565388,3.007644,2.948451,151.20380101142885,3.4953678554587,2025052900094,170,60825.02941036766,r,151.20379826508182,3.4953872772761887,18.37847328186035,4290.68,235.698,False,4093.6,4.75072,4050.09,230.376,False,-50.2471,13.4297,22.318684640649167,0.05964225702790993,22.3697364641887,0.0012600226220918866,22.38133829119873,0.06175852046904167,nan,nan
2003 AN95,618678,MBO,MBO,21163619949032782,745323760936550521,19.565374,3.0076442,2.9484584,151.20391092618223,3.495337857598196,2025052900095,169,60825.02993560632,r,151.20393809437348,3.495330440263411,15.960570335388184,3948.55,248.294,False,3980.82,2.81181,4469.84,244.264,False,-58.7215,15.8212,22.408905882070737,0.0682736165889814,22.4000686298181,0.0007668982479826574,22.274270093860142,0.05933238903561812,nan,nan
2003 AN95,618678,MBO,MBO,21163619949032782,745323761203413029,19.565348,3.0076447,2.948473,151.20413035331725,3.4952779738384785,2025052900097,166,60825.03098396293,r,151.20416013805658,3.4952481391646044,14.02188491821289,4480.39,325.598,False,4796.99,4.63564,4416.58,328.463,False,-148.217,7.273,22.271710418773022,0.0789023985104006,22.19757791415492,0.0010492167152816275,22.287284727132825,0.08074668148180161,nan,nan
2003 AN95,618678,MBO,MBO,21163619949032782,745323761337106440,19.565332,3.0076447,2.9484801,151.2042404939462,3.4952479165003987,2025052900098,165,60825.03150921374,r,151.20423895532204,3.495262922179974,15.131695747375488,3880.55,254.144,False,3849.01,3.79322,3867.98,250.85,False,-78.0183,11.3315,22.427766777354833,0.07110675948041092,22.436627398685758,0.0010699988628369607,22.431289455910573,0.07041322213807799,nan,nan
2003 AN95,618678,MBO,MBO,21163619949032782,745323761605541929,19.565306,3.0076451,2.9484947,151.20445995408016,3.495188028115574,2025052900100,165,60825.03255740818,r,151.2044736409804,3.4952078791545524,16.3045654296875,4279.65,258.28,False,4208.82,3.96361,4205.81,257.101,False,-139.987,15.6915,22.321479392711883,0.0655249733128857,22.339599164022932,0.001022480169371981,22.34037586167732,0.06637101400312859,nan,nan
2003 AN95,618678,MBO,MBO,21163619949032782,745323762255659061,19.565239,3.007646,2.9485312,151.2050091206994,3.495038179442797,2025052900105,125,60825.03517963602,r,151.2049974207786,3.4950388060360553,14.97646427154541,3890.83,260.745,False,3693.94,0.353007,3749.29,260.997,False,-215.764,9.89845,22.42489433865761,0.07276089567618405,22.48127542473531,0.00010375709251179798,22.465127404886285,0.07558068310363697,nan,nan
2003 AN95,618678,MBO,MBO,21163619949032782,745323762389352451,19.565226,3.0076463,2.9485383,151.20511867763793,3.495008287428712,2025052900106,124,60825.03570259073,r,151.20511760163973,3.495016184293358,15.238968849182129,4459.15,289.028,False,4400.63,2.12774,4370.58,281.848,False,-253.797,9.18614,22.276869819537257,0.0703739921500233,22.291212891141804,0.0005249621786220533,22.29865229544015,0.07001646546253507,nan,nan
2003 AN95,618678,MBO,MBO,21163619949032782,745323762922553359,19.565172,3.007647,2.9485674,151.20555675246646,3.4948887689686527,2025052900110,117,60825.037793897034,r,151.20558016353922,3.4949003865590584,13.497034072875977,3558.18,262.074,False,3463.05,3.59271,3514.17,261.472,False,-179.563,10.1792,22.521930235246018,0.0799687596352391,22.551353079693477,0.001126387226552304,22.535443106853876,0.08078425540235788,nan,nan
2003 AN95,618678,MBO,MBO,21163619949032782,745323763225591852,19.56514,3.0076475,2.9485855,151.20583104093663,3.4948139423211875,2025052900112,183,60825.03910224287,r,151.20586180237706,3.4948337557847666,17.09672737121582,4668.19,271.001,False,4523.05,5.61513,4706.38,273.212,False,-85.9433,11.013,22.227128703746192,0.06302991279401951,22.2614215751953,0.0013478847551668407,22.218282552467187,0.06302852159349567,nan,nan
2003 AN95,618678,MBO,MBO,21163619949032782,745323763491930142,19.565111,3.0076478,2.9486,151.20605192289415,3.494753688858629,2025052900114,179,60825.04015647087,r,151.20605957320967,3.4947660055057157,15.875553131103516,4009.76,250.129,False,4174.7,7.61248,3960.71,248.681,False,-171.194,21.6296,22.392204049467928,0.06772827004930132,22.348436769430933,0.001979817695861373,22.405567398518627,0.06817009261806047,nan,nan
2003 AN95,618678,MBO,MBO,21163619949032782,745323763626147841,19.565098,3.007648,2.9486074,151.2061617439013,3.4947237325066047,2025052900115,179,60825.04068076155,r,151.2061821360362,3.4947258282233014,15.606681823730469,4213.94,267.547,False,4286.66,2.20045,4062.76,260.628,False,-243.159,15.9961,22.338279146013985,0.06893440942032421,22.319702364302316,0.0005573355674064121,22.377947077529285,0.06965049493959109,nan,nan
2003 AN95,618678,MBO,MBO,21163619949032782,745323763894059022,19.565071,3.0076485,2.948622,151.206381403602,3.494663817520153,2025052900117,178,60825.04172892816,r,151.20638949384568,3.4946619279151014,16.249311447143555,4067.93,245.582,False,4118.06,3.23697,3893.33,241.688,False,-206.018,25.1111,22.37656634055557,0.06554618046840133,22.36326830959022,0.0008534347280153212,22.424196937640485,0.06739973504263112,nan,nan
2003 AN95,618678,MBO,MBO,21163619949032782,745323764161970205,19.565044,3.0076487,2.9486365,151.20660213500835,3.494603613668338,2025052900119,177,60825.042781189695,r,151.2066083225725,3.4946189367182448,15.692944526672363,4026.34,252.763,False,4099.46,4.73008,4014.2,250.899,False,-190.256,22.291,22.387723862207356,0.06815965240462286,22.368183377366748,0.0012527550689612858,22.39100249670664,0.06786162463362076,nan,nan
2003 AN95,618678,MBO,MBO,21163619949032782,745323764398424143,19.565012,3.0076492,2.9486547,151.20687509537768,3.494529169384285,2025052900121,116,60825.04408396741,r,151.2068847115171,3.4945282937820297,15.299134254455566,3834.16,249.229,False,4206.42,6.38692,3814.43,245.171,False,-112.689,33.5942,22.440824444673574,0.07057529133362388,22.34021843596568,0.0016485539681839899,22.446425895938646,0.06978527369129536,nan,nan
2003 AN95,618678,MBO,MBO,21163619949032782,745323764559380545,19.56499,3.0076494,2.9486663,151.20705247646947,3.4944807952936228,2025052900122,167,60825.044929514916,r,151.207064437042,3.4945400359846785,13.712488174438477,3667.9,270.968,False,3955.63,6.27403,3604.08,270.355,False,-93.1035,12.5156,22.488956312039484,0.08020931915128804,22.40696087722452,0.0017220877455719984,22.508013920271942,0.0814449782476386,nan,nan
2003 AN95,618678,MBO,MBO,21163619949032782,745323764695171074,19.564976,3.0076497,2.9486735,151.2071621418987,3.494450889296421,2025052900123,170,60825.04545278364,r,151.2071572973804,3.494456230451971,15.54263973236084,4125.3,258.083,False,4299.3,3.43405,4117.79,256.288,False,-85.6504,21.9707,22.36136120942752,0.06792477606027786,22.316505672517113,0.0008672278449097179,22.36333950320781,0.06757536244168003,nan,nan
2003 AN95,618678,MBO,MBO,21163619949032782,745323764827291727,19.564962,3.00765,2.9486809,151.20727181333874,3.4944209825589723,2025052900124,166,60825.04597517384,r,151.2072810471708,3.4944329929484814,14.941908836364746,3985.88,264.683,False,4236.06,5.75285,3878.88,265.507,False,-161.664,21.1916,22.39868948299107,0.0720984925392034,22.33259472780246,0.0014745016594703204,22.428234172448313,0.07431798838001101,nan,nan
2003 AN95,618678,MBO,MBO,21163619949032782,745323765095202875,19.564936,3.0076504,2.9486954,151.20749138400453,3.494361109694391,2025052900126,165,60825.047022808765,r,151.20749300417125,3.4943742287829194,14.347315788269043,4032.06,273.809,False,4062.66,5.40285,3603.19,272.422,False,-300.449,26.1652,22.3861825189599,0.0737301354222589,22.377973828060448,0.001443898860548539,22.50828210882739,0.08208793596829236,nan,nan
