provid,permid,orbit_class,population,ssObjectId,diaSourceId,phaseAngle,helioRange,topoRange,ephRa,ephDec,visit,detector,midpointMjdTai,band,ra,dec,snr,psfFlux,psfFluxErr,psfFlux_flag,trailFlux,trailFluxErr,scienceFlux,scienceFluxErr,forced_PsfFlux_flag,templateFlux,templateFluxErr,psfMag,psfMagErr,trailMag,trailMagErr,scienceMag,scienceMagErr,templateMag,templateMagErr
2001 RL74,63832,MBO,MBO,21163611644179532,745279797572141279,21.71312,2.73465,2.5230067,148.3681537023415,1.625781659037557,2025051900223,18,60815.051294858786,y,148.36814623361278,1.6257777464824483,40.892547607421875,84090.1,2004.13,False,82307.7,11.7507,86031.9,1840.21,False,160.6,348.239,19.088137807466833,0.025876488015965537,19.111398793860943,0.00015500566694908542,19.063351233901493,0.023223741603213263,25.88563610638053,2.354269555937079
2001 RL74,63832,MBO,MBO,21163611644179532,745279797840576543,21.71312,2.7346516,2.5230203,148.36838981819798,1.625800943793368,2025051900225,18,60815.052243887585,y,148.3683910356583,1.6257992592199288,41.686641693115234,88283.1,2106.36,False,83082.6,13.1429,92692.9,2031.04,False,558.469,389.305,19.035306044014472,0.025904747209941483,19.101224782191508,0.00017175344300854412,18.98238384391461,0.02379010410609183,24.53250233411233,0.756859431187617
2001 RL74,63832,MBO,MBO,21163611644179532,745279798109536301,21.713118,2.7346535,2.5230367,148.3686707460373,1.6258238827742826,2025051900227,19,60815.05337282304,y,148.36865928565123,1.6258186686101568,34.06311798095703,88100.9,2554.34,False,81142.4,8.44747,89622.3,2461.5,False,-1657.15,317.525,19.03754915676616,0.03147912861133146,19.126880398506245,0.00011303244519232038,19.01895982503212,0.02982003096550448,nan,nan
2001 RL74,63832,MBO,MBO,21163611644179532,745279798243754191,21.713118,2.7346544,2.5230448,148.3688096035306,1.6258352187651106,2025051900228,19,60815.053930095935,y,148.36880513041731,1.6258257178563063,41.721439361572266,89867.4,2140.37,False,81932.9,8.84771,90289.1,2011.51,False,-1069.11,410.781,19.015994576189325,0.02585895851240262,19.11635420344265,0.00011724568379301801,19.01091167119616,0.024188625271945235,nan,nan
2001 RL74,63832,MBO,MBO,21163611644179532,745279798513762314,21.713116,2.734656,2.5230584,148.36904677291906,1.6258545771349036,2025051900230,22,60815.05488372881,y,148.36904233800394,1.625854518553622,43.04057312011719,90416.3,2079.9,False,83103.8,4.81586,92177.1,1982.83,False,-1379.39,326.393,19.009383210177745,0.024975836262897233,19.100947833915434,6.291834468067918e-05,18.988442380125264,0.023355369551382933,nan,nan
2001 RL74,63832,MBO,MBO,21163611644179532,745279798647980041,21.713116,2.734657,2.5230658,148.36917295687846,1.6258648747551516,2025051900231,22,60815.05539059143,y,148.36917509300977,1.6258657168145019,41.33867263793945,92303.5,2171.61,False,87591.3,3.64002,93025.6,1890.78,False,-2119.1,1265.8,18.986954577287122,0.02554394704693343,19.04384760863614,4.511979529440616e-05,18.97849378218492,0.022067993096094134,nan,nan
2001 RL74,63832,MBO,MBO,21163611644179532,745279799183278116,21.713114,2.7346604,2.5230935,148.36964613834178,1.625903478769265,2025051900235,19,60815.057291523684,y,148.36962935187518,1.6258967914763351,33.7913932800293,91354.2,2668.12,False,80379.1,2.36594,94743.2,2546.45,False,474.473,632.338,18.998178665879834,0.031710359357085924,19.13714213110981,3.195839177601271e-05,18.958629841293835,0.029181754620900415,24.70947125884932,1.4469786177209096
2001 RL74,63832,MBO,MBO,21163611644179532,745279799451713998,21.713114,2.734662,2.523107,148.3698823880189,1.6259227462153008,2025051900237,19,60815.05824038299,y,148.36988769414484,1.6259195496811376,41.151580810546875,84993.2,2039.64,False,78148.5,10.2361,87520.9,1814.51,False,344.571,1183.57,19.076539508165226,0.026055154143565053,19.167698383778486,0.0001422126410518339,19.044720581947146,0.022509814760476084,25.056803146396717,3.7294046447037563
2001 RL74,63832,MBO,MBO,21163611644179532,745279799587504170,21.713112,2.734663,2.5231152,148.3700203140802,1.625933992757612,2025051900238,22,60815.058794156255,y,148.37001675467252,1.625935370713659,44.33159637451172,88492.5,1968.27,False,86881.5,7.81371,89480.7,1832.66,False,-696.913,387.89,19.032733838697226,0.024149188020963004,19.052681724104367,9.764596687931144e-05,19.020676529864204,0.02223703302087969,nan,nan
2001 RL74,63832,MBO,MBO,21163611644179532,745279800661770280,21.713108,2.73467,2.5231733,148.37101938065746,1.6260154111448069,2025051900246,23,60815.06280658315,y,148.3710108456088,1.6260181552394215,43.80636215209961,90581.6,2069.48,False,80289.1,4.36978,90430.3,1907.05,False,-768.501,659.978,19.007400012190523,0.024805361144633036,19.138358504564522,5.909181108745142e-05,19.009215108511228,0.02289667682016502,nan,nan
2001 RL74,63832,MBO,MBO,21163611644179532,745279801464979504,21.713104,2.7346754,2.5232196,148.37181777486552,1.6260804176628776,2025051900252,19,60815.0660111598,y,148.3718094403635,1.6260803591244317,29.135334014892578,83246.6,2799.95,False,77314.0,6.63012,84295.5,2727.57,False,2578.01,568.885,19.09908371746039,0.03651809174715295,19.17935464255801,9.310811896111986e-05,19.085489022433755,0.035131431384028564,22.87178850180726,0.2395875303458866
2001 RL74,63832,MBO,MBO,21163611644179532,745279801598673093,21.713102,2.7346764,2.5232267,148.37194060858988,1.626090414373749,2025051900253,18,60815.0665048862,y,148.37193741827656,1.6260896357978263,41.62128829956055,88307.1,2068.09,False,79232.7,19.0944,91655.9,1833.37,False,2328.43,1197.12,19.035010923802666,0.025427176788664893,19.15273881827246,0.00026165309286633467,18.994598952874714,0.021717709545701767,22.98234206639135,0.5582115667198926
2001 RL74,63832,MBO,MBO,21163611644179532,745279801867108393,21.713102,2.734678,2.5232406,148.3721773236716,1.6261096757435547,2025051900255,18,60815.06745496728,y,148.37217564747792,1.6261192236100153,38.28419876098633,85011.5,2192.65,False,72648.6,6.01066,87460.4,1948.62,False,2275.98,791.638,19.076305801928477,0.02800373341646702,19.24693185291713,8.98295524255956e-05,19.04547137125067,0.024190231416864962,23.00707890579148,0.37764393604878727
2001 RL74,63832,MBO,MBO,21163611644179532,745279802001326193,21.7131,2.7346787,2.5232477,148.37230092304983,1.6261197311356623,2025051900256,18,60815.06795073539,y,148.3723021233002,1.6261211664958037,44.1115837097168,89517.1,1995.5,False,80864.5,1.40087,93025.0,1846.99,False,1608.66,574.667,19.02023497023721,0.0242030467785215,19.13060523607407,1.8808936427721356e-05,18.97850080326607,0.021557042754349096,23.383839319336,0.3878611675807519
2001 RL74,63832,MBO,MBO,21163611644179532,745279802270285998,21.7131,2.7346804,2.5232615,148.37253792253793,1.626139008668534,2025051900258,19,60815.06890175534,y,148.37254113422557,1.6261372435641361,40.21983337402344,87682.6,2121.44,False,81183.5,4.45997,87963.6,1955.5,False,1140.5,351.142,19.04271643263408,0.026268884699582332,19.126330573051874,5.9646983664398814e-05,19.039242493221877,0.02413676919419874,23.75726177596833,0.3342810877296562
2001 RL74,63832,MBO,MBO,21163611644179532,745279802404503822,21.713099,2.7346814,2.5232687,148.37266154034594,1.6261490619148091,2025051900259,19,60815.06939779273,y,148.37265608775706,1.62615191266444,40.950531005859375,88365.1,2131.02,False,78641.2,0.84264,88895.0,1936.77,False,942.299,380.001,19.034298047628322,0.02618370315155438,19.16087462722796,1.1633656409609151e-05,19.027806664320156,0.023655113679005427,23.964528161484473,0.4378449370254953
2001 RL74,63832,MBO,MBO,21163611644179532,745279802540294159,21.713099,2.734682,2.5232756,148.3727796810021,1.6261586685611518,2025051900260,22,60815.06987171872,y,148.37278319040294,1.6261531579907078,42.247711181640625,86114.9,2011.28,False,82513.0,8.79996,87934.1,1924.66,False,251.308,353.822,19.06230426569048,0.025358208455642507,19.108694056398257,0.00011579309103453402,19.03960667328531,0.02376408064480707,25.39948422104329,1.528631590259208
2001 RL74,63832,MBO,MBO,21163611644179532,745279802675036375,21.713099,2.7346833,2.5232842,148.37292674195967,1.6261706252734485,2025051900261,23,60815.07046171026,y,148.37293245750908,1.626169622197326,42.682491302490234,86113.0,1999.83,False,78152.0,4.34237,86431.6,1849.61,False,-989.761,386.636,19.062328201444735,0.02521440185161861,19.167649758512187,6.0326906023795435e-05,19.058318598810928,0.023234424556233556,nan,nan
2001 RL74,63832,MBO,MBO,21163611644179532,745279803075592219,21.713095,2.7346857,2.5233057,148.37329568034278,1.6262006138032408,2025051900264,19,60815.07194161648,y,148.37325817613726,1.6261791822779172,27.875890731811523,84559.8,3008.91,False,79139.9,4.56995,90252.9,2965.48,False,71.0287,333.887,19.08209017234561,0.038633990964547824,19.154011278530476,6.269606582207901e-05,19.011347104990676,0.0356745216499613,26.771415307539478,5.1037564807616445
2001 RL74,63832,MBO,MBO,21163611644179532,745279805491511340,21.713081,2.7347016,2.5234373,148.37556168905576,1.6263845564601933,2025051900282,19,60815.0810264781,y,148.37555003935606,1.6263814502830338,32.37286376953125,81932.1,2507.39,False,70894.8,0.278477,78807.1,2415.42,False,-2139.13,270.955,19.11636476330642,0.03322707380744988,19.273464093685348,4.264806285583159e-06,19.158586612670774,0.03327757025544065,nan,nan
2001 RL74,63832,MBO,MBO,21163611644179532,745284180447330327,21.70663,2.7362933,2.5365648,148.60904734190152,1.6440291971445404,2025052000110,9,60815.997173178526,g,148.60904919376722,1.6440286311844323,102.95384216308594,33067.6,311.729,False,38536.5,5.43199,33031.1,311.156,False,-23.3419,9.41234,20.10149325976336,0.010235258973182565,19.935319329527793,0.00015304213839069895,20.10269235667837,0.010227734617031244,nan,nan
2001 RL74,63832,MBO,MBO,21163611644179532,745284180581548043,21.706629,2.7362945,2.5365734,148.6091950819425,1.6440398675760894,2025052000111,9,60815.99776202555,g,148.6091905806916,1.6440348277745127,102.8988265991211,34915.6,331.314,False,38519.4,8.60951,35184.0,332.904,False,-16.2604,12.3539,20.042451177697416,0.010302546248929772,19.935801259821137,0.00024267401749034876,20.03413696995821,0.010273019454761868,nan,nan
2001 RL74,63832,MBO,MBO,21163611644179532,745284180715765770,21.706625,2.7362957,2.5365844,148.6093872260956,1.6440537429133768,2025052000112,9,60815.99852844935,g,148.60938652501662,1.6440519915487557,115.63216400146484,33724.3,286.199,False,37993.6,4.60618,33809.4,285.799,False,-25.179,10.7211,20.08014261488831,0.009214027109046943,19.950723840041718,0.00013162996908374201,20.07740639115704,0.009177990384851701,nan,nan
2001 RL74,63832,MBO,MBO,21163611644179532,745284180850507811,21.706623,2.7362967,2.5365913,148.60950663048453,1.6440623642535364,2025052000113,10,60815.999004494544,g,148.6095067493116,1.6440593858700003,140.13330078125,33415.9,235.932,False,34187.5,1.96931,33539.0,234.882,False,-38.8,14.6197,20.090117144281052,0.007665809798953422,20.065331640806235,6.254190024170956e-05,20.08612472619098,0.007603682141823544,nan,nan
2001 RL74,63832,MBO,MBO,21163611644179532,745284180985774089,21.706621,2.7362976,2.536599,148.60964033675626,1.6440720171111889,2025052000114,12,60815.99953748862,g,148.60963728015736,1.6440677746686663,147.12884521484375,32024.1,216.121,False,34421.1,2.07986,31754.1,211.856,False,-38.3757,10.5589,20.13630768012346,0.007327306608348452,20.057938088154494,6.56045033401235e-05,20.145500493032927,0.007243780654251631,nan,nan
2001 RL74,63832,MBO,MBO,21163611644179532,745284181118943240,21.70662,2.7362988,2.5366101,148.60983224856344,1.6440858700179035,2025052000115,10,60816.000302056374,g,148.6098284822557,1.6440821945036272,147.62481689453125,33419.5,224.573,False,35726.6,2.5687,33579.7,223.129,False,-36.8065,8.08588,20.090000130037247,0.007295951004370768,20.01752073355271,7.806313919547687e-05,20.084807995645473,0.00721445506904823,nan,nan
2001 RL74,63832,MBO,MBO,21163611644179532,745284181252636731,21.706617,2.7362998,2.5366178,148.60996596446992,1.644095520683254,2025052000116,9,60816.00083512574,g,148.6099648358229,1.6440906365417245,150.3771514892578,33695.6,223.894,False,36756.9,0.699086,33599.3,218.881,False,-40.7089,6.30387,20.08106696457272,0.007214289328798357,19.98665285422592,2.0649810622153144e-05,20.08417440101977,0.00707297524440765,nan,nan
2001 RL74,63832,MBO,MBO,21163611644179532,745284181388427271,21.706614,2.736301,2.5366278,148.61014233500313,1.6441082480382756,2025052000117,12,60816.00153897185,g,148.610138608381,1.6441038831174066,145.5017852783203,32923.0,226.716,False,33219.5,0.373015,33366.2,227.15,False,-37.7935,6.22236,20.106251495003956,0.007476650764175697,20.09651727143907,1.2191510280911812e-05,20.09173315375067,0.007391461360855608,nan,nan
2001 RL74,63832,MBO,MBO,21163611644179532,745284181522120734,21.706612,2.736302,2.5366356,148.61027606013656,1.6441178966096257,2025052000118,11,60816.002071902825,g,148.61027073545972,1.6441152198162425,149.38702392578125,33477.0,224.443,False,35325.1,0.664299,33555.7,221.726,False,-31.1133,5.905,20.088133669246382,0.0072792031419333875,20.029791452115358,2.0417591326718414e-05,20.085584267794907,0.007174219255981699,nan,nan
2001 RL74,63832,MBO,MBO,21163611644179532,745284181655814200,21.70661,2.7363029,2.5366433,148.61041004014433,1.644127562374358,2025052000119,10,60816.00260581951,g,148.61041053158547,1.6441257268700173,152.99874877929688,33400.1,219.882,False,31982.9,0.973213,33437.1,215.349,False,-14.0798,8.53285,20.090630531476606,0.007147698393566761,20.13770538629879,3.30380482876481e-05,20.08942843917467,0.006992597862022573,nan,nan
2001 RL74,63832,MBO,MBO,21163611644179532,745284181926346784,21.706606,2.736305,2.5366604,148.61070762095582,1.6441490265545198,2025052000121,14,60816.003791225885,g,148.6107084549265,1.6441446388702783,162.43836975097656,32895.0,202.467,False,30503.1,0.55517,32959.2,199.151,False,11.1381,11.6924,20.107175273166987,0.006682649247601582,20.18914006762891,1.9760882535866226e-05,20.10505837131343,0.0065603976158215655,28.782972250252058,1.139769112593391
2001 RL74,63832,MBO,MBO,21163611644179532,745284182060564498,21.706604,2.7363057,2.5366673,148.6108280641328,1.6441577123036777,2025052000122,14,60816.00427132496,g,148.6108245353362,1.6441565887954988,157.64630126953125,32474.4,204.791,False,30770.3,0.386049,32740.3,202.435,False,37.3037,6.43507,20.121147147553955,0.006846900969122135,20.179670646203036,1.3621816104625094e-05,20.112293337734968,0.006713163920759109,27.47062024018995,0.18729478885797143
2001 RL74,63832,MBO,MBO,21163611644179532,745284182326902795,21.7066,2.7363074,2.536681,148.61106745494843,1.644174973060005,2025052000124,10,60816.00522575411,g,148.61106836336688,1.6441698767965767,144.09523010253906,32677.6,226.226,False,31452.7,0.455124,33057.8,226.301,False,-1.82093,7.45612,20.114374632084854,0.0075165177167428945,20.155855195458813,1.5710721391534135e-05,20.1018151047046,0.007432532639794078,nan,nan
2001 RL74,63832,MBO,MBO,21163611644179532,745284182461120524,21.706596,2.7363088,2.5366938,148.6112885397017,1.6441909104732804,2025052000125,10,60816.00610655401,g,148.61129252145122,1.6441871594802955,143.4817352294922,32972.9,227.853,False,31409.0,1.04161,33201.7,226.926,False,-33.0186,6.94094,20.104607187792304,0.007502775301532481,20.157364726131668,3.60060393827143e-05,20.097099222784905,0.007420757799507003,nan,nan
2001 RL74,63832,MBO,MBO,21163611644179532,745284182733750321,21.706593,2.7363112,2.5367117,148.61160023603367,1.6442133742345932,2025052000127,18,60816.0073481772,g,148.61160124658554,1.644212692946421,150.6903533935547,32346.8,214.105,False,31176.7,0.491029,32332.9,210.473,False,3.02374,6.59854,20.12542166552188,0.0071865390043679795,20.16542466730071,1.7100205284097185e-05,20.12588833921767,0.007067666719746258,30.19863886818119,2.369341763896881
2001 RL74,63832,MBO,MBO,21163611644179532,745284182865346583,21.70659,2.7363122,2.536721,148.61176312053178,1.6442251106062231,2025052000128,13,60816.00799732409,g,148.61176191745605,1.6442236439140077,140.3236541748047,32200.1,228.603,False,31284.3,0.451193,32603.5,228.622,False,31.2322,11.3922,20.130356962085344,0.007708129887216834,20.1616838681568,1.565886302273177e-05,20.116839439316674,0.007613390467586036,27.66349353569706,0.3960311555240159
2001 RL74,63832,MBO,MBO,21163611644179532,745284183000088602,21.706589,2.736313,2.536728,148.61188284101232,1.6442337357205044,2025052000129,14,60816.0084747443,g,148.61187743996896,1.6442265369394982,134.8057403564453,32723.1,241.58,False,32323.0,1.28684,32775.0,239.519,False,22.7049,7.24758,20.112863914129942,0.008015504566027292,20.126220844451126,4.322521846607902e-05,20.111143249094695,0.007934536902490642,28.00970098088183,0.3465754000986299
2001 RL74,63832,MBO,MBO,21163611644179532,745284183132733448,21.706585,2.736314,2.5367365,148.61203117877935,1.644244421183028,2025052000130,11,60816.00906569423,g,148.61202757417144,1.6442402434234642,111.8526382446289,32320.2,288.069,False,32407.9,1.23604,32656.2,289.297,False,-4.94443,4.94707,20.126314927344403,0.00967713537025773,20.123372761689993,4.141006847621283e-05,20.115085908029165,0.009618395011097918,nan,nan
2001 RL74,63832,MBO,MBO,21163611644179532,745284183270621232,21.706585,2.736315,2.5367434,148.6121504050109,1.644253008522214,2025052000131,18,60816.00954093928,g,148.61215185018256,1.6442466276891046,123.03242492675781,31971.4,260.294,False,31965.7,0.282468,32195.1,259.312,False,-25.3785,8.74057,20.138095851563413,0.008839482259778113,20.13828947838629,9.594212926132699e-06,20.13052556723295,0.008744946990930487,nan,nan
2001 RL74,63832,MBO,MBO,21163611644179532,745284183404838958,21.706581,2.736316,2.5367517,148.61229875259343,1.644263691993841,2025052000132,18,60816.01013182878,g,148.61229523987205,1.6442598436468192,125.73873138427734,32165.1,255.47,False,31366.6,1.24307,32036.9,252.522,False,-42.0926,18.0319,20.13153774832925,0.008623415842743927,20.15883139937683,4.302812953183583e-05,20.13587377269656,0.008558015226220319,nan,nan
2001 RL74,63832,MBO,MBO,21163611644179532,745284183539056649,21.70658,2.736317,2.5367603,148.61244710567348,1.6442743743621793,2025052000133,18,60816.010722717605,g,148.6124438420158,1.6442711687675295,124.8676528930664,31790.3,254.404,False,30341.8,0.365493,31918.2,254.229,False,-33.4416,9.62037,20.144263407562928,0.008688676552338908,20.194896618682737,1.3078623284821705e-05,20.13990404733062,0.008647907482150913,nan,nan
2001 RL74,63832,MBO,MBO,21163611644179532,745284183674847237,21.706577,2.7363179,2.5367682,148.61258115530043,1.644284025499586,2025052000134,21,60816.01125654897,g,148.61258051524075,1.6442821281699815,132.5037841796875,31409.9,236.688,False,31550.7,1.78879,31657.3,236.602,False,-28.4681,13.9218,20.157333602164396,0.008181520204758194,20.152477528967218,6.155660889610291e-05,20.148815293629085,0.008114632536969632,nan,nan
2001 RL74,63832,MBO,MBO,21163611644179532,745284183807492129,21.706575,2.7363186,2.5367749,148.61269989599583,1.644292573418722,2025052000135,18,60816.011729216334,g,148.61269714723252,1.644290779652378,141.39317321777344,31926.3,223.73,False,30635.7,0.114996,32067.2,222.089,False,-40.8646,6.09509,20.139628497838697,0.007608515565775489,20.184430507574447,4.075484647229229e-06,20.13484742532386,0.007519523960838306,nan,nan
2001 RL74,63832,MBO,MBO,21163611644179532,745284183943282705,21.706573,2.7363195,2.5367818,148.61281838917182,1.6443011025582832,2025052000136,21,60816.01220191838,g,148.61281550263735,1.6442966546145246,134.72703552246094,31509.5,232.016,False,29662.7,0.278756,31414.0,228.985,False,-67.0826,9.57018,20.153896220640355,0.007994673933498739,20.21947332995899,1.0203234415132242e-05,20.157191901496258,0.007914219949997487,nan,nan
2001 RL74,63832,MBO,MBO,21163611644179532,745284184077500423,21.706572,2.7363205,2.5367901,148.6129655065754,1.6443116907322084,2025052000137,21,60816.01278751195,g,148.6129663628635,1.6443086071350113,130.03578186035156,31550.8,241.437,False,29366.0,0.98219,31794.1,241.612,False,-62.8468,10.6898,20.152474033960498,0.008308406814841369,20.230388013862765,3.6314079445342786e-05,20.144133673690764,0.008250804350393532,nan,nan
2001 RL74,63832,MBO,MBO,21163611644179532,745284184212242467,21.70657,2.7363217,2.5367987,148.61311388484788,1.6443223681491848,2025052000138,22,60816.013378554475,g,148.61311695475922,1.644319251959338,136.13632202148438,31473.9,231.061,False,31433.5,2.11855,31736.9,231.366,False,-50.575,8.66047,20.155123584950637,0.007970772453696845,20.15651814815135,7.317627703249527e-05,20.1460887280567,0.00791515355130517,nan,nan
2001 RL74,63832,MBO,MBO,21163611644179532,745284184344363047,21.706568,2.7363224,2.5368056,148.6132326416881,1.6443309128956909,2025052000139,18,60816.013851595686,g,148.61322976543786,1.6443264422903054,132.1488800048828,31998.8,242.292,False,32048.4,2.00734,31926.9,239.601,False,-50.424,8.11851,20.137165743563116,0.008221095734378516,20.13548410560172,6.800469406146518e-05,20.139608106766822,0.008148096901368048,nan,nan
2001 RL74,63832,MBO,MBO,21163611644179532,745284184608604171,21.706562,2.7363243,2.5368216,148.61351034143223,1.6443508900557182,2025052000141,10,60816.01495770269,g,148.61351082547225,1.6443465061948543,139.71038818359375,30800.4,220.162,False,29732.8,0.635446,30973.4,219.519,False,-65.3722,8.0176,20.178609094600446,0.007760868497280208,20.216910447593914,2.3204229782970307e-05,20.172527783361446,0.007694980850604592,nan,nan
2001 RL74,63832,MBO,MBO,21163611644179532,745284184742821903,21.706549,2.7363303,2.5368702,148.6143586328673,1.6444118814640578,2025052000142,10,60816.018335805216,u,148.61433774112257,1.644439983258854,17.571758270263672,7120.48,403.091,False,7181.69,5.02871,7092.46,390.764,False,40.3112,24.0316,21.76872682565396,0.06146362287705786,21.759433372030394,0.0007602461862973776,21.773007768119307,0.05981939029194981,27.3864357053687,0.6472637812189974
2001 RL74,63832,MBO,MBO,21163611644179532,745284184877039621,21.706547,2.7363312,2.5368786,148.61450128973323,1.644422133469067,2025052000143,10,60816.0189032681,u,148.6145056417931,1.6443991210920068,13.113931655883789,6253.04,474.687,False,6424.16,6.02752,7200.1,463.986,False,192.526,14.3482,21.90977197616006,0.0824214896005629,21.88045910125502,0.0010187007678655602,21.756653664631003,0.06996658152678292,25.688776524893854,0.08091561641081119
2001 RL74,63832,MBO,MBO,21163611644179532,745284185011257351,21.706545,2.7363322,2.5368867,148.61464344975,1.6444323483602965,2025052000144,10,60816.01946972869,u,148.61464928154297,1.6444565587700057,13.489906311035156,6459.96,473.283,False,6519.36,3.11509,6879.3,457.979,False,226.341,17.5223,21.8744254344232,0.07954545847120982,21.864487614003394,0.0005187880327523844,21.80613940820322,0.07228124949886063,25.513091907810068,0.08405280525979314
2001 RL74,63832,MBO,MBO,21163611644179532,745284185145999382,21.706543,2.7363331,2.536895,148.61478661987206,1.6444426344104288,2025052000145,11,60816.02003969657,u,148.6147998843767,1.6444400355313469,15.351950645446777,6150.78,397.129,False,6837.42,10.6259,6328.52,377.753,False,203.78,17.2963,21.92767455408894,0.0701012466605138,21.812769367438406,0.0016873213524313169,21.896744604301446,0.06480821696343918,25.627096111742276,0.09215438313402553
2001 RL74,63832,MBO,MBO,21163611644179532,745284185414434821,21.706522,2.736342,2.5369682,148.61605782519,1.6445339012157243,2025052000147,11,60816.02509965065,u,148.61606946187146,1.6445307332753183,15.158023834228516,5474.38,358.73,False,5517.62,1.14783,5283.45,347.583,False,-48.4753,32.3139,22.054162672372804,0.07114708313976865,22.045620508957278,0.0002258656035954724,22.092705955295767,0.07142746534746844,nan,nan
2001 RL74,63832,MBO,MBO,21163611644179532,745284185549701121,21.70652,2.7363431,2.5369773,148.61621763829842,1.644545367041911,2025052000148,13,60816.02573518561,u,148.61620591667239,1.6445448641737441,15.759284973144531,6814.64,424.025,False,6461.71,7.5087,6973.41,415.272,False,-16.4108,33.5902,21.81639268294222,0.06755738797051587,21.87413134884735,0.0012616578854219844,21.791386975178767,0.06465643617192877,nan,nan
2001 RL74,63832,MBO,MBO,21163611644179532,745284185686540414,21.706516,2.736344,2.5369856,148.61636037084176,1.6445556058957946,2025052000149,18,60816.02630374748,u,148.61634510904616,1.6445604955065918,11.949663162231445,6864.24,573.647,False,6714.69,18.0767,6938.19,569.552,False,-11.3956,20.0914,21.80851881368593,0.09073535681979185,21.832435091458844,0.002922923925369782,21.79688453747608,0.0891274574831898,nan,nan
2001 RL74,63832,MBO,MBO,21163611644179532,745284185952878609,21.706512,2.736346,2.537002,148.61664635664468,1.6445761166235828,2025052000151,14,60816.02744184488,u,148.6166684903154,1.6445910239686579,14.67984390258789,6439.66,432.492,False,6887.5,6.70241,6477.14,420.533,False,-24.7484,19.0771,21.877842628246334,0.07291879012960213,21.804845970350392,0.0010565589018060326,21.871541766572737,0.07049220525723308,nan,nan
2001 RL74,63832,MBO,MBO,21163611644179532,745284186219741199,21.70643,2.7363782,2.5372703,148.62131097536889,1.6449098333584122,2025052000153,11,60816.045988970014,u,148.62131694883044,1.6449181848289176,15.384804725646973,6906.5,442.685,False,6683.81,2.06699,6791.41,429.221,False,-304.863,24.2482,21.801854959630283,0.0695922868533453,21.837439751104576,0.0003357674362667583,21.82010010056812,0.06861914945986264,nan,nan
2001 RL74,63832,MBO,MBO,21163611644179532,745284186493943810,21.706427,2.7363803,2.5372875,148.62160598173014,1.6449308856878715,2025052000155,22,60816.047160759714,u,148.6216353719546,1.6449362135561605,14.00776195526123,6434.84,462.032,False,6650.65,8.62389,6275.04,448.473,False,-146.054,31.1192,21.87865564437031,0.0779576331946903,21.842839783279636,0.0014078728624783124,21.905958746852995,0.07759685375359823,nan,nan
2001 RL74,63832,MBO,MBO,21163611644179532,745284186623967251,21.706423,2.7363813,2.537296,148.62175727254638,1.644941679670857,2025052000156,14,60816.04776117539,u,148.62176736268597,1.644904369612883,13.043004035949707,5799.25,442.185,False,6156.04,26.3755,5518.07,429.014,False,-81.4559,17.3678,21.991570422093854,0.08278592249864211,21.926746410418748,0.004651827276736292,22.04553202093193,0.08441285724964408,nan,nan
2001 RL74,63832,MBO,MBO,21163611644179532,745284186761855001,21.70642,2.7363825,2.5373046,148.62190555045152,1.6449522570638848,2025052000157,21,60816.0483507521,u,148.62188877144928,1.6449541393763687,14.710732460021973,6536.06,445.229,False,7082.34,6.81661,6545.06,428.492,False,-55.4056,17.294,21.861709914522937,0.07395911980855012,21.77455809399977,0.0010449992913945392,21.860215909835702,0.07108097992312078,nan,nan
2001 RL74,63832,MBO,MBO,21163611644179532,745284186894499906,21.706417,2.7363834,2.5373127,148.62204779380122,1.6449624024636051,2025052000158,18,60816.048915019186,u,148.62205361543596,1.6449319559617532,11.336743354797363,5192.88,454.309,False,5456.53,4.02274,5121.43,446.156,False,2.97983,34.0502,22.11147930752884,0.09498770051320497,22.057708674507975,0.0008004417660799725,22.126521859905463,0.09458446408632516,30.214521269845818,12.406592364775667
2001 RL74,63832,MBO,MBO,21163611644179532,745284187030814726,21.706415,2.7363844,2.537321,148.62219054796074,1.644972582799968,2025052000159,22,60816.04948290947,u,148.6221947062726,1.6449655253391038,15.332049369812012,6421.97,414.581,False,6341.36,5.87652,6650.72,400.588,False,18.8486,32.7883,21.880829282566502,0.07009151079096085,21.894544001276927,0.0010061486542088118,21.84282830463853,0.06539636227737902,28.21180223254747,1.8887049008058596
2001 RL74,63832,MBO,MBO,21163611644179532,745284187433467925,21.706408,2.7363875,2.5373478,148.6226541092494,1.6450056307461476,2025052000162,22,60816.051323338674,u,148.62264658841326,1.6450072164400702,13.051616668701172,5666.97,429.154,False,5890.58,6.5919,5552.17,414.433,False,-55.0736,28.9084,22.01662267492661,0.08222171787383546,21.974604839295342,0.001215001621921805,22.0388431273649,0.08104307576805792,nan,nan
2001 RL74,63832,MBO,MBO,21163611644179532,745284187566113462,21.706404,2.7363887,2.5373569,148.6228115010997,1.645016847830258,2025052000163,19,60816.051948159235,u,148.62281879915562,1.6449579355747603,9.458234786987305,4833.28,503.611,False,4886.8,11.3748,4860.14,480.744,False,-33.3367,39.0462,22.189395160077225,0.11312994734475691,22.177438630381477,0.002527222800316776,22.18337802040073,0.10739631746176209,nan,nan
2001 RL74,63832,MBO,MBO,21163611644179532,745284187701903396,21.706402,2.7363896,2.5373652,148.622959835525,1.6450274177294786,2025052000164,22,60816.0525374446,u,148.62294127139262,1.6450213530573972,16.343971252441406,7236.99,439.013,False,7171.33,1.60114,7174.2,423.791,False,-2.86052,27.9033,21.75110503353087,0.06586333455661901,21.761000718913326,0.00024241189181586274,21.760566271371196,0.06413609925213393,nan,nan
2001 RL74,63832,MBO,MBO,21163611644179532,745284187970338859,21.706396,2.7363915,2.5373816,148.62324569802024,1.6450477829059935,2025052000166,22,60816.053672519745,u,148.62324165740029,1.6450540344922715,15.379276275634766,6534.6,424.989,False,7083.42,0.765845,6703.57,402.426,False,61.8677,41.6053,21.86195246270872,0.07061273098157926,21.774392528587683,0.00011738759719338085,21.83423465664934,0.06517847711393042,26.921340095991475,0.7301448489615288
2001 RL74,63832,MBO,MBO,21163611644179532,745284188104556547,21.706392,2.7363927,2.5373905,148.6233973307282,1.6450585829397515,2025052000167,22,60816.05427404967,u,148.62341391876575,1.6450524684168168,14.41451358795166,6526.9,447.24,False,6738.86,10.721,6483.19,430.177,False,21.3108,39.5124,21.86323261916901,0.0743974408798217,21.8285339370632,0.0017273215025804477,21.87052813614536,0.07204150267013587,28.07850058864908,2.013065854931531
2001 RL74,63832,MBO,MBO,21163611644179532,745284188233007115,21.70639,2.736394,2.5373998,148.62356005570595,1.645070171123738,2025052000168,11,60816.05492018438,u,148.62355218375836,1.645070661865603,16.9746036529541,6483.98,374.289,False,7124.25,5.77542,6284.87,364.346,False,-0.327685,44.9263,21.870395836804864,0.0626743329185558,21.768152122335763,0.0008801744459815278,21.90425923248349,0.06294221597188537,nan,nan
2001 RL74,63832,MBO,MBO,21163611644179532,745284188370894921,21.706387,2.736395,2.5374084,148.62370817941618,1.6450807177947684,2025052000169,18,60816.055508450416,u,148.6237035263137,1.6451498527195743,12.373091697692871,6246.48,501.133,False,6705.46,40.4756,6137.11,495.502,False,-51.9044,37.8864,21.910911618924484,0.08710477555823745,21.833928565915862,0.006553737683047526,21.930090255343313,0.08766088407884874,nan,nan
2001 RL74,63832,MBO,MBO,21163611644179532,745284188505112636,21.706385,2.7363958,2.5374167,148.62385177643003,1.6450909406013623,2025052000170,18,60816.05607819252,u,148.6238531099524,1.6450499746412108,12.932723999023438,8226.24,624.077,False,9612.75,36.4697,8104.52,620.673,False,-78.6875,66.9119,21.611996529390236,0.08236849432785007,21.442880880730865,0.004119161895841561,21.62818175155796,0.08314954089372571,nan,nan
2001 RL74,63832,MBO,MBO,21163611644179532,745284188640903169,21.70638,2.7363968,2.5374248,148.62399487742704,1.6451011265715787,2025052000171,21,60816.05664611027,u,148.62396893997706,1.6451049977445533,12.273221015930176,6587.52,531.469,False,7376.92,7.61104,6457.46,521.418,False,-99.2767,49.0241,21.853195129881605,0.08759519924554596,21.730312327200792,0.0011201940507182054,21.8748456949028,0.08766952271883799,nan,nan
2001 RL74,63832,MBO,MBO,21163611644179532,745284188775120903,21.706379,2.7363977,2.5374331,148.62413798615938,1.6451113115690743,2025052000172,21,60816.057214772794,u,148.6240901315321,1.6451121059242182,12.225924491882324,7279.2,592.583,False,6882.68,21.9117,7294.6,583.822,False,-106.494,35.362,21.7447908408123,0.08838729649458138,21.805606026907647,0.003456549574410809,21.74249627969421,0.08689670405158037,nan,nan
2001 RL74,63832,MBO,MBO,21163611644179532,745284188907765820,21.706375,2.7363987,2.5374413,148.6242803466751,1.6451214418035156,2025052000173,18,60816.057779285635,u,148.6242711858952,1.645123616800072,8.74370288848877,6419.1,699.357,False,6921.16,21.0844,6253.33,696.398,False,-73.3121,52.5841,21.881314629989795,0.11829028953710863,21.799552752576894,0.0033075519292972196,21.90972161687786,0.12091230163895324,nan,nan
2001 RL74,63832,MBO,MBO,21163611644179532,745284189043556353,21.706373,2.7364,2.5374508,148.62444665369296,1.6451332741355675,2025052000174,21,60816.05843995678,u,148.62445813089943,1.6451346386792,10.8968505859375,6778.8,616.406,False,6084.03,21.9245,6978.05,615.807,False,-26.4806,85.7283,21.822117979322627,0.09872755305874199,21.939521671172294,0.003912575008944279,21.790664837927793,0.09581530387134525,nan,nan
2001 RL74,63832,MBO,MBO,21163611644179532,745284189174104070,21.70637,2.7364008,2.5374591,148.62459029104352,1.6451434919173349,2025052000175,14,60816.05900968805,u,148.6245957881586,1.6451338589218276,9.681046485900879,6395.72,665.909,False,6408.02,24.6008,6375.66,657.265,False,-24.0101,51.7817,21.88527635754871,0.11304458018430251,21.8831903503158,0.004168210877536782,21.888687100814224,0.11192824037604002,nan,nan
2001 RL74,63832,MBO,MBO,21163611644179532,745284189312516105,21.706367,2.736402,2.5374684,148.6247525854731,1.6451550350362485,2025052000176,22,60816.05965395541,u,148.62472278841534,1.645185409302313,12.752327919006348,6502.75,513.887,False,6880.93,10.9365,6207.42,498.819,False,-160.204,18.3966,21.867257355602856,0.0858015065982281,21.80588212283307,0.0017256611040909284,21.917722185761377,0.08724814093497438,nan,nan
2001 RL74,63832,MBO,MBO,21163611644179532,745284189440966688,21.706348,2.7364087,2.5375233,148.62570538946687,1.6452227630736025,2025052000177,11,60816.06343342403,r,148.62570496716688,1.6452208050469506,167.0708465576172,54412.8,320.895,False,53282.8,1.31979,54840.2,320.806,False,85.7636,14.6864,19.5607472978737,0.006403039404243692,19.58353238696523,2.6893176988421255e-05,19.552252440530225,0.0063513753341631896,26.566742452828635,0.1859245186725464
2001 RL74,63832,MBO,MBO,21163611644179532,745284189578854440,21.706347,2.7364094,2.5375302,148.62582564941508,1.6452313066609967,2025052000178,18,60816.0639107544,r,148.62582277520565,1.6452248986518045,152.55699157714844,53409.5,346.878,False,49937.1,0.0264395,53864.0,346.136,False,86.6956,7.24099,19.58095371929066,0.007051516924167843,19.65394167117826,5.748495711840878e-07,19.571753496350276,0.0069770602280950205,26.555007328237707,0.09068286000544297
2001 RL74,63832,MBO,MBO,21163611644179532,745284189713072162,21.706343,2.7364104,2.537537,148.62594541092056,1.6452398137589734,2025052000179,18,60816.06438575081,r,148.6259434970829,1.6452355038732673,117.93961334228516,55523.0,469.377,False,53578.1,1.32034,56716.8,476.468,False,52.6057,5.21934,19.538817690665844,0.00917853174279039,19.57753169712268,2.675609884134982e-05,19.515720685845743,0.009121081175842413,27.097417960310413,0.10772266278394468
2001 RL74,63832,MBO,MBO,21163611644179532,745284189848862727,21.70632,2.7364182,2.5376034,148.62709793511107,1.6453216266197843,2025052000180,21,60816.06895572477,r,148.62709516831578,1.6453166844027907,117.62081146240234,54369.8,458.745,False,50710.5,0.683162,54841.6,461.104,False,60.2799,6.28353,19.561605645781647,0.00916089525422886,19.63725526833696,1.4626826571125713e-05,19.55222467702944,0.009128787215110783,26.9495686993056,0.11317630446862607
2001 RL74,63832,MBO,MBO,21163611644179532,745284189983604761,21.706318,2.7364192,2.5376108,148.62722583034758,1.6453306991949033,2025052000181,22,60816.069462385756,r,148.62722635051182,1.6453287306900568,109.9421157836914,54757.5,490.029,False,50832.5,0.984249,55223.7,493.296,False,35.4377,7.33186,19.553890970418777,0.009716335071341143,19.634646326692213,2.1022667962744367e-05,19.544686262601132,0.00969854108962975,27.52633623192878,0.22463270157859114
2001 RL74,63832,MBO,MBO,21163611644179532,745284190387830795,21.70631,2.7364218,2.5376325,148.62760476204957,1.6453575724273304,2025052000184,25,60816.070964540704,r,148.62760087606105,1.645357364700145,148.12513732910156,53870.2,361.293,False,53227.0,3.45716,54383.0,363.349,False,67.7838,8.32791,19.57162854593909,0.007281741956022491,19.584670027512026,7.051991984019744e-05,19.56134209634405,0.00725412653223199,26.822185248572374,0.13339343758056835
2001 RL74,63832,MBO,MBO,21163611644179532,745284190522048525,21.706308,2.7364225,2.5376399,148.627733440738,1.645366695645317,2025052000185,25,60816.071474644064,r,148.62772958718077,1.645358721597034,130.64108276367188,52601.4,399.539,False,51247.1,1.02121,53103.3,403.235,False,53.3091,6.68846,19.597506774329705,0.008246814191046994,19.62582673109558,2.163565523183039e-05,19.587196208288322,0.008244437091109948,27.08299660116011,0.136222575281042
2001 RL74,63832,MBO,MBO,21163611644179532,745284190653120577,21.706305,2.7364235,2.5376472,148.62786162147188,1.6453757823127575,2025052000186,19,60816.07198260975,r,148.62786163525783,1.645369275554131,87.5008773803711,54656.1,618.405,False,53463.8,5.525,54779.2,622.347,False,21.6182,8.48232,19.555903370790308,0.012284533845582557,19.57985042541292,0.00011220101353019231,19.553460801755893,0.012335058982695784,28.062951158864895,0.4260096406300095
2001 RL74,63832,MBO,MBO,21163611644179532,745284190921556046,21.7063,2.7364252,2.5376616,148.62811043279316,1.6453934168699218,2025052000188,19,60816.07296889353,r,148.6281019521492,1.6453881831211918,78.68732452392578,53844.6,675.009,False,53358.1,4.03822,55378.9,684.909,False,-7.28431,7.68802,19.57214458092164,0.013611052145471732,19.58199907664544,8.21701194573941e-05,19.541639218048573,0.01342804778597982,nan,nan
2001 RL74,63832,MBO,MBO,21163611644179532,745284191057346568,21.706297,2.736426,2.5376694,148.62824544769094,1.6454029841169295,2025052000189,22,60816.073503021646,r,148.62824357269173,1.6454009070889064,76.3614501953125,52361.6,676.448,False,53495.6,5.78737,52885.0,682.339,False,31.8689,9.7359,19.6024676958342,0.014026386898021052,19.579204811099387,0.00011745932709037624,19.591668728276744,0.014008511762414208,27.641582306195236,0.33169073722427744
2001 RL74,63832,MBO,MBO,21163611644179532,745284191192088617,21.706295,2.736427,2.5376768,148.6283736557948,1.645412067750312,2025052000190,23,60816.07401194263,r,148.6283761764573,1.6454109134706725,57.48001480102539,49998.1,869.461,False,54546.8,7.47075,50363.6,875.825,False,53.5172,7.00885,19.65261621398911,0.01888082257592766,19.558076790223176,0.0001487028290960427,19.644708051315526,0.0188809953078086,27.07876653239446,0.14219283217211431
2001 RL74,63832,MBO,MBO,21163611644179532,745284191325782040,21.706291,2.736428,2.537685,148.6285167622574,1.6454222054699492,2025052000191,22,60816.07457877447,r,148.6285220153699,1.64540474765583,33.54746627807617,50972.9,1535.5,False,51242.4,7.06263,51557.0,1554.78,False,43.8251,8.05613,19.63165167678832,0.032706555709212166,19.625926377461138,0.00014964469886873309,19.61928090330391,0.03274203247362186,27.295692712013416,0.19958499733096122
2001 RL74,63832,MBO,MBO,21163611644179532,745284191461572619,21.70629,2.736429,2.537692,148.6286376649445,1.6454307690537135,2025052000192,25,60816.07505704211,r,148.62862683549244,1.645426299668599,37.53612518310547,52628.2,1386.61,False,47849.6,4.09545,53841.9,1407.84,False,30.9336,12.4024,19.596953725001452,0.028606197539036538,19.700304185466436,9.292821909837471e-05,19.57219908878807,0.02838946741766363,27.6739238550281,0.43531095488207483
2001 RL74,63832,MBO,MBO,21163611644179532,745284191594741764,21.706285,2.73643,2.537701,148.62879467077508,1.6454418881801605,2025052000193,23,60816.075679726535,r,148.62880137302184,1.645432719220182,49.884220123291016,50160.2,986.992,False,50559.4,4.27982,50062.4,1003.56,False,6.0529,17.4533,19.6491018682707,0.02136380974693908,19.64049525497223,9.190685866219278e-05,19.651220869079808,0.021764866586578935,29.44509128167476,3.1306779771928093
2001 RL74,63832,MBO,MBO,21163611644179532,745284191730532356,21.706284,2.736431,2.5377083,148.62892316094593,1.6454509864387186,2025052000194,26,60816.07618805147,r,148.62891889740405,1.6454462022438197,111.6700439453125,47997.3,434.076,False,55095.7,1.88096,48472.8,437.021,False,18.4988,7.80017,19.6969579632678,0.009819135846226004,19.5472057523471,3.706689246603773e-05,19.686254714531547,0.009788778656297183,28.232141091109433,0.4578095219774981
2001 RL74,63832,MBO,MBO,21163611644179532,745284191863177274,21.70628,2.7364316,2.5377152,148.62904332691102,1.6454594941330498,2025052000195,23,60816.07666423876,r,148.62903871178392,1.645459299669897,104.53913879394531,52635.0,497.571,False,54156.6,2.31851,52451.9,495.301,False,32.6487,11.2111,19.59681343182228,0.010263719289008717,19.565871490836866,4.648168894964018e-05,19.600596970963487,0.010252559743422303,27.61533524301052,0.3728263756711796
2001 RL74,63832,MBO,MBO,21163611644179532,745284191997394968,21.706278,2.7364326,2.5377226,148.6291720828992,1.6454686087782373,2025052000196,23,60816.07717479927,r,148.6291684623822,1.6454621947968304,84.9168930053711,52056.3,606.699,False,49466.1,3.08043,52258.9,612.151,False,50.2623,8.69405,19.608816742284752,0.012653896497391763,19.664230787896308,6.76126540205048e-05,19.604599372455397,0.012718111640528836,27.146894135582535,0.18780368065103564
2001 RL74,63832,MBO,MBO,21163611644179532,745284192133185549,21.706276,2.7364333,2.5377295,148.62929150416065,1.6454770614899823,2025052000197,26,60816.07764777465,r,148.6292907308397,1.6454704711346333,64.16732025146484,52202.6,801.869,False,52082.4,2.0435,52603.0,807.171,False,59.2337,10.0673,19.605769632528624,0.01667767886771577,19.608272560898666,4.25998406947629e-05,19.597473717263338,0.01666016767859055,26.968577850065422,0.18453062970384487
2001 RL74,63832,MBO,MBO,21163611644179532,745284192265830443,21.706272,2.7364342,2.537737,148.62942002130063,1.6454861568008867,2025052000198,23,60816.07815667415,r,148.62941378462045,1.6454851196081879,118.17611694335938,53138.2,443.67,False,50590.2,0.703375,53759.3,445.363,False,77.6068,11.0028,19.586482918313198,0.009065203631779152,19.63983402595805,1.5095407710222544e-05,19.573865971389463,0.008994662011774103,26.675250611448885,0.15393159974960663
2001 RL74,63832,MBO,MBO,21163611644179532,745284192535838733,21.706266,2.736436,2.5377512,148.62966798594647,1.6455037019991203,2025052000200,26,60816.07913864023,r,148.62966714677577,1.6455020101512143,91.45735931396484,52110.6,565.386,False,49613.8,2.63842,52858.0,572.761,False,172.545,11.5179,19.6076847833196,0.011779945282018736,19.660993753862066,5.7738536178055455e-05,19.592223183477856,0.011764866993254026,25.80774406440431,0.07247617533073866
2001 RL74,63832,MBO,MBO,21163611644179532,745284192934297621,21.706259,2.7364388,2.5377738,148.63006246074224,1.6455316041359176,2025052000203,18,60816.08070072743,r,148.6300616985857,1.6455289906749857,35.8079948425293,51596.3,1439.51,False,51271.6,19.8657,53402.1,1463.87,False,202.323,13.4566,19.618453585461054,0.03029147654093513,19.62530779090784,0.0004206794563410001,19.581104129009226,0.029762436425796547,25.63488687046835,0.0722128386758796
2001 RL74,63832,MBO,MBO,21163611644179532,745284193068515360,21.706257,2.7364395,2.5377812,148.63019102045007,1.645540694903768,2025052000204,18,60816.08120964865,r,148.63018624072834,1.6455315663809125,41.89447021484375,51207.0,1204.39,False,52799.0,4.40542,52603.1,1217.92,False,218.834,8.73497,19.626676667210052,0.025536544682425888,19.593435757045896,9.059118170417136e-05,19.597471620995506,0.025138059295627447,25.549713004907108,0.0433382074681015
2001 RL74,63832,MBO,MBO,21163611644179532,745284193202733090,21.706253,2.7364404,2.5377886,148.63031731401364,1.6455496241985608,2025052000205,18,60816.08170973463,r,148.63030908332343,1.645610141466798,9.0648775100708,51400.9,5796.44,False,55752.1,335.734,52623.9,5826.8,False,161.14,18.7399,19.622573224737565,0.12243764008800757,19.53434689335444,0.006538203194048775,19.597042455088896,0.12021852606264953,25.88199160584238,0.12626652985044562
2001 RL74,63832,MBO,MBO,21163611644179532,745284193339047952,21.706251,2.7364414,2.5377958,148.63044260406565,1.645558481338621,2025052000206,22,60816.082205689534,r,148.6304558087451,1.6455526905805926,49.23881149291992,51408.2,1024.73,False,49305.0,6.28129,52238.5,1037.94,False,149.174,7.02678,19.62241902199247,0.021642198264167585,19.667772592156737,0.0001383191162065466,19.60502325520706,0.021572766690262875,25.965767191325323,0.051143160298615487
2001 RL74,63832,MBO,MBO,21163611644179532,745284193472741409,21.706247,2.736442,2.537803,148.63056840619777,1.6455673734726308,2025052000207,21,60816.08270365432,r,148.63055855389035,1.6455717953534506,93.92838287353516,52463.8,554.043,False,51663.2,2.6672,53474.3,559.278,False,173.012,7.37672,19.600350624502802,0.011465897770918197,19.617046759632963,5.60529689452256e-05,19.579637213657335,0.011355518084158224,25.804809474974803,0.04629258218503476
2001 RL74,63832,MBO,MBO,21163611644179532,745284193605910577,21.706245,2.736443,2.5378098,148.6306881519458,1.64557583639654,2025052000208,19,60816.08317752703,r,148.63070643448387,1.6455662366137265,21.307384490966797,52136.1,2408.01,False,57412.5,88.4148,57392.5,2492.12,False,213.156,13.0918,19.607153614986338,0.050146895733819585,19.502483853935047,0.0016720252935589768,19.502862142760705,0.047145272253979895,25.578256065531335,0.06668468430685726
2001 RL74,63832,MBO,MBO,21163611644179532,745284193741176845,21.706244,2.7364438,2.537817,148.6308139675723,1.645584727122768,2025052000209,21,60816.083675456524,r,148.63080991941465,1.64557962941165,68.6495132446289,52648.2,760.511,False,51294.2,4.20511,53298.4,770.055,False,198.833,14.5238,19.596541197128563,0.01568361927331965,19.624829364497803,8.900890004882979e-05,19.583214602208724,0.01568671122797942,25.65377887762361,0.07930784109559025
2001 RL74,63832,MBO,MBO,21163611644179532,745284193875394574,21.70624,2.7364447,2.5378244,148.63094231666707,1.645593795628223,2025052000210,21,60816.08418383806,r,148.6309387297773,1.6455943785684257,66.26737976074219,54108.1,811.679,False,56972.9,4.7254,54933.7,817.522,False,286.822,6.22022,19.566844258653767,0.016287196722633054,19.510829214242605,9.005225240760732e-05,19.55040288683596,0.016157899732250607,25.255968884695072,0.02354602633285583
2001 RL74,63832,MBO,MBO,21163611644179532,745284194144354327,21.706234,2.7364466,2.5378401,148.63121369297315,1.6456129655711915,2025052000212,22,60816.085257778046,r,148.6312130248314,1.6456068564622792,39.539974212646484,56672.0,1422.99,False,56759.8,5.7839,56876.0,1426.85,False,282.341,9.29787,19.516578651225046,0.02726199448415228,19.514897843807887,0.00011063797465532467,19.51267738613756,0.027237897834796843,25.27306511542764,0.03575475619552413
2001 RL74,63832,MBO,MBO,21163611644179532,745284194278572080,21.706232,2.7364473,2.537847,148.63133423074444,1.6456214785158096,2025052000213,22,60816.08573409721,r,148.63133799855248,1.6456178354695974,67.88304901123047,53288.9,777.905,False,53079.1,7.85099,53689.4,777.096,False,249.747,12.6411,19.58340814298281,0.015849448551871287,19.5876910919564,0.00016059246743607995,19.575278655147685,0.01571485796711544,25.406249325713013,0.05495521543991045
2001 RL74,63832,MBO,MBO,21163611644179532,745297371249246227,21.665573,2.741513,2.5795536,149.38719900410624,1.6878663609765774,2025052300085,43,60818.98851694912,u,149.38718760422472,1.687903772720308,19.25711441040039,5896.37,306.689,False,5460.96,0.0741263,5853.19,295.64,False,76.4866,20.0834,21.973538158697124,0.056472599115525185,22.056827519111447,1.4737630687720383e-05,21.98151845600271,0.05483968070270995,26.691036570510114,0.285086204508721
2001 RL74,63832,MBO,MBO,21163611644179532,745297371381891109,21.665564,2.741514,2.5795627,149.38735881695473,1.687873209942808,2025052300086,40,60818.989132629984,u,149.38736453330117,1.6878678673113314,17.778989791870117,5450.26,302.508,False,5379.0,2.81168,5521.33,293.305,False,76.733,19.9969,22.058956995643694,0.06026206037539327,22.073246139295385,0.0005675298117552805,22.04489072234017,0.057676654914382036,26.68754453088453,0.2829468212598108
2001 RL74,63832,MBO,MBO,21163611644179532,745297371516108819,21.665554,2.7415152,2.5795715,149.3875191534446,1.687880079944946,2025052300087,40,60818.98975045244,u,149.3875288897007,1.687879949470494,16.959232330322266,5459.16,321.099,False,5592.26,1.0511,5446.19,312.305,False,17.9247,31.9736,22.057185411352087,0.06386125311824906,22.03103165853625,0.00020407087467885546,22.059768040676815,0.062260193111675556,28.266370273744144,1.9367072228206044
2001 RL74,63832,MBO,MBO,21163611644179532,745297371650850833,21.665546,2.741516,2.5795805,149.38767949475195,1.687886948744717,2025052300088,41,60818.990368601706,u,149.38766232761088,1.6879205557040289,17.317873001098633,5768.67,332.71,False,5780.42,2.40267,5814.97,325.476,False,-13.9886,28.4716,21.99731077568031,0.0626202033223862,21.99510152716286,0.00045129345980972926,21.988631263629514,0.06077092026915179,nan,nan
2001 RL74,63832,MBO,MBO,21163611644179532,745297371786641416,21.665537,2.7415173,2.5795894,149.38783906246613,1.6878937830044711,2025052300089,44,60818.99098326173,u,149.3878459787252,1.687915683499226,17.03433609008789,5691.26,333.171,False,5586.9,5.3895,5773.67,324.766,False,-23.9732,18.9515,22.011978978694486,0.06355988324278866,22.032072774011073,0.0010473743097373352,21.99637012041685,0.061072108295613325,nan,nan
2001 RL74,63832,MBO,MBO,21163611644179532,745297372053504035,21.66552,2.7415195,2.5796072,149.38815873161002,1.6879074701753574,2025052300091,41,60818.992215993,u,149.38817119574807,1.6879130700386042,15.550711631774902,5615.37,358.171,False,5471.68,5.98378,5657.88,343.721,False,-1.10256,31.9931,22.026554033700087,0.06925264109237951,22.054698238541782,0.0011873512847728716,22.018365692208818,0.06595939658984364,nan,nan
2001 RL74,63832,MBO,MBO,21163611644179532,745297372187197474,21.66551,2.7415204,2.579616,149.38831883316203,1.6879143230797649,2025052300092,40,60818.992832710624,u,149.38830700345508,1.687930364569592,16.47066879272461,5521.05,331.366,False,5857.83,4.92046,5600.99,322.346,False,26.8481,19.5952,22.04494583781738,0.06516442941786697,21.980658075833293,0.0009119967186114929,22.02933796136544,0.06248586714603982,27.827716081343908,0.7924291515631295
2001 RL74,63832,MBO,MBO,21163611644179532,745297372324036639,21.6655,2.7415216,2.5796251,149.38847868018624,1.6879211636812008,2025052300093,45,60818.993448555295,u,149.3884835574313,1.6879204885383605,14.815869331359863,5586.3,374.079,False,5945.27,5.66006,5481.54,366.026,False,22.6386,14.3387,22.032189400898538,0.07270485631058991,21.96457104002728,0.001033650610605153,22.05274352326719,0.07249927544286558,28.012876113929405,0.6876770849096855
2001 RL74,63832,MBO,MBO,21163611644179532,745297372594044955,21.665483,2.7415237,2.5796428,149.38879735127853,1.6879347969028868,2025052300095,48,60818.99467669737,u,149.38881246656413,1.6879236360088834,14.129897117614746,4918.35,346.25,False,5137.55,6.42302,4953.01,337.51,False,39.1965,22.0913,22.1704514014431,0.07643542111340301,22.123109887341457,0.0013573990519307694,22.162827039344855,0.07398467889444359,27.416881808786663,0.6119251435022759
2001 RL74,63832,MBO,MBO,21163611644179532,745297372728262695,21.665474,2.7415247,2.5796516,149.38895669453643,1.6879416117412125,2025052300096,48,60818.9952900031,u,149.38894059646694,1.687945351307318,15.378742218017578,5461.41,348.463,False,5608.62,16.5904,5595.11,340.744,False,44.2151,22.047,22.056738015945918,0.06927494879127949,22.027859936522987,0.003211627514524565,22.030478453559198,0.06612168364976462,27.286073487378033,0.5413812798650572
2001 RL74,63832,MBO,MBO,21163611644179532,745297372862480406,21.665466,2.741526,2.5796607,149.38911630254668,1.6879484364955544,2025052300097,48,60818.99590580367,u,149.38911215258696,1.6879436493823736,16.96552085876465,5920.46,346.674,False,6139.15,3.56288,6001.81,338.134,False,55.0998,25.9955,21.96911137899624,0.0635755545557383,21.929729405323528,0.0006301113205118287,21.954294382411998,0.061168934903198115,27.0471249416791,0.5122388115291425
2001 RL74,63832,MBO,MBO,21163611644179532,745297372995125263,21.665457,2.7415268,2.5796695,149.38927591565738,1.6879552600585772,2025052300098,45,60818.99652042048,u,149.38925937943156,1.687962515091671,14.20627212524414,5593.6,387.964,False,5672.54,0.167316,5683.69,379.755,False,72.1821,14.4989,22.030771464498873,0.07530508830191442,22.015556075018964,3.202463845394577e-05,22.01342405469797,0.07254332343775877,26.753926242052646,0.21808705287798053
2001 RL74,63832,MBO,MBO,21163611644179532,745297373129342993,21.665447,2.741528,2.5796783,149.389435274547,1.6879620713461725,2025052300099,45,60818.99713408484,u,149.3894286644899,1.6879701030038456,14.191828727722168,5440.08,381.666,False,5669.44,10.4786,5376.15,373.126,False,68.1472,19.3071,22.060986768570796,0.07617324969573422,22.016149602490056,0.002006722890157788,22.073821576051362,0.07535437481887682,26.816379934368612,0.30760496876119614
2001 RL74,63832,MBO,MBO,21163611644179532,745297373263560718,21.66544,2.741529,2.579687,149.38959411961625,1.6879688592714512,2025052300100,45,60818.99774671452,u,149.3895704142176,1.687975417857307,14.492077827453613,5672.84,388.469,False,5650.8,4.54033,5766.1,380.029,False,18.7705,14.4507,22.015498693281724,0.07434986056042756,22.01972519630118,0.0008723721880744539,21.997794556672147,0.071558111749271,28.216310386125325,0.8358673349482043
2001 RL74,63832,MBO,MBO,21163611644179532,745297373397778456,21.66543,2.7415302,2.5796962,149.38975374874687,1.6879756792919622,2025052300101,45,60818.99836125775,u,149.38978932194664,1.68797296422084,12.141592025756836,5036.56,411.095,False,5343.28,5.96485,5136.81,401.412,False,-62.6584,12.3485,22.144664957315488,0.08862015368184191,22.080480211665986,0.0012120371393321361,22.123266231703223,0.08484400292580055,nan,nan
2001 RL74,63832,MBO,MBO,21163611644179532,745297373533044773,21.66542,2.7415311,2.579705,149.38991260449313,1.6879824648657724,2025052300102,47,60818.99897398359,u,149.38990627293362,1.687991778830426,13.26675033569336,5343.13,400.278,False,5735.97,1.51209,5018.54,388.61,False,-70.0869,13.776,22.08051067173758,0.08133740757465859,22.00348278123531,0.0002862167621730223,22.14855651649865,0.08407383967101655,nan,nan
2001 RL74,63832,MBO,MBO,21163611644179532,745297373667786755,21.665411,2.7415323,2.5797138,149.39007146563046,1.6879892492675352,2025052300103,48,60818.99958518341,u,149.39004062364083,1.6880074480532656,13.307379722595215,5081.24,381.96,False,5573.04,5.3809,5112.28,371.747,False,-69.8278,14.9646,22.135075679326782,0.08161546637499097,22.034769591946148,0.0010483035832053041,22.12846346526164,0.07895091895300722,nan,nan
2001 RL74,63832,MBO,MBO,21163611644179532,745297373802528786,21.665323,2.7415428,2.5798013,149.39164090752567,1.6880561990066996,2025052300104,49,60819.00563005344,u,149.39166984862146,1.6880044997034438,15.115103721618652,5803.8,382.146,False,5970.11,2.32531,5783.1,374.349,False,136.986,22.1885,21.99071894114529,0.07148932723820639,21.96004419203512,0.00042288555876510733,21.99459822645027,0.0702813810225131,26.058309598909414,0.17586365405123427
2001 RL74,63832,MBO,MBO,21163611644179532,745297373935173634,21.665314,2.741544,2.5798101,149.39180034948387,1.688062992821593,2025052300105,46,60819.006244870674,u,149.39172932424336,1.6880101117565138,13.509407997131348,5719.48,421.386,False,6511.18,7.08818,6222.84,410.68,False,229.159,14.9002,22.006608639503206,0.07999224109473377,21.86585071699103,0.0011819506625249012,21.91502844060112,0.0716538024139791,25.499657720156264,0.0705959038054326
2001 RL74,63832,MBO,MBO,21163611644179532,745297374876794882,21.665245,2.741552,2.5798776,149.39300648713183,1.6881143400052396,2025052300112,50,60819.010888985125,u,149.3929818546137,1.688099950860221,12.964216232299805,4688.43,366.205,False,4947.84,7.30157,5049.35,361.102,False,-6.55905,36.5528,22.22243136875636,0.08480493414156894,22.1639609161508,0.0016022302831790998,22.14191129092366,0.07764593389147555,nan,nan
2001 RL74,63832,MBO,MBO,21163611644179532,745297375014682668,21.665237,2.741553,2.5798864,149.39316676076595,1.688121156937307,2025052300113,57,60819.01150549284,u,149.39316980928933,1.688110377823162,17.804872512817383,5398.88,303.476,False,5434.53,0.705267,5332.7,295.41,False,-31.0659,30.513,22.069240837097045,0.06103023255583815,22.062095066637987,0.00014090159762690326,22.082632079223984,0.06014539060448499,nan,nan
2001 RL74,63832,MBO,MBO,21163611644179532,745297375274205203,21.665215,2.7415557,2.5799077,149.39354500053088,1.688137238887848,2025052300115,40,60819.0129616186,u,149.39352195087034,1.6881368155693124,18.254453659057617,5409.66,293.582,False,5698.86,0.629903,5538.56,287.169,False,-4.70503,24.8213,22.067075042825643,0.05892285246278368,22.010530055824745,0.0001200079540560071,22.041507826397254,0.056294376837583926,nan,nan
2001 RL74,63832,MBO,MBO,21163611644179532,745297375408947210,21.665207,2.741557,2.5799165,149.3937047760259,1.6881440297714725,2025052300116,41,60819.01357651569,u,149.3936819280949,1.6881306280999606,17.313343048095703,5377.75,308.708,False,5100.44,1.40774,5289.84,302.888,False,-27.073,25.1676,22.07349847764332,0.062326337368004595,22.130980904909723,0.000299667146185429,22.091393691381096,0.06216756609474145,nan,nan
2001 RL74,63832,MBO,MBO,21163611644179532,745297375541592116,21.665197,2.7415578,2.5799255,149.39386533750545,1.6881508526058893,2025052300117,38,60819.014194414274,u,149.39385095777254,1.688147478606703,18.198362350463867,6095.78,332.787,False,5916.99,1.78201,6074.31,323.265,False,-62.8939,24.5468,21.937426826537838,0.05927361114142047,21.969747868746182,0.00032698933973651255,21.941257609040946,0.05778113510009569,nan,nan
2001 RL74,63832,MBO,MBO,21163611644179532,745297375681052674,21.665188,2.741559,2.5799344,149.3940264252228,1.688157696334231,2025052300118,48,60819.01481426267,u,149.39402641255623,1.6881589192595712,20.898353576660156,5806.82,276.948,False,5418.4,1.59307,5819.03,266.677,False,-78.8885,119.881,21.990154122949033,0.05178264134538239,22.065322363072546,0.0003192185589270669,21.987873549577095,0.04975758617621298,nan,nan
2001 RL74,63832,MBO,MBO,21163611644179532,745297375811600437,21.665178,2.74156,2.5799434,149.3941869999365,1.6881645168039947,2025052300119,41,60819.01543220354,u,149.39419631147754,1.6881783901657939,21.079914093017578,5887.79,277.727,False,6099.96,5.03424,5805.37,271.956,False,-204.931,44.6826,21.9751192137715,0.05121416453461663,21.936682539030855,0.0008960479110713445,21.990425217277703,0.05086195409576588,nan,nan
2001 RL74,63832,MBO,MBO,21163611644179532,745297375947915284,21.665169,2.7415612,2.5799522,149.3943468018387,1.6881713029962204,2025052300120,45,60819.01604786089,u,149.3943399814764,1.6881801080381782,19.331439971923828,5641.92,290.448,False,5260.79,0.453333,5683.82,278.73,False,69.6959,113.565,22.021432705649527,0.05589407709533907,22.097372576953674,9.35600996889218e-05,22.013399243903905,0.05324364136086671,26.79198192403955,1.7691375648907306
2001 RL74,63832,MBO,MBO,21163611644179532,745297376080035861,21.665161,2.7415621,2.5799613,149.39450661026888,1.6881780880158146,2025052300121,41,60819.01666260169,u,149.39451376077966,1.6881760993719388,20.250106811523438,6545.69,320.162,False,6081.61,0.100463,6636.58,311.774,False,148.389,22.3644,21.86011142589478,0.05310539669853845,21.93995360848146,1.793543518266374e-05,21.8451391524154,0.05100583451167999,25.97149567434772,0.16363637787792296
2001 RL74,63832,MBO,MBO,21163611644179532,745297376214253582,21.665152,2.7415633,2.5799701,149.3946674648682,1.6881849159880034,2025052300122,41,60819.017281629225,u,149.39467106848792,1.6881862957770069,18.973220825195312,5668.11,295.494,False,5403.31,0.0488351,5835.11,288.189,False,60.4349,122.097,22.016404351356783,0.05660238224714449,22.06835027647278,9.81288028888148e-06,21.98487740664394,0.053623193634389506,26.94678050959423,2.193519590272271
2001 RL74,63832,MBO,MBO,21163611644179532,745297376351092758,21.665142,2.7415643,2.579979,149.39482624736513,1.6881916545610975,2025052300123,46,60819.01789290727,u,149.39482211367124,1.6881924829347281,16.99676513671875,5419.28,319.237,False,5133.91,0.546773,5523.94,313.694,False,56.7097,91.7498,22.065146066917812,0.06395816086440217,22.123879339446923,0.00011563335580091856,22.044377629749107,0.06165688564560388,27.015856595975773,1.7565968205352007
2001 RL74,63832,MBO,MBO,21163611644179532,745297376486359046,21.665133,2.7415655,2.579988,149.39498711556126,1.6881984801867396,2025052300124,48,60819.01851106773,u,149.39498142530994,1.6881950147282982,20.197484970092773,5972.77,294.889,False,5502.56,2.13068,6147.81,283.204,False,125.646,120.804,21.95956051841083,0.05360522351525084,22.048588021426077,0.0004204145858600965,21.928198897082858,0.05001534596379841,26.152128299882783,1.0438953370642994
2001 RL74,63832,MBO,MBO,21163611644179532,745297376620576777,21.665123,2.7415664,2.5799968,149.39514669121033,1.688205249514595,2025052300125,48,60819.01912587398,u,149.39512925278203,1.6881884446604896,18.13573455810547,5320.74,289.674,False,5089.39,0.822636,5479.53,279.327,False,85.7593,97.8087,22.085069858481916,0.05911011395341624,22.133335640487314,0.00017549562393821407,22.053141770063576,0.055346981265035074,26.566796928347294,1.2382849096575288
2001 RL74,63832,MBO,MBO,21163611644179532,745297376755318814,21.665115,2.7415676,2.580006,149.39530731335265,1.688212061771056,2025052300126,49,60819.019743997706,u,149.3953038914666,1.688209180766052,18.679384231567383,5673.44,302.693,False,5792.78,3.45675,5777.78,298.171,False,-0.295887,77.4195,22.015383845461166,0.057926891797389496,21.99278245266454,0.000647895945275921,21.995597537293083,0.056031044982483076,nan,nan
2001 RL74,63832,MBO,MBO,21163611644179532,745297376889536538,21.665106,2.7415686,2.5800147,149.39546690276268,1.6882188287715367,2025052300127,49,60819.02035760998,u,149.39546312605148,1.6882307720949041,19.121673583984375,6142.07,317.98,False,6217.68,2.03338,6173.11,312.335,False,-52.1374,31.3494,21.929213126806395,0.05620945710449618,21.9159290522525,0.00035507042110724475,21.92373998448477,0.05493396614447215,nan,nan
2001 RL74,63832,MBO,MBO,21163611644179532,745297377022181387,21.665096,2.7415698,2.5800238,149.39562701896668,1.6882256166500338,2025052300128,46,60819.02097333546,u,149.39560655220765,1.6882246623947277,18.088214874267578,5666.61,312.095,False,5420.11,2.10223,5682.15,305.877,False,-18.076,50.075,22.016691716965447,0.05979815980363561,22.064979776027997,0.0004211108921218887,22.013718283052427,0.05844649546116562,nan,nan
2001 RL74,63832,MBO,MBO,21163611644179532,745297377156399122,21.665087,2.7415707,2.5800326,149.39578688216957,1.6882323923435445,2025052300129,46,60819.02158864962,u,149.39577949567706,1.6882556680267922,17.613788604736328,5664.67,317.394,False,5490.82,3.08181,5707.23,310.621,False,31.9265,50.1828,22.017063478086946,0.06083428959575203,22.050907017493717,0.0006093867214102242,22.008936566552908,0.05909214613708738,27.639621712015263,1.7065848930316267
2001 RL74,63832,MBO,MBO,21163611644179532,745297377290616839,21.665077,2.741572,2.5800416,149.3959467525198,1.6882391668810397,2025052300130,46,60819.022203362154,u,149.39595025504906,1.688237093833324,19.13067626953125,5777.99,298.614,False,5289.5,0.401547,5788.61,289.517,False,20.1097,56.174,21.995557991276556,0.056112252312722,22.091463446331577,8.242256012605377e-05,21.993564299313995,0.05430303550622624,28.1414860611213,3.032872077207531
2001 RL74,63832,MBO,MBO,21163611644179532,745297377424834575,21.665068,2.7415729,2.5800505,149.3961068898486,1.6882459512680172,2025052300131,46,60819.02281900284,u,149.3961002166018,1.688237689543383,21.0343017578125,6233.89,292.039,False,6234.67,2.97927,6220.25,285.982,False,-74.492,59.7193,21.913102139506805,0.05086347531602298,21.91296633537654,0.0005188247851243408,21.915480400234934,0.04991776945903274,nan,nan
2001 RL74,63832,MBO,MBO,21163611644179532,745297377561149441,21.66506,2.741574,2.5800593,149.396266514345,1.6882527124694826,2025052300132,50,60819.02343359553,u,149.39625366996643,1.688249032352028,21.42607307434082,6023.06,276.161,False,5510.44,1.49824,5922.8,267.636,False,-62.4493,77.4656,21.95045701566403,0.049781673233953626,22.047034316619254,0.0002952020931636457,21.968682366518898,0.04906160762391813,nan,nan
2001 RL74,63832,MBO,MBO,21163611644179532,745297379840753693,21.664879,2.741595,2.5802329,149.39937650302977,1.6883841502431516,2025052300149,46,60819.03539085956,g,149.39961956533645,1.6883934608509124,146.3486785888672,7932.78,132.299,False,25352.8,1.93156,11302.1,131.88,False,3280.76,24.9953,21.65143650402328,0.01810737391807899,20.389935140466434,8.271925002156682e-05,21.267102173578472,0.012669052736553131,22.61006384360706,0.008271956009003045
2001 RL74,63832,MBO,MBO,21163611644179532,745297379974971453,21.664871,2.741596,2.5802405,149.3995131209507,1.688389911367456,2025052300150,46,60819.03591508551,g,149.3997149466037,1.6883909814000393,146.42779541015625,11029.8,142.597,False,25814.8,1.08096,14882.0,141.83,False,3766.06,10.0537,21.293580925270454,0.014036766619883144,20.370328055385365,4.5463742145182204e-05,20.968346749496163,0.01034739738670124,22.46028189606931,0.0028984313572700702
2001 RL74,63832,MBO,MBO,21163611644179532,745297381726093377,21.664766,2.741608,2.5803397,149.40128943057488,1.6884647193305309,2025052300163,58,60819.04273919154,g,149.40128908433798,1.688463559112791,173.7874755859375,31709.1,181.834,False,29210.4,0.364199,31609.3,182.831,False,-9.02189,35.6543,20.147040224341907,0.0062260915349362875,20.23615622514167,1.3537098031521165e-05,20.15046277734216,0.006279994313509246,nan,nan
2001 RL74,63832,MBO,MBO,21163611644179532,745297381851398149,21.664755,2.741609,2.5803509,149.40148810528007,1.688473074994919,2025052300164,41,60819.04350260107,g,149.4014876297794,1.6884633872046442,166.84217834472656,31426.1,188.427,False,29599.7,0.408749,31612.1,186.838,False,19.0709,9.93142,20.156773793179884,0.006509939843553091,20.22178175514833,1.499317949247853e-05,20.15036664568391,0.006417061212257477,28.199072029851283,0.5654113142834288
2001 RL74,63832,MBO,MBO,21163611644179532,745297383061979269,21.664637,2.7416224,2.5804605,149.40345655753885,1.688555738200579,2025052300173,46,60819.05105965396,r,149.40370926033162,1.6885556268976318,211.42623901367188,12250.3,186.328,False,52000.5,1.76291,17237.8,183.977,False,5015.02,32.2172,21.179633206426544,0.016514131243027256,19.609981201191992,3.680840034006274e-05,20.808795356935452,0.011587933850241651,22.149318322434134,0.006974923660986361
2001 RL74,63832,MBO,MBO,21163611644179532,745297383197769730,21.664629,2.7416234,2.5804682,149.40359309838811,1.6885614637305415,2025052300174,49,60819.051583761844,r,149.40383001074576,1.6885646192493955,206.84048461914062,14305.8,191.863,False,51893.8,1.8484,19712.6,192.398,False,5138.1,25.6995,21.011219641911318,0.014561409739720031,19.61221129937205,3.867272713004958e-05,20.663140247830064,0.010596951849502673,22.122993598249153,0.005430582534308615
2001 RL74,63832,MBO,MBO,21163611644179532,745297383600947307,21.664604,2.741626,2.580491,149.40400302073766,1.6885786463603276,2025052300177,50,60819.053156911876,r,149.40376938620264,1.6885648276217449,206.5120086669922,15231.1,190.623,False,50075.4,0.954112,20397.7,190.49,False,5022.55,31.5218,20.943171854095073,0.013588401301311368,19.650938966118453,2.0687083215655978e-05,20.626047041355925,0.010139471780149992,22.14768937000144,0.0068141401955826774
2001 RL74,63832,MBO,MBO,21163611644179532,745297383733592114,21.664597,2.741627,2.5804987,149.4041395877954,1.6885843686364272,2025052300178,47,60819.05368098723,r,149.40386563984526,1.6885697151747234,210.70071411132812,9983.9,182.365,False,52034.3,1.17174,15185.3,182.478,False,5046.74,21.8305,21.401749401490292,0.01983195757148859,19.60927569240132,2.4449268679875402e-05,20.94644157336888,0.013047023784460016,22.14247262170099,0.004696529390494025
2001 RL74,63832,MBO,MBO,21163611644179532,745297384936833130,21.664484,2.7416396,2.5806031,149.4060110182416,1.6886626734324095,2025052300187,38,60819.06085855108,i,149.40601068756516,1.6886649172987052,212.91348266601562,77295.0,361.252,False,71712.4,0.417617,76594.7,355.249,False,-100.904,17.852,19.179621496208107,0.0050743824414965786,19.261014380443775,6.322782379431169e-06,19.189503156960384,0.005035683638430755,nan,nan
2001 RL74,63832,MBO,MBO,21163611644179532,745297385074720890,21.664476,2.7416406,2.5806108,149.4061482057889,1.688668405609509,2025052300188,45,60819.06138473396,i,149.40614725123018,1.6886671279702543,218.01898193359375,77741.4,355.846,False,71192.1,0.137814,77635.6,356.161,False,-139.582,52.7578,19.173369128511077,0.004969744592920194,19.26892046668384,2.1017731786078197e-06,19.174847693746464,0.004980922364267821,nan,nan
2001 RL74,63832,MBO,MBO,21163611644179532,745297385208938637,21.664467,2.7416413,2.5806184,149.4062848784938,1.6886741151799,2025052300189,45,60819.06190884062,i,149.40628332095957,1.688671926038929,220.01123046875,78141.9,355.547,False,70417.3,0.138013,77386.0,352.761,False,-68.2849,50.3695,19.167790104773374,0.004940118616660283,19.2808016257705,2.1279674623213377e-06,19.178344002449577,0.004949285070718642,nan,nan
2001 RL74,63832,MBO,MBO,21163611644179532,745297385344729232,21.66446,2.7416422,2.580626,149.40642181902314,1.6886798348427656,2025052300190,48,60819.06243327331,i,149.40642221465956,1.6886731431593613,223.33926391601562,78113.8,347.213,False,70557.3,0.17908,78134.5,348.266,False,-79.0142,52.9841,19.168180629855797,0.0048260583114363535,19.27864516460126,2.755684277210455e-06,19.16789290662367,0.004839411470524434,nan,nan
2001 RL74,63832,MBO,MBO,21163611644179532,745297385477374070,21.66445,2.7416432,2.5806336,149.40655928823915,1.6886855754836831,2025052300191,45,60819.06296078522,i,149.4065579890954,1.6886821367833584,223.5250244140625,78040.0,347.192,False,71886.8,0.212192,77983.6,348.088,False,-54.0196,52.2772,19.1692068481938,0.004830329437381631,19.258377168023053,3.2048240517649007e-06,19.169991778518945,0.004846297814582397,nan,nan
2001 RL74,63832,MBO,MBO,21163611644179532,745297385613164549,21.664442,2.7416441,2.5806415,149.4066970253072,1.6886913262008352,2025052300192,48,60819.063488538115,i,149.40669414539397,1.6886913254058302,217.7642364501953,77834.3,351.07,False,69439.7,0.496893,77362.1,347.78,False,59.5461,45.4127,19.17207248370104,0.004897190989837742,19.295980361408184,7.769254236746052e-06,19.178679352593136,0.0048809084595557925,26.962866682690795,0.828034291825023
2001 RL74,63832,MBO,MBO,21163611644179532,745297385747382292,21.664434,2.741645,2.5806491,149.40683450863511,1.6886970652167284,2025052300193,48,60819.064015990574,i,149.40683310653,1.6886937147169256,211.42042541503906,79415.3,370.053,False,77192.6,0.355038,79857.1,368.872,False,40.5061,17.7154,19.15023959064054,0.005059226186857162,19.181060805331448,4.993711689977905e-06,19.144216141760914,0.005015179458784138,27.381198931655526,0.4748482835731462
2001 RL74,63832,MBO,MBO,21163611644179532,745297385880551576,21.664425,2.741646,2.5806568,149.40697225988575,1.6887028143067986,2025052300194,46,60819.06454344802,i,149.40697154060433,1.6887027739512057,223.37149047851562,78500.0,349.251,False,70684.1,0.250185,77633.4,345.048,False,0.578624,38.6363,19.162825858136866,0.004830502712548772,19.27669564443699,3.8429423349680025e-06,19.174878504952517,0.004825643576420464,31.994008873006216,72.497559824126
2001 RL74,63832,MBO,MBO,21163611644179532,745297386016342019,21.664417,2.741647,2.5806644,149.4071092355823,1.6887085299275542,2025052300195,49,60819.06506858168,i,149.4071087390237,1.68870410867072,221.6815643310547,78754.4,350.921,False,70232.6,0.279395,79123.1,350.999,False,-6.65649,44.8451,19.159312953725543,0.004837921835493832,19.28365311027382,4.31920896323995e-06,19.15424174269939,0.004816448128562977,nan,nan
2001 RL74,63832,MBO,MBO,21163611644179532,745297386150559770,21.66441,2.741648,2.580672,149.4072467402054,1.6887142665141333,2025052300196,49,60819.06559514809,i,149.40724679751114,1.6887112650452885,220.4221954345703,79822.6,357.81,False,71211.0,0.453626,79288.2,353.097,False,44.8868,37.5391,19.1446853047029,0.004866883077841091,19.268632288719985,6.916321622331503e-06,19.151978560672983,0.0048351477918172035,27.26970341396296,0.9080077373044837
2001 RL74,63832,MBO,MBO,21163611644179532,745297386284777583,21.6644,2.7416487,2.5806797,149.40738346920952,1.68871996964461,2025052300197,49,60819.06611941331,i,149.40738309588406,1.6887149837437583,220.90676879882812,77290.5,341.39,False,73413.6,0.100028,77479.8,340.48,False,57.1427,38.0288,19.179684707996056,0.004795666981669373,19.235558673905548,1.479344693847703e-06,19.177028816300172,0.004771198297289059,27.00759810378338,0.7225637901152003
2001 RL74,63832,MBO,MBO,21163611644179532,745297386419519643,21.664392,2.7416496,2.5806873,149.4075204661928,1.6887256828549155,2025052300198,50,60819.06664482081,i,149.40752019041,1.6887221249875044,224.45571899414062,79506.2,352.0,False,75902.0,1.32587,79741.1,350.423,False,19.8992,38.4916,19.1489974652185,0.004806909763682185,19.199366950988566,1.8965838871973322e-05,19.14579442296288,0.004771277736713763,28.152910933562364,2.1001710026484557
2001 RL74,63832,MBO,MBO,21163611644179532,745297386552164459,21.664383,2.7416506,2.580695,149.40765642643316,1.688731351743139,2025052300199,47,60819.067165975925,i,149.40765327270242,1.6887291387471601,225.34747314453125,75871.6,334.129,False,71199.2,0.232327,75536.2,331.589,False,-13.0614,46.9706,19.199801870951767,0.004781445791349716,19.26881216760561,3.5428182257493206e-06,19.204612122616325,0.004766167160144263,nan,nan
2001 RL74,63832,MBO,MBO,21163611644179532,745297386686382209,21.664375,2.7416515,2.5807025,149.40779317660514,1.68873705247548,2025052300200,47,60819.06768914743,i,149.40779359957057,1.6887356769386184,224.27821350097656,76523.7,341.059,False,70966.4,0.269966,76408.7,338.803,False,-22.9853,41.5275,19.190510054536592,0.004839024757020769,19.272368086914028,4.130290863347179e-06,19.192142928695088,0.004814251232435692,nan,nan
2001 RL74,63832,MBO,MBO,21163611644179532,745297386820599919,21.664368,2.7416525,2.5807102,149.4079296729883,1.688742741535941,2025052300201,47,60819.06821238123,i,149.40792558716103,1.6887405856682678,214.92117309570312,77904.5,357.404,False,68821.7,0.632161,77828.0,355.499,False,-29.0993,46.346,19.171093638593824,0.004981053129317507,19.305686460331117,9.97301834775121e-06,19.172160324434543,0.0049593735849336115,nan,nan
2001 RL74,63832,MBO,MBO,21163611644179532,745297386954817681,21.664358,2.7416534,2.5807178,149.40806669853058,1.6887484515535731,2025052300202,47,60819.068737992246,i,149.40806510556982,1.6887438199809501,217.52609252929688,76252.6,350.399,False,70575.9,0.2229,76410.5,349.04,False,9.24726,36.1436,19.194363336511497,0.004989218181432309,19.278358961345628,3.4290828578487663e-06,19.192117396141548,0.004959598146672362,28.984967317465475,4.243680311394652
2001 RL74,63832,MBO,MBO,21163611644179532,745301777369268253,21.644955,2.7432506,2.5938299,149.65076940382934,1.6978059564619312,2025052400145,82,60819.98026129721,i,149.65076655558858,1.6978033436763575,205.55941772460938,75549.1,363.743,False,72897.9,1.34285,75697.7,364.539,False,43.9904,60.1617,19.20442673991956,0.005227447429788687,19.243212479278895,2.0000313604233868e-05,19.202293244950994,0.005228602396075114,27.291605261847423,1.4848635043257612
2001 RL74,63832,MBO,MBO,21163611644179532,745301777483038849,21.644945,2.7432516,2.5938373,149.6509062386417,1.697810569113746,2025052400146,43,60819.9807832778,i,149.65090393102466,1.6978062102617577,205.6100616455078,74776.4,356.386,False,76217.4,3.12221,75062.7,357.808,False,-6.55413,80.2295,19.215588640559048,0.0051746430198600195,19.19486469819592,4.447667505518356e-05,19.211439500049373,0.005175474621721048,nan,nan
2001 RL74,63832,MBO,MBO,21163611644179532,745301777617256538,21.644936,2.7432525,2.593845,149.6510433386987,1.6978151897449327,2025052400147,43,60819.98130642876,i,149.6510420236468,1.697811966605136,214.6740264892578,74763.3,345.176,False,75638.2,4.27028,75177.3,348.105,False,-80.9752,76.5355,19.21577888891754,0.005012754791614765,19.203146992209163,6.129703355345984e-05,19.2097832353084,0.005027451493953211,nan,nan
2001 RL74,63832,MBO,MBO,21163611644179532,745301777751998524,21.644926,2.7432535,2.5938525,149.6511804418329,1.6978198095161894,2025052400148,44,60819.98182965605,i,149.65117712670187,1.6978165519423418,212.3294219970703,74037.1,342.61,False,69754.2,1.07356,74422.6,345.969,False,-148.978,66.315,19.22637647885144,0.005024292650000965,19.291074045799085,1.671014658875141e-05,19.22073788145639,0.005047271323171567,nan,nan
2001 RL74,63832,MBO,MBO,21163611644179532,745301777906663488,21.644918,2.7432544,2.59386,149.6513178101697,1.6978244372565734,2025052400149,83,60819.98235309965,i,149.6513131059476,1.697822834486098,219.90069580078125,75015.3,332.85,False,69035.2,0.181829,75151.6,335.98,False,-45.8994,74.2648,19.212125419153686,0.004817514792786071,19.302323482423823,2.859676301192847e-06,19.210154399224795,0.004853997179281877,nan,nan
2001 RL74,63832,MBO,MBO,21163611644179532,745301778020433960,21.644909,2.7432554,2.5938675,149.65145491954837,1.6978290553070092,2025052400150,44,60819.98287619607,i,149.65145372112175,1.6978267489489567,231.9359130859375,76310.9,325.943,False,69103.6,0.252796,76508.4,330.518,False,-68.0048,70.5648,19.19353358324951,0.004637451735092528,19.30124829336048,3.9718590233144976e-06,19.19072722274126,0.004690404871682011,nan,nan
2001 RL74,63832,MBO,MBO,21163611644179532,745301778308792345,21.64489,2.743257,2.5938828,149.65172914781726,1.6978382888308703,2025052400152,82,60819.98392289992,i,149.65172371945314,1.697836028065902,214.37213134765625,75710.6,346.268,False,70129.2,0.309839,76736.4,351.658,False,224.157,44.7394,19.20210825773195,0.004965694397110594,19.285252739854908,4.796909362607623e-06,19.187496469823184,0.004975576371436017,25.52361924720781,0.21670162309709518
2001 RL74,63832,MBO,MBO,21163611644179532,745301778426757143,21.644806,2.7432654,2.5939503,149.65295284813482,1.6978794447690595,2025052400153,51,60819.988589141874,i,149.6529497556759,1.6978762268566125,230.5226287841797,76573.5,330.812,False,69317.4,0.049359,77340.9,333.942,False,5.92853,70.2434,19.1898037546059,0.004690585882739034,19.297894363071872,7.731227060228623e-07,19.17897696803189,0.004687984131361188,29.467632405756742,12.86420079965315
2001 RL74,63832,MBO,MBO,21163611644179532,745301778557304882,21.644796,2.743266,2.593958,149.65309025932208,1.6978840614043835,2025052400154,44,60819.98911337381,i,149.65308812483494,1.6978812612845928,228.5405731201172,74811.2,325.003,False,69377.4,0.190379,75471.0,328.915,False,-54.712,68.8656,19.21508340202856,0.004716773677502039,19.29695497417168,2.979376148351735e-06,19.20554973878841,0.0047318166324224024,nan,nan
2001 RL74,63832,MBO,MBO,21163611644179532,745301778691522616,21.644787,2.743267,2.5939655,149.6532281983875,1.697888694792424,2025052400155,44,60819.98963994597,i,149.6532243931932,1.6978856129464035,226.9806671142578,75891.5,334.765,False,70027.2,0.0723109,76446.2,337.426,False,-75.1797,67.2201,19.199517158081335,0.004789291244608343,19.28683304738989,1.1211437982686136e-06,19.191610199854463,0.004792332438815259,nan,nan
2001 RL74,63832,MBO,MBO,21163611644179532,745301778829410377,21.644777,2.743268,2.593973,149.6533650921211,1.6978932920937622,2025052400156,51,60819.99016198833,i,149.65336123002854,1.697891325558208,209.82162475585938,75416.1,356.178,False,69273.0,0.142695,75340.9,354.492,False,-37.0593,56.0258,19.20633980265989,0.005127755900051821,19.298590010002986,2.2365008314927515e-06,19.207423012889546,0.00510857729932311,nan,nan
2001 RL74,63832,MBO,MBO,21163611644179532,745301778963628109,21.644768,2.743269,2.5939806,149.65350251378837,1.6978979061482382,2025052400157,51,60819.990685411554,i,149.65350117672858,1.6978958441911547,212.03140258789062,76197.6,356.057,False,68839.7,0.0767468,76532.0,356.45,False,-2.55944,56.2917,19.19514674634144,0.005073440309830488,19.3054025281481,1.2104465090223974e-06,19.190392342913974,0.005056847899436197,nan,nan
2001 RL74,63832,MBO,MBO,21163611644179532,745301779096272926,21.644758,2.74327,2.5939882,149.65363967683834,1.6979025105435546,2025052400158,48,60819.99120829157,i,149.6536320511165,1.6979013827377165,208.5832977294922,76093.6,361.709,False,69497.8,0.314391,76621.4,362.75,False,-9.63485,60.0733,19.1966296498911,0.005161019652009844,19.295072406517374,4.911604288994162e-06,19.189124814641577,0.005140219524931735,nan,nan
2001 RL74,63832,MBO,MBO,21163611644179532,745301779226820654,21.644749,2.7432709,2.5939958,149.6537765812783,1.697907105284589,2025052400159,41,60819.991730077396,i,149.6537754280411,1.6979057003346123,202.61749267578125,76937.1,372.909,False,68667.6,0.209914,76867.1,371.58,False,-72.2015,49.2083,19.184660447046067,0.00526249092370904,19.30812030369165,3.3190503708089278e-06,19.185648736547087,0.005248511212004221,nan,nan
2001 RL74,63832,MBO,MBO,21163611644179532,745301779361038377,21.64474,2.7432718,2.5940032,149.65391427611814,1.6979117255718403,2025052400160,41,60819.99225536175,i,149.65391328505956,1.6979107041740202,203.0799560546875,75565.5,367.57,False,68976.4,0.0258535,76095.6,368.617,False,-94.9074,43.6744,19.20419109919151,0.005281299862174075,19.303248714525605,4.0695196264281706e-07,19.19660111340671,0.005259447578345427,nan,nan
2001 RL74,63832,MBO,MBO,21163611644179532,745301779498926134,21.64473,2.7432725,2.5940108,149.65405171229486,1.6979163361980776,2025052400161,48,60819.99277955042,i,149.65405202310652,1.6979143439968514,208.57972717285156,76557.8,362.891,False,68892.5,0.17783,77026.3,363.842,False,-57.6486,46.8535,19.19002643216102,0.005146489366479421,19.304570137752933,2.8025759651523546e-06,19.18340245206943,0.005128591917780896,nan,nan
2001 RL74,63832,MBO,MBO,21163611644179532,745301779633668164,21.64472,2.7432735,2.5940185,149.654187840755,1.6979209019866777,2025052400162,49,60819.993298227986,i,149.65418483970282,1.6979190734961316,220.84494018554688,75578.7,340.204,False,69940.0,0.331992,75788.8,340.081,False,-59.6387,42.2615,19.204001411322995,0.004887247272033679,19.288185930066934,5.153785165295224e-06,19.200987467943495,0.0048719370485252765,nan,nan
2001 RL74,63832,MBO,MBO,21163611644179532,745301779903152179,21.644703,2.7432754,2.5940335,149.6544616825296,1.6979300838020923,2025052400164,51,60819.99434295512,i,149.6544595927129,1.6979279709015536,215.96607971191406,76563.1,349.226,False,69477.2,0.185508,77059.8,349.856,False,-16.1819,37.071,19.18995120413748,0.004952350654802635,19.295394182090398,2.8989760741773724e-06,19.182930350239246,0.004929305909660458,nan,nan
2001 RL74,63832,MBO,MBO,21163611644179532,745301780304756793,21.644674,2.743278,2.5940561,149.65487168641317,1.6979438237882931,2025052400167,49,60819.995905787044,i,149.65487157058055,1.6979413456089283,200.1844482421875,75122.6,373.333,False,70343.0,0.352542,75726.9,373.907,False,-54.6952,16.395,19.21057345119345,0.005395728510228014,19.281947784401453,5.441445874306168e-06,19.201874575753834,0.005360900677800595,nan,nan
2001 RL74,63832,MBO,MBO,21163611644179532,745301780437401675,21.644665,2.743279,2.5940638,149.65500888665528,1.697948419665848,2025052400168,46,60819.99642804626,i,149.65500985894874,1.697946364683452,194.90188598632812,78502.7,397.574,False,70960.4,0.7262,78878.1,396.35,False,-44.3706,12.0883,19.162788471765545,0.005498670418389203,19.272459886593523,1.1111290698511252e-05,19.1576088763427,0.005455652999479382,nan,nan
2001 RL74,63832,MBO,MBO,21163611644179532,745301780573192272,21.644655,2.74328,2.5940711,149.65514477898142,1.69795297076384,2025052400169,49,60819.99694684725,i,149.65514413544597,1.6979499341115925,205.80421447753906,75435.0,356.78,False,69584.1,0.167536,75162.0,353.343,False,-43.8699,27.9357,19.20606776330848,0.005135135703695152,19.293724939493426,2.6141015340381397e-06,19.21000418048255,0.0051041387103725145,nan,nan
2001 RL74,63832,MBO,MBO,21163611644179532,745301780707409945,21.644646,2.743281,2.5940788,149.6552819869659,1.697957564946437,2025052400170,49,60819.997469902744,i,149.65528274142125,1.6979543863271618,212.13671875,76210.0,355.114,False,70177.8,0.16031,76324.2,353.589,False,-126.292,30.8593,19.19497009593335,0.00505918044168125,19.284500674800285,2.480191441340528e-06,19.19334430331586,0.005029916481568773,nan,nan
2001 RL74,63832,MBO,MBO,21163611644179532,745301780843724806,21.644636,2.7432818,2.5940864,149.6554181494359,1.6979621231502795,2025052400171,53,60819.99798851295,i,149.6554135948862,1.6979585962459374,213.07688903808594,76676.4,356.367,False,71357.5,0.485018,77208.3,357.858,False,-141.479,37.3629,19.18834573633724,0.005046149359345905,19.266400934529095,7.37976507568085e-06,19.180840068674378,0.005032352795540678,nan,nan
2001 RL74,63832,MBO,MBO,21163611644179532,745301780975845434,21.644627,2.7432828,2.5940938,149.65555562770726,1.697966724420002,2025052400172,49,60819.998512696766,i,149.65555255714358,1.6979648607340319,214.00294494628906,76474.5,352.923,False,74694.1,1.5197,77000.6,354.114,False,-102.63,39.9195,19.191208384516294,0.005010575853363966,19.216784230401256,2.209000885647535e-05,19.183764704787826,0.0049931350853629234,nan,nan
2001 RL74,63832,MBO,MBO,21163611644179532,745301781106917459,21.644567,2.7432885,2.5941415,149.65641784470083,1.6979955594829872,2025052400173,43,60820.00179829667,z,149.65641809824928,1.6979937053222045,124.85098266601562,82867.4,660.651,False,77306.4,0.368729,83128.9,656.482,False,-282.263,25.2171,19.104040738264622,0.008655909609747754,19.17946139809232,5.178645339300525e-06,19.100619936020763,0.00857422969313523,nan,nan
2001 RL74,63832,MBO,MBO,21163611644179532,745301781241659416,21.644558,2.7432895,2.594149,149.6565553525493,1.698000154549281,2025052400174,44,60820.00232259649,z,149.65656033378002,1.697997920453011,125.08621215820312,82333.0,650.243,False,78260.4,1.74923,81924.7,643.484,False,-361.821,26.5574,19.111065149352026,0.008574840541640651,19.166144863399644,2.4267731942311905e-05,19.11646280929814,0.008528000210866598,nan,nan
2001 RL74,63832,MBO,MBO,21163611644179532,745301781375877139,21.644548,2.7432904,2.5941567,149.6566928647165,1.6980047487684968,2025052400175,44,60820.002846007206,z,149.65669227346612,1.698003376887441,130.15260314941406,82907.6,633.811,False,77586.5,0.511621,83002.9,628.379,False,-290.317,28.8935,19.10351412099166,0.008300222278864566,19.175534597806625,7.159563081959552e-06,19.10226685479975,0.008219639002990053,nan,nan
2001 RL74,63832,MBO,MBO,21163611644179532,745301781513764881,21.644539,2.7432911,2.5941641,149.65682906883723,1.6980092983086823,2025052400176,51,60820.00336581418,z,149.65682927264703,1.6980073756381306,125.65248107910156,83021.8,654.372,False,74619.3,2.00412,82537.3,646.302,False,-228.28,32.3208,19.10201967810285,0.008557696997602289,19.217872118898192,2.916063075945382e-05,19.108374396300214,0.008501774461924636,nan,nan
2001 RL74,63832,MBO,MBO,21163611644179532,745301781776957508,21.64452,2.743293,2.5941794,149.65710385167253,1.6980184737424349,2025052400178,41,60820.00441263528,z,149.65710891715008,1.698015708856004,127.10384368896484,81588.5,639.939,False,75470.4,0.867615,81945.1,635.468,False,-217.169,28.3547,19.120927628192177,0.00851596694674345,19.20555839298391,1.2481728200438844e-05,19.116192505415484,0.008419669028345964,nan,nan
2001 RL74,63832,MBO,MBO,21163611644179532,745301781912748082,21.64451,2.743294,2.594187,149.65724085591205,1.6980230470494777,2025052400179,44,60820.00493446327,z,149.65723831197258,1.6980207705953676,131.62423706054688,81706.2,617.473,False,75373.3,1.87543,82246.3,613.232,False,-166.26,38.8884,19.11936242657924,0.008205164238529404,19.20695622000331,2.701516746357893e-05,19.11220911742546,0.008095296734107778,nan,nan
2001 RL74,63832,MBO,MBO,21163611644179532,745301782046965811,21.6445,2.743295,2.5941944,149.65737786432655,1.698027619509444,2025052400180,44,60820.005456584026,z,149.65737357491466,1.698023972998535,128.932861328125,81955.1,630.207,False,74204.4,0.399033,81918.6,623.087,False,-165.254,29.7322,19.11606001794013,0.0083489436411884,19.22392587829433,5.83852972303228e-06,19.116543675432126,0.008258296341406766,nan,nan
2001 RL74,63832,MBO,MBO,21163611644179532,745301782183280799,21.644491,2.743296,2.594202,149.65751487718657,1.6980321911309335,2025052400181,48,60820.00597883633,z,149.65750914304928,1.6980267816048762,128.28025817871094,81320.3,625.852,False,74412.6,0.540958,81824.5,622.638,False,-309.556,31.2882,19.124502611394053,0.008355972496408173,19.22088377922568,7.892986668133325e-06,19.117791599571873,0.008261836242058757,nan,nan
2001 RL74,63832,MBO,MBO,21163611644179532,745301782319071248,21.644482,2.7432966,2.5942097,149.65765241925718,1.6980367794171618,2025052400182,51,60820.00650210535,z,149.6576484817413,1.698034171844308,125.03565979003906,81856.0,650.359,False,74092.0,0.195794,81857.1,646.102,False,-504.374,27.6964,19.117373703843647,0.008626347756216962,19.225571704863363,2.8691442504023402e-06,19.1173590928409,0.008569767422048156,nan,nan
2001 RL74,63832,MBO,MBO,21163611644179532,745301784333385736,21.644339,2.7433105,2.5943234,149.65970952956715,1.6981052838643758,2025052400197,53,60820.014337399916,z,149.65996529550225,1.6981066134226848,132.0650634765625,2357.48,442.233,False,66418.7,3.58915,15823.9,437.963,False,13573.6,131.614,22.96887996642236,0.20367018378617902,19.344274021450936,5.8671275766821556e-05,20.90171614891256,0.030050258627131284,21.068262414162334,0.010527648320447709
2001 RL74,63832,MBO,MBO,21163611644179532,745301784466030624,21.64433,2.7433114,2.5943308,149.65984688256742,1.6981098499353793,2025052400198,50,60820.01486095751,z,149.66006164319535,1.6981122690094888,129.6080780029297,12275.2,453.998,False,64865.8,3.19215,26148.2,445.923,False,13890.2,137.952,21.177428540678363,0.04015592758330881,19.369960540227634,5.343082040436076e-05,20.356395537191503,0.018515797057007944,21.043228737151104,0.01078310422502837
2001 RL74,63832,MBO,MBO,21163611644179532,745301784601821209,21.64432,2.7433124,2.5943384,149.65998502836325,1.6981144413540474,2025052400199,53,60820.015386180174,z,149.660161051776,1.6981164117760053,134.06716918945312,19020.2,426.682,False,64823.4,1.84573,31950.0,418.272,False,12789.6,135.977,20.701962346368393,0.02435642747022071,19.370670510860407,3.091439011322787e-05,20.138822843763954,0.014213867207590998,21.132857628279687,0.011543376013128628
2001 RL74,63832,MBO,MBO,21163611644179532,745301784870256672,21.6443,2.743314,2.5943537,149.66026002117673,1.6981235780161317,2025052400201,53,60820.016433712604,z,149.66004639053682,1.6981129074346628,126.01581573486328,12392.7,441.389,False,61881.9,1.94169,25741.7,430.972,False,13364.8,148.648,21.16708514161437,0.03867050911798026,19.421090928273486,3.406752459155663e-05,20.373406971379236,0.018177583508617305,21.085093855712437,0.012075939205187194
2001 RL74,63832,MBO,MBO,21163611644179532,745301785805062169,21.644173,2.7433262,2.594453,149.6620609693287,1.6981833154978314,2025052400208,44,60820.023288582335,r,149.66205836409333,1.6981793563247716,220.58566284179688,59875.7,271.408,False,54036.1,0.0743549,60232.1,273.716,False,-56.9003,32.6687,19.456873504817285,0.004921487085876183,19.568289976797395,1.4939976547228337e-06,19.450429958914224,0.004933969876913816,nan,nan
2001 RL74,63832,MBO,MBO,21163611644179532,745301785939279879,21.644163,2.7433271,2.5944607,149.66219867092784,1.69818787596798,2025052400209,44,60820.02381293694,r,149.66219677165603,1.6981850808697432,209.0783233642578,58988.4,281.7,False,55043.3,0.269991,59386.5,281.222,False,-62.2914,7.08754,19.47308348742076,0.005184950095874195,19.548238826643377,5.325607491187999e-06,19.465780673820326,0.005141452864540041,nan,nan
2001 RL74,63832,MBO,MBO,21163611644179532,745301786071924814,21.644154,2.743328,2.5944684,149.66233532668952,1.698192400803831,2025052400210,41,60820.024332603716,r,149.66233328721856,1.698191477189921,215.24856567382812,60047.7,278.023,False,55645.5,0.0647308,60358.0,277.81,False,-45.6946,7.3035,19.453759070808545,0.005026997735397836,19.536424877253488,1.263005523721301e-06,19.448162898191843,0.004997322184186566,nan,nan
2001 RL74,63832,MBO,MBO,21163611644179532,745301786211385351,21.644144,2.7433288,2.594476,149.66247277592785,1.6981969509096346,2025052400211,51,60820.02485572451,r,149.6624677029882,1.6981946165989443,209.44915771484375,59545.8,283.656,False,54504.1,0.111614,59836.4,282.295,False,-19.9137,8.29541,19.46287214976175,0.005172079159536369,19.55892703701774,2.2233805034089093e-06,19.457586386530103,0.005122265452211585,nan,nan
2001 RL74,63832,MBO,MBO,21163611644179532,745301786341933122,21.644135,2.7433298,2.5944834,149.66260944216552,1.6982014740976024,2025052400212,44,60820.025375670215,r,149.6626098708387,1.698196419999426,203.6649169921875,59549.7,289.73,False,54138.9,0.0959283,59892.2,289.196,False,-28.5598,6.77652,19.46280106941468,0.005282484490430145,19.566226462630173,1.9238076044953078e-06,19.456574348737476,0.005242595650289629,nan,nan
2001 RL74,63832,MBO,MBO,21163611644179532,745301786478247984,21.644125,2.7433307,2.594491,149.66274742778552,1.698206039943338,2025052400213,48,60820.02590084262,r,149.66273928206087,1.6982030069267078,195.30014038085938,59231.2,303.265,False,54502.0,0.227736,59843.8,303.891,False,-68.3056,7.53078,19.468623685921976,0.005558992733276992,19.558968901508997,4.536736564737267e-06,19.45745207872193,0.0055134441186918464,nan,nan
2001 RL74,63832,MBO,MBO,21163611644179532,745301786610368541,21.644115,2.7433317,2.5944986,149.66288463018975,1.698210578867038,2025052400214,44,60820.026422853975,r,149.6628843599622,1.6982071448129838,187.9875030517578,59883.4,317.118,False,55709.8,0.0909051,60529.9,318.492,False,-105.634,5.30648,19.456733902553733,0.005749615339520823,19.53517098644691,1.7716623825508313e-06,19.445075136962807,0.005712851153288834,nan,nan
2001 RL74,63832,MBO,MBO,21163611644179532,745301786744586269,21.644106,2.7433326,2.5945063,149.6630221008623,1.698215125659358,2025052400215,44,60820.026945783255,r,149.66302196767882,1.6982136459356618,189.14434814453125,58330.4,307.101,False,54874.5,0.126825,58782.2,307.623,False,-99.7257,5.64294,19.485262642560453,0.005716242258975763,19.551573559732425,2.5093349260114507e-06,19.47688542424389,0.005681948235709751,nan,nan
2001 RL74,63832,MBO,MBO,21163611644179532,745301786881425501,21.644096,2.7433336,2.594514,149.66315878838742,1.6982196455506524,2025052400216,49,60820.02746558065,r,149.66315525433004,1.698216556052133,206.19004821777344,58394.0,281.612,False,51715.5,0.00802629,58629.5,281.606,False,-61.7339,13.3146,19.484079436189823,0.005236091782789357,19.615948180196114,1.685071859574004e-07,19.479709523798064,0.005214948381931104,nan,nan
2001 RL74,63832,MBO,MBO,21163611644179532,745301787016691729,21.644087,2.7433345,2.5945215,149.66329705841613,1.698224216757449,2025052400217,51,60820.027991999144,r,149.66329282752872,1.6982218052045839,206.75418090820312,60480.1,292.811,False,55738.0,0.0851997,60564.5,291.445,False,-30.5372,6.77841,19.44596872051992,0.005256530671650302,19.53462154692129,1.6596289358777641e-06,19.444454659539332,0.005224717386388107,nan,nan
2001 RL74,63832,MBO,MBO,21163611644179532,745301787150909459,21.644075,2.7433352,2.5945292,149.66343428252023,1.6982287523777504,2025052400218,51,60820.0285134994,r,149.66342775586756,1.6982243368702254,201.3767547607422,58843.5,291.552,False,54198.3,0.0774778,59551.7,293.422,False,24.355,6.87259,19.475753758561122,0.005379499249538533,19.565035822994197,1.5520864860214624e-06,19.462764605150817,0.005349618729122119,27.93352968563745,0.3063773350146824
2001 RL74,63832,MBO,MBO,21163611644179532,745301787285127230,21.644066,2.7433362,2.5945368,149.66357230070776,1.6982333132314915,2025052400219,51,60820.0290386908,r,149.6635718388232,1.6982282633044208,203.15748596191406,59707.2,292.38,False,53494.6,0.0676302,60228.2,291.982,False,63.7316,7.2474,19.45993325121865,0.0053167383666011805,19.57922510709235,1.3726349247164235e-06,19.45050030434532,0.005263571330676698,26.889112916522638,0.12346723052667932
2001 RL74,63832,MBO,MBO,21163611644179532,745301787419869228,21.644056,2.7433372,2.5945444,149.66371058727884,1.6982378819347042,2025052400220,52,60820.029564888915,r,149.66370614950557,1.6982342882198065,202.91412353515625,59888.3,293.426,False,54310.0,0.0424701,60256.3,293.48,False,66.3919,6.84705,19.456645022590685,0.005319623731094124,19.56280049301843,8.490393401847524e-07,19.449993834477915,0.005288108781477373,26.84471227096766,0.11197285191158922
2001 RL74,63832,MBO,MBO,21163611644179532,745301787552514058,21.644047,2.743338,2.594552,149.66384835359136,1.6982424324347496,2025052400221,49,60820.030088322615,r,149.66384022038264,1.6982377291593609,190.67832946777344,59293.6,307.414,False,53333.0,0.120538,59847.5,307.817,False,77.3409,8.26183,19.46748042325147,0.005629115156517011,19.58250996603183,2.4538740859008422e-06,19.457384966480667,0.005584327603173251,26.678976993736818,0.11598221252051376
2001 RL74,63832,MBO,MBO,21163611644179532,745301787820425218,21.644028,2.74334,2.594567,149.66412337717136,1.698251513590382,2025052400223,48,60820.031134837554,r,149.66412151239982,1.6982500690727393,215.9196319580078,59100.3,274.148,False,52825.4,0.0681444,59023.8,272.724,False,-5.62584,22.9685,19.47102577210715,0.005036394337429519,19.5928930464532,1.4005922928991938e-06,19.472432069893586,0.0050167274171918535,nan,nan
2001 RL74,63832,MBO,MBO,21163611644179532,745306225883217957,21.620964,2.7449896,2.6080942,149.91666035557867,1.7054766811800108,2025052500521,85,60820.97064975185,g,149.91665604736957,1.7054696853925413,158.1248321533203,29625.5,186.886,False,28619.4,0.273022,29612.0,184.058,False,42.8712,5.19298,20.220835777947553,0.006849129907863085,20.25834867362533,1.0357654658366868e-05,20.221330648224587,0.006748562505655614,27.319585885931595,0.1315150058615833
2001 RL74,63832,MBO,MBO,21163611644179532,745306226017959940,21.620953,2.7449906,2.6081018,149.91679856905833,1.705480114045674,2025052500522,86,60820.97117170756,g,149.9167940939168,1.705477583842284,150.426513671875,27992.7,188.25,False,28200.5,0.131499,27809.5,184.53,False,42.9265,4.77966,20.28238805579164,0.007301540982114864,20.27435797873033,5.062790842836224e-06,20.289517048622862,0.007204404988894301,27.318186340523788,0.12089153190864811
2001 RL74,63832,MBO,MBO,21163611644179532,745306226150604868,21.620941,2.7449915,2.6081095,149.91693731483593,1.7054835592075208,2025052500523,83,60820.97169588203,g,149.91693515349698,1.705476838354327,155.54852294921875,29511.1,190.083,False,28264.0,0.04488,29792.8,189.343,False,40.6914,5.06179,20.225036520016054,0.006993300475281907,20.271915938933027,1.7240249008127462e-06,20.21472166855976,0.006900209021807859,27.376243456444918,0.13505971381550005
2001 RL74,63832,MBO,MBO,21163611644179532,745306226284822598,21.620932,2.7449925,2.608117,149.9170763279935,1.7054870100787207,2025052500524,83,60820.972220035575,g,149.917076241462,1.7054819601008115,158.03591918945312,30298.9,191.739,False,28223.5,0.193495,30219.4,188.862,False,53.249,5.43968,20.196432831627853,0.006870809493322826,20.273472825813393,7.443603123963871e-06,20.199285392813984,0.006785518836320109,27.08422134812636,0.11091396205353736
2001 RL74,63832,MBO,MBO,21163611644179532,745306226420613165,21.62092,2.7449934,2.6081245,149.9172148142463,1.7054904469442873,2025052500525,86,60820.97274321155,g,149.9172197055718,1.705484900035897,154.75303649902344,30180.4,194.436,False,28129.7,0.0363564,30350.8,192.214,False,59.8327,4.72957,20.200687507301865,0.006994811434320865,20.277087278930715,1.4032663558187202e-06,20.19457461482517,0.0068760526376010125,26.957653518422333,0.08582372828645055
2001 RL74,63832,MBO,MBO,21163611644179532,745306226553258029,21.620909,2.7449942,2.6081321,149.91735224398863,1.7054938566760454,2025052500526,83,60820.97326288884,g,149.91734901085582,1.7054863375480713,156.89797973632812,30133.3,190.928,False,28114.9,0.127322,30249.7,189.093,False,39.3088,4.96782,20.202383233497734,0.006879347099993235,20.277658627076693,4.916898394273112e-06,20.198197348254944,0.0067870135567252,27.413775541853155,0.13721462496443684
2001 RL74,63832,MBO,MBO,21163611644179532,745306226689048602,21.620897,2.744995,2.6081395,149.9174907356419,1.7054972918331608,2025052500527,86,60820.97378587482,g,149.91749065187963,1.7054917952259072,153.2149658203125,29521.2,190.968,False,26741.8,0.115031,29725.3,189.09,False,12.379,5.65596,20.22466501113441,0.007023457025985165,20.33202337721881,4.670340587481837e-06,20.217184355484175,0.00690663675676343,28.668286118084286,0.4960724435421445
2001 RL74,63832,MBO,MBO,21163611644179532,745306226822742055,21.620886,2.744996,2.6081471,149.91762896517395,1.7055007195657943,2025052500528,85,60820.9743077991,g,149.91762565593655,1.7054973072695758,155.7653045654297,29808.5,191.281,False,27716.5,0.0979057,29638.4,187.123,False,-0.704083,5.47826,20.21414969411108,0.006967164176126786,20.293154031710486,3.835252152286275e-06,20.22036309824588,0.006854830704697711,nan,nan
2001 RL74,63832,MBO,MBO,21163611644179532,745306226959581220,21.620876,2.744997,2.6081548,149.91776666796386,1.7055041333195948,2025052500529,90,60820.97482747467,g,149.91776899369026,1.705500186720768,153.69107055664062,29852.8,194.413,False,28114.0,0.208077,29947.0,191.837,False,0.72175,4.85077,20.212537293096943,0.007070734442161795,20.27769339875792,8.035737737359119e-06,20.209116693512463,0.0069551000904547544,31.754032987056412,7.297064708294197
2001 RL74,63832,MBO,MBO,21163611644179532,745306227090128970,21.620865,2.744998,2.6081622,149.91790516781478,1.7055075659093888,2025052500530,83,60820.97535075101,g,149.917905303981,1.705504593525192,163.73236083984375,29889.5,182.283,False,28014.3,0.147807,29906.6,180.063,False,-1.41466,5.83224,20.211203374751847,0.006621430863040073,20.281550531923244,5.72848184627635e-06,20.210582408982738,0.006537049501930898,nan,nan
2001 RL74,63832,MBO,MBO,21163611644179532,745306227224346709,21.620853,2.744999,2.6081698,149.9180428762018,1.705510977964675,2025052500531,83,60820.97587058709,g,149.91804160077479,1.7055099699061587,163.23880004882812,29420.4,180.285,False,28077.3,0.213984,29687.3,179.432,False,3.81171,6.07483,20.22837855282681,0.006653273002813331,20.27911161387644,8.274661989579196e-06,20.218573218463465,0.006562261336915747,29.94720040515116,1.7303685576639978
2001 RL74,63832,MBO,MBO,21163611644179532,745306227363807234,21.620842,2.745,2.6081774,149.91818297086442,1.705514448205104,2025052500532,93,60820.97639929077,g,149.91818222305352,1.7055110964578752,161.04537963867188,28633.9,178.99,False,27339.9,0.264116,29188.1,179.339,False,8.63077,5.98884,20.25779872540957,0.0067869178352458065,20.308007680152084,1.0488710187005841e-05,20.236985450781866,0.006671035549927172,29.059876175712873,0.7533859352295964
2001 RL74,63832,MBO,MBO,21163611644179532,745306227496452189,21.62083,2.7450006,2.608185,149.91832121454794,1.70551787166525,2025052500533,90,60820.97692103904,g,149.91831986479372,1.705513413513166,159.9989013671875,29088.0,181.747,False,26440.9,0.0238982,29153.3,178.639,False,6.01234,6.00028,20.240715346145315,0.006783872783000001,20.344309399817167,9.81325889713117e-07,20.238280666591095,0.006652928927477456,29.452391157274587,1.0835583242546978
2001 RL74,63832,MBO,MBO,21163611644179532,745306227606552643,21.62082,2.7450016,2.6081927,149.91846025573884,1.70552131394214,2025052500534,44,60820.977446518904,g,149.9184569602739,1.705518406726594,160.3566131591797,28793.7,178.854,False,26354.9,0.0377846,28740.1,176.071,False,0.21351,5.80204,20.251756340836515,0.0067441236338440045,20.34784655219718,1.5566026149355805e-06,20.253779327480217,0.006651565616629146,33.076454414734805,29.504401674173348
2001 RL74,63832,MBO,MBO,21163611644179532,745306227740770366,21.620808,2.7450025,2.6082,149.91859850541033,1.70552473569565,2025052500535,44,60820.97796848843,g,149.91859816457674,1.7055191982834965,161.61878967285156,29243.8,180.521,False,27457.1,0.082833,29331.4,178.645,False,-9.29962,6.00903,20.234915458299454,0.006702212979909633,20.303363351849644,3.2754656469601304e-06,20.231668004208842,0.006612754466362817,nan,nan
2001 RL74,63832,MBO,MBO,21163611644179532,745306227874988076,21.620798,2.7450035,2.6082077,149.91873543370338,1.70552812383203,2025052500536,44,60820.9784858992,g,149.91873611695044,1.7055240737367214,159.71417236328125,28969.4,181.655,False,27331.9,0.140919,29123.4,180.222,False,-23.6496,5.6426,20.245151234353195,0.006808197832558635,20.308325426762803,5.597885911857771e-06,20.239394797584573,0.006718774174785039,nan,nan
2001 RL74,63832,MBO,MBO,21163611644179532,745306228009205819,21.620787,2.7450044,2.608215,149.91887421890598,1.7055315569890062,2025052500537,44,60820.979009012066,g,149.91887367652657,1.7055257009534728,161.8469696044922,28876.4,177.906,False,26927.4,0.0833349,28881.4,175.407,False,-19.3473,6.60014,20.24864236258296,0.0066891644731504095,20.324513929922983,3.360135669011884e-06,20.248454381705436,0.0065940614157906806,nan,nan
2001 RL74,63832,MBO,MBO,21163611644179532,745306228147093582,21.620775,2.7450054,2.6082227,149.91901141806792,1.7055349499943024,2025052500538,51,60820.97952775342,g,149.91901067158594,1.7055291141204674,159.09298706054688,28235.9,177.124,False,26720.3,0.114448,28174.8,173.943,False,12.9574,5.649,20.272995897146846,0.006810830509528688,20.332896643662828,4.650409512524381e-06,20.27534786521526,0.006703018300235864,28.618705308485993,0.4733452583479277
2001 RL74,63832,MBO,MBO,21163611644179532,745306228298088468,21.620764,2.745006,2.6082304,149.91915126884788,1.705538407636188,2025052500539,83,60820.98005534505,g,149.91915089305104,1.7055346545515893,148.9749755859375,28957.7,193.996,False,26829.0,0.169851,29173.8,193.154,False,35.8668,6.47392,20.24558986795305,0.007273660851740865,20.328488786320108,6.87365856450292e-06,20.237517467580076,0.007188446237118205,27.513268470694207,0.195974257566513
2001 RL74,63832,MBO,MBO,21163611644179532,745306228433354766,21.620695,2.7450118,2.6082773,149.92001375294242,1.7055597105385036,2025052500540,85,60820.983311723336,u,149.92001922830275,1.7055664862820872,17.678966522216797,6030.98,340.235,False,6045.45,1.9429,5865.21,329.098,False,-145.571,15.3495,21.949030282862736,0.06125131287416935,21.946428380903853,0.0003489362647168458,21.979291091333,0.060920854862114966,nan,nan
2001 RL74,63832,MBO,MBO,21163611644179532,745306228566523951,21.620682,2.745013,2.6082864,149.92017746946638,1.7055637501691427,2025052500541,83,60820.98392945569,u,149.92016949456203,1.705578087854817,15.600388526916504,5764.9,368.955,False,6064.02,1.59145,5712.98,363.159,False,-136.971,11.7418,21.99802057271729,0.06948737942261533,21.94309843402477,0.00028494214257274755,22.007843244499064,0.06901737307337688,nan,nan
2001 RL74,63832,MBO,MBO,21163611644179532,745306228700741648,21.620668,2.7450142,2.6082952,149.92034092560078,1.7055677820744186,2025052500542,83,60820.98454604609,u,149.92033146718862,1.70557282860809,16.060935974121094,6006.22,373.203,False,5938.3,4.47826,5952.43,366.425,False,-120.043,13.9973,21.95349687167701,0.06746339586480798,21.965844700314648,0.000818788074023983,21.963264225822307,0.06683671438828186,nan,nan
2001 RL74,63832,MBO,MBO,21163611644179532,745306228834959385,21.620655,2.7450151,2.6083043,149.92050359162448,1.7055717931995975,2025052500543,83,60820.9851604967,u,149.9205007704076,1.7055913629009976,17.253095626831055,6283.69,361.909,False,6609.86,5.19183,6344.08,354.289,False,-104.949,14.1105,21.90446313166867,0.06253295501223609,21.84951936991253,0.0008528105116212115,21.894078359438804,0.060633597164756275,nan,nan
2001 RL74,63832,MBO,MBO,21163611644179532,745306228970749978,21.620642,2.7450163,2.608313,149.92066705704158,1.7055758227392226,2025052500544,86,60820.985777339905,u,149.92064108805616,1.7055937302775417,18.314184188842773,5908.07,320.109,False,5717.39,1.00376,5857.36,312.15,False,-99.428,15.5266,21.97138595160701,0.05882698591116972,22.007005429713058,0.00019061469050243372,21.980745232641283,0.0578609745003077,nan,nan
2001 RL74,63832,MBO,MBO,21163611644179532,745306229103394828,21.620628,2.7450173,2.6083221,149.9208302622905,1.7055798445673649,2025052500545,83,60820.986393106185,u,149.92083428643076,1.7055568742155602,20.478647232055664,6265.15,304.642,False,6160.47,1.2669,6052.57,296.039,False,-74.632,17.7498,21.907671333629132,0.05279376426582937,21.925965344622117,0.00022328151721092302,21.94515047927237,0.05310475901074199,nan,nan
2001 RL74,63832,MBO,MBO,21163611644179532,745306229239185409,21.620615,2.7450185,2.608331,149.9209937373086,1.7055838717425575,2025052500546,86,60820.98701003194,u,149.9209762086962,1.7055913954738353,16.60917091369629,5450.92,327.21,False,5618.71,5.3962,5382.31,319.186,False,-9.79807,16.3991,22.05882549509736,0.06517500520520825,22.025908464261516,0.0010427393377374266,22.072578218652104,0.06438718645258552,nan,nan
2001 RL74,63832,MBO,MBO,21163611644179532,745306229372878856,21.620602,2.7450194,2.6083398,149.92115668708402,1.7055878846820605,2025052500547,85,60820.987625629394,u,149.92114495696222,1.705603894527197,16.701642990112305,5065.7,302.007,False,5288.66,1.61976,5171.75,292.155,False,67.1831,16.4371,22.138401291878033,0.06472943697603913,22.09163584847981,0.0003325288565830609,22.115906192195965,0.0613338346934306,26.831849936353496,0.2656375569956177
2001 RL74,63832,MBO,MBO,21163611644179532,745306229509718033,21.620588,2.7450206,2.6083488,149.92131964180632,1.7055918964489107,2025052500548,90,60820.98824021709,u,149.92132364333688,1.7056214971618806,17.318687438964844,5562.93,318.163,False,5765.61,0.944351,5683.29,309.451,False,94.6544,17.9764,22.036740977895192,0.062096965286695185,21.99788686999114,0.00017783306779092556,22.013500449387486,0.059117542795810586,26.45964794045574,0.20619884504688474
2001 RL74,63832,MBO,MBO,21163611644179532,745306229640265759,21.620575,2.7450216,2.6083577,149.92148180639347,1.7055958874775488,2025052500549,83,60820.98885259776,u,149.9214643082003,1.7055945684480482,16.494314193725586,5449.33,327.465,False,5587.05,6.59008,5526.73,320.471,False,91.8828,17.8713,22.05914221277476,0.06524482775272995,22.032043642968596,0.0012806558853578484,22.043829383080148,0.06295711524122445,26.49191447949329,0.21117682243423505
2001 RL74,63832,MBO,MBO,21163611644179532,745306229774483488,21.620564,2.7450228,2.6083665,149.9216445058232,1.7055998903796843,2025052500550,83,60820.98946626492,u,149.92162721149901,1.705605301204615,18.80100440979004,6164.89,326.508,False,5983.08,4.63691,6188.15,318.436,False,50.3912,15.3874,21.92518664618723,0.05750330405085667,21.957687961198793,0.0008414497145088381,21.921097936133922,0.05587089915255387,27.144113226464558,0.33153916923247345
2001 RL74,63832,MBO,MBO,21163611644179532,745306229912371236,21.62055,2.7450237,2.6083755,149.92180721019446,1.7056038921110124,2025052500551,90,60820.99008081766,u,149.9218012645855,1.7055999329190006,18.5150203704834,5731.62,306.445,False,5593.82,0.286305,5738.6,297.333,False,14.1093,16.5202,22.004306504198794,0.058049632113884586,22.03072881568695,5.557056270580503e-05,22.002985096536705,0.0562550458226756,28.526236356731,1.2712594157273216
2001 RL74,63832,MBO,MBO,21163611644179532,745306230046588967,21.620537,2.745025,2.6083844,149.92197044956123,1.7056079057015452,2025052500552,90,60820.99069647894,u,149.9219690228977,1.7056050511422163,18.924835205078125,6045.84,316.336,False,5868.38,3.32778,6048.97,307.924,False,-39.366,15.7653,21.946358404017268,0.05680888931138149,21.978704450914254,0.0006156880278117597,21.94579638488836,0.055269613741337396,nan,nan
2001 RL74,63832,MBO,MBO,21163611644179532,745306230156689420,21.620523,2.7450259,2.6083932,149.92213395894208,1.7056119246259636,2025052500553,44,60820.99131314667,u,149.92213750782616,1.7056112704048059,19.39312171936035,6367.77,327.707,False,6590.01,2.33416,6351.1,318.377,False,-61.128,17.9388,21.89003157527244,0.05587566042061315,21.8527848545795,0.00038456424299751447,21.89287760607658,0.05442733474851661,nan,nan
2001 RL74,63832,MBO,MBO,21163611644179532,745306230290907149,21.62051,2.745027,2.6084023,149.9222966784438,1.7056159228387249,2025052500554,44,60820.99192794111,u,149.9223126860203,1.7055951151498054,16.076663970947266,5942.31,370.599,False,6066.76,0.79408,5913.1,362.119,False,-19.544,13.2377,21.965111728174037,0.06771318674375776,21.9426080052759,0.00014211233993232872,21.97046192287607,0.06649062069794878,nan,nan
2001 RL74,63832,MBO,MBO,21163611644179532,745306230425124882,21.620497,2.7450283,2.608411,149.92245913797186,1.7056199133723386,2025052500555,44,60820.99254046436,u,149.9224704252721,1.7056098321543063,13.977585792541504,5405.55,382.723,False,5563.58,4.0751,5577.01,375.618,False,26.7418,12.0708,22.067900317182158,0.07687214506578424,22.036614141629578,0.0007952583563531077,22.03399648759065,0.07312558007893938,27.832023396423857,0.4900830999457777
2001 RL74,63832,MBO,MBO,21163611644179532,745306230559342608,21.620483,2.7450292,2.60842,149.9226226629222,1.7056239287726442,2025052500556,44,60820.99315735164,u,149.92264778425576,1.7056210565567613,14.484722137451172,5849.92,403.983,False,5970.77,16.7114,6006.79,396.796,False,51.4039,11.2788,21.982125197070545,0.07497862824107251,21.9599241413271,0.0030388326718655736,21.953393870219088,0.0717214634494667,27.12250982178038,0.2382270894411972
2001 RL74,63832,MBO,MBO,21163611644179532,745306230982443043,21.620388,2.745037,2.6084847,149.9238059260991,1.7056529451191862,2025052500559,83,60820.99762132482,r,149.92379880090937,1.7056490112858782,100.32487487792969,52704.3,523.926,False,51549.9,0.421597,53610.5,533.566,False,-159.965,4.33086,19.595384860006853,0.010793150576888027,19.61943046504315,8.879612663964411e-06,19.576875355736938,0.01080594101960916,nan,nan
2001 RL74,63832,MBO,MBO,21163611644179532,745306231116660759,21.620377,2.745038,2.6084924,149.92394431023916,1.7056563341366795,2025052500560,83,60820.99814325482,r,149.92393727650327,1.7056530813027775,111.58737182617188,52361.9,467.487,False,50686.8,0.0529843,53390.8,476.37,False,-156.597,4.25615,19.602461540044224,0.009693452219450366,19.637762798618176,1.1349497895650902e-06,19.581333913332372,0.009687289626508477,nan,nan
2001 RL74,63832,MBO,MBO,21163611644179532,745306231254548510,21.620365,2.745039,2.6084998,149.92408296357692,1.7056597288048458,2025052500561,90,60820.998666450614,r,149.9240807595976,1.7056575063201853,171.40682983398438,51751.1,302.867,False,49841.5,0.27997,52506.4,305.191,False,-101.008,4.88768,19.615201003690963,0.006354138597429629,19.656022239712502,6.098804302919247e-06,19.599469425447996,0.006310791413328093,nan,nan
2001 RL74,63832,MBO,MBO,21163611644179532,745306231386669074,21.620354,2.74504,2.6085074,149.92422215122627,1.705663135605941,2025052500562,86,60820.99919193251,r,149.92421528044213,1.7056608756513412,172.6423797607422,52184.5,302.463,False,47921.5,0.0401167,52659.8,303.493,False,-99.7444,4.95603,19.606146183303032,0.006292961386686057,19.698673991179202,9.089063361926027e-07,19.596301970545795,0.006257398348654293,nan,nan
2001 RL74,63832,MBO,MBO,21163611644179532,745306231519313930,21.620342,2.7450407,2.608515,149.92436107792363,1.705666535071955,2025052500563,83,60820.99971589072,r,149.92435672017018,1.705660800802161,149.9918670654297,52681.0,350.596,False,48229.5,0.27147,52836.5,349.685,False,-96.7832,5.27983,19.59586497444458,0.007225655918753248,19.691718101071643,6.111297414812903e-06,19.59266489669329,0.007185670173272706,nan,nan
2001 RL74,63832,MBO,MBO,21163611644179532,745306231653531692,21.62033,2.7450416,2.6085227,149.92450000862797,1.7056699336884875,2025052500564,83,60821.000239021814,r,149.9244947715856,1.7056660803224366,158.59259033203125,53341.5,335.941,False,49310.5,0.0241731,54107.7,339.399,False,-110.027,5.43349,19.582336939530464,0.006837890136206726,19.66765148443772,5.322519414745008e-07,19.56685233213607,0.006810449772684168,nan,nan
2001 RL74,63832,MBO,MBO,21163611644179532,745306231925637130,21.620308,2.7450435,2.608538,149.92477841297247,1.7056767413509046,2025052500566,90,60821.00128955838,r,149.9247732264987,1.7056766070940652,135.635498046875,51728.6,378.333,False,47522.9,0.0348681,52245.7,382.53,False,-85.0485,5.34464,19.615673155509228,0.007940865046211764,19.707742698632757,7.966171782020586e-07,19.60487363540782,0.007949490107153408,nan,nan
2001 RL74,63832,MBO,MBO,21163611644179532,745306232056184873,21.620296,2.7450445,2.6085453,149.92491656081128,1.7056801179879142,2025052500567,83,60821.00181050827,r,149.92491536934477,1.705675901481692,179.82237243652344,52660.0,291.901,False,48693.4,0.248312,53448.5,294.479,False,-58.7662,5.2011,19.596297863074874,0.006018372293304064,19.68132478466895,5.536712024287985e-06,19.580161196243896,0.005981954892693457,nan,nan
2001 RL74,63832,MBO,MBO,21163611644179532,745306232190402606,21.620285,2.7450454,2.608553,149.92505550829688,1.705683513224302,2025052500568,83,60821.00233476552,r,149.9250519348234,1.705678253668139,181.76174926757812,52290.6,288.168,False,49092.1,0.208932,52708.1,289.192,False,-40.9145,5.31841,19.6039409048076,0.005983377901735603,19.6724709399448,4.620805113441569e-06,19.595306564745208,0.005957076808106505,nan,nan
2001 RL74,63832,MBO,MBO,21163611644179532,745306232328290368,21.620274,2.7450464,2.6085606,149.92519392980748,1.7056868946648531,2025052500569,90,60821.002856651525,r,149.92519255041998,1.7056865932483025,185.07310485839844,52152.0,281.583,False,47771.5,0.126887,52919.0,283.354,False,-30.0872,6.55602,19.606822579919672,0.0058621887219420625,19.702077804710008,2.8838492179448398e-06,19.590970927962346,0.005813558472461536,nan,nan
2001 RL74,63832,MBO,MBO,21163611644179532,745306232462508100,21.620262,2.745047,2.6085682,149.9253315599459,1.7056902558396438,2025052500570,90,60821.003375144894,r,149.92532673661458,1.7056851169674527,182.6083984375,52440.8,286.586,False,48417.4,0.146959,53353.1,289.541,False,-25.481,5.45089,19.60082671292481,0.005933486707884755,19.68749637442034,3.29548301710592e-06,19.582100821933075,0.005892162237732368,nan,nan
2001 RL74,63832,MBO,MBO,21163611644179532,745306232576278560,21.62025,2.745048,2.6085758,149.92547052024588,1.705693648554603,2025052500571,51,60821.00389933289,r,149.92546732627085,1.7056905499013324,189.83181762695312,52743.3,277.803,False,47542.1,0.16153,52295.2,273.982,False,-19.8057,6.26644,19.594581736687047,0.005718655833639503,19.70730406131428,3.688919223074438e-06,19.603845445542316,0.00568832656657697,nan,nan
2001 RL74,63832,MBO,MBO,21163611644179532,745306232706826273,21.62024,2.745049,2.6085832,149.92560921974467,1.7056970339553197,2025052500572,44,60821.00442242049,r,149.92560101138224,1.7056906425177536,139.3982696533203,50726.4,362.943,False,47584.0,0.0252966,51214.4,364.732,False,-11.1006,5.98968,19.636914928488245,0.00776834863265577,19.706347632895348,5.771989546635262e-07,19.626519810311223,0.007732253891169238,nan,nan
2001 RL74,63832,MBO,MBO,21163611644179532,745306232841043991,21.620228,2.74505,2.6085908,149.92574818887292,1.705700424988286,2025052500573,44,60821.00494649089,r,149.92574446677864,1.7056983623817488,179.6438751220703,52562.9,293.087,False,47670.9,0.0082568,53064.4,293.103,False,23.6149,6.35199,19.59830173701177,0.006053988318756497,19.70436665748197,1.8805406424837247e-07,19.587991886922417,0.005997100593764399,27.96703469580303,0.2920438191690448
2001 RL74,63832,MBO,MBO,21163611644179532,745306233113673776,21.620207,2.7450519,2.6086059,149.9260240183727,1.7057071527833372,2025052500575,52,60821.00598691785,r,149.92601573844598,1.705705110452417,148.62510681152344,52508.4,351.484,False,49477.4,0.382952,53500.4,355.508,False,47.4121,5.31984,19.599428069896696,0.007267769063458397,19.663982860013395,8.403531092713672e-06,19.579107459032755,0.007214673407727392,27.21027698070244,0.12182423114200919
2001 RL74,63832,MBO,MBO,21163611644179532,745306233243697208,21.620195,2.7450528,2.6086135,149.92616326575532,1.7057105477633736,2025052500576,44,60821.00651108364,r,149.92615992247846,1.705707485867191,115.52897644042969,52493.8,453.578,False,49355.3,0.109391,53335.6,458.69,False,13.3497,4.49527,19.599729953173714,0.009381413655201589,19.666665492672337,2.406423694765765e-06,19.582457005543844,0.009337409306758103,28.586321236698765,0.36560201014106986
2001 RL74,63832,MBO,MBO,21163611644179532,745306233398362128,21.620184,2.7450535,2.6086211,149.92630198725792,1.7057139289729892,2025052500577,83,60821.00703421028,r,149.92630039335683,1.7057128979268543,150.66180419921875,51251.7,340.847,False,48638.1,0.313034,51524.9,342.047,False,-2.34133,5.27905,19.62572932816378,0.007220636923064663,19.682558461857873,6.9877798278303625e-06,19.61995713900175,0.007207637854900645,nan,nan
2001 RL74,63832,MBO,MBO,21163611644179532,745306233514229818,21.620173,2.7450545,2.6086287,149.92644071324432,1.705717309344461,2025052500578,48,60821.00755743646,r,149.92643927411768,1.7057104452187082,129.6266632080078,51059.3,392.804,False,48015.2,0.227953,51890.6,397.529,False,6.69473,5.15964,19.629812842068944,0.00835267036581038,19.696553162188202,5.154551707089059e-06,19.61227823635962,0.00831772239543182,29.335667365363555,0.8367787701577332
2001 RL74,63832,MBO,MBO,21163611644179532,745306233650544687,21.620161,2.7450554,2.6086364,149.9265789132108,1.7057206759561168,2025052500579,52,60821.00807812068,r,149.92657702039097,1.7057145284588568,160.03392028808594,51900.2,324.01,False,48782.8,0.195907,52759.7,327.706,False,55.3999,4.64814,19.61207743777588,0.006778189748826303,19.679333172575014,4.360211297947433e-06,19.594244222541693,0.006743826577732661,27.0412275768212,0.0910950013703392
2001 RL74,63832,MBO,MBO,21163611644179532,745306233801015323,21.620094,2.745061,2.608681,149.92739388141484,1.7057405098064398,2025052500580,83,60821.01115072802,i,149.92742983216206,1.7056634404710815,6.986279487609863,55386.8,8053.81,False,61487.8,407.724,54504.4,8204.53,False,-85.573,7.58734,19.54148429895743,0.1578772025738779,19.428027599948468,0.0071994883808481356,19.558921123204854,0.16343553577827175,nan,nan
2001 RL74,63832,MBO,MBO,21163611644179532,745306233935233040,21.620083,2.7450619,2.6086886,149.92753317425314,1.705743896495976,2025052500581,83,60821.011675497255,i,149.92753445527933,1.7057337846704004,27.865367889404297,68410.9,2435.94,False,66989.7,29.3748,69734.7,2488.56,False,-38.7618,6.90604,19.312186764916316,0.03866033406091623,19.33497986711577,0.0004760923259075295,19.291377609095978,0.038745698085027105,nan,nan
2001 RL74,63832,MBO,MBO,21163611644179532,745306234069450761,21.620071,2.7450626,2.6086962,149.92767220644504,1.7057472758944177,2025052500582,83,60821.01219956014,i,149.92766495003275,1.705753517234852,35.62184524536133,70048.7,1967.72,False,67326.4,6.60995,71253.6,2003.09,False,21.443,6.99301,19.28649975197585,0.03049913442659455,19.329536542716042,0.0001065950691620817,19.267982947625327,0.03052234904043679,28.071786095856893,0.3540812341634141
2001 RL74,63832,MBO,MBO,21163611644179532,745306234207338508,21.62006,2.7450635,2.6087036,149.92781097811294,1.7057506480100728,2025052500583,90,60821.012722662526,i,149.92778820018174,1.7057482328066003,21.77553939819336,69928.2,3176.85,False,66131.0,23.4447,71874.0,3243.16,False,-54.7543,6.46716,19.28836907811681,0.04932517945512117,19.34898727515452,0.0003849141833852781,19.25857046175589,0.04899151479529929,nan,nan
2001 RL74,63832,MBO,MBO,21163611644179532,745306234451656734,21.620037,2.7450655,2.6087189,149.9280885357726,1.7057573897402485,2025052500585,44,60821.013768803256,i,149.9281005783969,1.7057875745689197,17.608009338378906,62843.7,3587.59,False,61694.2,2.84598,65793.7,3676.02,False,-178.711,6.7495,19.404345646643584,0.06198197265084117,19.424389171185926,5.008547782493887e-05,19.354539172839182,0.060662158155743176,nan,nan
2001 RL74,63832,MBO,MBO,21163611644179532,745306234606321686,21.620026,2.7450664,2.6087265,149.9282283833036,1.705760785123968,2025052500586,83,60821.01429518061,i,149.92823157303073,1.705771986113463,30.14042091369629,64053.4,2118.81,False,64200.1,0.55149,65923.0,2178.81,False,-201.47,6.577,19.38364455810428,0.03591485928518853,19.38116071222668,9.326662335063551e-06,19.352407592863223,0.03588448589879732,nan,nan
2001 RL74,63832,MBO,MBO,21163611644179532,745306234740539418,21.620014,2.7450674,2.6087341,149.92836611270167,1.705764128138275,2025052500587,83,60821.014814966504,i,149.92839064483834,1.7057678083846026,12.267889976501465,61088.1,4975.18,False,61433.8,190.003,64195.9,5172.71,False,-237.523,6.51751,19.435108428115367,0.08842529238716047,19.42898153738637,0.0033579746000330915,19.381231796761824,0.08748531632080335,nan,nan
2001 RL74,63832,MBO,MBO,21163611644179532,745306235281080353,21.619968,2.745071,2.6087644,149.9289213251832,1.7057775949512548,2025052500591,90,60821.0169068641,i,149.9289235756077,1.7057605581289443,19.45395851135254,67639.8,3442.26,False,74796.1,10.1746,69251.5,3531.1,False,-233.92,6.98287,19.324494263189845,0.05525425106909165,19.215302593374126,0.0001476939436075159,19.298927038161757,0.055361157789367114,nan,nan
2001 RL74,63832,MBO,MBO,21163611644179532,745306235415298078,21.619957,2.745072,2.608772,149.92905987517543,1.7057809531429329,2025052500592,90,60821.01742884031,i,149.92907696107753,1.7057691090203904,17.457035064697266,65377.8,3702.24,False,65018.1,33.6773,67296.6,3806.05,False,-223.237,6.94383,19.361424231438363,0.06148349972111115,19.367414288613386,0.0005623766684413903,19.330017167074505,0.061405275142999774,nan,nan
2001 RL74,63832,MBO,MBO,21163611644179532,745306235529068556,21.619946,2.7450728,2.6087797,149.9291989611426,1.705784323372771,2025052500593,51,60821.017952859016,i,149.92920485232855,1.7057721745391985,21.86622428894043,71368.0,3264.82,False,71097.2,0.741959,72001.3,3343.95,False,-200.94,6.97413,19.266241184096685,0.049668385694410434,19.2703687088391,1.1330568391645999e-05,19.256649202651555,0.050424751865089004,nan,nan
2001 RL74,63832,MBO,MBO,21163611644179532,745306235663286281,21.619934,2.7450738,2.6087873,149.92933725574537,1.7057876734799209,2025052500594,51,60821.01847391052,i,149.92932745393674,1.7057894693906455,35.156578063964844,66518.2,1882.03,False,63061.0,4.45662,67284.8,1903.73,False,-149.39,7.69598,19.342648727533778,0.030719232409355916,19.400597866596414,7.673068806028313e-05,19.330207635843387,0.030719399624826595,nan,nan
2001 RL74,63832,MBO,MBO,21163611644179532,745306235932246079,21.619833,2.7450817,2.6088536,149.93054974047263,1.7058170047891832,2025052500596,52,60821.02304002378,i,149.9305525103358,1.7058152006679261,56.57646179199219,63194.6,1103.44,False,57883.6,0.197184,64055.5,1115.1,False,-188.587,7.6218,19.39830005001219,0.01895802275097942,19.49361113643355,3.6986261765611565e-06,19.383608936183855,0.018900865896270554,nan,nan
2001 RL74,63832,MBO,MBO,21163611644179532,745306236199108643,21.61981,2.7450836,2.608869,149.93083201141238,1.7058238228071638,2025052500598,49,60821.02410394958,i,149.93083516247236,1.7058160889504737,77.7427749633789,66651.9,852.909,False,61793.0,1.13514,66841.4,858.167,False,-204.828,8.34552,19.340468690299403,0.013893590410202468,19.42265179907238,1.994501857297976e-05,19.33738618123236,0.01393960920817031,nan,nan
2001 RL74,63832,MBO,MBO,21163611644179532,745306236334899238,21.619799,2.7450845,2.6088767,149.9309716944658,1.7058271952785091,2025052500599,52,60821.02462903415,i,149.93095347384408,1.705821068011548,64.00999450683594,65519.6,1017.23,False,62448.0,0.187963,66280.3,1029.37,False,-172.617,7.988,19.359071880673035,0.01685668703749341,19.411203665157068,3.267970595026703e-06,19.34653888751748,0.016862089104672996,nan,nan
2001 RL74,63832,MBO,MBO,21163611644179532,745306236469116942,21.619787,2.7450855,2.608884,149.93111058625746,1.7058305476900348,2025052500600,52,60821.02515227231,i,149.93112698526983,1.7058473407763703,13.963554382324219,59503.6,4202.73,False,62905.8,62.8685,59943.8,4294.02,False,-84.2299,6.67245,19.463641867553292,0.07668537666286487,19.403273261938125,0.0010850923996839036,19.45563930938217,0.07777573224251712,nan,nan
2001 RL74,63832,MBO,MBO,21163611644179532,745306236601761827,21.619776,2.7450864,2.6088917,149.93124895224258,1.7058338864626523,2025052500601,49,60821.02567340035,i,149.93125561956592,1.7058260963762322,55.12790298461914,65897.9,1184.81,False,62442.9,0.298388,67685.4,1215.81,False,38.0773,7.18265,19.35282108838411,0.01952097421736288,19.41129236579385,5.18827068319923e-06,19.323762525553562,0.0195027144583223,27.44833460655665,0.20480609281689605
2001 RL74,63832,MBO,MBO,21163611644179532,745306236737552422,21.619764,2.7450874,2.6088994,149.93138838595468,1.70583725004265,2025052500602,52,60821.02619863588,i,149.93139084864578,1.7058367609798255,48.879905700683594,64766.6,1312.85,False,61578.1,2.99386,65994.2,1332.57,False,150.31,7.56194,19.37162222669424,0.022008391910666395,19.42643426104225,5.278730779891419e-05,19.35123552710712,0.021923432173553213,25.957530330633013,0.054622263184766776
2001 RL74,63832,MBO,MBO,21163611644179532,745306236870197292,21.619753,2.7450883,2.608907,149.93152702824213,1.705840593578584,2025052500603,49,60821.02672083935,i,149.9315163132739,1.7058366834153653,47.366004943847656,63994.1,1340.29,False,59298.0,0.524236,65307.6,1363.13,False,211.371,7.78719,19.38465013445085,0.022739617945344816,19.467399885628613,9.598671632636846e-06,19.362590663791273,0.022661980576288987,25.587386483554532,0.03999997154544055
2001 RL74,63832,MBO,MBO,21163611644179532,745306237005987890,21.619741,2.745089,2.6089146,149.93166673853298,1.705843961910164,2025052500604,52,60821.02724621368,i,149.9316682589294,1.7058319028817557,37.35805130004883,61913.1,1645.36,False,58054.6,8.36928,63489.3,1669.86,False,272.739,7.20076,19.42054359819987,0.028853778293648165,19.490408378056443,0.0001565221344865651,19.393248639650587,0.028556424793837135,25.310631836017496,0.028665226901666
2001 RL74,63832,MBO,MBO,21163611644179532,745306237140205572,21.619728,2.74509,2.6089222,149.93180592297082,1.7058473166047348,2025052500605,52,60821.02777030504,i,149.9318161682906,1.705852460629888,26.711881637573242,66186.1,2452.92,False,61389.4,4.2036,67111.9,2490.28,False,331.203,7.49983,19.348082996507287,0.04023841718547615,19.429766555763877,7.43450945973929e-05,19.333001189605483,0.04028774704252684,25.09976433559138,0.02458563671779519
2001 RL74,63832,MBO,MBO,21163611644179532,745306237274423341,21.619717,2.745091,2.6089299,149.93194537861416,1.7058506768760642,2025052500606,52,60821.02829560958,i,149.93194023594978,1.7058433777758029,26.044294357299805,64084.3,2446.26,False,59274.0,0.491423,64767.1,2461.48,False,293.899,7.33623,19.383120874687513,0.04144529980783708,19.467839410461963,9.001514233983782e-06,19.371613844812316,0.04126350983150428,25.22950477776507,0.027101863765662444
2001 RL74,63832,MBO,MBO,21163611644179532,745306237409165316,21.619705,2.745092,2.6089375,149.93208483980965,1.7058540363202936,2025052500607,53,60821.02882074547,i,149.93209124637497,1.7058442231003077,26.62888526916504,64022.7,2390.52,False,62646.0,44.148,64666.8,2425.21,False,223.953,7.36551,19.384165049507484,0.0405399048318173,19.407766634634935,0.0007651419192835034,19.373296560227594,0.04071854841925883,25.524607774585974,0.03570838861120857
2001 RL74,63832,MBO,MBO,21163611644179532,745306237559111701,21.61969,2.7450933,2.6089485,149.9322864706912,1.7058588916547466,2025052500608,83,60821.029579858296,i,149.9322817776783,1.705855555902347,23.079214096069336,66534.7,2865.11,False,63261.7,9.91016,66965.5,2902.77,False,38.9251,8.61823,19.34237944145841,0.04675385367545942,19.397147867621413,0.00017008426441382887,19.335372210358194,0.04706367464278681,27.42442570169364,0.24038793905428654
2001 RL74,63832,MBO,MBO,21163611644179532,745306237693329419,21.619677,2.745094,2.608956,149.9324251486091,1.705862229896277,2025052500609,83,60821.03010185724,i,149.93241418377582,1.705852317888477,23.734373092651367,67999.5,2855.07,False,63908.7,2.97628,68381.4,2890.22,False,-43.7765,8.64615,19.318735701618206,0.045586407846220055,19.386100054699572,5.056361595140539e-05,19.312655054714334,0.04588991353804328,nan,nan
2001 RL74,63832,MBO,MBO,21163611644179532,745306237965434887,21.619654,2.745096,2.6089714,149.93270438086583,1.7058689486656635,2025052500611,90,60821.03115241413,i,149.9327096441039,1.705881761682327,38.00585174560547,62324.6,1636.42,False,59281.8,3.28938,62578.7,1655.14,False,-191.256,8.10602,19.413351223085773,0.0285075306277184,19.467696531065343,6.024444247634789e-05,19.40893367120684,0.028716567462771316,nan,nan
2001 RL74,63832,MBO,MBO,21163611644179532,745306238095982639,21.619642,2.745097,2.608979,149.93284387270305,1.70587230361689,2025052500612,83,60821.03167765079,i,149.9328388792861,1.7058656572098114,72.84696197509766,64433.7,878.422,False,59735.7,0.238511,65302.1,894.006,False,-199.97,7.91902,19.377217336379882,0.01480179745752738,19.459415121085716,4.3350965517949515e-06,19.362682104916807,0.01486406467939621,nan,nan
2001 RL74,63832,MBO,MBO,21163611644179532,745306238213423140,21.61963,2.7450979,2.6089866,149.9329820416023,1.705875625802033,2025052500613,51,60821.03219755592,i,149.93298686508035,1.7058687105937376,44.424678802490234,64852.8,1448.52,False,62467.7,1.29383,65746.8,1478.09,False,-167.585,8.19727,19.370178158526617,0.024250465817610874,19.41086122372955,2.2487751776838942e-05,19.35531350190153,0.02440903383980741,nan,nan
2001 RL74,63832,MBO,MBO,21163611644179532,745306238364418080,21.61962,2.7450988,2.6089942,149.93312154482683,1.7058789791134246,2025052500614,83,60821.032722705946,i,149.93311971677076,1.7058776966046143,82.51313018798828,64291.7,770.589,False,59253.8,1.0251,65317.0,782.383,False,-138.184,8.39988,19.379612739392567,0.01301344302284638,19.468209467497907,1.8783405637337833e-05,19.362434426394067,0.013005213716428769,nan,nan
2001 RL74,63832,MBO,MBO,21163611644179532,745319361531609135,21.528206,2.7502792,2.651333,150.73775636972593,1.7151490096234407,2025052800085,138,60823.970929467236,i,150.73775168408588,1.7151456120432733,140.60256958007812,59516.3,420.497,False,60796.9,1.23035,60155.1,422.023,False,-51.7739,7.7007,19.463410175183366,0.007670987964170618,19.44029643939369,2.197210043452288e-05,19.451818839077504,0.007617070698444593,nan,nan
2001 RL74,63832,MBO,MBO,21163611644179532,745319361665826833,21.528189,2.7502801,2.6513407,150.73789814937064,1.715148919032449,2025052800086,138,60823.971449116994,i,150.7378926900033,1.715148210040738,140.11183166503906,60238.8,428.565,False,60908.7,2.15878,60607.8,428.134,False,-68.8955,7.27387,19.450309206363915,0.007724399111672278,19.438301688249865,3.8481624801248275e-05,19.443678686357416,0.0076696494710548615,nan,nan
2001 RL74,63832,MBO,MBO,21163611644179532,745319361800044545,21.528173,2.750281,2.6513484,150.73804102236988,1.7151488269091717,2025052800087,138,60823.971973280684,i,150.7380336245161,1.7151509068812822,138.6358642578125,55785.5,407.99,False,63349.0,1.16201,56389.7,409.916,False,-80.975,6.9454,19.53369667507196,0.007940584983129604,19.39565059077967,1.9915646305994412e-05,19.522000554803522,0.007892587336096947,nan,nan
2001 RL74,63832,MBO,MBO,21163611644179532,745319361934262277,21.528156,2.750282,2.6513557,150.73818389839508,1.715148733947618,2025052800088,138,60823.9724977966,i,150.7381843692341,1.7151462901984185,155.02305603027344,59369.2,381.613,False,58598.2,1.16658,59594.1,381.104,False,-74.3903,13.2457,19.46609702216959,0.006978889102692535,19.48028932520122,2.1614966281098166e-05,19.46199180810018,0.006943278008568421,nan,nan
2001 RL74,63832,MBO,MBO,21163611644179532,745319362068480107,21.52814,2.7502828,2.6513634,150.73832759530717,1.715148639608485,2025052800089,138,60823.97302420653,i,150.7383264627553,1.7151426925156883,148.52822875976562,59427.7,395.348,False,58718.8,0.23751,59420.4,392.925,False,-95.6548,8.50332,19.465027708509925,0.007222955523674389,19.47805705658061,4.391663281458199e-06,19.465161101011653,0.007179569579118445,nan,nan
2001 RL74,63832,MBO,MBO,21163611644179532,745319362197454908,21.528124,2.7502837,2.651371,150.73847074972008,1.7151485447848531,2025052800090,128,60823.97354942407,i,150.7384693917828,1.7151425046765705,145.11929321289062,59642.6,406.289,False,63848.6,1.65965,59470.5,402.633,False,-109.119,8.37258,19.461108553071238,0.0073961005544527295,19.38712152596776,2.8222106883254036e-05,19.46424602535395,0.007350757443759145,nan,nan
2001 RL74,63832,MBO,MBO,21163611644179532,745319362333245521,21.528107,2.7502847,2.6513786,150.73861308925996,1.7151484496691765,2025052800091,131,60823.97407135773,i,150.7386110485385,1.7151487068082722,144.26028442382812,60332.6,414.908,False,61489.1,1.77159,60887.0,417.355,False,-105.387,7.8234,19.448619868381535,0.0074666202712809025,19.428004631321503,3.128163118443665e-05,19.438688559507426,0.007442269214529921,nan,nan
2001 RL74,63832,MBO,MBO,21163611644179532,745319362466938936,21.528091,2.7502856,2.6513863,150.73875597704267,1.7151483533535223,2025052800092,130,60823.97459561535,i,150.7387528622616,1.715149483849524,142.7472381591797,60737.6,423.668,False,61693.6,0.332844,61176.1,423.659,False,-92.2078,8.45925,19.441355904304892,0.007573425255011282,19.424399689195397,5.857670169776383e-06,19.433545504543698,0.007518980440273325,nan,nan
2001 RL74,63832,MBO,MBO,21163611644179532,745319362603778128,21.528074,2.7502866,2.651394,150.73889832259474,1.715148256572985,2025052800093,135,60823.975117617665,i,150.7388936650101,1.7151412837765236,147.8677215576172,59797.7,398.256,False,59438.3,0.893356,60016.3,397.117,False,-66.4926,8.06671,19.458288814101866,0.007231063679706168,19.464834036639687,1.6318585282051315e-05,19.454326941629834,0.007184120040449711,nan,nan
2001 RL74,63832,MBO,MBO,21163611644179532,745319362735898633,21.528057,2.7502875,2.6514013,150.73904012565427,1.7151481593376885,2025052800094,131,60823.97563737584,i,150.7390347004578,1.7151451849867023,155.0765838623047,60641.8,386.029,False,59933.2,0.458135,61673.2,386.204,False,-39.3703,12.4454,19.443069776613328,0.006911497465024286,19.455831347892698,8.299469613140633e-06,19.42475880628902,0.006798993426676209,nan,nan
2001 RL74,63832,MBO,MBO,21163611644179532,745319362870116362,21.528042,2.7502885,2.651409,150.73918302272315,1.7151480605209246,2025052800095,131,60823.97616159748,i,150.73918075041075,1.7151448457944165,141.6109619140625,59485.7,415.659,False,58198.0,0.8628,60059.5,415.738,False,-20.9009,8.99294,19.463968572942406,0.00758663052379987,19.487729849538866,1.6096312583650285e-05,19.45354571914316,0.007515577143510813,nan,nan
2001 RL74,63832,MBO,MBO,21163611644179532,745319363004334121,21.528025,2.7502894,2.6514165,150.7393253773537,1.7151479612497849,2025052800096,131,60823.97668360425,i,150.73932599316197,1.7151474926161783,146.5562744140625,61176.9,415.922,False,60828.7,1.40725,61786.1,416.6,False,-21.7224,9.33733,19.433531361922952,0.007381570202286261,19.439728676340604,2.511811602920831e-05,19.422773015091323,0.007320703169328472,nan,nan
2001 RL74,63832,MBO,MBO,21163611644179532,745319363138551820,21.52801,2.7502904,2.651424,150.73946800789196,1.7151478609564392,2025052800097,131,60823.97720658222,i,150.739465792831,1.7151454038711476,148.88882446289062,59900.4,399.298,False,57671.6,0.535837,60187.6,398.44,False,-40.0315,8.99802,19.45642572204708,0.007237552852775895,19.49759496974316,1.0087766061214968e-05,19.45123240672064,0.007187539041995735,nan,nan
2001 RL74,63832,MBO,MBO,21163611644179532,745319363250225212,21.527992,2.750291,2.6514316,150.73961200516536,1.7151477588595885,2025052800098,88,60823.97773406464,i,150.7396068069399,1.7151443924849135,147.91146850585938,61895.6,415.859,False,59442.5,1.50759,61949.4,412.948,False,-81.0711,8.84943,19.42085052950971,0.007294753916579875,19.46475733386177,2.7536612779617696e-05,19.41990726626026,0.00723740025682766,nan,nan
2001 RL74,63832,MBO,MBO,21163611644179532,745319363384442953,21.527975,2.750292,2.6514392,150.7397546420858,1.715147656893187,2025052800099,88,60823.9782570753,i,150.73975267290194,1.715144920371685,143.08262634277344,62304.7,431.988,False,58878.1,0.513817,62854.3,432.784,False,-108.77,7.48856,19.413697990582936,0.0075279236503698384,19.475115504073745,9.474995254279109e-06,19.404162501322887,0.0074758488773007245,nan,nan
2001 RL74,63832,MBO,MBO,21163611644179532,745319363518660715,21.52796,2.750293,2.6514468,150.73989700954655,1.71514755429209,2025052800100,88,60823.978779000485,i,150.73989809549096,1.715146399652834,146.11447143554688,60661.3,412.532,False,58959.5,0.539751,61025.0,412.127,False,-115.177,7.52987,19.442720702996866,0.007383635634278329,19.47361552030813,9.939487189132213e-06,19.436230529776935,0.007332424747768093,nan,nan
2001 RL74,63832,MBO,MBO,21163611644179532,745319363652878443,21.527943,2.750294,2.6514542,150.74003856193795,1.715147451459132,2025052800101,88,60823.979298783684,i,150.74004028575388,1.7151406622382404,151.45851135253906,60948.2,399.655,False,58269.0,1.03361,61459.4,400.409,False,-87.2501,8.96151,19.437597803904538,0.00711948682896866,19.486406087785113,1.9259430979271137e-05,19.428529237296107,0.007073589318354372,nan,nan
2001 RL74,63832,MBO,MBO,21163611644179532,745319363787620449,21.527925,2.750295,2.6514618,150.74018120855857,1.7151473470051757,2025052800102,89,60823.97982178057,i,150.7401745298455,1.7151472438282096,157.29942321777344,62229.7,392.547,False,58799.7,0.373126,62241.0,390.32,False,-68.2464,9.62703,19.415005745327385,0.006848859823187213,19.476562238719993,6.889770061741489e-06,19.41480859583829,0.006808768551169848,nan,nan
2001 RL74,63832,MBO,MBO,21163611644179532,745319364075454478,21.527893,2.7502968,2.6514769,150.74046514783353,1.7151471366224098,2025052800104,126,60823.980862001554,i,150.74046139222227,1.7151420587387622,150.9681396484375,62792.8,411.833,False,58106.7,0.320849,63184.8,411.879,False,-58.6446,8.5643,19.405225363594994,0.007120911972921359,19.48943448546079,5.995132777673592e-06,19.398468448704733,0.007077523935576391,nan,nan
2001 RL74,63832,MBO,MBO,21163611644179532,745319364188176452,21.527878,2.7502978,2.6514845,150.74060834993983,1.7151470292728357,2025052800105,85,60823.98138725439,i,150.740606653209,1.7151420260401773,151.7569580078125,61833.1,406.092,False,59425.2,0.920827,62363.1,407.133,False,-87.0933,8.53735,19.421947421610817,0.007130627238795124,19.46507338414002,1.682409473510768e-05,19.412680734430293,0.007088150242775857,nan,nan
2001 RL74,63832,MBO,MBO,21163611644179532,745319364456611921,21.527843,2.7502995,2.6514997,150.740894764394,1.715146812063749,2025052800107,85,60823.98243712131,i,150.74089391323355,1.7151429137169576,145.3706512451172,63092.9,432.357,False,59278.9,0.452327,64056.3,435.858,False,-66.1958,7.67876,19.400048802482885,0.007440229472323799,19.467749688303947,8.284698726969291e-06,19.383595363083018,0.0073876700155544065,nan,nan
2001 RL74,63832,MBO,MBO,21163611644179532,745319364590829582,21.527828,2.7503004,2.6515074,150.74103770406947,1.7151467024147056,2025052800108,85,60823.98296152153,i,150.74103833545763,1.7151452153303834,143.20257568359375,63042.7,437.408,False,62145.9,2.03237,63711.5,438.976,False,-42.4391,7.31517,19.4009130012204,0.007533143351062099,19.41646882261381,3.55070542736766e-05,19.389455424822202,0.007480786836502196,nan,nan
2001 RL74,63832,MBO,MBO,21163611644179532,745319364725047366,21.527811,2.7503014,2.651515,150.7411814654202,1.715146591298232,2025052800109,85,60823.983488194426,i,150.74117695283735,1.7151446905372365,150.34246826171875,63837.6,421.878,False,62325.1,1.72118,64422.1,422.692,False,-19.9023,7.68941,19.387308595486466,0.007175210178749455,19.413342512786606,2.9983864493913366e-05,19.377412779584436,0.0071238283387458565,nan,nan
2001 RL74,63832,MBO,MBO,21163611644179532,745319364993482811,21.527779,2.7503033,2.65153,150.74146599816837,1.7151463689021254,2025052800111,85,60823.984531787224,i,150.7414656194175,1.7151431523204166,156.0990447998047,62756.4,398.354,False,60115.9,0.421659,63148.7,397.058,False,33.0885,9.30267,19.40585497085495,0.006891844897411014,19.452526644843807,7.6154635696796114e-06,19.399088977298042,0.006826748079237929,27.600807268588248,0.30524940103832254
2001 RL74,63832,MBO,MBO,21163611644179532,745319365261918251,21.527744,2.7503052,2.6515453,150.74175109052075,1.7151461427745942,2025052800113,85,60823.98557674613,i,150.74174922155302,1.7151426508474248,149.14700317382812,63246.9,422.289,False,60233.4,0.200126,63759.1,423.248,False,56.8233,7.61839,19.397401917455696,0.007249279713132804,19.450406581862026,3.607368290125833e-06,19.388644528167156,0.007207373544415672,27.013683882135105,0.14556637896082206
2001 RL74,63832,MBO,MBO,21163611644179532,745319365394563110,21.527729,2.750306,2.651553,150.74189377851292,1.715146028361118,2025052800114,82,60823.98609996366,i,150.7418944313547,1.7151403659039852,155.1727752685547,63636.2,409.799,False,59121.0,0.238047,64200.2,411.366,False,44.6105,8.4391,19.390739418085992,0.006991832143172786,19.47064557173229,4.37164882869474e-06,19.381159060689644,0.00695690920161966,27.27640726459198,0.20539192846732868
2001 RL74,63832,MBO,MBO,21163611644179532,745319365554470937,21.527704,2.7503073,2.651564,150.7421011327705,1.7151458606251853,2025052800115,131,60823.9868594163,i,150.74209966561628,1.7151417119766001,151.30799865722656,63892.9,419.356,False,61723.5,0.19927,63669.4,415.08,False,26.1784,8.26502,19.38636852521432,0.007126143742081852,19.423873638651614,3.5052232649609983e-06,19.390173133566737,0.007078241358514123,27.85514224999933,0.34278763544364477
2001 RL74,63832,MBO,MBO,21163611644179532,745319365821333570,21.527672,2.7503092,2.6515791,150.74238789451846,1.715145625785806,2025052800117,128,60823.98791093669,i,150.74238690544334,1.7151430179918083,141.98426818847656,63502.2,447.086,False,64425.0,0.888386,64388.0,450.46,False,-68.7817,6.96857,19.393028084721685,0.007644104632942101,19.377363931942643,1.4971716819210134e-05,19.377987661545724,0.007595836514844628,nan,nan
2001 RL74,63832,MBO,MBO,21163611644179532,745319365959221315,21.527271,2.7503314,2.651762,150.74582972101297,1.7151425485986125,2025052800118,135,60824.00052049079,z,150.74582811221606,1.715140698339917,102.3593521118164,73921.7,720.598,False,71879.5,1.54937,74355.7,717.906,False,-304.955,17.0011,19.228070089275448,0.010583892537486116,19.25848738135605,2.340315609207219e-05,19.221714288072707,0.01048280776613025,nan,nan
2001 RL74,63832,MBO,MBO,21163611644179532,745319366089769006,21.527254,2.7503324,2.6517699,150.74597661857518,1.7151424066937204,2025052800119,128,60824.001058014765,z,150.7459758556837,1.7151445542289931,97.81422424316406,76169.7,775.342,False,74069.2,0.883831,76334.1,774.519,False,-387.451,15.2847,19.195544342716207,0.011051859521523476,19.225905819222803,1.2955551043397856e-05,19.193203504005908,0.011016351574783234,nan,nan
2001 RL74,63832,MBO,MBO,21163611644179532,745319366225035280,21.527239,2.7503333,2.6517773,150.74611969806872,1.7151422676491317,2025052800120,130,60824.00158213176,z,150.7461125192583,1.7151360554301402,97.41338348388672,74560.8,768.173,False,72095.2,0.358063,74194.5,758.979,False,-369.04,17.1598,19.21872364767308,0.011185948165067227,19.255234075567806,5.3923417821796576e-06,19.22407071888403,0.011106631666663664,nan,nan
2001 RL74,63832,MBO,MBO,21163611644179532,745319366359253027,21.527222,2.7503343,2.651785,150.7462625087191,1.7151421280517123,2025052800121,130,60824.00210505076,z,150.7462602733943,1.7151373469529303,103.98684692382812,76497.2,731.75,False,73052.3,0.133666,76588.6,726.16,False,-311.413,17.3249,19.190886107853995,0.010385836806785361,19.240915311594705,1.9866043236462894e-06,19.189589650554826,0.010294197272237975,nan,nan
2001 RL74,63832,MBO,MBO,21163611644179532,745319366492422192,21.527205,2.7503352,2.6517925,150.74640450475664,1.7151419884446384,2025052800122,128,60824.002625896646,z,150.7464084307311,1.7151409518035234,101.68155670166016,75310.8,738.277,False,72693.2,1.63524,75606.9,735.189,False,-319.208,17.6527,19.207856892595885,0.010643547498030167,19.24626548534561,2.4423730835513553e-05,19.203596443235767,0.010557520004572529,nan,nan
2001 RL74,63832,MBO,MBO,21163611644179532,745319366626639954,21.527187,2.7503362,2.6518002,150.74654732438108,1.7151418472174975,2025052800123,128,60824.003148237476,z,150.74654311071373,1.7151374955259824,102.64081573486328,74998.9,731.574,False,73513.0,0.501431,75431.4,729.398,False,-300.585,17.288,19.212362788388365,0.010590773561216054,19.234089634295202,7.405789155628752e-06,19.206119601846964,0.01049872922702577,nan,nan
2001 RL74,63832,MBO,MBO,21163611644179532,745319366760333369,21.527172,2.7503371,2.6518078,150.74669069466484,1.7151417046290791,2025052800124,127,60824.0036734024,z,150.7466832441826,1.7151403855927054,95.34518432617188,75101.6,786.539,False,74447.5,0.813797,75684.6,786.702,False,-220.033,15.5455,19.21087700361675,0.011370914235883586,19.220374703961326,1.186834834000717e-05,19.202481177626616,0.011285662535702009,nan,nan
2001 RL74,63832,MBO,MBO,21163611644179532,745319366896648193,21.527155,2.750338,2.6518154,150.74683406948327,1.7151415612182963,2025052800125,131,60824.00419898181,z,150.74682624883312,1.7151444668824527,88.41687774658203,71820.8,830.704,False,73503.9,0.521433,72561.2,827.029,False,-82.9578,14.3365,19.25937445136323,0.012557997477263756,19.234224066405304,7.702158578334681e-06,19.24823881231282,0.012374868111345862,nan,nan
2001 RL74,63832,MBO,MBO,21163611644179532,745319367029293113,21.527138,2.750339,2.6518228,150.74697635642198,1.715141418087481,2025052800126,128,60824.00471969636,z,150.74697855989507,1.7151386339952592,83.23556518554688,72992.4,879.596,False,75744.9,1.94269,75765.7,899.512,False,65.7182,14.0071,19.241805914375032,0.013083680660125456,19.20161653099328,2.784674515701435e-05,19.201318355124975,0.012890169703569043,26.855785839350954,0.2314125394455092
2001 RL74,63832,MBO,MBO,21163611644179532,745319367142539293,21.52712,2.7503397,2.6518304,150.74711974035185,1.7151412730392817,2025052800127,88,60824.00524403843,z,150.74712038556825,1.7151439888146687,87.63504028320312,77403.7,882.347,False,74955.6,0.985321,78368.6,884.32,False,92.1947,14.6714,19.178095653580815,0.012376618016300337,19.21298976505191,1.4272431209491969e-05,19.1646447571745,0.01225156796728286,26.48823508602659,0.17277858553141034
2001 RL74,63832,MBO,MBO,21163611644179532,745319367276757027,21.527105,2.7503407,2.651838,150.74726149012835,1.7151411288415803,2025052800128,88,60824.00576376874,z,150.7472611825772,1.715136356274153,90.3936767578125,76299.8,839.822,False,75463.2,0.765368,77656.2,843.316,False,-12.8877,15.0722,19.19369154555133,0.01195055834516264,19.205661911500805,1.1011826911891825e-05,19.174559618500552,0.011790670334239155,nan,nan
2001 RL74,63832,MBO,MBO,21163611644179532,745319367410450445,21.527088,2.7503417,2.6518457,150.74740379070883,1.7151409832813076,2025052800129,87,60824.00628468541,z,150.74740399698973,1.7151317680085068,92.31642150878906,73462.5,813.979,False,73712.6,0.513861,73450.1,807.424,False,-155.059,15.5483,19.23483574069386,0.01203017150864692,19.231145652088152,7.568821079041054e-06,19.235018998390817,0.01193530659502217,nan,nan
2001 RL74,63832,MBO,MBO,21163611644179532,745319367545192472,21.527071,2.7503426,2.6518533,150.74754664217116,1.7151408363496756,2025052800130,88,60824.00680797392,z,150.74754730624497,1.7151408580489658,94.30873107910156,74527.9,790.901,False,76485.7,1.92821,75887.6,799.23,False,-262.927,14.8613,19.219202812443804,0.011521992021012414,19.19104934133784,2.7371487005105615e-05,19.19957293222538,0.01143471275750341,nan,nan
2001 RL74,63832,MBO,MBO,21163611644179532,745319367679934515,21.52705,2.7503438,2.6518626,150.7477247349726,1.7151406520371766,2025052800131,89,60824.0074593559,z,150.74772239657938,1.7151375046772572,93.67976379394531,77170.2,819.429,False,77529.4,3.86263,78086.2,823.34,False,-264.015,15.0634,19.1813758915304,0.011528850696199617,19.176333964437376,5.4092991847660254e-05,19.16856423464084,0.011447990044445038,nan,nan
2001 RL74,63832,MBO,MBO,21163611644179532,745319367813103647,21.527035,2.7503448,2.6518703,150.7478678700234,1.7151405029926,2025052800132,87,60824.00798357035,z,150.74786534606633,1.7151375112278495,105.95401000976562,79216.9,744.109,False,78021.3,0.398052,79803.2,742.155,False,-195.131,17.0066,19.152955413597553,0.010198658456268474,19.169467087733754,5.539250084825186e-06,19.144949191686017,0.010097145895119073,nan,nan
2001 RL74,63832,MBO,MBO,21163611644179532,745319367947321393,21.527018,2.7503457,2.6518779,150.74801128303852,1.7151403528451603,2025052800133,87,60824.008508915074,z,150.7480112666229,1.71513739713779,108.43114471435547,78027.8,713.808,False,76267.0,1.8054,79149.7,715.069,False,-124.176,17.0839,19.169376638181433,0.00993244974047684,19.194158341156513,2.5701655489107115e-05,19.153876774379807,0.009808959966724115,nan,nan
2001 RL74,63832,MBO,MBO,21163611644179532,745319368080490512,21.527,2.7503467,2.6518855,150.7481549740714,1.715140201590479,2025052800134,85,60824.00903431997,z,150.74815089832356,1.7151356459294114,110.28285217285156,76995.3,690.271,False,79090.7,2.79321,77620.6,687.865,False,-71.6952,19.6568,19.183839505368027,0.009733740137013292,19.15468640879073,3.834444677826947e-05,19.17505748946212,0.009621671422910883,nan,nan
2001 RL74,63832,MBO,MBO,21163611644179532,745319368214708268,21.526983,2.7503474,2.6518931,150.74829703063605,1.7151400512539536,2025052800135,85,60824.00955400299,z,150.74829742985145,1.7151379485209146,109.02391052246094,76561.6,696.792,False,80166.4,3.30129,76339.8,687.206,False,-5.05398,19.3235,19.189972475745183,0.009881354068670151,19.140019067788828,4.4711128147664334e-05,19.193122499891324,0.009773728225356047,nan,nan
2001 RL74,63832,MBO,MBO,21163611644179532,745319368348925988,21.526968,2.7503483,2.6519008,150.74844018486348,1.7151398989491693,2025052800136,85,60824.0100783978,z,150.74843456978263,1.715138801370479,107.8057861328125,77047.2,710.903,False,77428.0,3.36712,77430.0,706.0,False,-7.60637,17.0753,19.183107804739812,0.010017925509293457,19.177754896532562,4.721553081144629e-05,19.17772685184117,0.00989964820559524,nan,nan
2001 RL74,63832,MBO,MBO,21163611644179532,745319368481570866,21.52695,2.7503493,2.6519084,150.74858334379147,1.7151397458301625,2025052800137,82,60824.010602922135,z,150.7485863800528,1.7151431398800325,104.93669128417969,76766.3,724.99,False,78175.5,1.73114,77274.2,722.368,False,20.899,17.9304,19.187073521986292,0.010253821175801031,19.1673233309674,2.4042844529496365e-05,19.17991366204468,0.010149584704411402,28.09968622634601,0.9315127618819147
2001 RL74,63832,MBO,MBO,21163611644179532,745319368617361436,21.526934,2.7503502,2.651916,150.7487270540126,1.7151395913080334,2025052800138,85,60824.01112860269,z,150.74872876418266,1.71513485907212,110.03360748291016,77945.5,705.786,False,77332.1,5.71293,78520.8,700.81,False,89.1466,17.7073,19.17052238180304,0.00983119518990324,19.179100468393123,8.020905976646899e-05,19.162538253937747,0.009690359971984449,26.524738054206882,0.21566113745214896
2001 RL74,63832,MBO,MBO,21163611644179532,745319368750006314,21.526917,2.7503512,2.6519237,150.74886994952422,1.715139436854253,2025052800139,82,60824.01165192337,z,150.7488694980217,1.7151348492752179,108.77720642089844,75753.2,689.747,False,74660.6,1.19766,76613.0,687.774,False,140.158,22.165,19.201497497159803,0.009885830159027397,19.217271287892025,1.741671996310352e-05,19.189243828228076,0.009746924388516475,26.033455233982497,0.17170153080850467
2001 RL74,63832,MBO,MBO,21163611644179532,745319368885796883,21.526894,2.7503524,2.6519341,150.74906968361054,1.715139219616351,2025052800140,85,60824.01238206441,z,150.7490686667411,1.7151347048644825,118.32119750976562,78762.3,660.417,False,76715.8,2.83157,79211.8,655.838,False,61.6648,20.2689,19.159204068511247,0.009103830983921334,19.187787998561102,4.007437963075183e-05,19.15302533718176,0.008989406918310391,26.92490670406267,0.35687586632968904
2001 RL74,63832,MBO,MBO,21163611644179532,745319369017917467,21.526876,2.7503533,2.6519418,150.74921286406286,1.7151390629213783,2025052800141,81,60824.01290652602,z,150.74921276643207,1.7151395040841022,116.48126220703125,77281.0,653.697,False,76192.3,1.52082,77855.3,650.119,False,44.0573,24.7573,19.179818167190774,0.009183920021326569,19.19522233522673,2.1671604953883455e-05,19.17177958730522,0.009066277879332103,27.28995529000685,0.6101121941087848
2001 RL74,63832,MBO,MBO,21163611644179532,745319369446785027,21.52682,2.7503567,2.651968,150.7497052900802,1.715138517862398,2025052800144,131,60824.014708630355,z,150.7496970314853,1.715132050241942,99.83967590332031,76692.7,760.888,False,81411.1,3.90677,77059.9,752.548,False,32.379,19.3656,19.188114886845234,0.010771867677550298,19.123290922095492,5.210249635977637e-05,19.182928919272452,0.010603032152361323,27.624341366313388,0.6493694256378187
2001 RL74,63832,MBO,MBO,21163611644179532,745319369579429942,21.526802,2.7503576,2.6519756,150.7498487661082,1.715138357259128,2025052800145,128,60824.01523337104,z,150.7498463736622,1.715135031287092,107.31187438964844,77616.5,721.542,False,75804.4,0.69174,78347.9,718.689,False,-2.95615,18.792,19.17511486253671,0.010093269654922292,19.200763985863286,9.907698657906577e-06,19.16493162081036,0.009959510221981896,nan,nan
2001 RL74,63832,MBO,MBO,21163611644179532,745319369713647660,21.526785,2.7503583,2.6519833,150.7499925204693,1.715138195534334,2025052800146,128,60824.01575903534,z,150.74999020416698,1.7151367046147545,110.18536376953125,78274.6,706.016,False,75241.7,0.0679066,78855.5,702.766,False,-13.4188,16.2872,19.16594783593517,0.009793050459462849,19.208853456467814,9.798908662725384e-07,19.157920025452533,0.009676160573840102,nan,nan
2001 RL74,63832,MBO,MBO,21163611644179532,745319369983655968,21.526752,2.7503603,2.6519985,150.75027867819568,1.7151378711939969,2025052800148,131,60824.01680674485,z,150.75028216991046,1.715137910396162,117.07643127441406,77156.3,649.975,False,71977.5,1.68635,77625.8,643.512,False,-10.6103,21.4754,19.18157156134911,0.009146387161682111,19.257008104511325,2.5437549732171074e-05,19.174984821252934,0.009000671564099809,nan,nan
2001 RL74,63832,MBO,MBO,21163611644179532,745319370116300821,21.526735,2.7503612,2.6520061,150.75042381459556,1.7151377054661603,2025052800149,128,60824.017337786245,z,150.7504238437683,1.715136901904452,120.13633728027344,78726.5,647.511,False,73436.7,0.944509,79181.5,642.506,False,-13.7669,23.1433,19.15969763966863,0.008929980639747625,19.235217071577203,1.3964238661183444e-05,19.153440688274625,0.008810037771813248,nan,nan
2001 RL74,63832,MBO,MBO,21163611644179532,745319370249994333,21.526718,2.7503622,2.6520138,150.75056786305802,1.7151375401657856,2025052800150,127,60824.01786417225,z,150.7505683531411,1.7151383307965413,121.27535247802734,79547.3,654.002,False,75196.2,1.85214,78987.1,640.601,False,-49.3727,23.034,19.14843643420495,0.008926433614384468,19.209510219115664,2.674251247010987e-05,19.156109555874572,0.00880553532234401,nan,nan
2001 RL74,63832,MBO,MBO,21163611644179532,745319370384212092,21.526701,2.750363,2.6520214,150.7507102766534,1.7151373759441513,2025052800151,127,60824.01838595644,z,150.75071333181054,1.7151379733154368,117.00386047363281,76449.2,651.813,False,74177.7,1.57239,77419.5,649.038,False,-51.5727,22.7784,19.191567592837096,0.009257087466973377,19.22431654626959,2.3015011734821308e-05,19.17787409455319,0.009102152324688004,nan,nan
2001 RL74,63832,MBO,MBO,21163611644179532,745319370518954006,21.526684,2.750364,2.652029,150.75085214868236,1.7151372115591166,2025052800152,128,60824.018904653494,z,150.75085064323102,1.7151364465415273,119.16187286376953,77373.3,638.786,False,76386.8,2.06915,77633.5,630.794,False,21.3849,19.9425,19.178522243667203,0.008963726853675037,19.192454252116242,2.9410200826645747e-05,19.174877084558545,0.00882191180915558,28.074731984315616,1.0125038800068926
2001 RL74,63832,MBO,MBO,21163611644179532,745319370652647466,21.526669,2.750365,2.6520367,150.75099539278708,1.715137044787115,2025052800153,127,60824.019428302316,z,150.75098724395747,1.7151394952581764,115.57328796386719,80043.6,687.736,False,78543.0,0.942598,80769.3,684.035,False,161.012,18.2369,19.14168344628115,0.009328664438584676,19.162231286484882,1.302996777735948e-05,19.131884244469227,0.009195097201516556,25.88285443294823,0.12297508111835087
2001 RL74,63832,MBO,MBO,21163611644179532,745319370786865193,21.526651,2.750366,2.652044,150.75113782194555,1.7151368781702794,2025052800154,127,60824.01994931261,z,150.75113630416317,1.7151332925610354,120.17863464355469,78973.7,651.645,False,75381.4,0.842725,79411.7,646.541,False,123.849,21.3282,19.156293742942303,0.008958863043759497,19.206839525001385,1.213796824199569e-05,19.15028872415671,0.008839666710336078,26.16776874783372,0.18697606310040416
2001 RL74,63832,MBO,MBO,21163611644179532,745319370921082942,21.526634,2.7503667,2.6520517,150.7512802563362,1.7151367107565352,2025052800155,127,60824.02047032899,z,150.75128024795785,1.715137171763973,122.64649200439453,80253.3,646.164,False,73902.3,0.209595,80618.5,641.77,False,-24.6636,30.9931,19.138842793407115,0.00874186703749379,19.22835515893051,3.079266596508341e-06,19.133913216641467,0.00864308992766437,nan,nan
2001 RL74,63832,MBO,MBO,21163611644179532,745319371055300664,21.526617,2.7503676,2.6520593,150.75142351613027,1.7151365415754267,2025052800156,127,60824.02099459154,z,150.75142257030785,1.715134368303957,121.7439193725586,79109.5,647.887,False,75204.4,1.301,79146.6,642.16,False,-173.495,24.2263,19.154428400932122,0.00889190803214806,19.20939189581899,1.8782715249412002e-05,19.153919320902983,0.008809175862578915,nan,nan
2001 RL74,63832,MBO,MBO,21163611644179532,745319371301716065,21.526585,2.7503695,2.6520746,150.75171032525347,1.7151362004711177,2025052800158,85,60824.022043167475,z,150.75170776534074,1.715132940386325,120.86053466796875,79400.0,651.788,False,78172.8,3.8286,79187.8,643.023,False,-209.214,21.5205,19.15044874393226,0.008912718595267856,19.167360873821877,5.3175141782064874e-05,19.153354348999237,0.008816426144892971,nan,nan
2001 RL74,63832,MBO,MBO,21163611644179532,745319371592695911,21.526295,2.7503853,2.6522048,150.75415661856417,1.715133161619361,2025052800160,128,60824.030987239064,r,150.7541552124447,1.7151300914735241,174.36288452148438,57031.9,327.508,False,54822.5,0.149423,58000.4,331.223,False,-81.4742,4.74779,19.50970542921679,0.00623488430016588,19.552602909429794,2.9592587786832887e-06,19.491422557531738,0.006200315926945488,nan,nan
2001 RL74,63832,MBO,MBO,21163611644179532,745319371726913595,21.526278,2.7503862,2.6522121,150.75429944299452,1.7151329770754242,2025052800161,128,60824.03150921826,r,150.75429780913746,1.7151317244596107,174.32232666015625,57742.0,329.828,False,56490.1,0.412576,58595.0,332.925,False,-65.9848,4.51355,19.496270444023544,0.006201832359873784,19.520069111132553,7.929684619519699e-06,19.480348603515115,0.006168934426409838,nan,nan
2001 RL74,63832,MBO,MBO,21163611644179532,745319371861131293,21.526262,2.7503872,2.6522198,150.75444309401664,1.7151327906745837,2025052800162,128,60824.032034955926,r,150.7544405538612,1.7151300072525324,180.75112915039062,57526.7,315.924,False,55804.5,0.29716,58010.5,315.906,False,-53.0167,4.64393,19.500326360790943,0.005962625035046937,19.53332694681513,5.781565468401219e-06,19.491233478189947,0.0059125604478854205,nan,nan
2001 RL74,63832,MBO,MBO,21163611644179532,745319371995349030,21.526245,2.7503881,2.6522276,150.75458702447455,1.7151326031183824,2025052800163,128,60824.03256016,r,150.7545880560136,1.7151309384856834,182.93942260742188,58105.5,317.397,False,55676.2,0.0540236,58347.1,316.658,False,-76.5091,4.88785,19.48945689335296,0.005930753846495703,19.535826049633474,1.053509048116602e-06,19.484951782494562,0.005892444260661558,nan,nan
2001 RL74,63832,MBO,MBO,21163611644179532,745319372131139598,21.526228,2.750389,2.6522353,150.75473041353544,1.7151324154792948,2025052800164,131,60824.033084296345,r,150.7547314193024,1.7151336126860657,175.87045288085938,58032.5,329.242,False,54590.3,0.389013,58297.6,328.497,False,-102.743,5.1178,19.49082179981571,0.006159823621217037,19.557211282037017,7.7370060964302e-06,19.485873280752468,0.006117937729304491,nan,nan
2001 RL74,63832,MBO,MBO,21163611644179532,745319372263784455,21.52621,2.75039,2.652243,150.75487435593172,1.715132226325193,2025052800165,128,60824.03361075795,r,150.75487067070964,1.7151292359220809,178.9915313720703,56513.8,312.971,False,53302.7,0.0254475,56900.9,313.804,False,-103.23,5.6934,19.519613709156783,0.006012760601027466,19.58312699496983,5.183466019494599e-07,19.512202190630592,0.0059877498899756,nan,nan
2001 RL74,63832,MBO,MBO,21163611644179532,745319372397477952,21.526194,2.750391,2.6522505,150.75501885149944,1.7151320356477413,2025052800166,127,60824.03413813954,r,150.75501376150908,1.7151332632310843,180.17002868652344,56892.8,315.47,False,53933.1,0.6021,57480.2,317.468,False,-107.709,5.02986,19.512356714451144,0.00602039620368437,19.570361509415548,1.2120975169081742e-05,19.501204338320264,0.005996612609005792,nan,nan
2001 RL74,63832,MBO,MBO,21163611644179532,745319372531171384,21.526176,2.750392,2.6522582,150.7551625320954,1.7151318452553723,2025052800167,126,60824.03466371316,r,150.75515777033928,1.715129008528147,176.08485412597656,54532.8,310.923,False,54066.1,0.112792,54798.0,312.056,False,-101.707,4.75777,19.558355491405294,0.006190409398783556,19.56768736027271,2.265048795038397e-06,19.553088229921116,0.006182898953372942,nan,nan
2001 RL74,63832,MBO,MBO,21163611644179532,745319372666437640,21.52616,2.750393,2.6522658,150.7553059450331,1.7151316544322068,2025052800168,128,60824.03518783525,r,150.75530329373186,1.7151304832772096,185.6494140625,57266.4,306.864,False,53597.2,0.105287,57876.5,307.993,False,-80.2629,6.29704,19.50525032351161,0.005817955706513838,19.57714476063853,2.1328336189128804e-06,19.493744350268408,0.00577780555787702,nan,nan
2001 RL74,63832,MBO,MBO,21163611644179532,745319372800131102,21.526142,2.7503936,2.6522734,150.75544854275842,1.7151314639164694,2025052800169,127,60824.03570848347,r,150.75544497730027,1.715129689481731,180.91490173339844,57498.8,317.343,False,54294.0,0.189961,58046.6,318.472,False,-80.9187,4.92457,19.50085303260274,0.005992312286451759,19.563120403507945,3.7987169222844416e-06,19.490558004234607,0.005956878695041991,nan,nan
2001 RL74,63832,MBO,MBO,21163611644179532,745319372934348820,21.526125,2.7503946,2.652281,150.7555922411618,1.7151312711466888,2025052800170,127,60824.036233814564,r,150.7555943476879,1.7151313521258433,177.5255889892578,56709.8,318.557,False,54418.1,0.32328,57209.2,319.908,False,-77.7029,5.48838,19.515854695916364,0.006098925949948234,19.560641532875024,6.450000963155449e-06,19.506335327986285,0.006071325785658205,nan,nan
2001 RL74,63832,MBO,MBO,21163611644179532,745319373068566578,21.526108,2.7503955,2.6522887,150.75573621952998,1.71513107721314,2025052800171,127,60824.03675923546,r,150.7557314384834,1.7151315369079665,170.998779296875,57508.9,336.173,False,55599.6,0.123071,58061.6,338.222,False,-83.1424,4.67158,19.500662377697434,0.006346760442039356,19.537320801612644,2.403302122297354e-06,19.490277472063347,0.00632465940189282,nan,nan
2001 RL74,63832,MBO,MBO,21163611644179532,745319373202784294,21.52609,2.7503965,2.6522963,150.7558796563742,1.7151308832252994,2025052800172,127,60824.0372834039,r,150.75587494392303,1.715131662934203,177.60983276367188,57067.7,319.714,False,54077.5,0.349824,57497.5,321.288,False,-45.3352,5.23015,19.509024091044953,0.0060826887724046924,19.56745848503389,7.023560526839781e-06,19.500877595224114,0.0060669421741409045,nan,nan
2001 RL74,63832,MBO,MBO,21163611644179532,745319373314981940,21.526073,2.7503974,2.652304,150.75602227808508,1.7151306895647442,2025052800173,85,60824.037804515276,r,150.7560190469803,1.7151262080032394,163.49761962890625,57195.3,349.19,False,57339.5,1.11379,58170.7,352.695,False,-59.2947,4.39455,19.506599129442655,0.0066286604460781455,19.50386524604393,2.1089862411904054e-05,19.48823928974683,0.006582931679217429,nan,nan
2001 RL74,63832,MBO,MBO,21163611644179532,745319373449199677,21.526058,2.7503984,2.6523116,150.75616627470512,1.7151304932539322,2025052800174,85,60824.03833093225,r,150.75616377926946,1.715129052582981,160.8165740966797,56257.1,348.464,False,54136.5,0.228123,57258.2,352.195,False,-54.0217,4.3528,19.52455661749773,0.0067251948408918695,19.566274563500116,4.575127576650933e-06,19.505405786859136,0.006678360056802827,nan,nan
2001 RL74,63832,MBO,MBO,21163611644179532,745319373582893087,21.526041,2.7503994,2.6523192,150.75631055119456,1.7151302957728425,2025052800175,84,60824.038857291715,r,150.75630253161648,1.7151255365063554,164.51376342773438,56385.6,341.879,False,52903.3,0.124695,57006.9,344.78,False,-45.9484,4.4981,19.52207945459304,0.0065830707711686245,19.59129307575506,2.5591197022812915e-06,19.51018146730729,0.0065665759339908186,nan,nan
2001 RL74,63832,MBO,MBO,21163611644179532,745319373717110805,21.526024,2.7504003,2.6523268,150.75645428618068,1.7151300982484776,2025052800176,84,60824.03938280088,r,150.75645490968256,1.7151325970807754,166.92906188964844,56331.5,337.596,False,55140.7,0.252413,56726.4,338.589,False,-28.3919,4.28428,19.52312171045017,0.006506842686489516,19.546319327670307,4.970084557664219e-06,19.515536972357967,0.006480551106636936,nan,nan
2001 RL74,63832,MBO,MBO,21163611644179532,745319373985546275,21.52599,2.750402,2.652342,150.75674232258862,1.7151297000674446,2025052800178,84,60824.04043414835,r,150.75674063553365,1.7151291477358166,169.15956115722656,56761.7,334.544,False,54174.7,0.0174471,57393.9,336.684,False,-11.2832,4.4743,19.514861529940887,0.006399148453549111,19.56550872807757,3.4966409454562405e-07,19.502835687810563,0.006369143898162575,nan,nan
2001 RL74,63832,MBO,MBO,21163611644179532,745319374119764030,21.525972,2.750403,2.6523497,150.75688552867595,1.715129500932037,2025052800179,84,60824.04095713925,r,150.75688165112948,1.7151283350210322,171.72267150878906,55836.3,323.831,False,53091.4,0.141121,56675.2,326.815,False,-10.8101,4.6943,19.532708404844186,0.006296889820989292,19.587439587772984,2.8859699220008076e-06,19.51651736153022,0.0062608492832851,nan,nan
2001 RL74,63832,MBO,MBO,21163611644179532,745319374252933164,21.525955,2.750404,2.6523576,150.75703230077283,1.715129296034222,2025052800180,82,60824.04149341594,r,150.75702969933945,1.7151319039196218,175.94422912597656,57078.8,322.344,False,54072.0,0.150434,57610.7,324.373,False,-30.5397,5.05644,19.50881289984113,0.006131532898984541,19.567568916411407,3.0206325399896148e-06,19.498742134316863,0.006113161259066833,nan,nan
2001 RL74,63832,MBO,MBO,21163611644179532,745319374388723730,21.525938,2.7504048,2.6523652,150.75717661482565,1.7151290937753023,2025052800181,85,60824.04202079975,r,150.75717630828393,1.7151255685788098,172.72964477539062,56960.7,329.484,False,52564.1,0.129289,57075.6,329.12,False,-55.2042,4.9685,19.511061720435507,0.006280342800170094,19.598276885615434,2.6705250415369543e-06,19.50887375614721,0.006260774913029183,nan,nan
2001 RL74,63832,MBO,MBO,21163611644179532,745319374521368632,21.52592,2.7504058,2.6523728,150.75732093521498,1.7151288907223483,2025052800182,82,60824.04254722603,r,150.7573213678329,1.7151304647768875,169.3836669921875,56714.9,334.275,False,52565.4,0.0652371,57450.7,337.548,False,-67.6306,4.60179,19.51575710324048,0.006399279082173985,19.598250098383673,1.347469641469439e-06,19.50176170312258,0.006379175430998355,nan,nan
2001 RL74,63832,MBO,MBO,21163611644179532,745319374655586305,21.525904,2.7504067,2.6523805,150.75746416647243,1.715128688425959,2025052800183,82,60824.0430702788,r,150.75746012088402,1.7151245583064556,174.77447509765625,57262.6,328.294,False,53977.8,0.0452048,58066.6,331.926,False,-58.8318,4.66327,19.50532231234682,0.006224668086511993,19.569462034722207,9.092717166760455e-07,19.490183977444794,0.006206391630240815,nan,nan
2001 RL74,63832,MBO,MBO,21163611644179532,745319374789804082,21.525887,2.7504077,2.652388,150.75760795178405,1.7151284845705306,2025052800184,82,60824.04359566094,r,150.757606791328,1.7151266384715589,169.95863342285156,57337.8,335.945,False,53947.3,0.158468,58009.4,338.947,False,-53.6041,4.80564,19.50389742160621,0.006361382060173385,19.57007570021146,3.189305766109802e-06,19.491254095451367,0.006343920631808879,nan,nan
2001 RL74,63832,MBO,MBO,21163611644179532,745319374903574587,21.52587,2.7504086,2.6523957,150.75775229124457,1.7151282791474731,2025052800185,43,60824.044122991545,r,150.7577522136241,1.7151260138182443,169.0121307373047,58107.6,342.18,False,55633.0,0.331564,58642.9,344.58,False,-57.2922,4.53162,19.489417625104156,0.006393607662370417,19.53666880043032,6.470818560421189e-06,19.479461431852506,0.0063796806915215635,nan,nan
2001 RL74,63832,MBO,MBO,21163611644179532,745319375058239525,21.525852,2.7504096,2.6524036,150.75789636315707,1.7151280733246752,2025052800186,82,60824.044648688796,r,150.75789358503204,1.7151244785430337,172.76556396484375,57134.0,329.714,False,52403.6,0.0608843,57864.6,332.852,False,-54.0947,5.18437,19.507763423871225,0.006265663446501908,19.6015971601662,1.2614455402455635e-06,19.49396758236565,0.00624543237721556,nan,nan
2001 RL74,63832,MBO,MBO,21163611644179532,745319375172010046,21.525835,2.7504106,2.6524112,150.75803989377658,1.715127867500421,2025052800187,43,60824.045172979844,r,150.7580390522628,1.7151203737201475,165.00869750976562,56748.6,344.794,False,54469.6,0.296751,58005.3,350.927,False,-52.6104,4.48793,19.515112090454835,0.006596732352302266,19.55961450379626,5.915102867516704e-06,19.491330792176477,0.006568609180816386,nan,nan
2001 RL74,63832,MBO,MBO,21163611644179532,745319375326674971,21.525818,2.7504115,2.6524189,150.75818480039658,1.7151276589193187,2025052800188,82,60824.04570146889,r,150.75818155437523,1.7151276096250487,172.79270935058594,57644.7,333.575,False,53511.6,0.14832,58627.5,337.708,False,-35.9759,4.76959,19.49810155639109,0.006282875488367625,19.57888012679967,3.0093735545938264e-06,19.47974656162795,0.006254092545627436,nan,nan
2001 RL74,63832,MBO,MBO,21163611644179532,745319375440969766,21.5258,2.7504122,2.6524265,150.75832971342953,1.7151274495420583,2025052800189,44,60824.04623003084,r,150.75832527983053,1.7151257596140865,168.8173065185547,57497.3,340.231,False,56345.1,0.26701,58415.6,343.5,False,-16.1616,4.2433,19.500881357116096,0.006424668569534616,19.522859584885243,5.145122106569977e-06,19.48367786648255,0.006384431151246307,nan,nan
2001 RL74,63832,MBO,MBO,21163611644179532,745319375619227734,21.525774,2.7504137,2.6524377,150.7585401094813,1.7151271441528606,2025052800190,128,60824.046998932594,r,150.75853881324653,1.7151262855733682,153.97195434570312,57639.6,372.806,False,57633.8,1.20763,58411.1,376.955,False,14.4499,4.30036,19.498197574841413,0.007022410986777662,19.498306847546065,2.274997721337899e-05,19.48376150854029,0.007006778943343494,28.500337920575355,0.32312035870009237
2001 RL74,63832,MBO,MBO,21163611644179532,745319375753445410,21.525757,2.7504146,2.6524453,150.7586833949098,1.7151269352271246,2025052800191,128,60824.04752198832,r,150.75868708311845,1.7151264265881094,163.42318725585938,57515.4,351.425,False,54880.3,0.222554,58622.9,356.833,False,23.1702,4.34527,19.500539668225954,0.006633959650268828,19.551458792666566,4.402944771698345e-06,19.479831782370464,0.006608791546665356,27.987675527349463,0.20361572441844825
2001 RL74,63832,MBO,MBO,21163611644179532,745319375887663126,21.52574,2.7504156,2.652453,150.75882723478287,1.715126724721565,2025052800192,128,60824.0480465993,r,150.75882709946313,1.7151269939881102,177.8372344970703,57333.4,319.525,False,53780.5,0.604213,57962.5,321.363,False,13.85,5.08979,19.50398078663649,0.006050920818460046,19.573437911091034,1.2198025841580904e-05,19.492132227740345,0.006019675671798823,28.546375536594464,0.3990013705011938
2001 RL74,63832,MBO,MBO,21163611644179532,745319376021880892,21.525723,2.7504165,2.6524606,150.75897108119338,1.7151265134343556,2025052800193,128,60824.048571769206,r,150.75896949064537,1.7151255073225198,176.27078247070312,56952.7,320.111,False,54872.3,19.2938,57688.1,323.176,False,-24.6273,4.84522,19.511214220312986,0.006102539454524486,19.55161707391967,0.0003817586883266836,19.497284382128676,0.0060824306683457535,nan,nan
2001 RL74,63832,MBO,MBO,21163611644179532,745319376157147143,21.525705,2.7504175,2.6524682,150.75911520811266,1.7151263009613538,2025052800194,130,60824.04909724841,r,150.75911081359172,1.7151237782893438,176.51486206054688,51210.4,299.817,False,52551.8,0.176499,51595.1,300.014,False,-35.8074,5.35459,19.626604612916722,0.006356563637951994,19.598530993762974,3.64652296003924e-06,19.618478820804015,0.006313313862886094,nan,nan
2001 RL74,63832,MBO,MBO,21163611644179532,745323760487759928,21.488695,2.752151,2.666578,151.03232342465992,1.7137710566339173,2025052900092,81,60825.028359943615,r,151.03232517624903,1.7137679598152147,169.71548461914062,50771.9,298.223,False,47816.9,0.569056,51283.5,299.076,False,53.1785,6.90749,19.635941493422898,0.006377376253574272,19.701046492715147,1.2921052895938225e-05,19.625055856791743,0.006331814891357177,27.085659769265206,0.14102901690007413
2001 RL74,63832,MBO,MBO,21163611644179532,745323760621977678,21.488678,2.752152,2.6665857,151.03246863916536,1.713769716325254,2025052900093,81,60825.028885205786,r,151.0324681765434,1.7137700418236872,171.9519500732422,50545.5,293.638,False,47536.5,0.459876,50807.8,293.034,False,28.0741,9.2521,19.64079375755938,0.006307453843030779,19.707431993764203,1.0503592478539541e-05,19.635174007864894,0.006261983680102396,27.779235374539223,0.3578152016700123
2001 RL74,63832,MBO,MBO,21163611644179532,745323760756195379,21.488659,2.752153,2.6665933,151.03261358317084,1.713768377774444,2025052900094,81,60825.02941036766,r,151.0326085117137,1.7137648890648383,172.2157745361328,49337.4,284.925,False,47938.8,1.25072,49335.4,282.993,False,-12.6738,8.79813,19.667059386508996,0.006270159852043662,19.69828208577885,2.8326783108060264e-05,19.667103400107038,0.0062278965607374115,nan,nan
2001 RL74,63832,MBO,MBO,21163611644179532,745323760891985927,21.48864,2.7521539,2.666601,151.0327585330906,1.7137670384316193,2025052900095,84,60825.02993560632,r,151.03275603364543,1.7137675763228186,175.7298583984375,50204.8,285.429,False,50175.4,0.904185,50183.3,283.2,False,-46.9144,8.49928,19.648136879790997,0.006172728080307015,19.648772925351285,1.9565492605975616e-05,19.648601941454597,0.006127147908851823,nan,nan
2001 RL74,63832,MBO,MBO,21163611644179532,745323761020960809,21.48862,2.7521548,2.6666086,151.03290321277004,1.713765700851276,2025052900096,74,60825.03045977649,r,151.03289997850283,1.7137621219443062,162.5732879638672,49824.8,305.59,False,49270.1,0.179484,50255.3,306.456,False,-67.8439,6.96359,19.656386072751665,0.006659135965091723,19.668541356237434,3.9551830662845514e-06,19.647045308468535,0.006620801433898036,nan,nan
2001 RL74,63832,MBO,MBO,21163611644179532,745323761158848524,21.488602,2.7521558,2.6666162,151.03304789813006,1.713764362485456,2025052900097,81,60825.03098396293,r,151.03304191192734,1.7137614874505427,147.24813842773438,49606.1,337.165,False,49020.6,0.65023,50545.0,344.351,False,-93.4233,4.51829,19.661162254744745,0.007379581245536537,19.67405340887921,1.440166418982223e-05,19.64080449779911,0.007396861453330135,nan,nan
2001 RL74,63832,MBO,MBO,21163611644179532,745323761272619052,21.488585,2.7521565,2.6666238,151.03319314172322,1.7137630182192614,2025052900098,42,60825.03150921374,r,151.03319192639168,1.7137633142539728,171.3864288330078,50363.6,293.103,False,48898.6,0.776591,50696.6,292.337,False,-66.8274,8.5311,19.644708051315526,0.006318700917017681,19.676758902414562,1.724329410739707e-05,19.63755288135706,0.006260791871734066,nan,nan
2001 RL74,63832,MBO,MBO,21163611644179532,745323761403166726,21.488565,2.7521574,2.6666315,151.03333728649883,1.7137616833941287,2025052900099,35,60825.03203120518,r,151.03333040122934,1.7137563278897447,168.09262084960938,43871.7,269.609,False,48111.2,0.5438,44830.2,273.486,False,-78.9238,11.6817,19.794538860931144,0.006672280016136977,19.694384544368262,1.2272056273806257e-05,19.77107332797429,0.006623518267861031,nan,nan
2001 RL74,63832,MBO,MBO,21163611644179532,745323761561501710,21.488546,2.7521584,2.666639,151.03348254186938,1.7137603375510522,2025052900100,81,60825.03255740818,r,151.03348065659384,1.7137585758181335,174.08511352539062,47377.8,275.855,False,49272.6,1.33361,47825.5,277.336,False,-86.569,9.19161,19.711062756391446,0.006321647855177331,19.66848626660773,2.9386488167868267e-05,19.700851202174515,0.006296091718693306,nan,nan
2001 RL74,63832,MBO,MBO,21163611644179532,745323761675272229,21.488527,2.7521594,2.6666467,151.0336266983782,1.7137590011618435,2025052900101,42,60825.033079287,r,151.03362486344585,1.7137585376534084,173.3748016357422,49407.3,283.971,False,48537.3,1.35327,49781.5,282.877,False,-89.8091,8.71615,19.665522179576666,0.006240324809058089,19.684810947451663,3.027144626184493e-05,19.657330053774757,0.006169557280667711,nan,nan
2001 RL74,63832,MBO,MBO,21163611644179532,745323761809489935,21.48851,2.7521603,2.6666543,151.03377141312683,1.71375765886973,2025052900102,42,60825.03360386954,r,151.0337680849484,1.713757230801394,168.89639282226562,50196.9,295.115,False,48969.9,2.14405,50851.6,296.063,False,-104.674,8.47631,19.64830779045877,0.006383203732462733,19.675176991745296,4.753680642468232e-05,19.634238411238393,0.006321262170489479,nan,nan
2001 RL74,63832,MBO,MBO,21163611644179532,745323761943707674,21.488491,2.7521613,2.666662,151.03391641007775,1.713756313229388,2025052900103,42,60825.034128061634,r,151.0339132767842,1.7137559955928432,167.96615600585938,49471.8,291.832,False,48371.7,1.09204,49888.2,291.735,False,-101.721,7.1793,19.66410570240337,0.006404710641183688,19.688521640720257,2.4511590910098393e-05,19.655005430544644,0.0063491414954045386,nan,nan
2001 RL74,63832,MBO,MBO,21163611644179532,745323762077925396,21.488472,2.7521622,2.6666696,151.0340614130194,1.7137549668027847,2025052900104,42,60825.034653270595,r,151.0340589341438,1.71375272698994,164.3018035888672,49432.7,299.104,False,48531.5,1.04705,49979.0,298.64,False,-92.0494,6.32391,19.664964186785387,0.006569498553822739,19.68494071351812,2.3424375763445358e-05,19.653031094154706,0.006487610318199777,nan,nan
2001 RL74,63832,MBO,MBO,21163611644179532,745323762211094564,21.488453,2.7521632,2.6666772,151.03420669825414,1.7137536170230008,2025052900105,40,60825.03517963602,r,151.03420239763847,1.7137496386686848,159.88433837890625,49387.3,307.868,False,51079.2,2.06257,49736.2,308.091,False,-75.3797,5.49207,19.665961772915743,0.006768206422647387,19.62938979974337,4.3841858551268615e-05,19.658318515165853,0.006725595482274897,nan,nan
2001 RL74,63832,MBO,MBO,21163611644179532,745323762345312261,21.488434,2.7521641,2.6666849,151.034351160803,1.7137522741608753,2025052900106,40,60825.03570259073,r,151.03434815312949,1.7137524094744523,155.1646270751953,47369.2,307.073,False,51628.5,1.30735,47712.0,308.627,False,-77.7856,5.19103,19.71125989250867,0.0070383345503367886,19.61777623159975,2.7493288981041556e-05,19.703430945567746,0.007023128836353151,nan,nan
2001 RL74,63832,MBO,MBO,21163611644179532,745323762478481443,21.488415,2.7521648,2.6666925,151.03449480058424,1.713750938230237,2025052900107,38,60825.03622262055,r,151.03449188868188,1.7137454658318143,147.40013122558594,49203.3,331.123,False,51692.9,2.89084,49641.1,331.171,False,-114.36,4.74272,19.6700144045146,0.007306668622746786,19.616422790294557,6.071800582256198e-05,19.660396474600915,0.007243278704145689,nan,nan
2001 RL74,63832,MBO,MBO,21163611644179532,745323762612699172,21.488398,2.7521658,2.6667001,151.03463955145847,1.7137495912438303,2025052900108,38,60825.03674677969,r,151.03463826029022,1.713749857082747,143.9161834716797,49528.3,343.867,False,50051.6,0.327458,50629.9,349.567,False,-151.917,4.70103,19.662866428882214,0.007538091361983583,19.65145505327245,7.103329139648841e-06,19.63898235949446,0.007496312346904716,nan,nan
2001 RL74,63832,MBO,MBO,21163611644179532,745323762747965486,21.488379,2.7521667,2.6667078,151.03478403195783,1.7137482460513656,2025052900109,40,60825.03726984469,r,151.03478709124371,1.7137463147284726,150.4875946044922,50155.6,332.16,False,47349.4,0.396637,50890.8,336.77,False,-156.742,5.46733,19.649201390814753,0.007190386128639008,19.711713835576468,9.095007694375602e-06,19.63340178831382,0.007184861785135383,nan,nan
2001 RL74,63832,MBO,MBO,21163611644179532,745323763014828043,21.48834,2.7521687,2.666723,151.0350735640393,1.7137455481818908,2025052900111,37,60825.03831789047,r,151.03506899291017,1.7137431033534327,167.46798706054688,49950.9,297.577,False,45446.4,0.278173,50564.8,299.35,False,-138.749,8.3045,19.653641739919344,0.006468154291585769,19.75625132074729,6.645686066618324e-06,19.64037924870962,0.006427695442274405,nan,nan
2001 RL74,63832,MBO,MBO,21163611644179532,745323763175260207,21.488312,2.75217,2.6667345,151.03529045295215,1.7137435253123896,2025052900112,87,60825.03910224287,r,151.03529072412542,1.7137428878445773,161.71299743652344,50687.0,312.573,False,48834.1,0.510622,51171.4,314.057,False,-132.891,6.0852,19.637758531262943,0.006695441052129427,19.678191994780477,1.1352739197550856e-05,19.627431785623706,0.0066635478625080066,nan,nan
2001 RL74,63832,MBO,MBO,21163611644179532,745323763330449434,21.488295,2.752171,2.666742,151.03543606639084,1.7137421663041628,2025052900113,127,60825.03962907732,r,151.03543369355916,1.7137406784361144,163.54344177246094,50154.1,306.409,False,49906.2,1.65614,50680.2,308.291,False,-97.1096,6.12562,19.64923386233558,0.006633143266222202,19.6546137602264,3.6030215755466314e-05,19.637904216543618,0.006604604742907974,nan,nan
2001 RL74,63832,MBO,MBO,21163611644179532,745323763443695692,21.488276,2.752172,2.6667497,151.03558168610047,1.713740806509426,2025052900114,87,60825.04015647087,r,151.03558274506923,1.713742167996615,167.02561950683594,49807.7,295.406,False,48762.7,21.3212,50422.0,296.968,False,-55.7494,13.3827,19.656758798232737,0.00643942604648111,19.679780655944057,0.0004747316802989375,19.643449829823407,0.006394607417511789,nan,nan
2001 RL74,63832,MBO,MBO,21163611644179532,745323763577913357,21.488256,2.752173,2.6667573,151.03572648302483,1.7137394536767077,2025052900115,87,60825.04068076155,r,151.03572451109974,1.7137333736302647,167.8878631591797,50057.4,293.749,False,52957.3,4.62607,50355.0,292.954,False,-16.3729,8.26089,19.6513293127882,0.006371364207482914,19.590185397180086,9.484417889823714e-05,19.644893499240766,0.006316567868070261,nan,nan
2001 RL74,63832,MBO,MBO,21163611644179532,745323763712131154,21.488237,2.7521737,2.666765,151.03587100990717,1.7137381026508358,2025052900116,87,60825.041203718705,r,151.03587100422567,1.7137360388058915,172.66661071777344,49832.9,286.863,False,49878.0,2.14782,50298.1,287.394,False,31.6383,10.8534,19.6562096304165,0.006250038866455083,19.655227422786155,4.675339690505855e-05,19.646121016310964,0.006203695063146966,27.649467152509022,0.37245773623994477
2001 RL74,63832,MBO,MBO,21163611644179532,745323763844776005,21.488218,2.7521746,2.6667726,151.03601609575543,1.7137367456809478,2025052900117,84,60825.04172892816,r,151.0360155927667,1.7137333037948719,174.83059692382812,49831.3,284.11,False,48576.3,0.557559,49938.8,281.523,False,52.5469,11.1856,19.65624443997193,0.006190255770837925,19.68393890247381,1.246208536602094e-05,19.65390472726539,0.006120686118276252,27.098632214931904,0.23111945334942313
2001 RL74,63832,MBO,MBO,21163611644179532,745323763980566572,21.4882,2.7521756,2.6667802,151.0361614642242,1.7137353853462896,2025052900118,87,60825.04225404642,r,151.03615673467462,1.7137335570042822,170.78311157226562,49245.1,285.148,False,50132.4,0.890265,49731.2,285.225,False,60.7281,12.9344,19.66909240632596,0.006286828712384348,19.64970379336193,1.9280803619362053e-05,19.658427670147557,0.0062270590794880325,26.941525769254238,0.23124955298567484
2001 RL74,63832,MBO,MBO,21163611644179532,745323764109541430,21.48818,2.7521765,2.6667879,151.03630711550102,1.713734021641614,2025052900119,77,60825.042781189695,r,151.0363080941336,1.7137357612094888,165.10133361816406,49188.9,295.24,False,48507.7,1.3381,49621.4,295.389,False,-5.78357,11.8634,19.670332257886685,0.0065167701792955505,19.685473310048817,2.9950370596205836e-05,19.66082750135201,0.006463230584049194,nan,nan
2001 RL74,63832,MBO,MBO,21163611644179532,745323764278362159,21.488153,2.752178,2.6667993,151.03652187300074,1.7137320095896622,2025052900120,143,60825.04355816226,r,151.03652134372885,1.7137298437391653,155.01707458496094,48328.0,307.08,False,53669.5,3.23723,48581.4,308.1,False,-81.8509,9.6266,19.689502943196473,0.0068988548911221035,19.575681126755974,6.548929805515432e-05,19.683824969970267,0.006885666985135098,nan,nan
2001 RL74,63832,MBO,MBO,21163611644179532,745323764412055599,21.488134,2.752179,2.666807,151.03666698732786,1.713730649132099,2025052900121,142,60825.04408396741,r,151.03666221759983,1.7137289924615107,155.96897888183594,48899.4,307.778,False,54413.6,5.39148,49068.1,307.191,False,-100.131,15.369,19.67674120888222,0.006833739161221784,19.56073131944978,0.00010757834128797122,19.67300186120625,0.006797255043357371,nan,nan
2001 RL74,63832,MBO,MBO,21163611644179532,745323764514291764,21.488104,2.7521803,2.6668193,151.03690084215245,1.7137284552198522,2025052900122,81,60825.044929514916,r,151.03689568842026,1.7137284725597837,162.9082489013672,49816.0,303.204,False,49299.1,1.40758,50172.7,304.984,False,-104.905,7.54725,19.65657786821664,0.006608310002718981,19.667902488318283,3.099976547739847e-05,19.64883133481974,0.006599847832998579,nan,nan
2001 RL74,63832,MBO,MBO,21163611644179532,745323764648509492,21.488085,2.7521813,2.666827,151.03704542036107,1.71372709792893,2025052900123,81,60825.04545278364,r,151.0370440179223,1.7137255486938137,171.8539581298828,49950.5,287.91,False,52460.9,3.66482,50235.0,289.217,False,-82.0895,13.8896,19.653650400419114,0.006258081794736745,19.60041069004909,7.584749458114283e-05,19.64748398351113,0.006250888411060843,nan,nan
2001 RL74,63832,MBO,MBO,21163611644179532,745323764782727211,21.488066,2.7521822,2.6668346,151.0371900049835,1.7137257398694627,2025052900124,81,60825.04597517384,r,151.0371854814554,1.713724473053847,167.2649688720703,49763.3,293.293,False,53533.3,3.20278,50023.5,294.353,False,-52.7778,11.5016,19.657727051925548,0.006399069653894253,19.57843994464772,6.495721653917173e-05,19.652064813025717,0.006388791380715654,nan,nan
2001 RL74,63832,MBO,MBO,21163611644179532,745323764916944975,21.488047,2.7521832,2.666842,151.03733404309529,1.7137243862396356,2025052900125,81,60825.04649620871,r,151.03733235408555,1.7137222113523953,171.02757263183594,49378.4,287.883,False,49625.0,2.37177,49634.5,288.822,False,-20.0513,19.0323,19.66615750072447,0.006329994510832657,19.66074870057207,5.189151547228869e-05,19.66054087171989,0.006317873501757381,nan,nan
2001 RL74,63832,MBO,MBO,21163611644179532,745323765047492626,21.488028,2.7521842,2.6668499,151.0374794699762,1.7137230188469814,2025052900126,74,60825.047022808765,r,151.03747676043824,1.713722992404312,161.3751220703125,50430.7,307.448,False,48440.3,1.96501,50636.4,307.858,False,-57.0302,24.0734,19.643262525827645,0.006619131357111743,19.68698292211976,4.404354465781087e-05,19.638842978761513,0.006601033815477596,nan,nan
