provid,permid,orbit_class,population,ssObjectId,diaSourceId,phaseAngle,helioRange,topoRange,ephRa,ephDec,visit,detector,midpointMjdTai,band,ra,dec,snr,psfFlux,psfFluxErr,psfFlux_flag,trailFlux,trailFluxErr,scienceFlux,scienceFluxErr,forced_PsfFlux_flag,templateFlux,templateFluxErr,psfMag,psfMagErr,trailMag,trailMagErr,scienceMag,scienceMagErr,templateMag,templateMagErr
2010 RM91,666572,MBO,MBO,21164706860970317,745284205547094795,6.3075953,3.5985622,2.6450703,225.5764111576319,-40.60482181937841,2025052000297,11,60816.27435135268,i,225.5763640031575,-40.6047790588391,19.395225524902344,5797.87,293.539,False,5601.91,2.47992,5731.97,292.298,False,-117.925,18.1664,21.991828794641485,0.054969482750940296,22.02915965173978,0.00048064655743386626,22.004240187505737,0.055366394762969305,nan,nan
2010 RM91,666572,MBO,MBO,21164706860970317,745284205684982190,6.3076386,3.5985625,2.645071,225.57625301871315,-40.604779911897765,2025052000298,18,60816.275022669506,i,225.57623245417912,-40.604760454993105,14.74736499786377,5895.31,390.69,False,5846.44,5.61242,5707.71,392.304,False,-189.864,13.2254,21.97373337158966,0.07195317570605622,21.98277126831706,0.0010422766231262242,22.00884525951573,0.07462513746269712,nan,nan
2010 RM91,666572,MBO,MBO,21164706860970317,745284205837549883,6.307674,3.5985625,2.6450717,225.57612458482583,-40.604745867797774,2025052000299,53,60816.27556749106,i,225.57608553556184,-40.60470674799365,19.26078987121582,6502.29,330.036,False,5830.57,2.44325,6344.75,330.66,False,-218.612,24.8724,21.8673341560189,0.05510859152453313,21.98572249842806,0.000454968381831109,21.893963713970273,0.05658371684328111,nan,nan
2010 RM91,666572,MBO,MBO,21164706860970317,745284206090780717,6.3077374,3.5985625,2.6450732,225.5758943688953,-40.604684824999225,2025052000301,24,60816.27654415411,i,225.57583964838088,-40.60464509416519,14.530338287353516,5532.51,377.192,False,5194.86,0.950039,5404.85,376.488,False,-194.576,22.3779,22.04269452702941,0.07402264302912481,22.111065408729253,0.00019856007611316782,22.068040866516963,0.07562960156678314,nan,nan
2010 RM91,666572,MBO,MBO,21164706860970317,745284206508638918,6.307834,3.5985627,2.645075,225.57554474074115,-40.60459207233848,2025052000304,53,60816.27802847215,i,225.57550072466663,-40.604564283240855,17.35350227355957,5711.73,325.338,False,5600.62,1.08303,5586.23,323.413,False,-103.233,16.6557,22.00808082956967,0.06184312990551625,22.029409709911945,0.00020995619081699024,22.032202971805702,0.06285834960617084,nan,nan
2010 RM91,666572,MBO,MBO,21164706860970317,745284206619263281,6.3078737,3.598563,2.6450758,225.5753998672323,-40.6045536222737,2025052000305,8,60816.2786430751,i,225.57533901016063,-40.60451666935761,16.43844223022461,5785.74,354.91,False,5537.1,4.86358,5643.13,352.848,False,-86.0283,11.895,21.994102672533277,0.06660144161284115,22.04179406350352,0.0009536697989845424,22.021199884629866,0.06788782955287492,nan,nan
2010 RM91,666572,MBO,MBO,21164706860970317,745284206752956571,6.3079057,3.598563,2.6450765,225.5752853900537,-40.60452323263372,2025052000306,7,60816.27912987208,i,225.5752156993936,-40.604478625730934,12.945425987243652,5241.28,404.937,False,5021.63,0.343655,5085.26,403.434,False,-65.0878,12.4191,22.10140664142932,0.08388309578793207,22.147888249854073,7.430230293931371e-05,22.13421714377734,0.08613579440985272,nan,nan
2010 RM91,666572,MBO,MBO,21164706860970317,745284206901854401,6.307938,3.598563,2.6450772,225.575167858292,-40.604492025781326,2025052000307,35,60816.27962886513,i,225.57511947011596,-40.60445553548571,16.065319061279297,5567.91,342.986,False,5272.38,0.445298,5577.26,343.346,False,-71.9714,12.488,22.035769452782375,0.06688188193732225,22.09498326430829,9.169979332753105e-05,22.033947818504707,0.06683984745859663,nan,nan
2010 RM91,666572,MBO,MBO,21164706860970317,745284207060189282,6.30797,3.598563,2.6450777,225.5750508052146,-40.60446093965897,2025052000308,81,60816.280125752084,i,225.57499714313442,-40.60441249478763,15.758834838867188,5723.74,359.247,False,5423.82,3.91596,5631.09,358.529,False,-108.341,18.2483,22.005800211100304,0.06814556014981045,22.064236864706857,0.0007838939651295038,22.023518858643754,0.06912834238923052,nan,nan
2010 RM91,666572,MBO,MBO,21164706860970317,745284207740715126,6.308141,3.5985634,2.6450813,225.574431281223,-40.60429630518249,2025052000313,99,60816.28275687109,i,225.57435747480403,-40.60428651334726,8.933274269104004,5766.58,624.126,False,5320.73,12.9809,5629.59,624.89,False,-101.584,18.1403,21.997704181813077,0.11751092673705885,22.085071950868972,0.0026488532488303618,22.023808113708625,0.12051778757006296,nan,nan
2010 RM91,666572,MBO,MBO,21164706860970317,745284208257139129,6.3082705,3.5985637,2.645084,225.5739616612264,-40.60417138846917,2025052000317,60,60816.28475189184,i,225.57388228669902,-40.60414003070971,17.506807327270508,5703.76,318.099,False,5461.81,0.642287,5622.77,316.342,False,-73.2044,18.7596,22.009596936616177,0.06055156846165351,22.056658517694558,0.00012767823478732136,22.025124198700752,0.06108447841377996,nan,nan
2010 RM91,666572,MBO,MBO,21164706860970317,745284208367239189,6.308303,3.5985637,2.6450846,225.57384492310285,-40.60414032088441,2025052000318,14,60816.28524772648,i,225.5737903173452,-40.60412348110494,13.951064109802246,5170.91,368.946,False,5240.94,4.92499,4959.33,365.255,False,-117.79,10.0863,22.116082519901592,0.077467608861041,22.101477042675064,0.0010202826598276313,22.161442463524256,0.07996454692935268,nan,nan
2010 RM91,666572,MBO,MBO,21164706860970317,745284208652452348,6.3083673,3.598564,2.6450858,225.57361052918415,-40.60407792253417,2025052000320,46,60816.28624395413,i,225.57354718358698,-40.60403750022551,12.840486526489258,5117.7,395.483,False,4612.67,1.03815,4846.92,395.892,False,-208.572,10.6437,22.12731289876723,0.08390296362322291,22.240119054915056,0.00024436107697053716,22.186335388476827,0.08868194289298688,nan,nan
2010 RM91,666572,MBO,MBO,21164706860970317,745284209036755096,6.308666,3.5985644,2.645092,225.5725260495862,-40.60378889302056,2025052000323,11,60816.29085395938,r,225.57259378168177,-40.603788144952176,5.367990493774414,5380.94,1033.02,False,nan,nan,4952.05,1042.14,False,-196.465,7.51401,22.072854638105945,0.20843704773852453,nan,nan,22.16303749024439,0.22848904775956283,nan,nan
2010 RM91,666572,MBO,MBO,21164706860970317,745284209192992964,6.308697,3.5985646,2.6450925,225.57241458274223,-40.603759154952286,2025052000324,53,60816.29132796575,r,225.57231241289412,-40.60371878803774,8.95280933380127,4932.38,538.056,False,5811.37,57.8614,4906.0,544.478,False,-100.101,21.0863,22.16735870556799,0.11843915637803573,21.989303660338944,0.010810224822584483,22.173181140324083,0.12049724969066371,nan,nan
2010 RM91,666572,MBO,MBO,21164706860970317,745284209864081908,6.3088593,3.5985649,2.6450958,225.5718263300142,-40.6036021219603,2025052000329,53,60816.29382987938,r,225.57178114707926,-40.60356410243536,17.89666175842285,4874.89,269.053,False,4815.91,0.105436,4749.46,267.631,False,-87.7737,7.7568,22.18008791840307,0.05992352334386939,22.193304059259724,2.3770310446518093e-05,22.20838942294749,0.06118099354327628,nan,nan
2010 RM91,666572,MBO,MBO,21164706860970317,745284209974182281,6.308895,3.5985649,2.6450965,225.57169657566348,-40.60356746304719,2025052000330,7,60816.294381302054,r,225.57165714753057,-40.60353761338797,20.067733764648438,5241.24,257.184,False,5121.29,2.87548,5180.7,256.426,False,31.3705,9.05249,22.101414834443034,0.053276315768798585,22.12655156910497,0.0006096145013090203,22.114028848508582,0.05374003049369579,27.65869637852672,0.31330760471763724
2010 RM91,666572,MBO,MBO,21164706860970317,745284210107875575,6.3089304,3.5985649,2.6450973,225.57156871180095,-40.603533301615,2025052000331,6,60816.29492512181,r,225.57154351554837,-40.603505245585566,17.916929244995117,4809.33,265.505,False,4656.96,2.23286,4986.96,267.024,False,246.628,8.04191,22.194788537566637,0.05993940770606035,22.229743739943054,0.0005205750228505812,22.155410296525332,0.058135138901521874,25.41989402096673,0.03540308811999495
2010 RM91,666572,MBO,MBO,21164706860970317,745284210257297807,6.308962,3.598565,2.645098,225.5714544888779,-40.60350277835453,2025052000332,35,60816.295411938976,r,225.57140501211484,-40.60346953210282,20.73214340209961,4898.27,235.974,False,4662.04,0.741965,5492.01,235.218,False,601.861,29.9827,22.17489319463905,0.05230530638362474,22.2285600023554,0.00017279522524897851,22.050671747983106,0.04650113747565805,24.451259452645758,0.05408774126062032
2010 RM91,666572,MBO,MBO,21164706860970317,745284210415632671,6.3089933,3.598565,2.6450987,225.5713405088504,-40.603472314096926,2025052000333,81,60816.29589666701,r,225.57128749152727,-40.6034386882268,21.493520736694336,5049.58,233.788,False,4624.6,1.1992,6407.94,235.795,False,1282.79,32.8024,22.14186184051317,0.050267960070767455,22.237314539955655,0.00028154107735164327,21.88320391835437,0.039952179445164715,23.629611052629546,0.027763508264841103
2010 RM91,666572,MBO,MBO,21164706860970317,745284211612582058,6.3092804,3.5985656,2.6451044,225.57029790428373,-40.6031933767857,2025052000342,60,60816.300334970816,r,225.5702448409915,-40.60318900002747,8.146300315856934,6258.53,764.245,False,6220.59,2.4134,6266.7,773.259,False,-9.98011,15.3581,21.908819191408803,0.13258201031046374,21.915421082589493,0.0004212326727138206,21.907402704623898,0.1339708675332531,nan,nan
2010 RM91,666572,MBO,MBO,21164706860970317,745284212007895368,6.3093767,3.5985658,2.6451066,225.5699489542673,-40.603099909576784,2025052000345,46,60816.30182097718,r,225.56983402237626,-40.6030340460177,9.467816352844238,4905.79,516.031,False,5234.5,24.0462,4825.96,519.527,False,-160.005,11.9982,22.173227607317475,0.11420658882220458,22.102811989648416,0.004987645373611667,22.191040713950404,0.11688228941566818,nan,nan
2010 RM91,666572,MBO,MBO,21164706860970317,745284213060665540,6.3099933,3.5985672,2.6451192,225.56771174565463,-40.6024993751996,2025052000353,6,60816.31135520345,z,225.56767708490966,-40.602479822525034,7.542304515838623,9582.74,1244.97,False,10041.3,14.1385,10816.9,1255.47,False,1661.73,23.4382,21.44627571099393,0.141056622424161,21.395525164823667,0.001528754430352239,21.3147429238822,0.12601661769580652,23.348598861607698,0.015313981579528435
2010 RM91,666572,MBO,MBO,21164706860970317,745284213368422639,6.310056,3.5985672,2.6451206,225.5674836326228,-40.60243801821581,2025052000355,81,60816.312328200496,z,225.56747027979623,-40.60240241757787,6.9721856117248535,6431.27,882.787,False,7119.29,63.4854,9806.74,886.82,False,3350.22,23.9679,21.879258140002563,0.14903336204128367,21.768908283987564,0.009681920265618963,21.42118832086883,0.0981827361635156,22.587316692164432,0.007767494753780353
2010 RM91,666572,MBO,MBO,21164706860970317,745284213911060489,6.310337,3.5985677,2.6451263,225.56646469728344,-40.60216367045931,2025052000359,92,60816.316676849194,z,225.5664355113887,-40.602129599800776,14.357643127441406,6412.44,442.672,False,5960.84,4.1114,6395.52,439.414,False,54.1794,114.656,21.88244172360402,0.07495197123770982,21.961731366668552,0.0007488703081425057,21.88531034319746,0.07459716939530274,27.065414493970934,2.2976659977687897
2010 RM91,666572,MBO,MBO,21164706860970317,745284214431154309,6.3104672,3.5985682,2.6451292,225.56599319572845,-40.602036565872446,2025052000363,60,60816.318689001,z,225.565930121627,-40.602023410324215,7.971182823181152,6648.5,839.331,False,6315.24,11.7541,8069.43,842.669,False,1497.81,24.8411,21.843190817270347,0.13706731557252994,21.899025310127534,0.002020802263001105,21.63289282993933,0.11338052735931008,23.461358143051363,0.018006877596670728
2010 RM91,666572,MBO,MBO,21164706860970317,745284214826467736,6.3105655,3.5985682,2.645131,225.5656360983568,-40.6019402376534,2025052000366,46,60816.32021498008,z,225.56563971540444,-40.60188868963611,8.261540412902832,7012.8,864.082,False,7700.52,45.8644,16630.7,859.076,False,9613.99,24.5228,21.785271396963974,0.13377896205077786,21.683699864345698,0.006466659177564978,20.847723727453154,0.056084827906326254,21.442740808378634,0.0027694320086367893
2010 RM91,666572,MBO,MBO,21164706860970317,745284215364387283,6.310691,3.5985684,2.6451337,225.56518054555468,-40.60181727101006,2025052000370,48,60816.32216097384,z,225.56515810779365,-40.60181770926318,11.778276443481445,6915.06,573.715,False,6890.67,10.5728,17197.5,567.371,False,10227.0,53.9278,21.800510109023122,0.09007921414892799,21.804346383100974,0.0016659151477610103,20.8113367046959,0.03582004392972444,21.375629360128613,0.00572517493510813
2010 RM91,666572,MBO,MBO,21164706860970317,745284215483400359,6.310723,3.5985687,2.6451344,225.56506469027525,-40.60178598416878,2025052000371,19,60816.3226558567,z,225.56505224641333,-40.60172853223378,10.961579322814941,8386.55,740.006,False,7905.25,2.01731,13334.1,720.869,False,5760.14,39.1832,21.59104167390015,0.09580236265259819,21.65521097786401,0.00027706478594565674,21.087590762249114,0.05869714605874087,21.99891737657073,0.007385691798530742
2010 RM91,666572,MBO,MBO,21164706860970317,745288582392971502,6.37498,3.5986855,2.646317,225.35866010110425,-40.54656292123485,2025052100139,22,60817.223832008545,g,225.3585981866077,-40.546541963173546,22.66373062133789,3569.76,156.643,False,3679.42,0.432559,3507.95,157.354,False,-200.902,4.82067,22.518402449872124,0.0476426935391337,22.485551611323192,0.000127641038935114,22.537366528633388,0.048702216788353785,nan,nan
2010 RM91,666572,MBO,MBO,21164706860970317,745288582527713540,6.3750176,3.5986855,2.6463177,225.35854704892716,-40.54653209827971,2025052100140,23,60817.224314639956,g,225.35851074089862,-40.546492135882836,24.24730682373047,3945.0,161.023,False,4031.3,0.506306,3955.12,161.3,False,-188.712,3.86539,22.4098824811364,0.044316475402987526,22.38638719048888,0.00013636165509813776,22.407100806054473,0.04427912375653087,nan,nan
2010 RM91,666572,MBO,MBO,21164706860970317,745288582701776996,6.375083,3.5986857,2.6463192,225.3583516810766,-40.54647881792909,2025052100141,99,60817.22514724822,g,225.35830229854142,-40.54643485451594,24.253503799438477,3806.38,155.882,False,3976.2,1.43653,3723.99,157.491,False,-207.587,2.88378,22.44871967650171,0.04446396323786598,22.401329460896093,0.00039225709040586955,22.47247873758859,0.04591679305158534,nan,nan
2010 RM91,666572,MBO,MBO,21164706860970317,745288582947668087,6.3751593,3.5986857,2.6463206,225.35812373021744,-40.54641662828579,2025052100143,56,60817.22611979296,g,225.35807527362508,-40.54637544985538,22.484386444091797,3558.53,158.004,False,3601.81,1.37857,3424.68,159.086,False,-201.076,2.77931,22.521823412373372,0.0482082937332551,22.508697983566094,0.0004155586476410323,22.56345002788707,0.05043549520756883,nan,nan
2010 RM91,666572,MBO,MBO,21164706860970317,745288583372865818,6.3753366,3.598686,2.646324,225.35759379446168,-40.546271953874985,2025052100146,99,60817.228379524175,g,225.35756326421418,-40.54627747819143,23.5456485748291,3751.0,161.506,False,3794.39,0.348489,3624.6,161.651,False,-147.025,2.9082,22.464632339623194,0.046748309226123747,22.45214511304956,9.971750935086888e-05,22.501849755464637,0.04842198851374933,nan,nan
2010 RM91,666572,MBO,MBO,21164706860970317,745288583463567529,6.3753743,3.5986862,2.6463246,225.35748125506265,-40.54624121270646,2025052100147,16,60817.22885903192,g,225.3574508738128,-40.54621717313958,21.274080276489258,3757.6,175.318,False,3842.72,8.99849,3661.84,176.007,False,-118.694,2.61408,22.462723603844825,0.050657091648067726,22.43840315646176,0.0025424664867061235,22.490751563018,0.05218610635986703,nan,nan
2010 RM91,666572,MBO,MBO,21164706860970317,745288583595688301,6.3754168,3.5986862,2.6463256,225.35735395078171,-40.54620643098113,2025052100148,12,60817.22940280738,g,225.35735486495173,-40.54617576134926,21.617412567138672,3747.75,172.681,False,3940.58,1.36986,4008.06,172.535,False,-98.8999,2.78657,22.465573467914282,0.05002628598726335,22.411099606485937,0.0003774334299962938,22.392664448565327,0.04673769787016452,nan,nan
2010 RM91,666572,MBO,MBO,21164706860970317,745288583744061656,6.3754635,3.5986862,2.6463265,225.35721352452,-40.54616805499718,2025052100149,39,60817.23000185596,g,225.3571537775755,-40.546142826555226,24.94788932800293,3884.22,155.113,False,3840.51,0.219601,3770.49,156.031,False,-90.8137,3.2015,22.426740457879816,0.043357947890658256,22.439027746555563,6.208257795614393e-05,22.45900551956027,0.04493010525558265,nan,nan
2010 RM91,666572,MBO,MBO,21164706860970317,745288583880376579,6.3755064,3.5986865,2.6463273,225.35708576423016,-40.54613313209446,2025052100150,43,60817.23054613777,g,225.3570436214372,-40.54611325866293,22.240751266479492,3681.56,165.012,False,3885.66,0.492931,3469.74,166.69,False,-114.837,2.51883,22.4849202758243,0.048664015420416554,22.426338032988063,0.00013773543086815595,22.54925767111884,0.052159922971528126,nan,nan
2010 RM91,666572,MBO,MBO,21164706860970317,745288584582398032,6.3757243,3.5986867,2.6463315,225.356434402299,-40.54595496116554,2025052100155,102,60817.2333252631,g,225.35637233532313,-40.54590335609491,23.315322875976562,3745.18,159.574,False,3989.57,3.63835,3505.32,160.636,False,-194.957,2.59509,22.466318281065178,0.046260868066943746,22.39768475764994,0.0009901538921898855,22.538180801892423,0.04975532028723607,nan,nan
2010 RM91,666572,MBO,MBO,21164706860970317,745288585345237073,6.3769403,3.5986886,2.6463554,225.35279595830968,-40.54495592365297,2025052100161,21,60817.24886228235,r,225.35272384439835,-40.54491071297794,22.057222366333008,6389.32,287.588,False,6928.86,4.16531,5947.48,290.018,False,-432.869,4.38538,21.886363430625593,0.04886978990379791,21.798345555541896,0.0006526943621640212,21.96416752786591,0.0529439442414595,nan,nan
2010 RM91,666572,MBO,MBO,21164706860970317,745288585634120147,6.37703,3.5986888,2.6463573,225.35252852176032,-40.54488223732586,2025052100163,60,60817.25000592864,r,225.3524884711064,-40.54482978279559,23.203718185424805,6361.65,272.801,False,6719.6,0.797516,5441.88,269.656,False,-461.949,3.83701,21.89107558723223,0.04655866345593491,21.83164143066493,0.0001288606419788258,22.060627621296675,0.0538003952120825,nan,nan
2010 RM91,666572,MBO,MBO,21164706860970317,745288585740026148,6.3770766,3.5986888,2.6463583,225.3523881484656,-40.54484354659106,2025052100164,6,60817.25060564542,r,225.35231734308917,-40.544809239582364,23.483802795410156,6655.62,282.063,False,6831.55,3.85065,6039.98,279.748,False,-444.209,4.86224,21.842028685587447,0.046013142728559615,21.81370190284904,0.0006119826854314068,21.94741125211702,0.05028700714516455,nan,nan
2010 RM91,666572,MBO,MBO,21164706860970317,745288585884205349,6.3771152,3.598689,2.646359,225.3522732832153,-40.54481187944276,2025052100165,25,60817.25109657977,r,225.35220795549475,-40.544792226339084,24.017568588256836,6251.12,261.341,False,6403.81,0.749002,5352.38,258.29,False,-403.434,4.79141,21.910105389788857,0.04539144727335205,21.88390389508608,0.00012698980130482318,22.07863267571532,0.05239441514699607,nan,nan
2010 RM91,666572,MBO,MBO,21164706860970317,745288586325655726,6.3772745,3.5986893,2.646362,225.35179610915364,-40.54468025884137,2025052100168,99,60817.25313642433,r,225.3517412380813,-40.54463464442386,24.714052200317383,6302.92,254.114,False,6255.2,0.178441,5641.25,252.169,False,-386.08,4.7124,21.901145526295405,0.043773484612329,21.909396965794425,3.0972606996273036e-05,22.021561633679493,0.04853339595116915,nan,nan
2010 RM91,666572,MBO,MBO,21164706860970317,745288586415833362,6.377335,3.5986893,2.6463633,225.35161509216584,-40.54463029931975,2025052100169,15,60817.253910247164,r,225.35156827858466,-40.54457380101702,23.312101364135742,6376.49,270.954,False,6574.99,4.8348,5825.08,267.408,False,-410.209,4.65844,21.888545752751856,0.046135815735446506,21.855262219703953,0.0007983764176325331,21.98674524989702,0.0498421535412276,nan,nan
2010 RM91,666572,MBO,MBO,21164706860970317,745288586546380912,6.3773775,3.5986893,2.6463642,225.3514881089764,-40.54459524327106,2025052100170,8,60817.25445321476,r,225.35146225958812,-40.544542748863286,22.904014587402344,6391.76,276.69,False,6639.39,4.13429,5818.13,277.201,False,-427.314,4.44359,21.885948890877867,0.04699994432845757,21.84467952764238,0.0006760784467565453,21.98804146968564,0.05172919057563964,nan,nan
2010 RM91,666572,MBO,MBO,21164706860970317,745288586698424362,6.37742,3.5986896,2.646365,225.35136089981043,-40.54456011697848,2025052100171,42,60817.2549970415,r,225.3513209241584,-40.544533479540554,22.516347885131836,6012.22,263.517,False,6131.48,0.925262,5497.08,262.155,False,-427.39,4.50118,21.95241280127572,0.047588068199391036,21.93108671347012,0.00016384142615179646,22.049669841124647,0.05177861144240247,nan,nan
2010 RM91,666572,MBO,MBO,21164706860970317,745288586853613585,6.3774805,3.5986896,2.6463661,225.35117968707704,-40.5445100650886,2025052100172,82,60817.255772890276,r,225.3511239513094,-40.544480725268535,25.852338790893555,6475.5,248.093,False,6793.94,5.65909,6243.8,247.579,False,-392.014,5.27648,21.871816730720127,0.0415973368489299,21.81969574155692,0.0009043763998063659,21.911377575488395,0.043051585019903076,nan,nan
2010 RM91,666572,MBO,MBO,21164706860970317,745288587533615434,6.3776894,3.59869,2.6463704,225.35055456876137,-40.54433728175606,2025052100177,99,60817.258446173575,r,225.35051373408777,-40.544305568338935,24.517494201660156,6822.44,276.57,False,6906.14,0.0127662,6157.61,273.951,False,-400.454,4.82776,21.815150696943135,0.04401388252312424,21.80191153340466,2.007014828927652e-06,21.926469576983955,0.04830421436896126,nan,nan
2010 RM91,666572,MBO,MBO,21164706860970317,745288588071010497,6.37785,3.5986903,2.6463735,225.3500735894748,-40.5442042094541,2025052100181,100,60817.26050490688,r,225.35004267874854,-40.54417686208039,23.65751838684082,6643.44,278.684,False,6858.79,2.18337,6160.9,277.28,False,-246.583,4.1473,21.844017466969795,0.04554527486026255,21.80938122884745,0.0003456242233651661,21.925889618096377,0.04886509086366506,nan,nan
2010 RM91,666572,MBO,MBO,21164706860970317,745288588163809648,6.3778887,3.5986903,2.6463742,225.34995791956504,-40.54417219037615,2025052100182,21,60817.26099958194,r,225.34990319829186,-40.54413363985777,24.52482032775879,6721.79,272.275,False,6499.12,0.639582,6256.77,268.994,False,-149.491,4.97381,21.831287643048036,0.043979180665533295,21.86786359074525,0.00010684789590787411,21.909124520293183,0.046678479592901084,nan,nan
2010 RM91,666572,MBO,MBO,21164706860970317,745288588447449268,6.3779645,3.5986905,2.646376,225.34973010474465,-40.54410910901865,2025052100184,50,60817.26197450944,r,225.34968575452933,-40.54408744068012,23.559589385986328,6003.38,252.643,False,6120.67,0.200188,5799.57,249.456,False,64.8104,5.07485,21.954010436050893,0.04569153762793227,21.93300260172318,3.551104010212754e-05,21.991510546220482,0.04670060228798927,26.87088821324034,0.08501642182804603
2010 RM91,666572,MBO,MBO,21164706860970317,745288588967543203,6.3784695,3.5986912,2.646386,225.34821856727908,-40.54368993153933,2025052100188,18,60817.26844634924,i,225.34816846049486,-40.5436600382171,16.16669464111328,6481.53,400.05,False,6727.72,2.50197,5649.13,402.48,False,-644.339,5.94752,21.870806197190113,0.0670133085640681,21.83033019451021,0.00040377414379751223,22.020046100006276,0.0773547658992301,nan,nan
2010 RM91,666572,MBO,MBO,21164706860970317,745288589123780965,6.3785076,3.5986912,2.6463869,225.3481051108396,-40.54365842339176,2025052100189,60,60817.26893247643,i,225.3480273683787,-40.54360976839295,14.606256484985352,5963.81,406.338,False,6065.26,6.04093,4982.01,408.525,False,-739.614,5.79859,21.961190492112927,0.07397551018866574,21.94287648560784,0.0010813809204444252,22.156488563760675,0.08903041087603386,nan,nan
2010 RM91,666572,MBO,MBO,21164706860970317,745288589373866153,6.378588,3.5986915,2.6463883,225.34786374728765,-40.54359137331606,2025052100191,25,60817.26996681998,i,225.34782148622244,-40.54356169326704,15.732870101928711,6411.19,401.399,False,6750.32,4.16943,5479.11,403.282,False,-707.525,6.41678,21.88265339070182,0.06797699280832892,21.826689125476918,0.0006706202049972001,22.053224978271476,0.07991405412591648,nan,nan
2010 RM91,666572,MBO,MBO,21164706860970317,745288589815316558,6.3787117,3.5986917,2.646391,225.3474928937184,-40.54348829655995,2025052100194,99,60817.2715550652,i,225.3474588381388,-40.5434311950501,14.880434036254883,5861.49,392.255,False,6021.33,8.21904,5269.03,390.0,False,-627.695,6.22417,21.979979885600592,0.07265822227276264,21.95076891230969,0.0014820162805307376,22.095673366021796,0.0803633946136658,nan,nan
2010 RM91,666572,MBO,MBO,21164706860970317,745288589901824360,6.37875,3.5986917,2.6463916,225.34737948221965,-40.54345676121287,2025052100195,8,60817.27204180314,i,225.34732630616034,-40.543396870519196,14.262645721435547,5854.69,406.571,False,5908.52,6.41161,5184.47,409.478,False,-674.22,5.91384,21.98124024947303,0.07539748040661506,21.971303221588165,0.0011781828989524414,22.11323904058141,0.08575323375050156,nan,nan
2010 RM91,666572,MBO,MBO,21164706860970317,745288590035517666,6.3787923,3.5986917,2.6463926,225.3472516110049,-40.5434211977513,2025052100196,7,60817.27258909164,i,225.34719977565973,-40.54341069370667,16.17662239074707,6281.72,385.739,False,6321.99,0.596911,5433.78,378.026,False,-536.938,7.16982,21.904803526997327,0.0666713572727408,21.897865448384536,0.0001025132709706296,22.062244915544955,0.0755342564160214,nan,nan
2010 RM91,666572,MBO,MBO,21164706860970317,745288590188085507,6.3788304,3.598692,2.6463933,225.34713774801813,-40.54338952362604,2025052100197,42,60817.27307743678,i,225.34707301412092,-40.543336218992515,14.738109588623047,5849.68,398.092,False,6101.36,2.18114,4926.2,398.234,False,-624.589,5.5092,21.98216969449128,0.07388829741703914,21.93643339800574,0.00038813357350886256,22.16871985723049,0.08777091148664205,nan,nan
2010 RM91,666572,MBO,MBO,21164706860970317,745288590343274690,6.3788695,3.598692,2.646394,225.34702155930424,-40.54335719610667,2025052100198,82,60817.27357591773,i,225.34693197158379,-40.543294854888906,17.843111038208008,6892.24,382.027,False,7174.21,2.26605,6495.63,383.185,False,-555.084,7.69827,21.804098983223575,0.06018080330018173,21.760564793452385,0.0003429412644899518,21.868446822268005,0.0640488809361446,nan,nan
2010 RM91,666572,MBO,MBO,21164706860970317,745288591023276312,6.3790708,3.5986922,2.646398,225.3464178727122,-40.543189126237365,2025052100203,99,60817.27616330091,i,225.34634299135476,-40.543156310504834,15.935011863708496,6227.66,389.088,False,6571.36,9.9952,6027.74,391.728,False,-635.221,7.87169,21.914187737326394,0.06783397481905448,21.855861872901087,0.0016514315012752928,21.949613679715828,0.07055932273691486,nan,nan
2010 RM91,666572,MBO,MBO,21164706860970317,745288591560671279,6.3792276,3.5986924,2.6464014,225.34594798936985,-40.54305818696125,2025052100207,100,60817.27817853546,i,225.34589431773335,-40.54303001332932,15.10693359375,6027.1,396.664,False,6360.61,3.32565,5235.35,392.007,False,-686.493,6.61876,21.949728989349644,0.071456000487214,21.891253104133764,0.0005676780468699388,22.102635677323715,0.08129660328747836,nan,nan
2010 RM91,666572,MBO,MBO,21164706860970317,745288591649800483,6.379275,3.5986927,2.6464024,225.3458073988663,-40.54301898898386,2025052100208,14,60817.27878137833,i,225.34571614706763,-40.543023347113,13.80613899230957,5156.95,385.809,False,6039.2,28.0199,4205.28,381.019,False,-611.459,8.02038,22.119017657233357,0.0812276196625795,21.947551433977864,0.005037458308045622,22.340512761194738,0.0983730352448012,nan,nan
2010 RM91,666572,MBO,MBO,21164706860970317,745288592721969499,6.380056,3.5986938,2.6464183,225.34346849613104,-40.54236549819695,2025052100216,11,60817.288820734655,z,225.34352159119163,-40.5423011218376,8.025473594665527,5557.25,682.392,False,6150.62,71.8552,4284.37,678.13,False,-663.485,20.3843,22.03785016370585,0.13332092878957086,21.927702739059075,0.012684215985130703,22.320282546217513,0.1718503018402634,nan,nan
2010 RM91,666572,MBO,MBO,21164706860970317,745288592859857145,6.3800936,3.5986938,2.646419,225.3433548850168,-40.54233368907058,2025052100217,18,60817.28930842723,z,225.3432838621448,-40.5423415559322,9.115171432495117,6457.39,698.037,False,7405.28,0.556389,5486.72,692.539,False,-614.618,18.9173,21.87485743498212,0.1173669258525086,21.72614632096158,8.157580411977786e-05,22.05171796320922,0.13704264800366478,nan,nan
2010 RM91,666572,MBO,MBO,21164706860970317,745288593794138452,6.3803787,3.5986943,2.646425,225.34250119467416,-40.54209447600081,2025052100224,8,60817.292976088276,z,225.3425058903023,-40.54205740539895,8.504963874816895,5923.44,677.839,False,6419.5,55.7809,6303.75,668.778,False,930.893,21.8128,21.968565026396277,0.12424441522389185,21.881246992015278,0.00943427706678257,21.901002547082022,0.1151880236335857,23.97775058231366,0.02544110435614218
2010 RM91,666572,MBO,MBO,21164706860970317,745288593927831863,6.380421,3.5986943,2.6464257,225.34237415751824,-40.54205884953868,2025052100225,7,60817.29352245161,z,225.34229216933525,-40.542001542841945,8.264814376831055,5685.63,692.203,False,6129.28,5.03467,8095.72,677.846,False,2802.75,21.2171,22.013053537433457,0.13218409865105243,21.931476384547544,0.0008918377941766711,21.62936127326202,0.0909075329843451,22.781039096896656,0.008219132561128781
2010 RM91,666572,MBO,MBO,21164706860970317,745288594235588861,6.380507,3.5986946,2.6464276,225.3421170896485,-40.54198673393376,2025052100227,82,60817.29462709323,z,225.34208991893036,-40.54191633856402,7.991921424865723,6062.84,733.911,False,7000.81,24.0108,10875.9,730.732,False,4950.54,15.2526,21.94330975989019,0.1314291282582464,21.78712926295614,0.0037237682502762656,21.308836946624545,0.07294864370288091,22.163368556609516,0.00334515014480791
2010 RM91,666572,MBO,MBO,21164706860970317,745288595432538607,6.3808713,3.5986953,2.646435,225.3410255435045,-40.54168017683396,2025052100236,61,60817.29932161764,z,225.3409233338886,-40.541627153405095,7.5004472732543945,5049.36,688.316,False,5230.35,28.3028,4996.13,677.651,False,-145.684,43.5341,22.141909191072756,0.14800481624465495,22.103673100780437,0.005875203999861078,22.153415699836252,0.1472640310016641,nan,nan
2010 RM91,666572,MBO,MBO,21164706860970317,745288595542114404,6.38091,3.5986953,2.646436,225.34090978321495,-40.54164763338367,2025052100237,14,60817.29981996688,z,225.3408619981829,-40.541608757487595,8.383379936218262,5839.52,696.518,False,6010.43,9.06673,5440.78,687.464,False,-176.01,20.3574,21.984057120847286,0.12950290660327562,21.9527361093932,0.0016378322746460107,22.060847129375524,0.1371870526061413,nan,nan
2010 RM91,666572,MBO,MBO,21164706860970317,745288595829424169,6.3809867,3.5986953,2.6464374,225.34068014805723,-40.54158305811665,2025052100239,50,60817.30080726347,z,225.34054849372794,-40.541597135558796,6.857186317443848,5864.3,855.058,False,6188.48,3.63349,4737.61,868.832,False,-192.341,15.0502,21.979459587649444,0.15830831312565039,21.921040024121655,0.0006374766902403034,22.211101764478627,0.1991135515874351,nan,nan
2010 RM91,666572,MBO,MBO,21164706860970317,745297388101435639,6.5383763,3.598918,2.649469,224.93969406560328,-40.42628106505328,2025052300210,186,60819.0802794506,i,224.93965620913607,-40.42624329165489,24.388790130615234,5432.54,220.162,False,5307.52,0.119011,5602.91,215.406,False,170.555,32.5182,22.062492660364967,0.04400112201224929,22.087770897589053,2.4345560783660338e-05,22.02896585368191,0.04174154015712363,25.820338907296325,0.20700764259966906
2010 RM91,666572,MBO,MBO,21164706860970317,745297388344705610,6.538478,3.5989182,2.6494708,224.9394680816085,-40.42621655840211,2025052300212,138,60819.08126372041,i,224.9394385732962,-40.42618841202255,25.506975173950195,5348.08,203.599,False,5331.74,1.20249,5556.8,201.509,False,184.985,30.0481,22.079505246406846,0.041333488142114995,22.082827544584717,0.00024487068784145643,22.037938123245148,0.039372593487323825,25.732158711644452,0.176361918117859
2010 RM91,666572,MBO,MBO,21164706860970317,745297388466340508,6.5385284,3.5989182,2.6494715,224.9393550842321,-40.42618429746901,2025052300213,114,60819.08175505777,i,224.9393127461284,-40.42615108559547,24.817472457885742,5211.22,207.086,False,5300.21,2.07571,5385.99,204.797,False,180.9,33.9619,22.107651435260646,0.043145512344242694,22.089267315115734,0.00042520458196773923,22.071836095915472,0.04128405449490856,25.756403619482903,0.2038345182842893
2010 RM91,666572,MBO,MBO,21164706860970317,745297389012123720,6.5387306,3.5989184,2.6494753,224.93890466750668,-40.42605566221161,2025052300217,131,60819.08371626666,i,224.93886914391433,-40.42601232999623,21.809829711914062,4872.66,216.588,False,4359.06,0.680325,5413.03,214.761,False,459.25,23.1285,22.180584693592795,0.04826058514080153,22.301517868212745,0.00016945246058110898,22.06639895800049,0.04307639234360873,24.744877087555384,0.054679259216508166
2010 RM91,666572,MBO,MBO,21164706860970317,745297389156303015,6.538781,3.5989184,2.6494763,224.93879165272293,-40.42602337588608,2025052300218,150,60819.08420865002,i,224.93875419820677,-40.42599950780553,22.09952163696289,4647.82,206.755,False,4342.73,0.691422,5254.53,205.975,False,545.113,42.4094,22.231876790003994,0.04829821352938231,22.305592932718106,0.0001728640477156981,22.09866535458358,0.0425603299525713,24.558783699350332,0.08446950273355555
2010 RM91,666572,MBO,MBO,21164706860970317,745297389291044886,6.538831,3.5989184,2.6494772,224.9386800128354,-40.42599147828072,2025052300219,151,60819.08469468984,i,224.93863671110705,-40.42594759840897,22.914289474487305,4826.5,206.532,False,4602.32,0.329764,5479.85,207.705,False,590.7,31.3097,22.190919223684684,0.046460016020494974,22.24255801161133,7.779483755006477e-05,22.053078303903646,0.04115310389490074,24.47158255041841,0.057548796615658135
2010 RM91,666572,MBO,MBO,21164706860970317,745297389400097156,6.538882,3.5989187,2.649478,224.93856768042733,-40.42595937871945,2025052300220,103,60819.085183726726,i,224.93852693784936,-40.425922942901366,24.217695236206055,4948.83,199.699,False,4693.01,0.225186,5523.62,199.16,False,538.839,36.7172,22.163743644417135,0.043812464056688864,22.2213713551716,5.209718515376381e-05,22.044440493355495,0.03914737471588031,24.57135246793826,0.07398350065734852
2010 RM91,666572,MBO,MBO,21164706860970317,745297391992701507,6.540452,3.5989206,2.6495068,224.93506594508065,-40.4249566078692,2025052300239,184,60819.100420095594,z,224.9350191439511,-40.42491747062779,12.913405418395996,5544.18,427.541,False,5632.03,1.26347,6157.4,417.663,False,756.276,79.8587,22.040406660963534,0.08372684722203722,22.023337642701613,0.00024357029938224797,21.926506598828972,0.07364664332076629,24.203299202298172,0.11464794025729684
2010 RM91,666572,MBO,MBO,21164706860970317,745297392128492038,6.540502,3.5989206,2.6495078,224.9349542103645,-40.42492454071525,2025052300240,187,60819.100906042106,z,224.93494126907274,-40.42488502166782,9.113807678222656,4040.47,431.775,False,3936.05,24.5338,5242.09,421.855,False,914.701,49.0996,22.38392029154762,0.11602455817808087,22.412348469839742,0.006767504149007258,22.101238849969878,0.08737417179764354,23.996802128632314,0.05828048281233588
2010 RM91,666572,MBO,MBO,21164706860970317,745297392237019602,6.5405526,3.5989206,2.6495087,224.93484132365907,-40.42489213838526,2025052300241,138,60819.10139749409,z,224.93481872274052,-40.42488531334752,13.01536750793457,5241.22,398.175,False,5065.05,1.71531,6212.84,381.679,False,1033.0,105.76,22.101418981547617,0.08248327342773946,22.13854069965135,0.0003676911810946415,21.91677460400524,0.06670101011431878,23.864749196200947,0.11115920942362296
2010 RM91,666572,MBO,MBO,21164706860970317,745297392357081631,6.540603,3.5989206,2.6495097,224.93472935436944,-40.42485999484212,2025052300242,111,60819.101884707816,z,224.93466134649225,-40.424815694226275,12.687708854675293,4756.62,362.773,False,4691.28,3.17318,5592.88,351.29,False,839.719,135.888,22.206753829247745,0.08280581203416544,22.221771663034982,0.0007343916117035378,22.030911269573124,0.06819532846023058,24.089665057796523,0.17569987454351846
2010 RM91,666572,MBO,MBO,21164706860970317,745297392651207408,6.540703,3.5989208,2.6495113,224.9345065583865,-40.424796022259365,2025052300244,160,60819.102853417426,z,224.93446046488813,-40.42474201434087,12.061002731323242,5107.53,418.366,False,4880.37,12.4494,5648.52,402.507,False,748.932,136.381,22.129472730122885,0.08893440258423242,22.178868101880035,0.0027696186819079903,22.02016331918916,0.07736830330760656,24.213894021827244,0.19771325622498
2010 RM91,666572,MBO,MBO,21164706860970317,745297392904438051,6.5408034,3.5989208,2.6495132,224.93428237386368,-40.42473163274811,2025052300246,131,60819.10382878358,z,224.93422531317862,-40.424708316378094,13.312117576599121,4987.39,372.466,False,5122.38,8.6797,5705.11,363.509,False,714.186,101.92,22.155316644825554,0.08108445777584831,22.126320541976916,0.0018397433694952402,22.009339969894693,0.06917919101109546,24.265471707892488,0.154943160480135
2010 RM91,666572,MBO,MBO,21164706860970317,745297393047568826,6.5408545,3.598921,2.6495142,224.93416901368383,-40.4246990668326,2025052300247,148,60819.104321635255,z,224.93412048939786,-40.42467409096188,11.836586952209473,5046.5,424.218,False,4899.8,3.81809,6040.67,415.028,False,1138.9,44.0217,22.14252430602685,0.09126896408624818,22.174554159875484,0.0008460424241837928,21.947287236543225,0.07459618682210212,23.758785994347797,0.04196677006636539
2010 RM91,666572,MBO,MBO,21164706860970317,745297393182310694,6.5409045,3.598921,2.6495152,224.9340565709742,-40.42466675982964,2025052300248,149,60819.1048107221,z,224.9340222785044,-40.4246406580206,13.021888732910156,4925.62,376.385,False,4703.39,3.83829,6138.78,367.353,False,1204.02,102.916,22.168847714175225,0.08296515409396221,22.218972489772675,0.0008860354489625643,21.929794864181954,0.0649719427214184,23.698415729747666,0.09280545658202484
2010 RM91,666572,MBO,MBO,21164706860970317,745297393290838556,6.5409603,3.598921,2.649516,224.9339323986895,-40.42463107728523,2025052300249,100,60819.105350279235,z,224.93387363721408,-40.42459543426948,10.929866790771484,4393.98,397.828,False,4334.6,24.2969,5858.33,384.473,False,1378.29,109.137,22.292854815279643,0.09830182840325684,22.3076274089022,0.006085918695395592,21.9805654058637,0.07125516000938432,23.551648456234133,0.085971740306448
2010 RM91,666572,MBO,MBO,21164706860970317,745297393424531950,6.5410113,3.598921,2.649517,224.93381903176763,-40.424598494837866,2025052300250,99,60819.105843802085,z,224.93374838892967,-40.42455920325192,12.306792259216309,4668.8,378.432,False,4348.36,5.30403,5648.27,365.172,False,1013.74,114.147,22.22698686988681,0.0880049151922364,22.304186303960854,0.001324356198598069,22.02021137426504,0.07019502552322592,23.885183552562175,0.12225376842617511
2010 RM91,666572,MBO,MBO,21164706860970317,745297394110300365,6.5412736,3.5989215,2.649522,224.9332339974829,-40.42443027604381,2025052300255,127,60819.108387760905,z,224.933208428474,-40.42440596788431,14.815764427185059,5556.99,371.792,False,5331.42,7.18398,6477.8,356.693,False,822.007,133.476,22.037900916062814,0.07264148568411535,22.082892773817534,0.0014630074692358675,21.871431194790752,0.05978488195660585,24.11281118510786,0.17629986126141098
2010 RM91,666572,MBO,MBO,21164706860970317,745297394646647121,6.5414805,3.5989218,2.649526,224.93277172804747,-40.42429726596778,2025052300259,126,60819.110397827186,z,224.9327345768093,-40.42425395375449,14.210152626037598,5396.27,373.634,False,5247.88,2.14982,7007.56,361.795,False,1611.43,129.997,22.06976581787726,0.07517562363931392,22.100040284894973,0.00044477723515693086,21.786082928530647,0.056055737160285314,23.381971352196743,0.08758831485774765
2010 RM91,666572,MBO,MBO,21164706860970317,745297394802360535,6.541531,3.5989218,2.6495268,224.93265926082464,-40.424264893246274,2025052300260,167,60819.11088697922,z,224.93262165367514,-40.42422560882909,16.72804069519043,5883.97,344.388,False,5368.77,1.45813,7284.11,331.796,False,1377.94,133.856,21.975823835936104,0.06354799683912347,22.075312998467645,0.0002948803038088278,21.74405878134951,0.049455997464003906,23.55192427770428,0.10547071327660158
2010 RM91,666572,MBO,MBO,21164706860970317,745297395051921605,6.5416346,3.5989218,2.6495287,224.93242880082872,-40.42419854229863,2025052300262,131,60819.11188828145,z,224.93237713740947,-40.42415837967134,14.961520195007324,4996.15,333.266,False,4973.9,1.53325,5793.18,321.884,False,819.907,117.895,22.15341134929156,0.07242355804868397,22.15825739743259,0.000334688079911727,21.99270741035484,0.06032629831006961,24.115588537675805,0.15611876585940906
2010 RM91,666572,MBO,MBO,21164706860970317,745297396511539409,6.543461,3.598924,2.6495628,224.92835362547277,-40.42302183109896,2025052300273,99,60819.129602983405,r,224.9283014466836,-40.42298126991165,46.7557258605957,6292.13,130.59,False,6005.09,0.0531361,6388.37,129.944,False,7.89725,43.0898,21.903005803008647,0.02253390976409768,21.95370122654237,9.607147953832962e-06,21.88652482620091,0.0220846480507732,29.156310259593212,5.924107356092621
2010 RM91,666572,MBO,MBO,21164706860970317,745297397197308687,6.5437226,3.5989244,2.6495678,224.9277696472972,-40.42285265553414,2025052300278,127,60819.13214026288,r,224.9277191310137,-40.42281883205877,43.100284576416016,6340.97,146.28,False,6059.07,0.0124066,6470.99,143.453,False,115.568,28.2619,21.89461071700081,0.025046875371669153,21.943985106752493,2.223162114251937e-06,21.872573138970306,0.024069286665687424,26.242905998755102,0.26551439653062825
2010 RM91,666572,MBO,MBO,21164706860970317,745297397481996653,6.5438256,3.5989244,2.6495697,224.9275395498303,-40.42278595832834,2025052300280,158,60819.133140983344,r,224.92748638322385,-40.42274581463325,32.88691329956055,6109.1,180.183,False,5753.03,0.470692,6180.41,180.881,False,47.0994,35.8597,21.935056897227426,0.032022916959420916,22.000258443740563,8.883099414697044e-05,21.92245675617549,0.03177605400116991,27.217461573289892,0.8266384311666637
2010 RM91,666572,MBO,MBO,21164706860970317,745297397735227508,6.5439396,3.5989246,2.649572,224.92728552017465,-40.4227122981751,2025052300282,129,60819.13424434215,r,224.92723882409592,-40.42267907219496,43.01291275024414,6280.92,143.557,False,5609.92,0.045123,6328.69,141.643,False,10.6685,42.0395,21.904941858915187,0.024815638745153478,22.027608344959425,8.733043451884317e-06,21.896715452484855,0.024299964211546576,28.829741601559356,4.278371720546152
2010 RM91,666572,MBO,MBO,21164706860970317,745297397893562676,6.5439906,3.5989246,2.6495728,224.9271718505229,-40.42267932894258,2025052300283,175,60819.13473884479,r,224.92713573062926,-40.422642602285116,41.262290954589844,6021.31,143.992,False,5550.85,0.399152,6059.88,141.99,False,-14.0874,44.236,21.95077252213771,0.02596400631183343,22.039101251900824,7.807340886028329e-05,21.943839960520222,0.02544005700756295,nan,nan
2010 RM91,666572,MBO,MBO,21164706860970317,745297398142599565,6.5440974,3.5989249,2.6495748,224.92693300522728,-40.42261003541505,2025052300285,138,60819.13577654648,r,224.92688955676027,-40.4225760087765,41.95808410644531,6285.67,148.1,False,6094.31,0.882669,6343.44,146.53,False,16.4283,58.0788,21.904121071846884,0.02558160713974006,21.937688635165692,0.0001572525274427661,21.894187919007745,0.025079913458214045,28.36101838087559,3.83839184918716
2010 RM91,666572,MBO,MBO,21164706860970317,745297398409462307,6.544201,3.5989249,2.6495767,224.9267019822893,-40.42254298825703,2025052300287,135,60819.13678076528,r,224.92665322357206,-40.422510106576546,45.60607147216797,6009.14,128.335,False,5669.86,0.112256,6004.29,124.725,False,-43.3163,56.9477,21.952969169658196,0.023187670774342726,22.016069187580683,2.1496192872627942e-05,21.95384584298647,0.022553615098663646,nan,nan
2010 RM91,666572,MBO,MBO,21164706860970317,745297398677897385,6.5443015,3.598925,2.6495786,224.92647786175024,-40.42247792256467,2025052300289,135,60819.13775401536,r,224.92643224321756,-40.42244768744557,42.767417907714844,6000.3,139.112,False,5645.4,0.461346,5973.28,137.253,False,-24.7288,42.5869,21.954567623928988,0.025171897955527985,22.020763221491137,8.872711663570174e-05,21.959467856651603,0.024947861671616167,nan,nan
2010 RM91,666572,MBO,MBO,21164706860970317,745297399852302666,6.545067,3.5989258,2.649593,224.92476911727647,-40.421981135182186,2025052300298,71,60819.14518065411,g,224.9247203239705,-40.421941158934345,36.82065963745117,3685.16,98.8074,False,3355.7,0.508559,3822.75,99.3738,False,73.5035,22.8985,22.483859154559916,0.029111023105281783,22.585542196020718,0.00016454418278787604,22.444060257548976,0.02822411479609983,26.73422992384796,0.33823872774928454
2010 RM91,666572,MBO,MBO,21164706860970317,745297400156914207,6.545172,3.598926,2.6495953,224.92453372577492,-40.42191259943624,2025052300300,140,60819.146203793265,g,224.9245044585543,-40.421880432944555,37.30199432373047,3559.5,94.9818,False,3406.79,0.660975,3847.65,94.0602,False,242.9,26.825,22.52152750681745,0.028971814860932508,22.569136578089683,0.0002106512163491042,22.437011128226242,0.0265420636013128,25.436431240269215,0.1199047972533084
2010 RM91,666572,MBO,MBO,21164706860970317,745297400272257385,6.5452237,3.598926,2.6495962,224.92441913699352,-40.42187922733859,2025052300301,104,60819.146701661426,g,224.9243928836187,-40.42184444802398,36.66172790527344,3256.95,87.9364,False,3153.07,0.680305,3677.12,87.8648,False,374.743,30.5348,22.617972287727273,0.02931446172396504,22.653165945344227,0.0002342579635838553,22.486230457976966,0.02594367083482723,24.96566614373966,0.08846792705761142
2010 RM91,666572,MBO,MBO,21164706860970317,745297400408572293,6.5452743,3.5989263,2.6495972,224.9243059292612,-40.42184625175205,2025052300302,108,60819.14719325559,g,224.92427614379113,-40.42180681879126,32.782958984375,2974.6,89.163,False,2878.21,0.178031,3506.04,89.1652,False,493.46,25.4462,22.716428530347017,0.032544710627815936,22.75219382034305,6.715795657519738e-05,22.537957821400898,0.027612315884567813,24.66687013278804,0.05598804454073202
2010 RM91,666572,MBO,MBO,21164706860970317,745297400516051418,6.545325,3.5989263,2.6495981,224.9241931822012,-40.42181340471485,2025052300303,57,60819.1476838121,g,224.92414244262145,-40.42178980295135,34.723331451416016,3208.61,91.8569,False,3117.3,0.365583,3749.09,90.588,False,502.683,22.7799,22.634207631912773,0.031082731147691032,22.665553484138805,0.00012733028438526714,22.465185309186378,0.026234277178628175,24.646764474254155,0.04920190467691551
2010 RM91,666572,MBO,MBO,21164706860970317,745297400648171828,6.5453744,3.5989263,2.649599,224.9240820462673,-40.42178102153857,2025052300304,53,60819.1481665677,g,224.9240250503636,-40.4217449987116,34.69057083129883,3310.07,94.9137,False,3056.41,0.494297,3716.65,94.5744,False,413.271,25.7842,22.600407032192308,0.031132645007581203,22.686971001362565,0.00017559036969247834,22.474620865649932,0.027627797838336663,24.85941268252787,0.06773966825876508
2010 RM91,666572,MBO,MBO,21164706860970317,745297401363825114,6.5456357,3.5989265,2.649604,224.9234989947922,-40.42161103990713,2025052300309,138,60819.15070086936,g,224.92343698113223,-40.42157970982737,34.509708404541016,3568.24,102.694,False,3295.39,0.522544,3697.93,101.65,False,147.336,11.6941,22.518864859584077,0.031247504198611938,22.605232986682648,0.00017216322999988548,22.480103305271836,0.02984509953151038,25.979227823064846,0.08617519337306581
2010 RM91,666572,MBO,MBO,21164706860970317,745297401898598701,6.54586,3.5989268,2.6496084,224.92299833060304,-40.42146495588371,2025052300313,134,60819.15287667574,g,224.92295437164614,-40.42142275957515,34.59096908569336,3428.4,97.8161,False,3268.14,0.891248,3445.06,96.4972,False,-8.22825,13.9109,22.56227131485073,0.030977273763179398,22.61424840446593,0.0002960889801297955,22.55700800631505,0.030411807611216618,nan,nan
2010 RM91,666572,MBO,MBO,21164706860970317,745297402057458073,6.545912,3.598927,2.6496093,224.92288237028296,-40.42143110483899,2025052300314,181,60819.15338005674,g,224.92283436618834,-40.42138889485097,34.43125915527344,3437.54,99.6414,False,3207.97,0.319588,3451.58,99.1171,False,-16.3178,16.1171,22.559380586618648,0.03147142366805376,22.63442426432611,0.00010816443775755104,22.554955115855506,0.031178482152556943,nan,nan
2010 RM91,666572,MBO,MBO,21164706860970317,745297402304397587,6.5460157,3.598927,2.6496112,224.92265045220816,-40.42136338527308,2025052300316,140,60819.154388640745,g,224.92260038085865,-40.4213292024667,36.62839889526367,3612.13,96.8166,False,3365.59,0.900074,3612.02,95.3095,False,17.4379,14.9423,22.50559160493937,0.029101191811545742,22.582346950110125,0.00029036302960485353,22.505624628213702,0.028649059539283036,28.29626450914266,0.9303525892646232
2010 RM91,666572,MBO,MBO,21164706860970317,745297402570736102,6.546119,3.5989273,2.6496131,224.9224189983169,-40.42129577695701,2025052300318,136,60819.15539483809,g,224.92236611033618,-40.42125795008393,35.92446517944336,3599.67,99.2715,False,3310.06,0.335891,3653.38,98.5492,False,53.1167,13.4203,22.509343302026572,0.02994237349320524,22.600410315500863,0.00011017595517666878,22.493262917450306,0.02928752003785898,27.086922301891068,0.2743187226006664
2010 RM91,666572,MBO,MBO,21164706860970317,745297405668229147,6.547841,3.5989292,2.6496465,224.918572525162,-40.42016859329733,2025052300341,156,60819.17211601227,u,224.91850879996977,-40.42016316059515,5.755073547363281,1136.65,190.77,False,1059.62,8.87482,1325.32,188.968,False,230.554,63.6116,23.760933085999838,0.18222486778834696,23.837124637811478,0.009093555391281791,23.594198164441735,0.15480745025637166,25.49306834242782,0.2995628607037292
2010 RM91,666572,MBO,MBO,21164706860970317,745297406463574026,6.5482144,3.5989296,2.6496537,224.9177384974698,-40.41992326892424,2025052300347,137,60819.175743798754,u,224.91774299324362,-40.41986196035005,5.791965961456299,1169.41,200.451,False,1306.56,46.7253,1222.24,194.884,False,108.863,41.4312,23.73008295999454,0.18610829905041132,23.609676555702016,0.038828180438841314,23.682108776965954,0.17311871574690013,26.307799264729457,0.4132106614209107
2010 RM91,666572,MBO,MBO,21164706860970317,745306290696749284,6.783635,3.5991797,2.65443,224.4520886775156,-40.27307237239096,2025052501004,59,60821.28659021382,g,224.45204335259265,-40.27304105961826,27.65924644470215,4287.41,153.9,False,4270.36,0.00973743,4464.66,156.192,False,59.1004,3.6425,22.31951241900773,0.03897336368480741,22.323838813577975,2.475735250233888e-06,22.2755289835301,0.03798347574430335,26.97102396740594,0.0669165370920162
2010 RM91,666572,MBO,MBO,21164706860970317,745306290821005770,6.783695,3.59918,2.6544313,224.4519805641972,-40.27303603991938,2025052501005,40,60821.28707941735,g,224.45195372465668,-40.27298768306089,22.99358367919922,3951.95,171.036,False,3944.98,0.571492,4069.6,173.326,False,44.6177,2.986,22.407971410253733,0.04698945454967308,22.409887990891797,0.00015728586099699065,22.37612066238786,0.04624196807641624,27.276232084734943,0.07266193619028737
2010 RM91,666572,MBO,MBO,21164706860970317,745306291070566473,6.783815,3.59918,2.654434,224.4517645844872,-40.27296343879524,2025052501007,4,60821.28805664069,g,224.45174296674205,-40.27291447730728,24.018321990966797,4062.18,168.474,False,4116.4,0.0958048,4079.37,170.246,False,-17.2976,2.89942,22.37810210927783,0.04502959577820945,22.36370610193584,2.526934840011414e-05,22.37351722447382,0.04531146794504192,nan,nan
2010 RM91,666572,MBO,MBO,21164706860970317,745306291495240006,6.783995,3.5991802,2.6544378,224.4514396848252,-40.27285417641122,2025052501010,46,60821.28952667971,g,224.45140424697627,-40.272805769756566,26.09980583190918,4219.63,160.304,False,4375.74,0.421865,4124.99,161.015,False,-36.7848,3.0609,22.336814101802855,0.041247185731676676,22.29737116945512,0.00010467579534941545,22.361442688186393,0.04238066138668988,nan,nan
2010 RM91,666572,MBO,MBO,21164706860970317,745306291628933526,6.7840543,3.5991802,2.6544392,224.4513325071448,-40.272818120365,2025052501011,45,60821.290011531004,g,224.4512877913459,-40.272783118062,29.500438690185547,4234.14,143.417,False,4348.59,1.09588,4115.17,141.427,False,-34.269,4.01352,22.33308693074398,0.0367755984295721,22.304128881961237,0.00027361435985372574,22.364030568438473,0.03731374870686827,nan,nan
2010 RM91,666572,MBO,MBO,21164706860970317,745306291923059118,6.7841744,3.5991802,2.6544418,224.4511159681004,-40.27274525453655,2025052501013,94,60821.29099103168,g,224.4510716359709,-40.27270918731735,24.820446014404297,3868.69,154.472,False,3991.37,1.17338,3766.23,152.475,False,-24.9845,4.09442,22.431090189222516,0.043352102570662465,22.397194996250725,0.00031918392163514733,22.460232909551067,0.0439557953990636,nan,nan
2010 RM91,666572,MBO,MBO,21164706860970317,745306292815397158,6.7845955,3.5991807,2.654451,224.4503570333314,-40.27248967003917,2025052501020,4,60821.29442749046,g,224.45032456311458,-40.27243367449627,22.80978775024414,4052.47,177.486,False,4048.59,1.97147,4101.16,179.409,False,-70.1017,3.06394,22.380700486606543,0.04755197921602972,22.381740481256962,0.0005287016732604769,22.367733176380476,0.047496521868716966,nan,nan
2010 RM91,666572,MBO,MBO,21164706860970317,745306293142028571,6.784715,3.599181,2.6544535,224.450140873936,-40.27241681741025,2025052501022,115,60821.295406075245,g,224.45008053586426,-40.27237313816937,23.410072326660156,3893.71,164.986,False,4106.7,0.325175,3884.97,166.465,False,-60.9604,2.97402,22.42409100457186,0.04600529239672824,22.36626750283299,8.597030214522973e-05,22.426530834441017,0.046522128796858214,nan,nan
2010 RM91,666572,MBO,MBO,21164706860970317,745306293248983564,6.784775,3.599181,2.654455,224.45003358026636,-40.27238064661984,2025052501023,63,60821.29589210797,g,224.4499599876056,-40.27235480657061,21.78339195251465,3683.15,168.808,False,3600.83,0.167915,3677.88,169.299,False,-58.5563,2.83436,22.48445151304742,0.04976201367158117,22.50899343086354,5.0630380358870934e-05,22.486006146610784,0.0499782633507567,nan,nan
2010 RM91,666572,MBO,MBO,21164706860970317,745306293806825951,6.7850137,3.5991812,2.6544602,224.4496029487713,-40.27223540975687,2025052501027,103,60821.29784368894,g,224.4495739229737,-40.272197485942286,24.774526596069336,4063.86,163.237,False,4068.51,0.265013,3976.17,164.333,False,-62.7491,3.00011,22.377653126084716,0.043611816263624995,22.37641152792806,7.072225906999663e-05,22.40133766068945,0.04487290109766621,nan,nan
2010 RM91,666572,MBO,MBO,21164706860970317,745306293899100434,6.7850733,3.5991812,2.6544614,224.4494954787237,-40.27219914829033,2025052501028,23,60821.29833061307,g,224.44946716918196,-40.27216344736542,18.69515037536621,3660.99,193.901,False,3689.91,2.58605,3626.48,196.226,False,-69.1655,2.84719,22.49100364637847,0.057505029366556,22.482460592157487,0.0007609313548679876,22.50128678916059,0.0587483376191741,nan,nan
2010 RM91,666572,MBO,MBO,21164706860970317,745306294076833880,6.785133,3.5991812,2.6544628,224.4493875761792,-40.27216273463709,2025052501029,106,60821.29881961666,g,224.4493473590937,-40.272124640076235,26.075584411621094,4257.41,162.628,False,4205.62,0.216401,4187.22,161.553,False,-66.1848,3.11932,22.327136270366754,0.041473832100124376,22.340424896444837,5.586676623037349e-05,22.345185495087108,0.041890305579376216,nan,nan
2010 RM91,666572,MBO,MBO,21164706860970317,745315056351707359,7.0306153,3.5993915,2.6596968,224.0485780825014,-40.13404973123955,2025052700777,115,60823.17627479702,i,224.0485142221787,-40.13403668211546,20.343158721923828,6678.02,325.6,False,6733.19,0.72271,7668.06,330.545,False,1062.05,5.75144,21.838380708352773,0.0529372050191711,21.829447835083258,0.00011653799074535331,21.68828623563331,0.046802540099897094,23.834637541898797,0.0058797103740413775
2010 RM91,666572,MBO,MBO,21164706860970317,745315056451846234,7.0306873,3.5993915,2.6596982,224.04846812306573,-40.13401102990637,2025052700778,50,60823.17678125602,i,224.04842902985484,-40.13396358366493,17.57463264465332,5848.49,331.097,False,6119.94,8.58665,7337.76,331.64,False,1518.11,5.77264,21.982390577317474,0.06146611678334026,21.933132099555966,0.0015233542743120024,21.736091277297582,0.04907132181366194,23.446741907891635,0.004128531235124013
2010 RM91,666572,MBO,MBO,21164706860970317,745315056705601745,7.030829,3.5993917,2.6597013,224.04825168467517,-40.133934832290514,2025052700780,22,60823.17777963197,i,224.0482077440192,-40.133915169406464,17.55967140197754,5878.68,331.171,False,5948.16,3.48845,8122.63,333.961,False,2323.94,5.85305,21.97680041640585,0.061164125798050424,21.964043366162358,0.0006367576559249042,21.625758338634647,0.04463991986807676,22.984437749496102,0.0027345235700165496
2010 RM91,666572,MBO,MBO,21164706860970317,745315057129226492,7.031055,3.599392,2.6597064,224.04790710405376,-40.13381346722417,2025052700783,62,60823.17936857181,i,224.04785223513412,-40.13381808245575,15.416821479797363,5052.76,327.272,False,5002.17,1.45628,6996.75,327.317,False,2160.54,5.72476,22.1411783747011,0.07032415533921392,22.152103898827242,0.00031609000442242195,21.787759108831253,0.05079213952530741,23.063594202365007,0.0028768637208649744
2010 RM91,666572,MBO,MBO,21164706860970317,745315057262919712,7.0311236,3.599392,2.6597078,224.04780193717056,-40.13377641288396,2025052700784,61,60823.179853692534,i,224.0477135604505,-40.13373814017631,18.220991134643555,5931.49,325.653,False,6480.02,2.27828,7380.8,324.547,False,1439.64,5.71841,21.967090450713588,0.059609517128344156,21.87105913101853,0.00038172892901179296,21.72974143557053,0.04774176704277758,23.504365226700536,0.004312664779999502
2010 RM91,666572,MBO,MBO,21164706860970317,745315057414439020,7.031193,3.599392,2.6597092,224.0476965569498,-40.1337392770728,2025052700785,94,60823.180339068014,i,224.04768080980463,-40.13370577557374,16.981849670410156,5290.12,310.265,False,5361.91,5.08967,6398.92,313.521,False,1201.77,5.93662,22.091336166963327,0.06367831958657212,22.076701168241925,0.0010306101790322222,21.884733311741442,0.05319664889806477,23.700446586250763,0.005363425130237835
2010 RM91,666572,MBO,MBO,21164706860970317,745315057550229747,7.031263,3.599392,2.659711,224.04758987927724,-40.133701677607576,2025052700786,97,60823.180831620106,i,224.04752157257005,-40.13366443619454,18.592390060424805,5517.04,296.589,False,5615.57,0.627415,6183.38,298.064,False,560.287,6.08468,22.045734660514928,0.058367784407913556,22.026515420875988,0.00012130686711118106,21.921935178293793,0.052336889732133934,24.528973659819812,0.011791024256080591
2010 RM91,666572,MBO,MBO,21164706860970317,745315058451480797,7.031761,3.5993924,2.6597216,224.04682936491403,-40.13343343957492,2025052700793,24,60823.18433938066,i,224.0468028478091,-40.13340079093099,16.071510314941406,5094.97,314.29,False,5387.12,4.15982,5059.85,317.362,False,-69.7793,5.66862,22.132145876330743,0.0669750806544074,22.071608352090127,0.0008383825063623095,22.139655873278492,0.06809913460557106,nan,nan
2010 RM91,666572,MBO,MBO,21164706860970317,745315058922291324,7.0319743,3.5993927,2.6597264,224.0465046655657,-40.13331881520637,2025052700796,154,60823.18583763073,i,224.04646957742398,-40.13328420514879,17.86235237121582,5659.78,312.85,False,6086.81,3.52358,5340.28,315.684,False,-148.602,5.7118,22.018001165824387,0.060015158041349714,21.93902562593277,0.0006285194412534192,22.081089972612876,0.0641819439269354,nan,nan
2010 RM91,666572,MBO,MBO,21164706860970317,745315059187581346,7.032115,3.5993927,2.6597295,224.0462898809516,-40.13324295927147,2025052700798,148,60823.186828730555,i,224.04623501126088,-40.133191498835565,17.42879295349121,5670.79,325.212,False,5897.35,4.61848,5462.4,330.062,False,-206.367,5.58481,22.015891080411613,0.062265477347286505,21.973357723642202,0.0008502888733198908,22.056541270824084,0.06560491402040837,nan,nan
2010 RM91,666572,MBO,MBO,21164706860970317,745315059457065044,7.0322537,3.5993927,2.6597323,224.04607792962528,-40.13316807789908,2025052700800,150,60823.187806093454,i,224.04604635366172,-40.1331123947768,17.498886108398438,5866.26,333.976,False,6301.65,1.21574,5601.62,336.282,False,-230.456,5.54656,21.979096774510513,0.061812784213720044,21.90136432094048,0.00020946465076668506,22.029215867218888,0.06517999236274964,nan,nan
2010 RM91,666572,MBO,MBO,21164706860970317,745315059570311489,7.0323253,3.599393,2.659734,224.0459689259932,-40.13312955734368,2025052700801,110,60823.18830956227,i,224.04591384557733,-40.13306879548383,17.997922897338867,6019.24,331.028,False,6046.06,0.155841,5789.91,333.651,False,-226.019,5.67469,21.95114580791938,0.05971004426283318,21.94631885767126,2.7985532159310478e-05,21.993320438240815,0.06256694175521886,nan,nan
2010 RM91,666572,MBO,MBO,21164706860970317,745315059721830434,7.032397,3.599393,2.6597354,224.0458597100504,-40.13309095486926,2025052700802,143,60823.18881304751,i,224.0458188279877,-40.13302620399779,16.093507766723633,5153.16,318.349,False,5347.24,6.14669,5603.22,319.156,False,-206.043,5.62116,22.11981589947765,0.06707399411389224,22.07967576000362,0.0012480613292932808,22.02890577195347,0.061842871998773315,nan,nan
2010 RM91,666572,MBO,MBO,21164706860970317,745315060376666155,7.032797,3.5993931,2.6597443,224.0452497835008,-40.13287524864606,2025052700807,112,60823.191628176886,i,224.04520463765076,-40.132826301149514,18.52509880065918,5914.51,317.025,False,6159.77,7.99233,6150.01,319.425,False,247.507,5.72718,21.97020311698455,0.05819679522505025,21.92608875575494,0.0014087477445653526,21.927810486515245,0.05639198752004009,25.416031267969615,0.025123356456861676
2010 RM91,666572,MBO,MBO,21164706860970317,745315060477853764,7.0328665,3.5993931,2.659746,224.04514319590248,-40.13283753075836,2025052700808,49,60823.19212068817,i,224.0451048745986,-40.13282692838373,18.453174591064453,5936.44,322.141,False,6079.86,1.03827,6253.37,324.891,False,411.85,5.69993,21.966184803922822,0.05891748937858074,21.940266077025832,0.00018541337317289595,21.90971466510656,0.05640892912894146,24.8631523081104,0.015026394272896102
2010 RM91,666572,MBO,MBO,21164706860970317,745319428652007582,7.1876445,3.5995088,2.6631927,223.8198798285308,-40.05011098451005,2025052800585,160,60824.27046670513,g,223.81984486096718,-40.050057097866144,21.46491813659668,3638.6,169.491,False,3617.45,0.478057,3559.85,171.927,False,-129.266,2.94956,22.49766418291184,0.050575085809347387,22.5039936720014,0.00014348333678498865,22.521420723558954,0.05243686264175234,nan,nan
2010 RM91,666572,MBO,MBO,21164706860970317,745319429005901958,7.1878633,3.599509,2.663198,223.8195698793069,-40.04999324637624,2025052800588,67,60824.271937048456,g,223.8195160698633,-40.049954558424936,22.45922088623047,3398.87,150.881,False,3420.81,1.42883,3415.57,152.452,False,-111.486,3.07522,22.57166357755861,0.04819747595038743,22.56467759866094,0.00045349857630715064,22.566342002371247,0.04846120795907538,nan,nan
2010 RM91,666572,MBO,MBO,21164706860970317,745319429334630882,7.1880083,3.599509,2.6632013,223.81936406121807,-40.04991502993183,2025052800590,182,60824.27291429491,g,223.81933804923386,-40.04988576301345,17.46904945373535,3329.12,188.871,False,3420.47,5.79583,3161.41,192.273,False,-91.2545,2.80782,22.594176337213014,0.06159708208058449,22.564785545049446,0.0018397302929142499,22.650297973446477,0.06603311739608887,nan,nan
2010 RM91,666572,MBO,MBO,21164706860970317,745319429429526609,7.188081,3.599509,2.663203,223.8192614808868,-40.04987603655197,2025052800591,107,60824.27340115506,g,223.81919073694255,-40.04984218611336,21.45928192138672,3345.78,155.331,False,3466.06,1.50559,3363.79,156.955,False,-66.1508,2.94671,22.58875653859163,0.05040632738932533,22.55040979066094,0.00047162296776044117,22.58292779951758,0.050660631616992635,nan,nan
2010 RM91,666572,MBO,MBO,21164706860970317,745319429562171643,7.1881533,3.5995092,2.6632047,223.8191584876677,-40.04983687948189,2025052800592,104,60824.27389020525,g,223.81911655351058,-40.04980646759133,23.04962730407715,3358.38,145.316,False,3278.38,1.05712,3306.05,145.164,False,-49.3589,3.13632,22.584675450603633,0.046979448902994034,22.610851809761364,0.0003500977496205281,22.601726440307257,0.04767314762031808,nan,nan
2010 RM91,666572,MBO,MBO,21164706860970317,745319429847384255,7.188298,3.5995092,2.663208,223.8189531587049,-40.04975879516168,2025052800594,136,60824.27486549565,g,223.81893221242484,-40.04973180922702,22.61237907409668,3399.55,149.741,False,3367.56,2.29814,3392.18,150.006,False,-4.1717,3.03572,22.571446401690274,0.047823747197643124,22.58171162532776,0.0007409441290929592,22.573802798728366,0.0480124712823536,nan,nan
2010 RM91,666572,MBO,MBO,21164706860970317,745319430541017329,7.1886606,3.5995095,2.6632166,223.81843903823795,-40.04956316328785,2025052800599,179,60824.27730721195,g,223.81840590243175,-40.049535427861805,18.75029754638672,3179.68,170.165,False,3155.2,0.799046,3470.25,172.193,False,190.311,3.00845,22.644041485351952,0.05810468285021707,22.65243278364946,0.00027495980069500007,22.549098092771004,0.053873976481202145,25.70134024531412,0.01716339591275135
2010 RM91,666572,MBO,MBO,21164706860970317,745319430617039365,7.188733,3.5995095,2.6632183,223.81833653459125,-40.04952413877905,2025052800600,68,60824.27779408576,g,223.8182941846108,-40.0494615888915,22.94664192199707,3522.92,152.383,False,3457.04,0.161893,3805.06,153.666,False,208.01,3.48079,22.53274307121455,0.046963240433322215,22.553238976192283,5.084496686206429e-05,22.44909620997333,0.043847071391464744,25.604789493664146,0.018168452070572823
2010 RM91,666572,MBO,MBO,21164706860970317,745319430735004107,7.1888537,3.5995097,2.6632211,223.81816522332883,-40.04945890341332,2025052800601,37,60824.278608434885,g,223.81811494690535,-40.049414941933435,22.942691802978516,3401.17,147.754,False,3312.77,1.7966,3699.75,147.955,False,172.507,3.26628,22.570929175615696,0.04716667161508482,22.599521782099636,0.0005888225372663156,22.479569052865394,0.04341917755605957,25.80798316969308,0.020557532757625296
2010 RM91,666572,MBO,MBO,21164706860970317,745319433431416974,7.193007,3.5995126,2.6633189,223.81227994286917,-40.04720661074393,2025052800621,60,60824.30664508528,r,223.81222570107744,-40.04721835979477,21.142704010009766,6068.73,280.301,False,6290.99,4.88299,21067.6,280.035,False,15043.6,6.34957,21.94225546349134,0.05014771448768315,21.903202472445344,0.0008427351984955953,20.59096236005298,0.014431835980983283,20.95662058498548,0.0004582651754109095
2010 RM91,666572,MBO,MBO,21164706860970317,745319433701425516,7.193152,3.5995128,2.6633222,223.8120747866753,-40.04712771141485,2025052800623,63,60824.30762520562,r,223.81206361574442,-40.04722254906252,17.351280212402344,5799.8,341.893,False,8439.0,34.7526,48326.7,348.684,False,42749.0,5.69413,21.99146749248061,0.06400317710706965,21.58427253278784,0.00447116456833846,19.68953216692401,0.007833740739636127,19.82268509997469,0.00014461912640372347
2010 RM91,666572,MBO,MBO,21164706860970317,745323768247222351,7.307265,3.599592,2.6659322,223.65714447766683,-39.98763562696789,2025052900150,33,60825.07024256581,r,223.65709106062457,-39.98762016855236,22.822416305541992,4957.34,215.127,False,4927.37,1.60221,4782.04,213.638,False,-221.73,8.80785,22.161878269003903,0.047116231424531675,22.168462036663506,0.0003530437965811864,22.200966979860986,0.048505347079389076,nan,nan
2010 RM91,666572,MBO,MBO,21164706860970317,745323768431247725,7.307342,3.5995922,2.6659338,223.6570420607405,-39.98759757281328,2025052900151,128,60825.07073159126,r,223.6569985837129,-39.987549647587535,27.012331008911133,4812.46,177.144,False,4823.75,1.34275,4604.36,174.879,False,-185.994,11.2151,22.1940821768599,0.03996535093662887,22.191538021051365,0.00030222798407929106,22.242076851327553,0.041237536813843956,nan,nan
2010 RM91,666572,MBO,MBO,21164706860970317,745323768698110194,7.307496,3.5995922,2.6659374,223.65683742822105,-39.98752152749238,2025052900153,125,60825.0717086016,r,223.656795086591,-39.98747524216144,24.79928207397461,4661.05,186.676,False,4489.03,0.732557,4431.12,184.58,False,-202.677,13.2384,22.228790641196,0.04348395633727811,22.26961878250495,0.0001771794115066475,22.283716192781128,0.045226756522569314,nan,nan
2010 RM91,666572,MBO,MBO,21164706860970317,745323768915689520,7.3076496,3.5995922,2.6659408,223.6566332043062,-39.987445618206834,2025052900155,28,60825.072683834296,r,223.65658866549,-39.987400173065,20.66208267211914,4675.54,224.123,False,4984.24,0.892806,4423.53,219.439,False,-255.479,12.3515,22.22542054890939,0.05204499471265865,22.156002583433896,0.0001944833606423095,22.285577610319237,0.053860349895017035,nan,nan
2010 RM91,666572,MBO,MBO,21164706860970317,745323769075597579,7.307726,3.5995924,2.6659424,223.65653161213288,-39.98740785084504,2025052900156,77,60825.07316885106,r,223.6565006893122,-39.98738275131133,24.328832626342773,4872.74,200.072,False,4905.87,1.96456,4721.23,199.25,False,-240.61,12.9786,22.18056685056613,0.04457972522017169,22.173209884787724,0.0004347840244632346,22.214862109271458,0.045821309212430814,nan,nan
2010 RM91,666572,MBO,MBO,21164706860970317,745323769215057940,7.3078027,3.5995924,2.665944,223.65642938908883,-39.98736984496316,2025052900157,87,60825.0736560118,r,223.6563870020589,-39.98735585122491,24.568559646606445,4619.59,186.812,False,4624.82,0.195756,4306.17,183.503,False,-209.681,21.4582,22.23849145532156,0.04390618104638461,22.2372629550809,4.595625086317838e-05,22.314772092182018,0.046267532608014486,nan,nan
2010 RM91,666572,MBO,MBO,21164706860970317,745323769350848796,7.30788,3.5995924,2.6659458,223.65632695412097,-39.987331756258186,2025052900158,90,60825.07414523342,r,223.65628649460277,-39.98730065141459,24.628826141357422,4528.32,181.751,False,4992.39,0.812428,4257.77,178.226,False,-185.811,23.0317,22.260157268933153,0.043577674788493316,22.15422870875296,0.0001766854085088385,22.327044500941945,0.04544783247767134,nan,nan
2010 RM91,666572,MBO,MBO,21164706860970317,745323769464619089,7.3079567,3.5995924,2.6659474,223.65622493556057,-39.98729381836114,2025052900159,51,60825.074632832,r,223.65621016518014,-39.98725991935673,26.81683921813965,5013.89,184.38,False,5142.88,0.659338,4818.06,182.024,False,-169.07,12.8433,22.149562966101836,0.03992669190509221,22.121984047373875,0.000139195771882984,22.192819476725624,0.04101859395370236,nan,nan
2010 RM91,666572,MBO,MBO,21164706860970317,745323770339656159,7.308475,3.599593,2.665959,223.6555358819409,-39.98703747189276,2025052900165,184,60825.07792125296,r,223.65549145943825,-39.98699979211975,23.18431282043457,5060.76,218.321,False,5390.88,1.35452,4843.9,217.437,False,-284.077,10.1611,22.139460695425775,0.046838621868859315,22.070850862050037,0.00027280358608484175,22.187012099985203,0.04873742729411408,nan,nan
2010 RM91,666572,MBO,MBO,21164706860970317,745323770740212339,7.309242,3.5995934,2.6659758,223.654516887498,-39.98665803146459,2025052900168,180,60825.082784705184,r,223.65450487246517,-39.98657788160987,22.40386962890625,4810.98,212.715,False,5708.97,7.75461,4613.45,209.032,False,-133.658,8.04963,22.194416125718043,0.048005265820403244,22.0086055570317,0.0014747775134329774,22.23993540867764,0.049193900058878,nan,nan
2010 RM91,666572,MBO,MBO,21164706860970317,745328181452472530,7.489697,3.599709,2.6702113,223.42314140579683,-39.89486960062771,2025053000263,18,60826.22909150822,r,223.4231141924335,-39.894855879909954,11.9635591506958,4507.14,375.111,False,4955.92,10.9078,4570.38,378.905,False,-43.1902,7.36936,22.265247346414792,0.09036142053090972,22.162189299005057,0.0023896659465400803,22.250119251383047,0.09001240288265876,nan,nan
2010 RM91,666572,MBO,MBO,21164706860970317,745328181765996771,7.4898424,3.599709,2.670215,223.4229591185391,-39.894795491638575,2025053000265,104,60826.22998533427,r,223.42288545756878,-39.894750995525804,13.18696403503418,5107.76,384.86,False,4562.69,1.18132,5018.25,389.881,False,-57.3871,10.9737,22.129423842987556,0.08180815837718723,22.251947607003007,0.00028110650904897787,22.148619266822173,0.08435369506019981,nan,nan
2010 RM91,666572,MBO,MBO,21164706860970317,745328181893923146,7.4899135,3.5997093,2.6702166,223.42287002222983,-39.8947592609151,2025053000266,92,60826.23042207907,r,223.42283969142835,-39.894714634094605,12.469773292541504,4648.21,367.675,False,4601.17,1.18132,4745.81,371.964,False,-27.0225,11.6346,22.231785657430116,0.08588210282788408,22.242829319701517,0.0002787555910951729,22.209224118813005,0.08509712041091226,nan,nan
2010 RM91,666572,MBO,MBO,21164706860970317,745328182844457219,7.490413,3.5997095,2.6702287,223.4222444665536,-39.89450472218333,2025053000273,113,60826.23349138747,r,223.4221924511781,-39.89446024055441,15.450647354125977,5826.42,372.689,False,5319.6,1.3429,5747.32,376.89,False,-97.0358,15.1699,21.98649554524534,0.0694494974280039,22.08530253670085,0.00027408736814924455,22.00133658693405,0.071198949533186,nan,nan
2010 RM91,666572,MBO,MBO,21164706860970317,745328182930964675,7.490484,3.5997095,2.6702304,223.42215521138917,-39.89446838159342,2025053000274,22,60826.23392916375,r,223.42211308553922,-39.894435944833205,14.28425407409668,5898.27,402.511,False,5471.64,15.3305,5837.37,406.344,False,-139.425,9.53224,21.973188373921317,0.07409303901351076,22.054706183454027,0.003042027269721854,21.98445692367327,0.07557896401420364,nan,nan
2010 RM91,666572,MBO,MBO,21164706860970317,745328183084056750,7.4905553,3.5997095,2.670232,223.4220663694433,-39.89443220362693,2025053000275,58,60826.234365937315,r,223.42204681778188,-39.894382081589285,14.651660919189453,5037.66,340.025,False,4868.3,4.25472,4935.81,342.204,False,-154.414,12.889,22.144427834077472,0.07328351554998268,22.181556711113053,0.0009488946777235139,22.166603903277704,0.07527503665464617,nan,nan
2010 RM91,666572,MBO,MBO,21164706860970317,745328183808622803,7.4909134,3.5997097,2.6702409,223.421617763752,-39.8942494380008,2025053000280,160,60826.23656755632,r,223.42157543383354,-39.894212657634036,14.543364524841309,5064.59,346.894,False,4758.9,0.637353,5118.27,347.752,False,-45.5725,12.2572,22.138639300640186,0.07436641468545467,22.20623357490001,0.00014541117585911237,22.127192015495332,0.07376847071577954,nan,nan
2010 RM91,666572,MBO,MBO,21164706860970317,745328184077058423,7.491062,3.5997097,2.6702445,223.42143160067016,-39.89417355162088,2025053000282,160,60826.23748155938,r,223.42135560107326,-39.89415530551202,17.370962142944336,5127.28,294.764,False,5199.4,2.33597,4925.93,294.48,False,-46.7178,13.0597,22.125282458381562,0.062418274072557595,22.110116945788015,0.0004877961242365371,22.168779371258438,0.0649070526978632,nan,nan
2010 RM91,666572,MBO,MBO,21164706860970317,745328188989112699,7.4971275,3.5997136,2.670393,223.41384246591784,-39.89105894013528,2025053000319,57,60826.27485659001,g,223.41375960499735,-39.89102938846833,16.080406188964844,3491.12,215.162,False,3253.46,7.97273,3535.41,215.482,False,-79.2324,5.37224,22.542588020950603,0.06691525018612854,22.619136333975,0.00266063879351496,22.52890056198992,0.06617524102106505,nan,nan
2010 RM91,666572,MBO,MBO,21164706860970317,745328189233430554,7.497272,3.5997136,2.6703966,223.41366153461843,-39.89098418552839,2025053000321,11,60826.27575044479,g,223.4136242629363,-39.89094729833085,12.498974800109863,2986.04,235.629,False,3030.55,6.71355,3446.68,239.628,False,12.7503,4.28428,22.712260933065224,0.08567565419706273,22.69619634830635,0.0024052215863738418,22.55649761130625,0.07548504848960841,28.636198956948906,0.3648225976520409
2010 RM91,666572,MBO,MBO,21164706860970317,745328189367648413,7.497343,3.5997138,2.6703982,223.4135729012241,-39.89094755681324,2025053000322,11,60826.27618827946,g,223.41352456406628,-39.89090764407347,13.553117752075195,3126.16,230.966,False,3316.6,3.2578,3230.84,232.79,False,113.031,4.68576,22.662472025828542,0.08021603469733346,22.59826722702833,0.001066487190107618,22.626711342703775,0.07822997020603784,26.267006092307703,0.04500977060721203
2010 RM91,666572,MBO,MBO,21164706860970317,745328189683270175,7.497484,3.5997138,2.6704018,223.4133960605114,-39.89087445889597,2025053000324,101,60826.277062799374,g,223.41340010959323,-39.890855588823136,15.415895462036133,3200.01,205.971,False,3089.12,2.88612,3481.49,207.922,False,209.532,5.65787,22.637121657966503,0.0698842077347298,22.6754130107149,0.0010143875745490716,22.54558712285839,0.06484247854168167,25.596874116051737,0.029317498849092634
2010 RM91,666572,MBO,MBO,21164706860970317,745328189812769143,7.497557,3.5997138,2.6704035,223.413305020904,-39.890836818655785,2025053000325,92,60826.277512789675,g,223.41322664119926,-39.89081055941507,13.80567455291748,2922.84,211.292,False,3020.0,2.28831,3485.76,213.037,False,451.449,5.64871,22.735487361919848,0.07848783216396234,22.69998264260712,0.000822682473524477,22.544256292077073,0.06635625688180098,24.763478249271834,0.01358516386606512
2010 RM91,666572,MBO,MBO,21164706860970317,745328189953802477,7.4976277,3.5997138,2.6704054,223.41321661864933,-39.890800263234205,2025053000326,105,60826.27794932874,g,223.4132013055582,-39.8907858985015,15.345444679260254,3217.19,207.758,False,3218.73,8.12185,3831.25,210.839,False,494.358,5.55005,22.631308244489347,0.07011410012000716,22.630788636968088,0.0027396478309873393,22.441648770343775,0.05974957013476987,24.664896079834463,0.012189324265973462
2010 RM91,666572,MBO,MBO,21164706860970317,745328190088544506,7.4976983,3.5997138,2.670407,223.41312842577668,-39.8907637889062,2025053000327,106,60826.27838593195,g,223.41312468454586,-39.89074173638785,15.777233123779297,3296.83,206.413,False,3273.0,0.763744,3959.21,208.587,False,546.458,5.29601,22.60475859061527,0.06797743766749853,22.612634986729987,0.00025335304255948604,22.405978666395747,0.057200922929816364,24.5561080137276,0.010522436737024559
2010 RM91,666572,MBO,MBO,21164706860970317,745328190761730288,7.498052,3.599714,2.6704159,223.41268615357384,-39.89058079377652,2025053000332,110,60826.28057292808,g,223.4126320269123,-39.890563179205564,16.235727310180664,3298.97,201.029,False,3174.18,0.032647,3857.03,202.939,False,462.346,5.24368,22.604054094144583,0.0661613997699904,22.64592114613961,1.1166987788072169e-05,22.4343674496931,0.05712639335120837,24.73758221883314,0.012313836651085949
2010 RM91,666572,MBO,MBO,21164706860970317,745328190849286374,7.498123,3.5997143,2.6704175,223.4125975994937,-39.89054413698972,2025053000333,21,60826.28101074509,g,223.41256544565448,-39.89050064162111,14.526167869567871,3055.38,207.532,False,2889.31,2.92847,3334.63,208.375,False,252.744,6.86713,22.687336962937714,0.07374696835414905,22.748014626255802,0.0011004515702695648,22.592380905697123,0.06784569490982285,25.39329784964306,0.02949977586942069
2010 RM91,666572,MBO,MBO,21164706860970317,745328191001330227,7.4981937,3.5997143,2.6704192,223.41250945700267,-39.89050764510679,2025053000334,55,60826.28144648053,g,223.41250811570993,-39.890479272008406,15.463245391845703,3191.01,203.491,False,3029.68,1.26139,3567.6,203.853,False,300.439,4.3507,22.640179583703656,0.06923749610640317,22.696508124507055,0.00045204008030392363,22.519059582148635,0.062039066331459884,25.20560924731938,0.015722700688380557
2010 RM91,666572,MBO,MBO,21164706860970317,745328191726419989,7.4985495,3.5997145,2.670428,223.41206460971287,-39.890323390603605,2025053000339,158,60826.28364791499,g,223.412068662899,-39.890271820821646,16.69696044921875,2986.22,176.91,False,3020.69,1.23665,2980.89,178.475,False,-44.7876,5.18246,22.71219551116586,0.06432131518918865,22.69973462644524,0.0004444930439370118,22.714135163850735,0.0650063513763068,nan,nan
2010 RM91,666572,MBO,MBO,21164706860970317,745328191994331570,7.498695,3.5997145,2.6704316,223.4118831669231,-39.89024819766957,2025053000341,157,60826.284545205956,g,223.41183012434988,-39.890205108779284,16.300573348999023,2909.02,176.01,False,2968.43,6.91704,2993.87,176.748,False,-45.3967,4.97594,22.740633224948667,0.06569237136640418,22.71868299482272,0.002529984129955114,22.709417611362092,0.06409820613450375,nan,nan
2010 RM91,666572,MBO,MBO,21164706860970317,745328192262767107,7.498839,3.5997145,2.6704352,223.411703169108,-39.89017358078243,2025053000343,157,60826.28543690847,g,223.41165977079837,-39.8901475275883,18.276823043823242,3314.55,178.635,False,3383.42,1.17514,3351.39,180.157,False,-34.3696,5.67795,22.598938547163133,0.058514874753939364,22.576610244640623,0.00037710130528985326,22.58693761114502,0.058364732601121426,nan,nan
2010 RM91,666572,MBO,MBO,21164706860970317,745332590525808876,7.6574106,3.599809,2.6742868,223.22140790668195,-39.81092955513936,2025053100345,58,60827.25467879596,r,223.2213754035312,-39.81087919138266,6.323592185974121,6602.46,1008.51,False,6611.67,274.07,24483.9,1014.06,False,17694.1,128.872,21.850735559473982,0.16584361540119588,21.849222090219158,0.045006440597664156,20.42779849009128,0.04496839292680198,20.780428830465148,0.007907776760292596
2010 RM91,666572,MBO,MBO,21164706860970317,745332591224684639,7.6577787,3.5998092,2.6742961,223.22097261486468,-39.81074349570193,2025053100350,111,60827.25686826631,r,223.22090735147475,-39.81072785291083,5.426875591278076,5513.28,991.766,False,nan,nan,7165.05,1001.38,False,1560.98,57.9674,22.046474919007572,0.19530955896790758,nan,nan,21.7619519661234,0.1517413773329048,23.416506666795755,0.04031909776282172
2010 RM91,666572,MBO,MBO,21164706860970317,745332591352611099,7.6578517,3.5998092,2.674298,223.22088597380736,-39.81070644512103,2025053100351,99,60827.257304173385,r,223.22085739374776,-39.81065722580537,7.1816511154174805,6804.12,932.397,False,6457.51,35.9661,7477.76,938.861,False,653.621,103.663,21.818070070331192,0.14878296282021228,21.874837320937775,0.006047175616069254,21.71557122831667,0.1363182872680881,24.361685054367467,0.17219562905310967
2010 RM91,666572,MBO,MBO,21164706860970317,745332591489974547,7.657926,3.5998092,2.6743,223.22079774978428,-39.81066871179079,2025053100352,105,60827.25774835737,r,223.22075892897243,-39.81062888132298,8.919323921203613,6972.88,742.996,False,6386.49,23.2461,7178.83,748.781,False,382.879,48.6348,21.791469540085735,0.11569073897723624,21.88684436892604,0.003951956534805387,21.75986581558285,0.11324667649872415,24.94234613876997,0.1379144936855189
2010 RM91,666572,MBO,MBO,21164706860970317,745332591625240834,7.658001,3.5998092,2.6743019,223.22070933399343,-39.81063089054954,2025053100353,107,60827.25819371832,r,223.22061015511662,-39.81059152654733,8.339844703674316,6639.11,792.527,False,6375.88,6.29614,6817.4,798.618,False,175.846,77.3055,21.844725361587233,0.1296070181818651,21.888649683359805,0.001072157487975954,21.8159530748589,0.12718755949724928,25.787168808481024,0.4773118489442367
2010 RM91,666572,MBO,MBO,21164706860970317,745337014783050523,7.793609,3.5998857,2.6776974,223.0659072126895,-39.74342804888121,2025060100540,131,60828.0675382154,i,223.06586850233623,-39.743389669543554,34.07364273071289,5609.99,163.939,False,5441.61,0.0793959,5723.82,160.36,False,23.6664,54.4328,22.027594736859925,0.03172813056693298,22.060681495557226,1.584145184849863e-05,22.005785113808926,0.030418263293509364,27.964669456996408,2.4971968585604385
2010 RM91,666572,MBO,MBO,21164706860970317,745337015210345164,7.793841,3.5998857,2.6777031,223.0656461997597,-39.74331835746614,2025060100543,178,60828.06886334386,i,223.0656009868007,-39.743275744103734,30.774349212646484,5461.26,177.025,False,4804.9,1.35681,5428.5,169.467,False,-85.6259,70.8923,22.056767914230424,0.03519379287363084,22.195789138257354,0.00030659071809646107,22.063300394590296,0.03389452928853933,nan,nan
2010 RM91,666572,MBO,MBO,21164706860970317,745337015447847379,7.7939997,3.599886,2.677707,223.06546752020063,-39.74324324982031,2025060100545,119,60828.06977047957,i,223.06542176606007,-39.74320748526432,32.5517578125,5675.87,170.847,False,5213.4,0.233427,5623.11,165.356,False,-101.451,75.7136,22.01491887801269,0.03268129285501769,22.107197401321432,4.8613218456459814e-05,22.025058578105956,0.031927706071450304,nan,nan
2010 RM91,666572,MBO,MBO,21164706860970317,745337015566336896,7.794079,3.599886,2.6777089,223.0653780793695,-39.7432056482742,2025060100546,89,60828.070224183604,i,223.06533613329026,-39.743174666293044,31.69779396057129,5307.21,166.259,False,5032.88,0.310418,5231.54,160.971,False,-132.949,47.1922,22.087834326775017,0.03401286550019782,22.14545858641239,6.69660472037485e-05,22.103426116257566,0.03340737789572175,nan,nan
2010 RM91,666572,MBO,MBO,21164706860970317,745337015698456882,7.7941566,3.599886,2.6777108,223.06529040989795,-39.74316878800613,2025060100547,85,60828.07066938401,i,223.06525890565916,-39.74313473912814,29.688804626464844,5241.23,170.266,False,5236.61,2.39073,5135.64,164.61,False,-145.989,59.2756,22.101416958567793,0.03527110398754734,22.102374451505383,0.000495683673317236,22.123513539116306,0.03480053753184228,nan,nan
2010 RM91,666572,MBO,MBO,21164706860970317,745337015828480631,7.794233,3.599886,2.6777127,223.0652047088764,-39.74313275208628,2025060100548,77,60828.071104922434,i,223.06516337047734,-39.74309622534753,29.830276489257812,5117.11,164.716,False,4874.33,0.310198,5075.88,159.982,False,-81.6125,52.4013,22.12743814678965,0.0349490499895728,22.18021266189625,6.909528153253067e-05,22.13622165933584,0.034220321932003535,nan,nan
2010 RM91,666572,MBO,MBO,21164706860970317,745337017741082827,7.7973228,3.5998876,2.677788,223.0617245739706,-39.74166653677992,2025060100562,141,60828.08876372286,i,223.0616877620717,-39.7416354481132,25.02879524230957,5292.03,208.809,False,5639.38,3.06275,5186.11,203.704,False,-65.4382,36.5984,22.09094430033993,0.042840177892507054,22.02192162314414,0.000589663888580075,22.11289571828447,0.04264637811106103,nan,nan
2010 RM91,666572,MBO,MBO,21164706860970317,745337018163659124,7.7975593,3.5998878,2.6777937,223.0614586555214,-39.74155426082422,2025060100565,179,60828.09011267977,i,223.06138740548016,-39.74150548054646,19.667171478271484,4935.73,247.528,False,4746.36,0.89561,4823.56,243.527,False,-95.734,34.487,22.16662151830417,0.05444992173848836,22.2090983429661,0.0002048719867559783,22.191580774162922,0.05481554488897233,nan,nan
2010 RM91,666572,MBO,MBO,21164706860970317,745337018539573505,7.797793,3.5998878,2.6777995,223.06119509648843,-39.74144294556891,2025060100568,128,60828.09144915962,i,223.06114584637058,-39.741406594059576,24.986902236938477,5285.83,207.403,False,5056.07,0.501275,5170.48,203.441,False,-128.41,32.9711,22.092217005261432,0.04260162408073326,22.140467342716313,0.00010764337482900323,22.11617284768426,0.042720067351072914,nan,nan
2010 RM91,666572,MBO,MBO,21164706860970317,745337018652819571,7.797871,3.5998878,2.6778014,223.0611073736908,-39.74140588758928,2025060100569,88,60828.09189424428,i,223.06106467565039,-39.74137413752863,25.024873733520508,5135.88,201.923,False,4769.91,1.4781,5041.52,197.193,False,-89.7912,38.1481,22.12346285508639,0.04268696332118033,22.203724502615817,0.0003364479767826662,22.143596259794315,0.04246726605734108,nan,nan
2010 RM91,666572,MBO,MBO,21164706860970317,745337018786513750,7.7979474,3.599888,2.6778033,223.06102122737968,-39.74136949173344,2025060100570,87,60828.09233161195,i,223.06096579738877,-39.74132907769027,23.65489959716797,5101.37,210.03,False,5355.36,1.21656,5058.02,206.576,False,-34.4641,17.5397,22.130782915431485,0.044701162339052226,22.07802835158256,0.000246643228027533,22.14004864015067,0.04434285466283984,nan,nan
2010 RM91,666572,MBO,MBO,21164706860970317,745337020023832730,7.8020096,3.5998902,2.677903,223.05644477951995,-39.73943022819672,2025060100579,143,60828.11554558946,z,223.0564117853721,-39.739401941752966,18.74092674255371,6144.09,330.015,False,6067.05,10.2716,5894.87,314.508,False,-203.788,142.669,21.928856105830207,0.058317709966770534,21.94255609974546,0.001838166507552847,21.973814398394314,0.057927097752187295,nan,nan
2010 RM91,666572,MBO,MBO,21164706860970317,745337020705931597,7.8024244,3.5998905,2.6779132,223.0559773969373,-39.7392315067194,2025060100584,164,60828.11791620572,z,223.05593936440644,-39.73919641585889,21.223180770874023,7011.11,325.421,False,6894.95,1.02484,6906.58,302.026,False,-143.859,154.32,21.78553306872613,0.05039449637938968,21.803672166352335,0.00016137982982098164,21.801842371023106,0.0474794413920112,nan,nan
2010 RM91,666572,MBO,MBO,21164706860970317,745337020955492873,7.8025804,3.5998905,2.677917,223.05580156688916,-39.7391567138116,2025060100586,128,60828.118808297746,z,223.05574077033927,-39.73912553898024,20.767053604125977,6690.72,316.003,False,6479.91,0.754449,6429.24,289.03,False,-190.925,159.88,21.836317826470907,0.05127936557237247,21.8710775389174,0.00012641110523688493,21.879600865323226,0.04880986282920983,nan,nan
2010 RM91,666572,MBO,MBO,21164706860970317,745337021092331604,7.802657,3.5998905,2.677919,223.055715032896,-39.73911989802566,2025060100587,133,60828.11924738517,z,223.05565283822077,-39.73908114076294,23.0273494720459,7409.08,319.553,False,6956.99,5.34715,7230.04,296.886,False,-267.631,167.496,21.725589278228252,0.04682771242695924,21.79394651566798,0.0008344979635838885,21.75214824407496,0.04458341341129963,nan,nan
2010 RM91,666572,MBO,MBO,21164706860970317,745337021782295005,7.8030643,3.5998907,2.677929,223.0552563570857,-39.7389246798019,2025060100592,169,60828.12157495939,z,223.0552345775401,-39.738859961994436,12.231832504272461,6187.87,499.592,False,6275.8,35.3927,5899.54,483.302,False,257.42,35.3726,21.92114702669345,0.08765942450844055,21.905827296677952,0.006123065932966667,21.972954617625142,0.08894565981045169,25.373394228433916,0.14919319041310075
2010 RM91,666572,MBO,MBO,21164706860970317,745337021923328134,7.803149,3.5998907,2.677931,223.0551605645265,-39.73888389323685,2025060100593,182,60828.12206085399,z,223.0550943106898,-39.73882956905243,16.97096061706543,7069.55,410.137,False,6974.73,4.81108,7532.25,399.007,False,527.698,25.9844,21.776520603967874,0.06298853462474706,21.79118150248801,0.00074892701678097,21.70768818478944,0.05751486387115776,24.594036383558727,0.05346278310954101
2010 RM91,666572,MBO,MBO,21164706860970317,745337022052827179,7.803229,3.5998907,2.677933,223.05507068606863,-39.738845619712976,2025060100594,173,60828.12251685461,z,223.0550301623093,-39.73880368674722,16.187850952148438,6299.11,388.477,False,6130.45,10.416,6879.23,379.88,False,630.028,43.9144,21.901802042547793,0.06695922783335559,21.931269078728093,0.0018447305411625925,21.806150428375208,0.059955761900092816,24.40160034641059,0.0756783045883263
2010 RM91,666572,MBO,MBO,21164706860970317,745337023235097088,7.8040032,3.5998912,2.6779523,223.0541983701921,-39.73847389892936,2025060100603,124,60828.12694267015,z,223.05416053875476,-39.738443310831165,16.150436401367188,7471.69,447.752,False,7656.52,4.87788,12024.5,439.279,False,4287.37,47.0177,21.716452896659263,0.06506433970620032,21.689921443974285,0.0006917099425926125,21.199832433280456,0.03966411121273131,22.31952255847682,0.011906790869737647
2010 RM91,666572,MBO,MBO,21164706860970317,745337024430997736,7.813845,3.5998964,2.6781983,223.04310911569416,-39.73370442199795,2025060100612,101,60828.183298175274,g,223.04305625802857,-39.73366667129585,20.371294021606445,3648.59,177.602,False,3638.56,2.09851,3723.0,178.149,False,-46.0662,8.9293,22.494687315120196,0.052850257832859696,22.497676130391028,0.0006261895572965617,22.47276740945402,0.05195348412424675,nan,nan
2010 RM91,666572,MBO,MBO,21164706860970317,745337025129349525,7.81424,3.5998967,2.6782084,223.04266427478288,-39.733511275016085,2025060100617,153,60828.185564230705,g,223.042622317212,-39.73347930512477,20.065040588378906,3501.16,172.587,False,3302.91,0.999854,3608.01,173.001,False,71.1015,19.9369,22.539470131998684,0.05352053752790733,22.602758179158798,0.00032867312364077907,22.50683066564401,0.05206012631285906,26.770303070221598,0.30444101474659435
2010 RM91,666572,MBO,MBO,21164706860970317,745337025238925421,7.814316,3.5998967,2.6782103,223.04257869522104,-39.73347409997583,2025060100618,106,60828.18600006528,g,223.0425224872913,-39.73343392504703,22.547183990478516,3915.03,171.654,False,3919.93,0.134519,3899.87,171.404,False,80.0035,12.9616,22.418162256104548,0.0476039694846439,22.416804239702554,3.725886600087035e-05,22.422374641618404,0.0477194189557098,26.642227506922477,0.17590328408696926
2010 RM91,666572,MBO,MBO,21164706860970317,745337025394638889,7.814392,3.5998967,2.6782122,223.04249292337929,-39.73343683590728,2025060100619,147,60828.18643747299,g,223.04246088634753,-39.7334047181876,21.151884078979492,3935.11,183.194,False,3933.82,0.31451,4064.06,184.109,False,54.8861,17.1744,22.412607778099186,0.0505450554444192,22.412963771124154,8.680490581987786e-05,22.37759970670507,0.04918573963362282,27.05134405342667,0.339737528656124
2010 RM91,666572,MBO,MBO,21164706860970317,745337025529381176,7.8144693,3.5998967,2.6782143,223.04240578164047,-39.733398971031605,2025060100620,148,60828.186881925816,g,223.0423708031144,-39.73336424499337,14.573076248168945,3972.16,267.005,False,3908.35,0.144483,4007.38,270.078,False,25.9382,19.5458,22.402433189748834,0.07298220793405666,22.420016351207266,4.013724978466717e-05,22.392848715799182,0.07317336375999717,27.865150413586342,0.8181593905894667
2010 RM91,666572,MBO,MBO,21164706860970317,745337026205712675,7.8148565,3.599897,2.678224,223.04196993927025,-39.73320950295424,2025060100625,158,60828.18910271475,g,223.04193361852913,-39.7331502251712,11.428497314453125,3596.03,316.541,False,3323.78,6.92618,3643.1,320.885,False,-98.4498,11.1897,22.510441725673303,0.09557206280842179,22.59591931482487,0.002262485542504798,22.496322239845703,0.09563186937708415,nan,nan
2010 RM91,666572,MBO,MBO,21164706860970317,745337026290122924,7.814936,3.599897,2.678226,223.04188007577284,-39.73317041998497,2025060100626,63,60828.189560182276,g,223.04184842601904,-39.73310142437514,14.651957511901855,4155.41,280.77,False,4075.24,1.62118,4161.94,284.045,False,-107.277,11.9194,22.3534652577353,0.07336030158736169,22.37461702659498,0.0004319190739945152,22.35176047784104,0.07409956875910556,nan,nan
2010 RM91,666572,MBO,MBO,21164706860970317,745337026447933612,7.8150125,3.5998971,2.678228,223.0417943369508,-39.73313312521959,2025060100627,108,60828.18999722732,g,223.0417551972706,-39.73309694561923,17.08314323425293,3851.05,220.56,False,3810.06,3.70909,3808.29,221.239,False,-92.1768,12.2302,22.436052092959766,0.06218303362315444,22.447670446040426,0.0010569632057573712,22.448174957988066,0.06307481521041038,nan,nan
2010 RM91,666572,MBO,MBO,21164706860970317,745337028189093945,7.816267,3.5998976,2.6782598,223.04038094442265,-39.73251752290667,2025060100640,101,60828.19720497585,g,223.04034675845045,-39.73249653169869,24.55845832824707,4144.98,167.789,False,4051.24,1.2296,4139.86,168.445,False,-59.8335,11.4312,22.35619390668834,0.043950657062038156,22.38103007252281,0.00032953396718805595,22.357535899392037,0.044177061302190214,nan,nan
2010 RM91,666572,MBO,MBO,21164706860970317,745337028550852957,7.816498,3.5998979,2.6782656,223.04012141906315,-39.73240432127983,2025060100643,23,60828.19852822288,g,223.04007193746529,-39.7323678742674,26.452117919921875,4065.19,152.857,False,4013.51,0.701336,4112.66,153.051,False,-10.4066,14.6148,22.37729789419234,0.04082524448087952,22.39118912386916,0.00018972567988736715,22.364692940768272,0.0404052365122815,nan,nan
2010 RM91,666572,MBO,MBO,21164706860970317,745345748472693175,8.157374,3.6000721,2.6871912,222.678367309758,-39.56623335787016,2025060300075,146,60830.145795130025,i,222.67831541592156,-39.56618117214764,24.882211685180664,5680.18,226.205,False,5866.84,1.35098,6283.77,219.394,False,710.855,11.0741,22.01409472053472,0.043237882001089065,21.978989418084097,0.00025001670134219074,21.904449295345376,0.03790781730044008,24.270547473583672,0.01691421054476705
2010 RM91,666572,MBO,MBO,21164706860970317,745345748836025010,8.157653,3.6000724,2.6871986,222.6780813621993,-39.56610039144012,2025060300078,71,60830.14731800559,i,222.67803474459376,-39.56606417690007,24.990537643432617,6078.31,238.664,False,6180.03,1.27715,6456.99,234.35,False,401.482,12.3548,21.940542875109664,0.0426312815017499,21.922523579471395,0.00022437562277361156,21.874924676063863,0.039405710242103854,24.890834817175282,0.03341134617625796
2010 RM91,666572,MBO,MBO,21164706860970317,745345749164228732,8.157847,3.6000724,2.687204,222.67788179877903,-39.56600755697886,2025060300080,185,60830.14838116326,i,222.6778406408691,-39.565961296555734,24.58177375793457,5937.32,236.724,False,6280.04,3.21456,6186.63,231.258,False,179.051,12.5505,21.96602389101131,0.04328886162178295,21.905093968408412,0.0005557550887069478,21.921364662536163,0.04058513006672837,25.76755815386457,0.07610419677567254
2010 RM91,666572,MBO,MBO,21164706860970317,745345749278523912,8.157933,3.6000724,2.6872063,222.67779394314212,-39.5659666779596,2025060300081,147,60830.14884984063,i,222.67774380128498,-39.565923924817554,26.192907333374023,6207.68,231.263,False,6735.52,0.696328,6273.36,225.3,False,123.553,13.6612,21.917676665856376,0.040448380931532704,21.829072171755023,0.00011224500866812745,21.90624949749868,0.038992880302815135,26.17036675015335,0.12004936185058618
2010 RM91,666572,MBO,MBO,21164706860970317,745345749426372660,8.158018,3.6000724,2.6872084,222.67770609045823,-39.56592579440019,2025060300082,173,60830.14931710527,i,222.67768469064777,-39.565898848642746,24.91555404663086,6530.9,258.695,False,6811.43,3.23978,6710.38,253.308,False,110.197,21.1192,21.86256743130891,0.04300701888590821,21.8169042274727,0.0005164181817190345,21.83313223298316,0.04098511111142993,26.294575585191147,0.20808080146689822
2010 RM91,666572,MBO,MBO,21164706860970317,745345749565833385,8.158103,3.6000724,2.6872108,222.67761899151031,-39.56588525575546,2025060300083,183,60830.149781497574,i,222.67756891778825,-39.565847950293644,24.652666091918945,6223.01,251.231,False,6437.11,1.56086,6335.79,246.699,False,76.6257,19.0108,21.914998793716823,0.043832583553486654,21.87827269656951,0.0002632675672152842,21.895498058023772,0.042275713035430366,26.68906383561231,0.2693706248119605
2010 RM91,666572,MBO,MBO,21164706860970317,745345750333915332,8.158653,3.6000729,2.6872253,222.67705498613364,-39.5656226079986,2025060300089,112,60830.152786199236,i,222.67700863425193,-39.56558634111134,22.21641731262207,5538.7,246.57,False,5293.95,0.620473,5607.54,241.889,False,-2.54648,10.9913,22.041480355433194,0.04833444211079508,22.090550371981603,0.00012725280837270342,22.028069041940807,0.046834735235147515,nan,nan
2010 RM91,666572,MBO,MBO,21164706860970317,745345750489629288,8.158739,3.6000729,2.6872277,222.67696697159303,-39.56558159889643,2025060300090,153,60830.153255886624,i,222.67692221860074,-39.56555039508767,22.209463119506836,5675.23,254.787,False,5632.33,2.82792,5779.66,249.94,False,-28.0808,16.2509,22.01504133655967,0.04874365869524114,22.023279754112785,0.0005451340816616599,21.995244243310466,0.04695239898742446,nan,nan
2010 RM91,666572,MBO,MBO,21164706860970317,745350148660920541,8.3288965,3.6001527,2.6918948,222.5081642686424,-39.48324431500986,2025060400091,135,60831.097075129466,y,222.50821272134488,-39.483284022188485,5.5891265869140625,7092.03,1259.93,False,8137.83,136.482,6641.62,1177.27,False,-180.234,223.805,21.773073622785724,0.1928857768815308,21.623728456673504,0.01820920828324181,21.844314921259688,0.19245374779469687,nan,nan
2010 RM91,666572,MBO,MBO,21164706860970317,745350150561988649,8.330192,3.6001534,2.6919298,222.50689198109495,-39.482636266184784,2025060400105,177,60831.10401415682,y,222.5068408459196,-39.482641022207595,5.670967102050781,8533.02,1449.54,False,nan,nan,5430.62,1350.9,False,-2015.96,198.047,21.57224315077121,0.1844385911567369,nan,nan,22.06287643979595,0.27008353261037865,nan,nan
2010 RM91,666572,MBO,MBO,21164706860970317,745350152287420705,8.331664,3.6001542,2.6919696,222.50544514062136,-39.48194347682559,2025060400118,140,60831.111906898586,i,222.50539055119063,-39.481909193815596,11.802641868591309,4329.21,362.428,False,4327.27,4.14171,3914.81,360.858,False,-292.605,10.4276,22.308978377425202,0.09089446217123213,22.309465010481567,0.0010391781109311002,22.418223261221833,0.1000806147343081,nan,nan
2010 RM91,666572,MBO,MBO,21164706860970317,745350152433696913,8.331759,3.6001542,2.6919723,222.50535091860183,-39.481898310515646,2025060400119,163,60831.11242028263,i,222.5053434006103,-39.48185894457917,12.304201126098633,4498.84,365.692,False,4519.29,9.72324,4107.79,361.586,False,-300.022,10.4391,22.2672486680161,0.08825498192225746,22.26232446404183,0.0023359584125601696,22.365979406361976,0.09557134274390451,nan,nan
2010 RM91,666572,MBO,MBO,21164706860970317,745350154050076735,8.332889,3.6001546,2.692003,222.50424181340625,-39.48136617743577,2025060400131,174,60831.11847171503,i,222.50420249958697,-39.48134248264662,14.0978364944458,5019.69,358.585,False,4962.4,4.74248,4791.21,355.819,False,-203.623,11.5131,22.148307769336164,0.07756030994946146,22.160770600974185,0.001037619321659495,22.198886992558982,0.08063215222367598,nan,nan
2010 RM91,666572,MBO,MBO,21164706860970317,745350155662262526,8.334023,3.600155,2.692034,222.50312709107016,-39.48083045420316,2025060400143,177,60831.12455407015,i,222.50306633841808,-39.48080499328924,15.198264122009277,5520.27,360.492,False,5484.62,6.08717,8657.62,357.056,False,3328.75,12.1019,22.045099196472133,0.07090218763070663,22.05213361927635,0.001205017092705506,21.556503685666343,0.04477773577653621,22.594297051382505,0.003947268820339388
2010 RM91,666572,MBO,MBO,21164706860970317,745350155927552278,8.334214,3.600155,2.692039,222.50293965276657,-39.48074028342563,2025060400145,171,60831.125577607454,i,222.50291287922022,-39.48068463128063,13.122126579284668,5024.34,382.996,False,4834.88,12.4336,8803.53,381.231,False,3818.75,10.4685,22.147302482057675,0.08276363438680766,22.189035777520033,0.0027921293734080657,21.538357844958345,0.04701707981925722,22.445196931033426,0.0029763743655944106
2010 RM91,666572,MBO,MBO,21164706860970317,745350156057051439,8.334309,3.6001554,2.6920416,222.50284657814083,-39.48069549835766,2025060400146,162,60831.12608588372,i,222.50279924425155,-39.48066987313388,13.679879188537598,5045.27,366.126,False,4935.86,4.56473,8456.95,362.393,False,3584.27,10.7276,22.142788964125494,0.0787898883214391,22.166592947734657,0.0010040991731866313,21.581965567622774,0.04652542550157049,22.513998200946133,0.003249572089358232
2010 RM91,666572,MBO,MBO,21164706860970317,745350156338069691,8.33481,3.6001554,2.6920555,222.50235431005103,-39.48045852368428,2025060400148,186,60831.12877286271,z,222.50230759362907,-39.4803609188441,7.26957893371582,4687.58,649.965,False,5120.29,66.5615,4902.93,636.686,False,509.066,18.5834,22.222628250325492,0.1505447479770508,22.1267635942417,0.014114089326598557,22.17386072909587,0.14099181272856268,24.63306474989375,0.0396346850874176
2010 RM91,666572,MBO,MBO,21164706860970317,745350156472287512,8.334909,3.6001556,2.692058,222.50225648723017,-39.48041141061879,2025060400149,186,60831.12930685378,z,222.50219564758842,-39.4802958050018,6.507936954498291,4861.87,741.587,False,5931.46,71.6051,4035.69,730.204,False,164.374,17.3146,22.182991618329716,0.16560866671328625,21.967095992162655,0.013107102262187488,22.385205519064144,0.1964494073885353,25.86041723744067,0.11436777647740938
2010 RM91,666572,MBO,MBO,21164706860970317,745350156729188514,8.335105,3.6001556,2.6920633,222.5020643300628,-39.48031884342581,2025060400151,164,60831.130355154295,z,222.50200680600045,-39.48029699612849,10.48218822479248,6762.92,640.082,False,8533.57,27.1658,6646.8,628.877,False,-367.393,17.6039,21.82466438730449,0.10276037231008567,21.572173071962297,0.0034563367516559514,21.84346850391798,0.10272530581293385,nan,nan
2010 RM91,666572,MBO,MBO,21164706860970317,745350157111394582,8.335382,3.6001558,2.692071,222.50179140836784,-39.48018732138957,2025060400154,125,60831.13184505954,z,222.50163782131793,-39.480267676868316,7.851149082183838,6359.13,853.532,False,7470.76,184.897,4875.79,860.116,False,-823.764,16.2444,21.891505761564904,0.1457291472751844,21.716588072021217,0.026871345993590433,22.179887510525774,0.19152980424266716,nan,nan
2010 RM91,666572,MBO,MBO,21164706860970317,745350157403947090,8.335586,3.6001558,2.6920767,222.50159176845625,-39.48009107794783,2025060400156,171,60831.13293591782,z,222.5015317197605,-39.48001897997699,9.894527435302734,5445.26,543.338,False,5513.23,28.153,4742.02,526.225,False,-596.147,19.5342,22.059953493587514,0.10833675108186917,22.046484727143337,0.005544251073926829,22.210091542199088,0.12048483673379608,nan,nan
2010 RM91,666572,MBO,MBO,21164706860970317,745350159686697059,8.337367,3.6001565,2.6921253,222.4998419123708,-39.47924616782464,2025060400173,173,60831.14249296422,z,222.49979247752543,-39.479223651857104,10.861992835998535,6823.89,631.599,False,7434.59,3.30474,6610.57,616.784,False,47.6668,18.077,21.814919934598727,0.10049251766800595,21.72185746479843,0.00048261920142216166,21.84940275792445,0.10130211667247127,27.204459973028793,0.4117509967275683
2010 RM91,666572,MBO,MBO,21164706860970317,745350159918432574,8.337566,3.6001568,2.6921308,222.49964625051555,-39.47915154259706,2025060400175,103,60831.143561159515,z,222.49957516604437,-39.47913364298936,12.713680267333984,7238.96,563.709,False,7025.46,15.148,6623.23,554.086,False,-409.938,21.9965,21.750809563675457,0.0845479539306788,21.783313092451245,0.0023410185047432306,21.84732541137325,0.09083049070215167,nan,nan
2010 RM91,666572,MBO,MBO,21164706860970317,745350160745234505,8.33813,3.600157,2.6921463,222.4990924757116,-39.47888356091061,2025060400181,144,60831.146587903335,z,222.4990621919753,-39.47885133882117,9.509276390075684,6291.12,667.736,False,7033.97,10.9445,5897.93,655.481,False,38.7058,18.8109,21.903180056734787,0.11523944255276482,21.78199868755849,0.0016893503237709216,21.973250933161978,0.12066597121966513,27.430559904658107,0.5276644678381012
2010 RM91,666572,MBO,MBO,21164706860970317,745350161130061960,8.338414,3.600157,2.6921542,222.498813256796,-39.47874834742245,2025060400184,110,60831.148113354415,z,222.49877149152482,-39.47869742932166,9.97053337097168,6296.12,633.87,False,6755.32,6.23459,6567.25,621.584,False,741.822,20.1416,21.9023174877827,0.10930788962076182,21.825885212235764,0.0010020428816271583,21.856541127031175,0.10276390211028191,24.224250696232488,0.029479394428845906
2010 RM91,666572,MBO,MBO,21164706860970317,745350161553686542,8.338696,3.6001573,2.6921618,222.498537546802,-39.47861477061387,2025060400187,150,60831.14962062052,z,222.49849930951981,-39.478609218866474,9.4634428024292,5834.36,603.966,False,6783.73,34.9237,7486.42,585.935,False,1926.55,21.7605,21.985016967767756,0.11239412235795267,21.82132861765307,0.0055895390726879955,21.714314541157655,0.08497664399312778,23.188049260492562,0.01226345645591167
