provid,permid,orbit_class,population,ssObjectId,diaSourceId,phaseAngle,helioRange,topoRange,ephRa,ephDec,visit,detector,midpointMjdTai,band,ra,dec,snr,psfFlux,psfFluxErr,psfFlux_flag,trailFlux,trailFluxErr,scienceFlux,scienceFluxErr,forced_PsfFlux_flag,templateFlux,templateFluxErr,psfMag,psfMagErr,trailMag,trailMagErr,scienceMag,scienceMagErr,templateMag,templateMagErr
2014 GW98,860911,MBO,MBO,21164723856291927,745424937157657194,12.546576,2.9723544,2.116561,227.97006002164383,-40.33865635067049,2025062100253,64,60848.03113540527,r,227.9700154183194,-40.33863489326713,32.65306091308594,6667.67,202.034,False,6566.65,3.71182,8353.4,198.572,False,1730.76,52.9772,21.840064769356808,0.03289839287956339,21.856640343220896,0.0006137158668370325,21.595341754323364,0.025809467561562004,23.30440786997107,0.033233529350348526
2014 GW98,860911,MBO,MBO,21164723856291927,745424937451258378,12.546792,2.9723551,2.116568,227.96992232475293,-40.33861208420957,2025062100255,112,60848.03203380895,r,227.96985698283714,-40.338587123464386,38.701934814453125,6689.09,170.331,False,6152.04,0.0109092,8614.66,165.226,False,1980.93,44.7786,21.836582427078042,0.027647188320182554,21.927452116742458,1.9252984408321703e-06,21.561904626409444,0.020824019132559962,23.157827147629742,0.02454288873479933
2014 GW98,860911,MBO,MBO,21164723856291927,745424941880442953,12.550782,2.972368,2.1166992,227.9673752427337,-40.33778982215829,2025062100288,112,60848.04863855502,g,227.96731701323955,-40.33777670385272,21.693042755126953,5533.81,250.313,False,5386.44,1.61384,5498.6,250.531,False,-78.7888,17.3039,22.04243937894371,0.04911153212480034,22.071745445394157,0.00032529918059248224,22.049369661377483,0.04946906096916152,nan,nan
2014 GW98,860911,MBO,MBO,21164723856291927,745424943111995476,12.551797,2.9723713,2.1167326,227.9667272905557,-40.33757956365806,2025062100297,157,60848.05286191149,g,227.96667782141486,-40.33755860875843,21.370807647705078,5319.52,247.115,False,5336.87,2.37871,5325.04,247.581,False,-34.9866,25.3282,22.085318880856867,0.050437202457708705,22.081783416110362,0.0004839262611082895,22.08419280602422,0.05047992999986291,nan,nan
2014 GW98,860911,MBO,MBO,21164723856291927,745433743960309951,13.022391,2.973954,2.1332366,227.68697220792728,-40.2335713039285,2025062300333,11,60850.08135304042,r,227.6869242377742,-40.23354442763562,42.52888488769531,8562.66,201.371,False,8136.08,0.35483,11036.9,194.234,False,2563.68,11.2379,21.56847823091664,0.025533628998975853,21.623961963967993,4.735103027342612e-05,21.292882192480757,0.01910743700737812,22.877840490588856,0.004759328380387183
2014 GW98,860911,MBO,MBO,21164723856291927,745433746639945749,13.02493,2.9739625,2.1333268,227.68548162162807,-40.23300749838939,2025062300353,2,60850.0921310609,g,227.68541793521757,-40.232982746708934,36.876468658447266,5651.0,152.308,False,5512.41,0.646763,5606.08,149.265,False,-26.903,6.30292,22.019686731755254,0.02926319384470066,22.046646189485013,0.00012738784199621244,22.028351757502733,0.028908330184741943,nan,nan
2014 GW98,860911,MBO,MBO,21164723856291927,745433746801426495,13.025038,2.9739628,2.1333306,227.685418312924,-40.23298347330252,2025062300354,54,60850.092589598906,g,227.68536372139766,-40.23296388872618,46.27585220336914,5557.12,119.158,False,5226.35,0.28264,5514.04,117.126,False,-31.8914,7.86789,22.03787553958778,0.023280790921151925,22.10450375384493,5.8716405553554326e-05,22.04632521169786,0.023062570677979535,nan,nan
2014 GW98,860911,MBO,MBO,21164723856291927,745433747176292735,13.025372,2.973964,2.1333425,227.6852221851507,-40.23290900309903,2025062300357,1,60850.09400891409,g,227.68517373201075,-40.23289120406265,36.11222839355469,5708.31,157.341,False,5346.05,0.348105,5837.66,158.334,False,-79.6469,5.59293,22.008731113298175,0.02992668971207665,22.079917499002853,7.069709970580278e-05,21.984402978475075,0.029448263729863332,nan,nan
2014 GW98,860911,MBO,MBO,21164723856291927,745433747315753053,13.02548,2.9739642,2.1333463,227.6851587503353,-40.23288490328577,2025062300358,11,60850.09446741521,g,227.68510422713186,-40.232859023984254,40.74654006958008,5659.82,138.086,False,5434.89,0.590329,5648.24,135.278,False,-67.2722,6.69627,22.01799348501212,0.02648935348405582,22.062023076275885,0.00011793091351843449,22.020217099718607,0.026003890783690524,nan,nan
2014 GW98,860911,MBO,MBO,21164723856291927,745464541706453184,14.583448,2.9795377,2.1974006,226.95100650357472,-39.85311922991429,2025063000418,34,60857.21796779636,g,226.9509415496705,-39.85309749141214,22.76986312866211,4366.98,190.931,False,4460.04,0.0993168,4547.84,193.985,False,158.705,2.94436,22.299546997521976,0.047470036494957894,22.276653106209636,2.4177326335250142e-05,22.255487094459614,0.04631133583829526,25.898523463935263,0.020143021544748115
2014 GW98,860911,MBO,MBO,21164723856291927,745464541844865502,14.58354,2.9795382,2.1974046,226.95097199080325,-39.85309442883534,2025063000419,42,60857.21840192778,g,226.95096244105522,-39.85308040327297,24.75152015686035,4623.83,185.638,False,4788.57,1.77077,4819.72,189.801,False,241.915,2.96794,22.237495335630054,0.043590247630978254,22.19948543890283,0.0004014954609905336,22.192445429649876,0.042756384737461316,25.440843035795943,0.013320381542951364
2014 GW98,860911,MBO,MBO,21164723856291927,745464541979083122,14.583631,2.9795384,2.197409,226.95093740812808,-39.85306956833159,2025063000420,42,60857.21883607846,g,226.95090266646739,-39.85304199437054,23.908601760864258,4548.59,189.16,False,4538.33,1.1006,4913.92,194.177,False,303.297,2.89457,22.255308056708895,0.04515198589521814,22.257759801375002,0.00026330417817613277,22.171429812848622,0.042903629791234674,25.195329723994597,0.010361921147965062
2014 GW98,860911,MBO,MBO,21164723856291927,745464542157865437,14.583721,2.979539,2.1974132,226.95090283507804,-39.85304470554408,2025063000421,127,60857.219271350696,g,226.9508647816213,-39.85299976240484,25.06328582763672,4694.54,185.702,False,4784.15,1.06157,5421.47,191.781,False,401.695,2.9252,22.221017381382154,0.04294848451863007,22.20048805251317,0.00024091741665462286,22.06470730966429,0.038407216713345994,24.890258915225317,0.007906484951296347
2014 GW98,860911,MBO,MBO,21164723856291927,745464542403231900,14.583907,2.9795396,2.1974218,226.95083220884877,-39.85299388692959,2025063000423,83,60857.22016088512,g,226.95072691680983,-39.85299800965756,24.99242401123047,4797.69,191.363,False,4885.94,1.51876,5263.14,195.935,False,538.278,2.87479,22.19741955613902,0.04330620507901831,22.17762968933163,0.00033749344058383316,22.096887665687653,0.04041954329591299,24.572483394227213,0.005798608610284648
2014 GW98,860911,MBO,MBO,21164723856291927,745464542804312148,14.584185,2.9795406,2.197435,226.95072701971804,-39.8529181274837,2025063000426,80,60857.221485952716,g,226.95067152268294,-39.852883362694186,23.867382049560547,4686.79,195.726,False,4893.32,2.65859,5428.63,197.743,False,721.292,3.10223,22.22281125441102,0.04534165183168366,22.175990995264907,0.0005898914449436,22.06327441747232,0.039548971814898234,24.254722223344622,0.004669680990729175
2014 GW98,860911,MBO,MBO,21164723856291927,745464543450235415,14.584641,2.9795423,2.1974561,226.95055351595124,-39.85279297949074,2025063000431,32,60857.22367359555,g,226.95050361131408,-39.85279588453786,23.498266220092773,4598.14,193.785,False,4869.69,3.97137,5710.16,195.835,False,1086.67,3.26192,22.243544492368763,0.045757499371317685,22.181246724798687,0.0008854486062920757,22.008379276670762,0.037236286046297695,23.80975576224771,0.0032591168164789294
2014 GW98,860911,MBO,MBO,21164723856291927,745464543568200371,14.584733,2.9795427,2.1974604,226.95051905073475,-39.85276809203081,2025063000432,1,60857.22410888336,g,226.95044405355424,-39.85271634820859,22.89745330810547,4701.45,194.824,False,4790.28,0.504454,6243.83,197.897,False,1430.04,3.25711,22.219420400545296,0.04499196357183923,22.19909780017918,0.00011433653442295299,21.911372311244108,0.03441220188097792,23.511629506860995,0.002472911444671989
2014 GW98,860911,MBO,MBO,21164723856291927,745464543717622064,14.584824,2.979543,2.1974647,226.95048459533103,-39.85274320244922,2025063000433,30,60857.22454307079,g,226.95046373558387,-39.85271148795564,20.047809600830078,4329.16,216.024,False,4302.97,1.82747,6191.42,221.044,False,1602.34,3.35743,22.308990868171534,0.054177963319553456,22.315579150232708,0.0004611117863421845,21.920524349373103,0.03876259138691344,23.388113337333785,0.002274974951209846
2014 GW98,860911,MBO,MBO,21164723856291927,745464544010699116,14.585005,2.9795437,2.1974733,226.9504157138595,-39.852693416858,2025063000435,77,60857.22541367485,g,226.9503589216522,-39.852663499994115,24.5935001373291,4531.15,177.923,False,4578.82,0.507548,6292.01,179.838,False,1769.15,3.43991,22.259478924951594,0.04263320601366299,22.248116113875174,0.00012035049047911194,21.903026529984494,0.031032473260733707,23.280588343089555,0.0021110899053182327
2014 GW98,860911,MBO,MBO,21164723856291927,745464544389234862,14.585284,2.9795446,2.1974862,226.9503100137136,-39.85261694807907,2025063000438,31,60857.22674946219,g,226.95026042720042,-39.85261250213414,23.082151412963867,4784.9,206.9,False,5004.86,0.675625,8492.31,210.438,False,3682.68,3.08608,22.200317857525818,0.04694744273074887,22.151520195789182,0.00014656765061416748,21.577435457182432,0.026904360634610283,22.48459006205541,0.0009098452566222988
2014 GW98,860911,MBO,MBO,21164723856291927,745464544662913079,14.585472,2.9795454,2.197495,226.95023878182067,-39.85256536633729,2025063000440,41,60857.22765014765,g,226.9501738808213,-39.85253470074326,27.116348266601562,4726.23,173.851,False,4790.92,0.246145,8619.87,175.583,False,3792.35,3.64243,22.213712873063397,0.039938031678595956,22.198952720307386,5.5782300090765384e-05,21.561248195012965,0.02211597267286229,22.452728942007234,0.001042814638752182
2014 GW98,860911,MBO,MBO,21164723856291927,745464544790839479,14.585564,2.9795458,2.1974993,226.95020440645465,-39.85254045968178,2025063000441,29,60857.228085408555,g,226.95011006891505,-39.852514352512976,24.577503204345703,4568.45,184.407,False,4681.66,2.36057,7676.47,186.602,False,2963.09,3.17096,22.250577763379844,0.04382609971278229,22.224000287802085,0.0005474460292492526,21.687096077071278,0.02639241044959656,22.72063786077083,0.001161903930991816
2014 GW98,860911,MBO,MBO,21164723856291927,745464545220231645,14.585841,2.9795468,2.1975124,226.95009936604163,-39.852464295612286,2025063000444,80,60857.229415438866,g,226.95004373183568,-39.85245414316128,25.518428802490234,4643.65,181.715,False,4883.57,1.6442,8617.23,183.046,False,3722.34,3.26757,22.23285132591444,0.04248695629960388,22.17815649613201,0.00036554559404439234,21.56158072911689,0.023063056715952053,22.472959876275553,0.0009530883764490675
2014 GW98,860911,MBO,MBO,21164723856291927,745464545599815791,14.586114,2.9795477,2.197525,226.94999615361075,-39.85238937310847,2025063000447,36,60857.230723377426,g,226.94997492503626,-39.85237928781672,15.907362937927246,4396.26,277.509,False,4971.07,2.28992,17815.7,290.251,False,13320.0,2.90102,22.29229163488634,0.06853588901136834,22.158875341669734,0.0005001436788056837,20.77299282019153,0.017688670143391646,21.088739437914292,0.00023646715458462862
2014 GW98,860911,MBO,MBO,21164723856291927,745464546159755577,14.586764,2.9795504,2.1975555,226.94975048001805,-39.85221070195266,2025063000451,80,60857.233841860565,r,226.94970825333016,-39.85217225407727,26.370773315429688,6937.63,264.569,False,6816.48,0.122288,14411.7,265.922,False,7410.23,4.4443,21.7969721828765,0.041404939017195656,21.816099591110376,1.9478163694066374e-05,21.003211952564993,0.020033801421620742,21.725420783122324,0.0006511724490625988
2014 GW98,860911,MBO,MBO,21164723856291927,745468901381374286,14.740508,2.9801433,2.2048573,226.89648769324063,-39.8118870659105,2025070100132,62,60857.990113633656,i,226.89640660966603,-39.81185344820532,21.186988830566406,6300.01,294.735,False,6220.68,4.68336,6571.25,292.486,False,155.905,7.7278,21.90164694336852,0.05079427751860031,21.915405316231777,0.0008174176258186645,21.855880024933796,0.048326061459789904,25.91784989952852,0.05381708214635235
2014 GW98,860911,MBO,MBO,21164723856291927,745468901788745901,14.740788,2.9801443,2.2048702,226.8963844150546,-39.81181686358216,2025070100135,71,60857.99145541865,i,226.89632876057493,-39.8117976338446,21.698442459106445,6863.01,315.601,False,6332.17,1.68911,6847.27,311.523,False,132.334,9.05933,21.808713457838877,0.049928450923684524,21.896118598728833,0.0002896207694355543,21.811206363886477,0.04939659307769765,26.095821403205925,0.07432740327120767
2014 GW98,860911,MBO,MBO,21164723856291927,745473291021451404,14.93803,2.9809127,2.2144818,226.83201859503035,-39.75927398747299,2025070200069,156,60858.97067785703,i,226.8319862631417,-39.75924245519602,21.717758178710938,6774.18,308.963,False,6670.52,0.176501,7028.25,306.249,False,109.126,14.4096,21.82285814105201,0.04951925105472404,21.839600770227513,2.872842472666468e-05,21.78288199682296,0.04730987362200764,26.305179414254212,0.14336661084268648
2014 GW98,860911,MBO,MBO,21164723856291927,745473291149378103,14.93812,2.980913,2.2144861,226.831988487484,-39.759251410003706,2025070200070,144,60858.971113105494,i,226.83193266067855,-39.759229627646455,24.961912155151367,7702.95,307.007,False,7271.91,0.45904,8039.26,302.825,False,320.694,10.7604,21.68335727532975,0.043272849246594074,21.745878738548654,6.853719609675527e-05,21.636959845325524,0.040897805151832306,25.13477291266125,0.03643022835362602
2014 GW98,860911,MBO,MBO,21164723856291927,745473291284119599,14.93821,2.9809132,2.2144904,226.8319583771242,-39.75922882845951,2025070200071,145,60858.97154963976,i,226.83190898076893,-39.759200395083035,24.75261116027832,7602.74,302.553,False,7829.14,3.91764,8192.86,302.257,False,429.837,11.8302,21.69757461989807,0.04320715237390542,21.665714833164316,0.0005432938329375055,21.61641111921752,0.04005577313673996,24.816740494664558,0.029882203006702312
2014 GW98,860911,MBO,MBO,21164723856291927,745473291374821840,14.938299,2.9809136,2.2144947,226.8319281949183,-39.75920619103917,2025070200072,62,60858.97198599988,i,226.8318542356593,-39.75918701447721,25.691255569458008,7720.29,297.441,False,7530.48,2.88071,8234.89,294.992,False,490.612,12.8944,21.680915959005787,0.04183035497154703,21.70794335424405,0.00041533753855598323,21.610855540536043,0.03889347798923849,24.67315458479007,0.02853561785055883
2014 GW98,860911,MBO,MBO,21164723856291927,745473291665801535,14.93848,2.9809144,2.2145035,226.8318669240874,-39.75916023012656,2025070200074,105,60858.97287310574,i,226.83180296744678,-39.759127276322545,25.876026153564453,8322.72,311.629,False,8993.52,0.94441,9784.68,309.219,False,1410.14,12.3626,21.599336825731946,0.04065340375299005,21.5151757946166,0.00011401322406446182,21.423633467229607,0.034311829089946226,23.526844408839793,0.00951857448199812
2014 GW98,860911,MBO,MBO,21164723856291927,745473292184322286,14.938846,2.9809158,2.214521,226.83174414148883,-39.75906810176363,2025070200078,70,60858.974650471995,i,226.83170140531573,-39.75905588903945,24.241762161254883,7908.35,318.885,False,8216.35,3.49162,11902.4,318.939,False,3892.85,9.18601,21.654785282476997,0.04377967540407667,21.613302723979704,0.0004613944752523857,21.210913610956442,0.029093594821909322,22.4243307984455,0.0025620262213331356
2014 GW98,860911,MBO,MBO,21164723856291927,745473292453282566,14.939027,2.9809165,2.2145295,226.83168290658315,-39.75902214168709,2025070200080,71,60858.9755364508,i,226.831622659225,-39.75902215099552,18.927326202392578,6889.79,358.99,False,7343.18,1.46033,14870.4,359.243,False,7958.73,9.91488,21.80448503168447,0.05657188787080432,21.735289539010772,0.00021591914187197572,20.969193344482264,0.026229498441092753,21.647890573897023,0.0013525957018138378
2014 GW98,860911,MBO,MBO,21164723856291927,745473292763136531,14.939216,2.9809172,2.2145386,226.8316193104482,-39.75897439978425,2025070200082,150,60858.97645685562,i,226.8315977291192,-39.75900340168401,21.78852653503418,7338.86,334.865,False,7492.43,5.65348,16207.7,334.984,False,8681.48,8.54441,21.73592851286182,0.049541080001067314,21.71344323921212,0.0008192519426079946,20.875696513363614,0.022440214340988925,21.553515518688055,0.0010685936631789036
2014 GW98,860911,MBO,MBO,21164723856291927,745473292902072504,14.939308,2.9809175,2.214543,226.8315881303756,-39.7589509891292,2025070200083,159,60858.976907764765,i,226.83155517812466,-39.758947040233664,21.194765090942383,7417.17,350.623,False,8046.61,1.23042,22595.3,351.507,False,15137.5,6.68529,21.72440442877247,0.05132470658707539,21.63596763689994,0.00016602166087228477,20.514954682770686,0.016890408645686722,20.949864609622228,0.0004795019811763213
2014 GW98,860911,MBO,MBO,21164723856291927,745473297477009710,14.943429,2.9809332,2.2147405,226.830197351047,-39.75790393431428,2025070200117,181,60858.99699046508,i,226.8301731199947,-39.75786122658411,23.742982864379883,7059.95,298.032,False,6807.99,0.30304,17139.6,292.89,False,9999.29,8.37062,21.777995906710874,0.045833771864304845,21.817452689726448,4.8328726362950536e-05,20.81499831914029,0.01855360102706293,21.40007708576581,0.000908893022329148
2014 GW98,860911,MBO,MBO,21164723856291927,745473297568235631,14.943524,2.9809337,2.214745,226.8301650353164,-39.75787953054801,2025070200118,99,60858.99745662402,i,226.8301248897352,-39.75784401680144,24.17943000793457,6724.56,272.537,False,6273.65,1.84795,14606.8,269.476,False,7750.72,8.61531,21.830840308193054,0.04400336552489437,21.90619930132973,0.00031981162974248893,20.988612307426806,0.020030387746768068,21.676644849927897,0.0012068496105897355
2014 GW98,860911,MBO,MBO,21164723856291927,745473297728143535,14.943616,2.980934,2.2147493,226.83013431310573,-39.75785632663474,2025070200119,148,60858.99789949492,i,226.83008605345822,-39.757831760196304,21.86789321899414,6706.58,303.734,False,6386.02,0.281136,19702.4,301.965,False,12881.1,8.96745,21.83374721367067,0.04917185899773917,21.886924310812162,4.779808697257902e-05,20.663702148695435,0.01664032415307664,21.125117653407177,0.0007558582402658698
2014 GW98,860911,MBO,MBO,21164723856291927,745473297877041212,14.943706,2.9809344,2.2147536,226.8301040749729,-39.75783348496307,2025070200120,176,60858.99833593835,i,226.8300193406895,-39.75780528156742,22.074316024780273,7333.12,331.353,False,7115.4,3.06318,25805.0,328.853,False,18453.7,6.83489,21.736778002905602,0.04905987348633002,21.76950171628564,0.00046740948373018596,20.37074034148507,0.013836372978003681,20.734791405841484,0.00040213549163225094
2014 GW98,860911,MBO,MBO,21164723856291927,745473297951490129,14.943805,2.9809346,2.2147584,226.8300702982305,-39.75780796626733,2025070200121,62,60858.998822746675,i,226.83002558928737,-39.757779045004845,24.248727798461914,7594.33,308.242,False,7109.22,0.362304,18169.2,306.578,False,10505.7,9.76542,21.698776326789293,0.04406833789886904,21.770445082199057,5.53318873607837e-05,20.751660532932693,0.018320171040873523,21.346437492408146,0.0010092302091386832
2014 GW98,860911,MBO,MBO,21164723856291927,745473298136563767,14.943898,2.980935,2.214763,226.83003894755728,-39.75778427670532,2025070200122,159,60858.999274500005,i,226.83000017968993,-39.75777686111213,19.902122497558594,6881.46,341.226,False,7569.0,1.51639,24597.8,340.191,False,17617.7,7.74599,21.80579853169527,0.053837621467208205,21.702403736906906,0.00021751875896817855,20.422759300459347,0.015015882877311574,20.785127022137452,0.00047736662220076726
2014 GW98,860911,MBO,MBO,21164723856291927,745473298219925755,14.943992,2.9809353,2.2147675,226.83000717929067,-39.75776026785163,2025070200123,62,60858.999732900775,i,226.8299523099249,-39.757739105867785,24.433208465576172,7601.9,307.482,False,7167.76,2.90041,17617.5,304.07,False,10001.3,10.8134,21.69769463311812,0.043915907624213824,21.761541397250085,0.00043933951194070355,20.785139299576734,0.0187393112378586,21.399858884670085,0.001173897433072495
2014 GW98,860911,MBO,MBO,21164723856291927,745473298492031376,14.944178,2.980936,2.2147763,226.82994454048955,-39.75771291746192,2025070200125,69,60859.000635239,i,226.8298866323736,-39.757682560404454,20.240779876708984,6465.29,316.125,False,5965.24,1.56871,15173.4,315.757,False,8520.66,8.24228,21.87352996870725,0.05308785153572685,21.960930153931063,0.00028552164569311,20.947292705020864,0.022594064976973333,21.573816890105007,0.0010502639054496068
2014 GW98,860911,MBO,MBO,21164723856291927,745473298668192134,14.944272,2.9809365,2.2147808,226.82991249074945,-39.757688684414525,2025070200126,149,60859.00109709517,i,226.8298549531474,-39.757683165586336,19.43250846862793,6802.03,350.497,False,6616.42,0.137725,18498.2,348.344,False,11478.8,7.97115,21.818403676707785,0.05594613735186937,21.848442348434034,2.260029076191398e-05,20.73217636918511,0.02044575699915548,21.25025879584036,0.0007539608853273511
2014 GW98,860911,MBO,MBO,21164723856291927,745473299156828396,14.946725,2.9809458,2.2148986,226.82908361217187,-39.75706052042965,2025070200130,57,60859.01304083431,g,226.82902548095947,-39.75703110082353,14.44033145904541,3394.54,234.543,False,3125.07,1.49409,3397.71,235.071,False,-10.3667,3.71335,22.573047660991904,0.07501806517141522,22.662850601831217,0.0005190883815067177,22.572034241522417,0.075116798489334,nan,nan
2014 GW98,860911,MBO,MBO,21164723856291927,745473299613483314,14.947019,2.980947,2.2149127,226.8289840536415,-39.75698487175785,2025070200133,160,60859.0144748156,g,226.82899050700215,-39.75689838264484,14.228110313415527,3702.46,256.329,False,3840.0,6.22375,3800.77,260.233,False,-45.2875,9.01681,22.4787740732984,0.07516777748676631,22.43917193908117,0.0017597267782854312,22.450321020724054,0.07433872351560349,nan,nan
2014 GW98,860911,MBO,MBO,21164723856291927,745473299694747708,14.94712,2.9809473,2.2149177,226.82894996387887,-39.756958958602894,2025070200134,59,60859.01496544499,g,226.82892586033597,-39.75691182901223,13.60442066192627,3219.29,234.877,False,3049.79,0.621491,3294.77,238.464,False,-42.5321,12.1276,22.63059973544504,0.07921450328421273,22.68932514590786,0.00022125303290667853,22.605437236236618,0.0785818135106485,nan,nan
2014 GW98,860911,MBO,MBO,21164723856291927,745473299847839988,14.947218,2.9809477,2.2149222,226.8289167067817,-39.75693367325805,2025070200135,95,60859.015444611985,g,226.8288779327379,-39.75690168514122,15.125967979431152,3474.09,224.293,False,3319.98,1.00338,3568.46,227.151,False,-43.6746,9.57913,22.54789730973777,0.07009692426440757,22.59716133772648,0.000328136294636165,22.518797929446038,0.0691127456681649,nan,nan
2014 GW98,860911,MBO,MBO,21164723856291927,745473300010369086,14.94731,2.980948,2.2149267,226.8288854627765,-39.75690991381848,2025070200136,149,60859.01589429082,g,226.8288506086004,-39.75687452552513,14.147815704345703,3249.97,225.528,False,3283.31,7.31224,3378.57,228.105,False,-41.8577,8.83932,22.620301629566796,0.07534343912758658,22.60922025709837,0.002418036584592159,22.57816767446829,0.0733037490229858,nan,nan
2014 GW98,860911,MBO,MBO,21164723856291927,745473300145635551,14.9474,2.9809484,2.214931,226.82885525993376,-39.75688694182696,2025070200137,151,60859.01632953306,g,226.8287970296668,-39.756885338230816,13.786354064941406,3439.0,247.085,False,3783.13,3.00731,3467.63,249.473,False,-40.2643,5.45793,22.558919560444963,0.07800789108524311,22.455371870518825,0.0008630803999080319,22.549918157769095,0.07811153011796329,nan,nan
2014 GW98,860911,MBO,MBO,21164723856291927,745473300229521485,14.947503,2.9809487,2.214936,226.82882054363924,-39.75686053169497,2025070200138,55,60859.016829316504,g,226.82876561688687,-39.75684158976418,13.015042304992676,3209.12,240.028,False,3275.73,11.2573,3226.11,243.159,False,-43.0985,6.61086,22.634035067454903,0.08120826896674294,22.611729761193512,0.0037312167547094554,22.628302035463044,0.08183431975691266,nan,nan
2014 GW98,860911,MBO,MBO,21164723856291927,745473300386807871,14.947599,2.9809492,2.2149405,226.8287879100144,-39.75683570078712,2025070200139,99,60859.01729986523,g,226.82873656041133,-39.75681145684684,14.478973388671875,3474.13,239.489,False,3298.33,1.32144,3611.75,242.443,False,-42.8667,8.82136,22.547884872944568,0.07484517994124258,22.604264711984083,0.0004349883717830499,22.505705796351783,0.07288132768551266,nan,nan
2014 GW98,860911,MBO,MBO,21164723856291927,745473300947796084,14.9484,2.9809523,2.214979,226.8285173901872,-39.75662966668595,2025070200143,145,60859.02119566854,g,226.82845676520233,-39.7565987741868,11.259781837463379,3016.32,266.671,False,3382.61,1.43154,2841.97,269.439,False,-72.5308,6.91401,22.701306441034966,0.09598926573749601,22.576870144425662,0.00045948979356753606,22.765951288247646,0.10293552544648284,nan,nan
2014 GW98,860911,MBO,MBO,21164723856291927,745473301194735910,14.9485855,2.980953,2.214988,226.82845455042013,-39.75658175550385,2025070200145,104,60859.022100203365,g,226.8284482269992,-39.75654067102931,10.95934009552002,2996.46,272.653,False,3093.42,3.72497,3021.88,275.792,False,-67.1755,10.7077,22.708478802561054,0.09879299364233234,22.673902804765305,0.0013073992551481284,22.69930700623709,0.09908975952467376,nan,nan
2014 GW98,860911,MBO,MBO,21164723856291927,745473301326856213,14.948674,2.9809532,2.2149923,226.82842441515209,-39.75655877239908,2025070200146,100,60859.02253443672,g,226.82834760509118,-39.756493425630545,11.001306533813477,2777.91,255.265,False,3047.45,2.38027,2744.24,259.242,False,-73.4575,4.53023,22.79070460645658,0.09976941672469573,22.690158545371872,0.0008480353614157326,22.803944778079263,0.10256698793357702,nan,nan
2014 GW98,860911,MBO,MBO,21164723856291927,745473301458452754,14.948771,2.9809537,2.2149968,226.8283915719444,-39.75653371888149,2025070200147,95,60859.02300724175,g,226.82834369480983,-39.7564978787113,11.502155303955078,2865.45,245.24,False,3052.36,7.08658,2749.26,246.744,False,-69.7926,4.24274,22.75701793165168,0.09292291170889819,22.68841057764438,0.002520723632077814,22.801960462626166,0.09744400192550524,nan,nan
2014 GW98,860911,MBO,MBO,21164723856291927,745473301633564836,14.948863,2.980954,2.2150013,226.82836046476243,-39.75650998465307,2025070200148,173,60859.02345569846,g,226.8283329301415,-39.75645485652166,9.582755088806152,2804.27,294.328,False,2931.1,15.0818,2748.93,298.477,False,-83.4903,6.04819,22.78045042759578,0.11395570563077774,22.732423375161616,0.005586590784237878,22.802090824718043,0.11788851739161793,nan,nan
2014 GW98,860911,MBO,MBO,21164723856291927,745473301730558124,14.948959,2.9809544,2.2150059,226.8283281772796,-39.756485344717134,2025070200149,102,60859.02392051439,g,226.8282953271804,-39.75647658845111,12.30809497833252,3109.0,245.702,False,3088.79,5.5696,3162.09,248.161,False,-70.0702,12.5204,22.66844819489202,0.08580493807502494,22.675529029809383,0.001957762231766558,22.65006440296363,0.08520863413631624,nan,nan
2014 GW98,860911,MBO,MBO,21164723856291927,745477693069328776,15.137979,2.9817066,2.2245665,226.7730175448959,-39.705254753966855,2025070300099,108,60859.982144298454,i,226.7729955741262,-39.70521640269447,16.985395431518555,7809.27,462.166,False,7374.24,3.0637,17644.2,460.389,False,9763.62,10.1507,21.668473901000162,0.0642557295859715,21.730706795668,0.0004510796857893971,20.7834951182345,0.02833004817007755,21.425972816126354,0.001128780303193949
2014 GW98,860911,MBO,MBO,21164723856291927,745477693201973552,15.138071,2.9817069,2.224571,226.7729894697375,-39.70523110159897,2025070300100,105,60859.98260033729,i,226.77297114488286,-39.70521003568724,16.510040283203125,7345.22,441.335,False,6932.9,6.22758,17826.2,441.114,False,10305.6,9.41265,21.734987948064905,0.06523608069381635,21.797712675319303,0.0009752786345986986,20.772353110693466,0.02686682950148869,21.36731683662432,0.0009916603975226857
2014 GW98,860911,MBO,MBO,21164723856291927,745477693335142447,15.138163,2.9817073,2.2245755,226.77296145395135,-39.70520749652334,2025070300101,103,60859.98305543576,i,226.772917457733,-39.705173800399756,16.73680305480957,7526.41,452.531,False,7209.55,2.1529,20718.4,452.043,False,13108.8,10.5651,21.70853029558038,0.06528069645913892,21.755229634125264,0.00032422016872413374,20.609109445717355,0.02368906098727328,21.106092672388453,0.000875054271912958
2014 GW98,860911,MBO,MBO,21164723856291927,745477693445242915,15.138255,2.9817076,2.22458,226.77293312809357,-39.70518362739536,2025070300102,57,60859.98351551601,i,226.77287266944512,-39.70514880105143,18.28681755065918,7779.31,418.471,False,7613.06,5.16451,22499.3,419.456,False,14649.4,9.57934,21.67264729641797,0.05840480980082309,21.69610186022939,0.0007365363201515644,20.5195774460064,0.020241453858453815,20.985450377246025,0.0007099700982847465
2014 GW98,860911,MBO,MBO,21164723856291927,745477693737271602,15.138438,2.9817083,2.224589,226.7728769008879,-39.70513623841406,2025070300104,102,60859.98442810026,i,226.77285649425318,-39.70510175287895,18.581907272338867,7790.01,413.557,False,7463.67,3.63128,24870.8,416.048,False,16897.8,10.1522,21.671154994729243,0.05763969860917854,21.71761893838636,0.0005282404162527218,20.410775578111924,0.01816259898491038,20.83042453590927,0.0006523103783722595
2014 GW98,860911,MBO,MBO,21164723856291927,745477694116856125,15.138715,2.9817095,2.224603,226.7727922670832,-39.70506488640872,2025070300107,58,60859.985802010786,i,226.7727406096104,-39.70504555099377,16.575366973876953,7416.81,440.283,False,7100.88,2.34166,24442.5,444.806,False,16925.8,9.39161,21.724457107364973,0.06445239641637122,21.771719584338186,0.00035804366611983627,20.42963594035789,0.01975828896506381,20.82862693782549,0.0006024418748514191
2014 GW98,860911,MBO,MBO,21164723856291927,745477694253695187,15.138807,2.9817097,2.2246075,226.7727640517075,-39.70504109306551,2025070300108,63,60859.9862603468,i,226.7727312766501,-39.70500382727929,16.998340606689453,8183.21,474.001,False,7526.22,0.206561,25109.9,477.578,False,16754.1,9.51667,21.617690764395462,0.06288975315741453,21.708557696274674,2.979859064332484e-05,20.400387525255496,0.020650170662183952,20.839697267107912,0.0006167203045916623
2014 GW98,860911,MBO,MBO,21164723856291927,745477694522655184,15.138991,2.9817104,2.2246165,226.7727076149041,-39.70499349228777,2025070300110,64,60859.98717632402,i,226.7726522033019,-39.70495974142553,16.049758911132812,7697.31,472.713,False,7528.58,3.68189,20181.5,472.143,False,12730.5,8.13246,21.684152547722316,0.06667805096022805,21.70821731460586,0.0005309847601030086,20.63761639436659,0.025400627047281344,21.137886346919164,0.0006935867299342769
2014 GW98,860911,MBO,MBO,21164723856291927,745477694836179029,15.13918,2.9817111,2.224626,226.7726498144924,-39.70494472877864,2025070300112,150,60859.988114707696,i,226.77258897124932,-39.70490724226454,17.803680419921875,8305.14,466.532,False,8432.3,1.75426,19320.1,467.326,False,10749.0,7.60164,21.60163265154865,0.060990027689943695,21.585134902029854,0.00022587711274898184,20.68497659701529,0.02626242906042062,21.321579842785567,0.0007678273334485485
2014 GW98,860911,MBO,MBO,21164723856291927,745477694973542579,15.139272,2.9817116,2.2246306,226.77262171247867,-39.70492101573789,2025070300113,156,60859.98857080155,i,226.7726138118505,-39.704881217280395,15.352907180786133,7361.0,477.711,False,7806.23,14.448,17822.6,479.104,False,10355.8,6.92755,21.732657955670902,0.07046163925020742,21.66889664513461,0.002009512488857321,20.772572373409922,0.02918657066233883,21.36204088452684,0.0007263071720530515
2014 GW98,860911,MBO,MBO,21164723856291927,745477695108284900,15.139364,2.9817119,2.2246351,226.772593485308,-39.70489719396505,2025070300114,157,60859.98902848174,i,226.77254217626313,-39.7048693423416,17.254241943359375,8074.45,470.436,False,8078.18,2.19346,15657.1,480.831,False,7420.18,10.4053,21.632217599820667,0.06325748377945149,21.6317161613779,0.0002948088394226935,20.913221713662256,0.033343060413665936,21.72396387278709,0.0015225251700302376
2014 GW98,860911,MBO,MBO,21164723856291927,745477695326388479,15.139552,2.9817126,2.2246444,226.7725359775807,-39.70484865163694,2025070300116,61,60859.989961473344,i,226.77248632117363,-39.70481688262497,20.44493293762207,8418.2,403.117,False,8169.55,0.700048,12530.3,405.359,False,3922.95,10.6677,21.586951876000253,0.05199195983346854,21.619504688144797,9.303664324045928e-05,21.15509634446918,0.03512389636539348,22.41596808136398,0.002952448553650488
2014 GW98,860911,MBO,MBO,21164723856291927,745477695791432019,15.139831,2.9817138,2.2246583,226.77245053443983,-39.70477650429669,2025070300119,180,60859.99134740156,i,226.77237733409663,-39.70474394378418,18.37610626220703,7671.14,410.381,False,7769.25,4.26584,9686.32,414.306,False,1852.5,9.87061,21.687850208678036,0.05808335064831384,21.674052258847958,0.0005961420973524675,21.43460293391564,0.046439412415771195,23.230604458371584,0.005785089823211404
2014 GW98,860911,MBO,MBO,21164723856291927,745477695883182171,15.139923,2.981714,2.224663,226.7724221115341,-39.70475249761733,2025070300120,99,60859.991808865634,i,226.77236289535756,-39.70473121255566,20.273738861083984,8044.99,386.473,False,7606.5,6.23673,9511.17,386.797,False,1410.47,8.3718,21.636186196861296,0.05215764187272512,21.697037825991114,0.0008902180592243195,21.454415148412394,0.04415434768388335,23.526590389150403,0.0064443533054229915
2014 GW98,860911,MBO,MBO,21164723856291927,745477696042565836,15.140015,2.9817145,2.2246675,226.77239411853887,-39.70472885075529,2025070300121,147,60859.9922627722,i,226.7723461583093,-39.70469983531765,20.260713577270508,7672.73,376.47,False,7240.23,4.64019,8802.25,377.678,False,931.124,8.92913,21.687625213170087,0.053272708849540794,21.7506190963641,0.0006958373461525501,21.53851575210065,0.046585667090609385,23.977481170513386,0.01041180233807824
2014 GW98,860911,MBO,MBO,21164723856291927,745477696191463440,15.140106,2.9817147,2.224672,226.7723661239223,-39.70470519922539,2025070300122,175,60859.99271660465,i,226.77231704085526,-39.70466329595308,19.17999839782715,8186.95,420.116,False,7625.13,6.24653,9128.97,416.194,False,887.678,8.38288,21.617194628999457,0.055714904524951724,21.694381885884628,0.0008894384672969288,21.498945582811682,0.04949922146782393,24.02936138487112,0.010253263869763593
2014 GW98,860911,MBO,MBO,21164723856291927,745477696266436972,15.140203,2.9817152,2.2246768,226.7723361543658,-39.70467987546156,2025070300123,62,60859.993202036996,i,226.77229653436027,-39.704664122290204,18.00596809387207,7327.83,402.608,False,7289.82,4.92969,8385.38,403.244,False,918.887,8.36747,21.73756152472479,0.05965286846452317,21.743208014018016,0.0007342215465612051,21.591193144430033,0.05221189776510134,23.9918447033131,0.009886813780219815
2014 GW98,860911,MBO,MBO,21164723856291927,745477696558989512,15.140389,2.981716,2.2246861,226.7722792936625,-39.704631818545096,2025070300125,108,60859.99412464926,i,226.77224281964598,-39.704623205629474,17.780763626098633,7721.41,425.795,False,7056.5,0.18652,8811.72,429.647,False,923.068,7.61431,21.68075844373599,0.059872620742697,21.77852663532707,2.869857745950736e-05,21.537348312150627,0.052938963231599946,23.98691576918934,0.008956146104109646
2014 GW98,860911,MBO,MBO,21164723856291927,745477696828997742,15.1405735,2.9817166,2.2246952,226.77222298182733,-39.70458421165431,2025070300127,111,60859.99503732545,i,226.77217488404034,-39.704565196972005,21.206491470336914,9015.1,418.227,False,8123.89,2.12416,9451.89,420.577,False,288.643,8.12613,21.512573675802944,0.05036929199341611,21.62558989600271,0.00028388831380461753,21.461203393581613,0.04831157453872911,25.249097405525475,0.0305665943549028
2014 GW98,860911,MBO,MBO,21164723856291927,745477696984187406,15.140666,2.981717,2.2246997,226.7721945461161,-39.704560166356245,2025070300128,151,60859.9954988548,i,226.7721308501449,-39.70455129346011,18.281394958496094,7393.5,402.143,False,6611.75,0.181059,7526.43,402.598,False,42.4933,9.24934,21.727874806973986,0.059054740031330134,21.84920894025946,2.9732266740301033e-05,21.70852740762975,0.05807736278779123,27.329198815930177,0.23632768087052738
2014 GW98,860911,MBO,MBO,21164723856291927,745477697466007926,15.141372,2.9817197,2.2247348,226.7719781789738,-39.70437708583553,2025070300132,46,60859.99900534162,g,226.77192893505884,-39.704343672344756,15.872651100158691,4731.99,295.131,False,4634.31,5.88958,4803.33,301.064,False,6.70862,2.83577,22.21239040079149,0.06771662851441575,22.235037282735615,0.0013798235140620927,22.196143920565447,0.06805197111095163,29.333417006955806,0.45894655041574306
2014 GW98,860911,MBO,MBO,21164723856291927,745477697722384445,15.141559,2.9817204,2.224744,226.7719208509534,-39.70432854082649,2025070300134,23,60859.999934343636,g,226.77185734358835,-39.704303968763895,13.14974308013916,5432.97,402.918,False,5661.71,12.4534,5974.21,418.684,False,176.678,2.46317,22.06240668972771,0.08051998116210918,22.017630956285792,0.0023881666447983746,21.9592987959458,0.0760904571127255,25.782043852287345,0.01513687611194677
2014 GW98,860911,MBO,MBO,21164723856291927,745477697925808196,15.141658,2.981721,2.224749,226.77189067308717,-39.70430298008833,2025070300135,155,60860.000423267935,g,226.7718474752144,-39.704313241995656,10.026016235351562,3900.07,388.945,False,4412.32,16.4248,4538.04,407.183,False,194.227,2.28345,22.42231897600524,0.10827797160307523,22.28833253882344,0.0040416383385586474,22.25782919165041,0.097419444598484,25.67922596658964,0.012764570072731154
2014 GW98,860911,MBO,MBO,21164723856291927,745477698007072786,15.141755,2.9817212,2.2247539,226.77186074078733,-39.70427762300354,2025070300136,54,60860.00090866034,g,226.77181642550232,-39.70427557095892,13.77694320678711,4644.74,334.112,False,4801.49,4.31544,4904.67,345.458,False,50.9286,2.55121,22.2325964242685,0.07810070660772193,22.196559875248596,0.000975828214142513,22.173475536934266,0.07647329428485995,27.132595648821333,0.054388712164158096
2014 GW98,860911,MBO,MBO,21164723856291927,745477698162786411,15.141848,2.9817216,2.2247584,226.77183241196556,-39.70425362028903,2025070300137,95,60860.00136757026,g,226.77176477624135,-39.70424039380228,12.892523765563965,4363.0,342.487,False,4561.71,0.730961,4743.3,353.611,False,50.8969,2.37285,22.30053696753295,0.08522817671988377,22.25218082788117,0.00017397661307849463,22.209798561232155,0.08094117443389798,27.133271667783724,0.05061779952645155
2014 GW98,860911,MBO,MBO,21164723856291927,745477698303295733,15.141939,2.9817219,2.2247632,226.77180426723547,-39.704229769661055,2025070300138,107,60860.00182361258,g,226.77182373481838,-39.70415848967421,11.313162803649902,4041.03,362.407,False,4155.11,5.91647,4298.16,378.167,False,222.102,2.31502,22.383769805649457,0.09737082178403807,22.353543721886183,0.0015459821641059454,22.316793515108333,0.09552682541747792,25.53361880220348,0.011316877217292683
2014 GW98,860911,MBO,MBO,21164723856291927,745477698459533435,15.142034,2.9817224,2.2247677,226.7717753807593,-39.70420528639369,2025070300139,149,60860.00229121951,g,226.771739960067,-39.70418744336325,12.425942420959473,4363.84,345.068,False,4687.76,7.63197,4544.59,357.117,False,40.0656,2.39979,22.300327991824705,0.08585393293432628,22.222586631946303,0.0017676473367988683,22.25626326605225,0.08531789981864864,27.393070836254758,0.06503181911321801
2014 GW98,860911,MBO,MBO,21164723856291927,745477698528215182,15.142133,2.9817228,2.2247727,226.771744950016,-39.704179489769984,2025070300140,24,60860.00278432827,g,226.7716966087171,-39.7041650538104,12.577803611755371,4115.56,322.116,False,4163.62,12.4574,4251.7,330.853,False,-39.4201,2.83492,22.363927640615138,0.0849782278564475,22.35132225442112,0.00324848333086026,22.328593417352046,0.08448833657249408,nan,nan
2014 GW98,860911,MBO,MBO,21164723856291927,745477698677637313,15.142225,2.981723,2.2247772,226.77171661691952,-39.70415546718945,2025070300141,53,60860.0032437928,g,226.77162638465765,-39.70411916835683,15.377750396728516,5107.36,326.829,False,4827.32,4.49381,5171.12,337.078,False,-35.3816,2.4885,22.12950885196816,0.06947818411700567,22.190734817334828,0.0010107249123700885,22.11603843529046,0.07077340756249513,nan,nan
2014 GW98,860911,MBO,MBO,21164723856291927,745477699065610436,15.142505,2.9817243,2.2247913,226.771630809366,-39.7040826893582,2025070300144,25,60860.00463369273,g,226.77159010007114,-39.704040175170874,13.378142356872559,4640.4,344.824,False,4916.45,3.0844,4637.46,356.938,False,40.0409,2.66469,22.233611477547363,0.08068009536138078,22.1708708899379,0.0006811509422930014,22.23429956746864,0.08356740543203345,27.393740391488933,0.0722548779153061
2014 GW98,860911,MBO,MBO,21164723856291927,745477699396960312,15.142743,2.9817252,2.224803,226.7715577739232,-39.70402071440863,2025070300146,145,60860.005816301695,g,226.77155772541172,-39.70399552896698,13.803587913513184,4635.58,329.64,False,5203.1,9.45023,4928.5,339.017,False,77.1221,2.74646,22.23473978057019,0.07720761855236313,22.109344547578953,0.0019719890596056468,22.168213097773794,0.0746845955306849,26.68205287156741,0.03866506464960649
2014 GW98,860911,MBO,MBO,21164723856291927,745477699487138041,15.142836,2.9817255,2.2248077,226.7715293731845,-39.70399660716864,2025070300147,61,60860.006276789805,g,226.7714585823148,-39.703929780982946,12.748857498168945,4136.34,325.324,False,4915.05,12.1269,4287.56,335.538,False,8.33249,2.64473,22.358459466491013,0.08539338255220033,22.171180192651146,0.0026788363495505478,22.31947445866554,0.08496808058589769,29.09806300143795,0.34461238152916857
2014 GW98,860911,MBO,MBO,21164723856291927,745477699643900118,15.143424,2.9817278,2.2248368,226.77134907326635,-39.70384346394106,2025070300148,104,60860.009196189174,g,226.77131004879922,-39.70381399729192,15.322372436523438,4813.67,311.859,False,5024.08,6.29244,4914.52,320.665,False,-67.4384,2.81748,22.193809232609386,0.07034063866397805,22.14735861763841,0.0013598369751818978,22.17129722868339,0.07084264750019353,nan,nan
2014 GW98,860911,MBO,MBO,21164723856291927,745477699776020507,15.143515,2.981728,2.2248414,226.7713210379657,-39.70381963546272,2025070300149,100,60860.009650021224,g,226.77128222748735,-39.70380583562857,14.910551071166992,4167.75,277.554,False,4229.31,3.39126,4205.74,284.174,False,-118.023,3.58328,22.3502458495573,0.0723052992468769,22.334326186872495,0.0008705944022980226,22.34039388705424,0.07336116717872232,nan,nan
2014 GW98,860911,MBO,MBO,21164723856291927,745477699907092650,15.143606,2.9817286,2.224846,226.77129294037172,-39.70379574968496,2025070300150,94,60860.01010593424,g,226.77124845068553,-39.70376084411926,12.417198181152344,3932.2,313.369,False,4316.25,7.97016,4009.81,321.577,False,-129.478,2.3863,22.413411016340138,0.08652562432866863,22.312233521606224,0.002004863313717438,22.392190497662973,0.08707339796881117,nan,nan
2014 GW98,860911,MBO,MBO,21164723856291927,745477700082204762,15.1437,2.9817288,2.2248507,226.77126453348777,-39.70377159652202,2025070300151,172,60860.01056543173,g,226.77122171215433,-39.70377191314247,10.402425765991211,3869.11,364.383,False,4099.75,4.59709,3908.53,376.341,False,-108.118,2.29204,22.430972277295936,0.10225188731852812,22.368106563646258,0.0012174466240746798,22.419966367507,0.10454238541935879,nan,nan
2014 GW98,860911,MBO,MBO,21164723856291927,745477700179722431,15.143793,2.9817293,2.2248552,226.7712358172976,-39.70374717578538,2025070300152,102,60860.01103035333,g,226.77112974965618,-39.70374690014086,12.003497123718262,4189.32,347.418,False,4501.12,5.76398,4064.92,361.648,False,-178.177,2.3778,22.344641207839295,0.09003950899351215,22.26669849323942,0.001390356513670372,22.377370013754337,0.09659583599626928,nan,nan
2014 GW98,860911,MBO,MBO,21164723856291927,745477707813355778,15.152383,2.9817626,2.2252839,226.76860277127463,-39.70148463006013,2025070300209,70,60860.05369743027,r,226.7685234470436,-39.70144563164455,15.071035385131836,4751.48,309.399,False,4710.76,5.72251,4694.95,313.799,False,-77.0311,7.55912,22.20792774054849,0.07069916806613909,22.217272607226374,0.0013189244298770914,22.220922526074908,0.0725679577709653,nan,nan
2014 GW98,860911,MBO,MBO,21164723856291927,745477707944427604,15.152476,2.9817631,2.2252884,226.7685743252719,-39.70145989395567,2025070300210,64,60860.05415998683,r,226.76852856188074,-39.70143942556139,14.72763729095459,4842.02,324.911,False,4946.39,0.895245,4760.28,329.822,False,-76.2685,7.78278,22.187433548205362,0.07285547070528252,22.164279081268145,0.00019650692701606557,22.205918802243637,0.07522660282168812,nan,nan
2014 GW98,860911,MBO,MBO,21164723856291927,745477708457181290,15.152876,2.9817646,2.2253084,226.76845188676936,-39.70135334216465,2025070300214,18,60860.05614879973,r,226.76841881120964,-39.70135110867547,12.480762481689453,4496.76,348.015,False,4470.59,7.12918,4703.91,355.667,False,-216.772,7.34935,22.267750783776552,0.08402772682937,22.274087932110888,0.0017314066057053151,22.218852454477688,0.08209351739899007,nan,nan
2014 GW98,860911,MBO,MBO,21164723856291927,745477708590874733,15.152967,2.981765,2.2253132,226.768423945847,-39.70132900794436,2025070300215,17,60860.05660208196,r,226.76840595514156,-39.701296036822875,13.099325180053711,4201.77,321.18,False,4136.75,18.6555,3901.31,327.023,False,-249.396,8.47258,22.34141930508806,0.08299282080434983,22.358351811068673,0.0048963442835981905,22.42197383135636,0.09101063916710038,nan,nan
2014 GW98,860911,MBO,MBO,21164723856291927,745477709119881539,15.153393,2.9817667,2.2253344,226.76829387444545,-39.70121563394476,2025070300219,2,60860.058716217216,r,226.7683106789172,-39.70121966731554,11.271039962768555,4833.29,414.772,False,5083.37,14.9875,4822.1,431.048,False,-378.031,4.05409,22.189392856667133,0.09317317539942808,22.134620671050953,0.0032011187855239937,22.191909446837222,0.09705406661348277,nan,nan
2014 GW98,860911,MBO,MBO,21164723856291927,745477709283983387,15.153485,2.981767,2.225339,226.76826551701652,-39.701190896377945,2025070300220,59,60860.059177767034,r,226.76820253426635,-39.70117578333062,12.143454551696777,4206.76,340.0,False,4481.82,1.44837,3587.05,349.535,False,-431.443,4.99809,22.340130721052358,0.08775169731208056,22.27136401682525,0.0003508725889691884,22.51315640931493,0.1057980243209039,nan,nan
2014 GW98,860911,MBO,MBO,21164723856291927,745477709534068944,15.153677,2.9817677,2.2253487,226.76820696521315,-39.70113979545244,2025070300222,24,60860.06012984189,r,226.76812517700228,-39.70114892109173,11.533698081970215,4256.28,360.7,False,3996.99,7.63071,3952.81,370.645,False,-442.296,5.71714,22.3274245789232,0.09201111817781883,22.39566734838365,0.002072794345478955,22.407735134953676,0.10180673437860263,nan,nan
2014 GW98,860911,MBO,MBO,21164723856291927,745477715045908937,15.160353,2.9817939,2.2256842,226.7661735441073,-39.69934386437009,2025070300263,41,60860.09333946743,r,226.76612001257746,-39.69934282289626,16.243980407714844,4926.31,299.211,False,4471.59,5.89742,4977.96,304.706,False,-116.304,6.09727,22.168695643595797,0.06594473553379739,22.2738450973106,0.0014319386517693865,22.15737150214994,0.06645901769222849,nan,nan
2014 GW98,860911,MBO,MBO,21164723856291927,745477715471630625,15.160658,2.981795,2.2256994,226.76608093417823,-39.69926100244509,2025070300266,85,60860.09486090587,r,226.76606288007477,-39.69921984953236,15.443061828613281,5272.4,336.593,False,4827.23,0.189926,5385.48,345.132,False,-167.254,5.25886,22.09497914171297,0.0693140124209595,22.190755024721838,4.2717983931903955e-05,22.071938960450954,0.06958011109894947,nan,nan
2014 GW98,860911,MBO,MBO,21164723856291927,745477715629441210,15.160761,2.9817955,2.2257047,226.7660498326776,-39.69923315216048,2025070300267,130,60860.095371542004,r,226.7659654134718,-39.69921334621404,14.721818923950195,5313.84,356.438,False,5224.58,1.11231,5108.48,367.263,False,-309.534,4.27211,22.0864788478214,0.07282824473591983,22.104871524803926,0.00023115260484574883,22.129270760571366,0.07805663090053658,nan,nan
2014 GW98,860911,MBO,MBO,21164723856291927,745477715715949041,15.160859,2.9817958,2.2257097,226.76602001505756,-39.699206440874505,2025070300268,39,60860.09586159121,r,226.7659701542118,-39.699168055054955,15.843975067138672,5470.8,339.567,False,5170.7,7.2807,5290.65,345.33,False,-277.487,5.28741,22.054872943137795,0.0673905432284487,22.11612660630278,0.0015287909783730717,22.09122744010804,0.07086790393067793,nan,nan
2014 GW98,860911,MBO,MBO,21164723856291927,745477715851215110,15.160951,2.9817963,2.2257142,226.76599214981093,-39.69918146909769,2025070300269,41,60860.09631998818,r,226.76594719600607,-39.69916300396868,14.642656326293945,5199.96,345.473,False,4795.76,10.0825,5228.96,356.68,False,-316.896,4.5229,22.110000000918216,0.07213373524733706,22.197856450440764,0.002282628054046779,22.103961709066365,0.07406068978419338,nan,nan
2014 GW98,860911,MBO,MBO,21164723856291927,745477716099203296,15.161146,2.981797,2.225724,226.7659330895444,-39.69912851116352,2025070300271,2,60860.09729058215,r,226.76586575447973,-39.69909985582512,12.893792152404785,4862.23,377.444,False,4423.65,7.06439,4638.34,391.308,False,-328.57,5.56981,22.182911257866643,0.08428326467072869,22.285548128476684,0.0017338768562152858,22.23409358617356,0.09159684116141173,nan,nan
2014 GW98,860911,MBO,MBO,21164723856291927,745477716258062597,15.1612425,2.9817972,2.225729,226.76590378068312,-39.699102215228834,2025070300272,49,60860.09777297561,r,226.76582960040628,-39.69910057066566,13.977767944335938,4538.26,318.383,False,4615.7,1.99254,4276.04,323.636,False,-313.799,5.92217,22.257776622852717,0.07617015401510396,22.23940601942604,0.0004686987299684776,22.322395592227785,0.08217493388955527,nan,nan
2014 GW98,860911,MBO,MBO,21164723856291927,745477716383367407,15.161336,2.9817977,2.2257338,226.76587538928777,-39.69907673268224,2025070300273,32,60860.098239063474,r,226.7658165399135,-39.69908212501825,14.65670108795166,5444.08,371.081,False,5015.83,2.93929,5511.81,383.069,False,-387.46,5.19047,22.060188738230888,0.07400627175284552,22.1491429614355,0.0006362443643967223,22.046764392448985,0.07545831189104463,nan,nan
2014 GW98,860911,MBO,MBO,21164723856291927,745477716661240072,15.16153,2.9817984,2.2257435,226.7658167385727,-39.69902406050394,2025070300275,50,60860.099204957616,r,226.76576613452622,-39.698988008484186,14.068775177001953,5198.18,364.47,False,5241.48,0.283122,5018.12,375.299,False,-441.267,4.27197,22.110371678386358,0.07612631007236745,22.10136517156763,5.864675821549865e-05,22.14864736831111,0.08120087096106124,nan,nan
2014 GW98,860911,MBO,MBO,21164723856291927,745477716906082373,15.161716,2.9817991,2.2257528,226.7657602974291,-39.69897333362445,2025070300277,5,60860.10013341848,r,226.7657078568577,-39.698968662337016,14.328624725341797,5471.99,379.611,False,5469.32,1.41621,5066.11,387.765,False,-423.623,4.95847,22.054636715884705,0.07532129637549916,22.055166700142575,0.00028113743208590166,22.138313490913887,0.08310331333195609,nan,nan
2014 GW98,860911,MBO,MBO,21164723856291927,745477717059698860,15.162064,2.9818006,2.2257705,226.7656553097055,-39.69887887257864,2025070300278,42,60860.10186211521,z,226.76555708123527,-39.698830502641876,9.742610931396484,6001.09,611.055,False,6099.93,35.1935,5574.04,618.232,False,-333.102,14.1707,21.95442467814692,0.1105540070087889,21.93668784052491,0.006264146733538639,22.03457479004286,0.12042196589985968,nan,nan
2014 GW98,860911,MBO,MBO,21164723856291927,745477717215936705,15.162216,2.981801,2.225778,226.76560900305012,-39.69883716620992,2025070300279,84,60860.1026256387,z,226.765572649486,-39.69881475614045,11.81624984741211,7153.65,596.278,False,6668.83,41.9298,6861.45,599.043,False,-335.688,21.2372,21.76368079479831,0.09049934480622872,21.839875870673197,0.006826489706667869,21.808960211731453,0.0947908513698866,nan,nan
2014 GW98,860911,MBO,MBO,21164723856291927,745477717619114351,15.162499,2.9818022,2.2257924,226.76552340835957,-39.6987600055266,2025070300282,85,60860.104036669974,z,226.76547555472138,-39.69877400623602,11.917048454284668,6783.83,577.22,False,6352.68,13.7755,6629.31,575.951,False,-309.224,25.6267,21.821312597138114,0.09238271199077958,21.892607521424836,0.0023543699663525317,21.846329170442566,0.09432819330311605,nan,nan
2014 GW98,860911,MBO,MBO,21164723856291927,745477717729214586,15.162596,2.9818027,2.2257972,226.76549436273535,-39.69873380134533,2025070300283,39,60860.1045158526,z,226.76541465666335,-39.698689948848575,9.328289985656738,5816.34,617.713,False,5345.95,14.3641,5365.85,621.906,False,-360.396,22.1145,21.988375564883633,0.11530849297848318,22.07993772898878,0.0029172781908433933,22.07590366025881,0.1258376313592839,nan,nan
2014 GW98,860911,MBO,MBO,21164723856291927,745477717930016901,15.162697,2.981803,2.2258024,226.7654636863796,-39.69870611460671,2025070300284,166,60860.10502169024,z,226.7654022216867,-39.698693928553666,10.428543090820312,6879.98,643.159,False,7257.65,16.7147,6628.03,654.763,False,-375.279,15.5554,21.806032063707953,0.10149753487472275,21.748009963288297,0.0025005002920545478,21.84653887152043,0.10725659331801461,nan,nan
2014 GW98,860911,MBO,MBO,21164723856291927,745477718185345497,15.162893,2.981804,2.2258124,226.76540423222352,-39.69865242131968,2025070300286,141,60860.106002778644,z,226.7653407033662,-39.698585485849975,11.076677322387695,6931.29,628.481,False,6594.43,24.4957,6224.84,627.726,False,-378.438,16.6613,21.797964819420677,0.09844698338582861,21.85205681462518,0.004033080728709899,21.914679544665056,0.10948793483678236,nan,nan
2014 GW98,860911,MBO,MBO,21164723856291927,745477718446440841,15.1630945,2.9818046,2.2258224,226.7653435922165,-39.69859761156659,2025070300288,127,60860.107003892816,z,226.76531629158777,-39.698593535793066,10.928633689880371,6318.58,575.002,False,6272.58,15.7938,6018.02,574.682,False,-322.061,17.2156,21.89845126533785,0.09880392380304936,21.906384464026676,0.0027337874752472917,21.951365929676328,0.10368078853506979,nan,nan
2014 GW98,860911,MBO,MBO,21164723856291927,745477718558638445,15.163188,2.9818048,2.2258272,226.7653151896685,-39.69857192391057,2025070300289,85,60860.10747203736,z,226.765241008192,-39.698553853618684,11.767900466918945,6647.96,562.488,False,6203.96,2.07451,6399.33,564.721,False,-336.14,18.701,21.843279012167965,0.09186480724212732,21.918327534238287,0.00036305371636468145,21.884663720744175,0.09581284865982775,nan,nan
2014 GW98,860911,MBO,MBO,21164723856291927,745477718799810697,15.163374,2.9818056,2.2258365,226.7652591286981,-39.6985211917297,2025070300291,33,60860.10839861131,z,226.76518486257976,-39.69851740883796,11.981882095336914,7510.23,613.835,False,7360.04,22.4362,6854.22,612.349,False,-362.625,20.8152,21.710866909247486,0.08874067889231503,21.732799557669633,0.003309736581124873,21.810104866283066,0.09699855816527811,nan,nan
2014 GW98,860911,MBO,MBO,21164723856291927,745477718959194747,15.163467,2.981806,2.2258413,226.76523092539836,-39.69849565420991,2025070300292,81,60860.1088643528,z,226.76518695289136,-39.698455438511914,15.582627296447754,8266.17,522.204,False,7810.34,10.7191,7633.9,520.416,False,-299.327,33.0004,21.60673917868641,0.06858989981600011,21.668325171691425,0.001490090723783195,21.693133847325946,0.07401649444297255,nan,nan
2014 GW98,860911,MBO,MBO,21164723856291927,745477719251747312,15.163658,2.9818068,2.225851,226.76517332677355,-39.69844346840012,2025070300294,127,60860.1098161034,z,226.7651098911997,-39.698379379550346,12.093485832214355,6768.86,552.989,False,7353.61,22.6087,6286.65,549.205,False,-354.826,25.024,21.823711192683305,0.08870034320462278,21.733748537037698,0.0033380998407872182,21.9039518110753,0.0948504816002152,nan,nan
2014 GW98,860911,MBO,MBO,21164723856291927,745477719388061804,15.163752,2.9818072,2.2258556,226.76514532301695,-39.69841808099795,2025070300295,131,60860.11027996723,z,226.76508010996233,-39.6983735058918,13.537610054016113,7701.92,566.301,False,7845.38,31.3672,7086.44,562.162,False,-375.437,17.4606,21.68350250280198,0.07983120212817933,21.663465056255426,0.004340963231231059,21.773929723080016,0.08613064212809202,nan,nan
2014 GW98,860911,MBO,MBO,21164723856291927,745477720433491989,15.164509,2.98181,2.225894,226.7649169208308,-39.69821064101248,2025070300303,77,60860.1140599175,z,226.76486935771888,-39.69819475845506,13.38955307006836,7471.66,541.356,False,7107.73,12.772,7145.05,544.218,False,-307.419,21.6895,21.716457224848362,0.07866656354635285,21.770672698023578,0.0019509777643354161,21.76498684901403,0.0826974228477207,nan,nan
2014 GW98,860911,MBO,MBO,21164723856291927,745477720533631590,15.164607,2.9818106,2.225899,226.76488746361105,-39.69818383797221,2025070300304,12,60860.114547815385,z,226.76484521949325,-39.69814210840802,13.983222007751465,7673.74,550.051,False,7141.44,1.33687,7333.08,547.809,False,-306.335,35.7593,21.68748226573941,0.07782519273400651,21.76553552953832,0.00020324866177888893,21.736783931075024,0.08110863116888857,nan,nan
2014 GW98,860911,MBO,MBO,21164723856291927,745477720819368428,15.164789,2.9818113,2.2259083,226.7648323705664,-39.69813367843254,2025070300306,45,60860.11546031776,z,226.7648212667748,-39.69810370280938,11.93997859954834,7562.53,613.92,False,7145.32,7.75338,7324.42,612.654,False,-387.343,17.6569,21.703332254649172,0.08813917712805107,21.76494581858742,0.0011781313347531243,21.738066911975395,0.09081683285126924,nan,nan
2014 GW98,860911,MBO,MBO,21164723856291927,745504070878888219,16.232836,2.9864075,2.2872667,226.58330763197097,-39.39376179520804,2025070900021,107,60865.96076368546,i,226.58323464297496,-39.39375814721601,8.536979675292969,8076.8,929.847,False,7995.72,6.86218,6921.3,928.578,False,-427.003,5.87464,21.631901704025175,0.12499610746391529,21.642856027653988,0.0009318131853480728,21.79953084586884,0.14566494519424772,nan,nan
2014 GW98,860911,MBO,MBO,21164723856291927,745504070987415708,16.232916,2.9864078,2.2872717,226.5833002336929,-39.39373947410614,2025070900022,58,60865.96121875044,i,226.58333200075427,-39.39371328590983,5.995087623596191,5292.92,882.936,False,nan,nan,3959.6,878.633,False,-396.298,5.90873,22.09076169131641,0.1811165798342675,nan,nan,22.405871684271524,0.240924242473025,nan,nan
2014 GW98,860911,MBO,MBO,21164723856291927,745504071143129393,16.232998,2.9864082,2.2872767,226.58329278421888,-39.39371700149877,2025070900023,99,60865.96167607195,i,226.5832272221867,-39.39371770260165,8.115708351135254,7360.84,890.488,False,7389.37,162.202,6234.38,895.506,False,-409.673,6.10861,21.732681578729007,0.1313484678445352,21.728481450118657,0.023832691634747643,21.913016845385876,0.15595508838226485,nan,nan
2014 GW98,860911,MBO,MBO,21164723856291927,745504071250084155,16.233078,2.9864087,2.2872815,226.58328534861417,-39.39369457359872,2025070900024,47,60865.96213329272,i,226.58322974394528,-39.393690637181706,10.132864952087402,7803.55,767.005,False,7504.29,26.1899,6698.34,761.543,False,-349.948,6.07094,21.669269483694727,0.10671618992317101,21.711725972310038,0.003789208822945201,21.835082055202836,0.12343877112930228,nan,nan
2014 GW98,860911,MBO,MBO,21164723856291927,745504071525859447,16.233238,2.9864094,2.2872915,226.5832703889196,-39.39364945923064,2025070900026,61,60865.96305255608,i,226.58324171873906,-39.393644271738765,9.861289978027344,8108.85,811.765,False,8470.58,27.4348,6896.59,814.775,False,-367.608,5.74907,21.627601819974643,0.1086914489163596,21.580217118771085,0.0035165188783804237,21.803414004366793,0.12827074870063915,nan,nan
2014 GW98,860911,MBO,MBO,21164723856291927,745504072044380430,16.23356,2.9864109,2.2873113,226.58324057214315,-39.39355957068675,2025070900030,26,60865.96488278034,i,226.58315967298577,-39.39355649920815,9.020605087280273,6898.77,778.082,False,6772.04,62.1704,5825.59,781.111,False,-317.669,5.99328,21.803070831615724,0.12245541784116372,21.82320120707355,0.009967550746404465,21.986650238880646,0.14557848051412173,nan,nan
2014 GW98,860911,MBO,MBO,21164723856291927,745504072466432111,16.2338,2.9864118,2.287326,226.58321822705935,-39.393492231119446,2025070900033,63,60865.966252614235,i,226.58320965254205,-39.393451843285966,10.345865249633789,6867.17,639.761,False,6254.78,24.3544,5934.17,630.244,False,-180.572,8.15346,21.808055515627032,0.10114962541345712,21.90946994025615,0.004227559630013233,21.96660005511025,0.11531162029159914,nan,nan
2014 GW98,860911,MBO,MBO,21164723856291927,745504072623194281,16.233881,2.9864123,2.287331,226.58321075264888,-39.39346971023668,2025070900034,106,60865.96671038775,i,226.5831683994081,-39.393456330926576,10.574869155883789,7045.21,661.839,False,7067.48,6.13642,6374.21,655.602,False,-189.602,7.00503,21.780265148857172,0.10199590308052545,21.77683853257692,0.0009427027927440136,21.88893408835952,0.11167043767634395,nan,nan
2014 GW98,860911,MBO,MBO,21164723856291927,745504072796733536,16.233961,2.9864125,2.287336,226.5832033087912,-39.39344728332937,2025070900035,181,60865.96716664883,i,226.58318518709024,-39.3934057549269,9.259963035583496,6130.83,659.027,False,5822.93,49.7634,5784.02,655.193,False,-160.751,6.89011,21.931201801492108,0.11671004420421223,21.9871460439875,0.009278820892703243,21.994425531349464,0.12298829384752355,nan,nan
2014 GW98,860911,MBO,MBO,21164723856291927,745504072919416888,16.234041,2.986413,2.287341,226.58319583020003,-39.39342475361767,2025070900036,159,60865.967624468314,i,226.58308954450337,-39.39340570167808,9.596729278564453,6518.99,669.862,False,6717.77,13.2137,5818.83,661.07,False,-156.453,6.96273,21.86454917386073,0.11156534968045918,21.831937170392692,0.00213561833269741,21.987910812296654,0.12334913224737191,nan,nan
2014 GW98,860911,MBO,MBO,21164723856291927,745504073065693489,16.234121,2.9864132,2.2873461,226.58318838223207,-39.39340231790936,2025070900037,182,60865.96808088166,i,226.58303945164073,-39.39339732137809,5.0283684730529785,5882.17,1088.88,False,7216.82,96.282,4773.32,1101.1,False,-289.423,4.91767,21.976156084787114,0.2009864488174508,21.754135343006205,0.014485168439084836,22.20294866463958,0.25045548016418806,nan,nan
2014 GW98,860911,MBO,MBO,21164723856291927,745504073129132266,16.234207,2.9864137,2.2873511,226.5831805074104,-39.39337859817994,2025070900038,47,60865.96856239363,i,226.5831480468776,-39.39330947978133,7.440565586090088,6668.3,900.832,False,6975.61,35.7271,6026.59,908.401,False,-193.1,4.82572,21.83996220665026,0.1466739518487634,21.791044542293857,0.005560833694188706,21.94982091159796,0.16365538069952196,nan,nan
2014 GW98,860911,MBO,MBO,21164723856291927,745504073584214251,16.23445,2.9864147,2.2873662,226.5831579490893,-39.393310659672494,2025070900041,147,60865.969942590134,i,226.58307101983507,-39.39329796507982,7.467657089233398,5993.84,796.61,False,6367.29,25.3137,5220.51,798.83,False,-143.148,5.50995,21.9557371641136,0.1442995349750472,21.89011341739495,0.004316436049913749,22.105717718744955,0.16613677781295427,nan,nan
2014 GW98,860911,MBO,MBO,21164723856291927,745504073672818885,16.23453,2.9864151,2.2873712,226.58315044209925,-39.3932880537773,2025070900042,60,60865.970401223625,i,226.58310912926498,-39.39327397800839,11.350961685180664,7478.73,647.757,False,7369.73,8.8416,6907.65,646.427,False,-109.913,7.32162,21.715430366737298,0.09403912820730978,21.731371059911627,0.0013025776666671354,21.801674204300674,0.10160462815517415,nan,nan
2014 GW98,860911,MBO,MBO,21164723856291927,745504073847406621,16.23461,2.9864154,2.2873762,226.58314299865395,-39.39326564046159,2025070900043,137,60865.97085643295,i,226.58307180662752,-39.39320147552791,10.55470085144043,7619.86,712.38,False,8376.91,31.2471,6783.4,716.273,False,-42.1804,7.57454,21.69513253922426,0.1015053789340921,21.592290356032326,0.004049954939487014,21.821381447953048,0.11464509698964637,nan,nan
2014 GW98,860911,MBO,MBO,21164723856291927,745504073984245895,16.23469,2.9864159,2.287381,226.5831355697298,-39.39324327200139,2025070900044,142,60865.971310373,i,226.5831021325324,-39.39322638287241,11.399995803833008,7939.31,694.009,False,8517.89,36.3614,6752.02,681.901,False,-69.3081,6.54532,21.650543092409823,0.09490883489228612,21.57416997657053,0.004634820445107332,21.82641569677685,0.10965083081499236,nan,nan
2014 GW98,860911,MBO,MBO,21164723856291927,745504074076520476,16.234772,2.986416,2.2873862,226.58312787709525,-39.39322011061345,2025070900045,62,60865.97178081765,i,226.58307704432679,-39.39317634316698,8.393778800964355,6505.46,753.594,False,7112.19,71.6303,6045.08,757.445,False,-22.9272,5.9072,21.866804979333605,0.12577193435048842,21.7699916335384,0.010934974086164305,21.946494854353986,0.13604211307987665,nan,nan
2014 GW98,860911,MBO,MBO,21164723856291927,745504074268410118,16.234858,2.9864166,2.2873914,226.5831200188184,-39.39319645156071,2025070900046,172,60865.97226007635,i,226.58308849678994,-39.393167147172385,6.833289623260498,6684.88,947.896,False,6924.93,4.8913,5885.25,959.269,False,8.0101,4.94044,21.83726597986826,0.1539541501636165,21.798961503104913,0.0007668902909073687,21.975587709997676,0.176970063087681,29.14090510568334,0.6696563743764783
2014 GW98,860911,MBO,MBO,21164723856291927,745504074370646334,16.23494,2.9864168,2.2873964,226.58311235511445,-39.393173379249774,2025070900047,111,60865.972728272274,i,226.58310553842463,-39.39316117690419,7.767011642456055,5938.71,751.984,False,6628.42,40.8617,5692.14,754.312,False,-3.70825,5.82085,21.965769711491838,0.13748040721162827,21.846474965185045,0.006693152454573639,22.01181104103435,0.14387977827950854,nan,nan
2014 GW98,860911,MBO,MBO,21164723856291927,745504074661101769,16.2351,2.9864178,2.2874062,226.58309739908543,-39.39312835501146,2025070900049,153,60865.97364172688,i,226.58302917454725,-39.393118216849615,6.299004554748535,5571.61,875.652,False,5629.0,14.8521,5210.84,880.711,False,119.985,4.96535,22.035048253662218,0.17063776504665518,22.023921878349494,0.002864711865504263,22.10773068689911,0.1835058926605113,26.202182604866522,0.04493111973067878
2014 GW98,860911,MBO,MBO,21164723856291927,745504074792173773,16.23518,2.986418,2.2874112,226.58308984477455,-39.39310561419543,2025070900050,147,60865.974102140724,i,226.58302112321542,-39.3930836610655,9.492018699645996,6327.51,660.091,False,7005.98,4.71288,5900.97,658.634,False,123.084,6.49888,21.89691793974123,0.11326489051656488,21.786327770023824,0.0007303681433670393,21.972691443643836,0.12118392793571435,26.174495999320676,0.05732726616887619
2014 GW98,860911,MBO,MBO,21164723856291927,745504078936145938,16.238272,2.9864318,2.2876022,226.5828008240315,-39.392235162803416,2025070900081,115,60865.99167894689,z,226.58274132388252,-39.39226894220848,5.314282417297363,4801.92,890.969,False,4988.84,839.868,5246.88,895.817,False,188.484,13.0013,22.19646271657929,0.20145219203857265,22.155001094878475,0.1827829921789439,22.100247195054386,0.18537130437249,25.711813812805122,0.07489220543590265
2014 GW98,860911,MBO,MBO,21164723856291927,745504079557951745,16.23868,2.9864337,2.2876275,226.5827625393681,-39.39211965837516,2025070900086,21,60865.994000396386,z,226.58267466076558,-39.392044565604046,7.817469120025635,6792.2,862.78,False,7235.81,6.35756,7388.01,875.052,False,690.159,13.3127,21.81997380512941,0.13791576920780058,21.751282104940767,0.0009539544544880681,21.72868134792984,0.12859696585501415,24.302627115969557,0.020943117078179696
2014 GW98,860911,MBO,MBO,21164723856291927,745504079690072287,16.238762,2.986434,2.2876325,226.58275488746796,-39.39209656305577,2025070900087,17,60865.99446427022,z,226.5827319015393,-39.39208821900828,9.175421714782715,7121.65,771.048,False,6936.18,22.9453,7447.1,772.368,False,493.704,15.5008,21.76854844972989,0.11755066762029776,21.79719908513467,0.003591680346133887,21.720032021740572,0.11260596330441516,24.666333363245272,0.03408880536845343
2014 GW98,860911,MBO,MBO,21164723856291927,745504080429318496,16.239195,2.986436,2.2876594,226.58271414734415,-39.39197353963453,2025070900092,147,60865.9969348686,z,226.582708950873,-39.39194715136963,8.178863525390625,6277.56,745.758,False,7795.13,42.9059,7218.21,750.532,False,1043.55,15.1714,21.905522809046126,0.1289826697409715,21.67044161045057,0.005976101578071719,21.753926223691284,0.11289221989304467,23.853716793164637,0.01578471329820116
2014 GW98,860911,MBO,MBO,21164723856291927,745504080513728618,16.239279,2.9864364,2.2876644,226.5827063610939,-39.39195001524706,2025070900093,52,60865.99740604441,z,226.5826352383649,-39.39192648892262,8.378273010253906,5938.0,701.04,False,6150.43,17.4925,6406.29,700.782,False,525.036,15.5258,21.965899516849934,0.12818196111942246,21.92773626892143,0.003087953256970275,21.883483507330304,0.1187683300815631,24.599527271340904,0.03210622234075432
2014 GW98,860911,MBO,MBO,21164723856291927,745504080696705279,16.239359,2.9864368,2.2876694,226.5826988385224,-39.39192728358281,2025070900094,145,60865.99786223304,z,226.58272942649577,-39.391894301203436,7.798375129699707,5126.95,654.256,False,6486.2,17.254,5804.8,651.905,False,590.061,16.1749,22.125352253505504,0.13855203955056972,21.870024127602818,0.002888176682499211,21.99053188392151,0.12193304096378398,24.472757770233258,0.029762474334354954
2014 GW98,860911,MBO,MBO,21164723856291927,745504080808378627,16.239439,2.986437,2.2876744,226.5826912332272,-39.39190429793654,2025070900095,102,60865.99832314386,z,226.5826613837155,-39.39186310293673,8.010732650756836,5749.31,695.2,False,5588.84,28.8858,6281.25,697.012,False,539.16,15.6505,22.000960673373203,0.13128598303256028,22.031695838848144,0.005611604393293634,21.904884802248542,0.12048098539748621,24.570705892478713,0.031516276507916705
2014 GW98,860911,MBO,MBO,21164723856291927,745504080960422091,16.23952,2.9864376,2.2876794,226.5826837267143,-39.39188160680174,2025070900096,136,60865.9987783953,z,226.58263222810066,-39.39180744692875,7.672306537628174,6594.0,849.925,False,7230.79,15.266,7416.12,856.181,False,1180.02,12.2853,21.85212764298216,0.13994454512821314,21.75203562230292,0.002292259710023585,21.724558111597528,0.125346775363116,23.72027656161138,0.011303702523863016
2014 GW98,860911,MBO,MBO,21164723856291927,745504081056366716,16.239609,2.9864378,2.287685,226.5826752961091,-39.39185611737567,2025070900097,63,60865.99928914566,z,226.58268981730043,-39.3918237780126,6.604605197906494,5187.17,767.334,False,5575.84,52.5495,5953.14,765.601,False,1029.95,14.957,22.1126738127691,0.16061210650992103,22.034224272701287,0.010232520258942864,21.96313473512602,0.13963063514763768,23.867959696630233,0.01576713135999322
2014 GW98,860911,MBO,MBO,21164723856291927,745504081340006417,16.239767,2.9864385,2.2876947,226.58266044728472,-39.39181120990716,2025070900099,92,60866.00018957651,z,226.58265301090415,-39.391801925475825,9.38981819152832,6259.62,665.196,False,6488.69,18.6377,6687.52,670.014,False,503.352,15.4484,21.908630055957673,0.11537878488543465,21.869607444690004,0.003118599424308681,21.836837262199147,0.10877850540311437,24.645320525717104,0.0333223808227963
2014 GW98,860911,MBO,MBO,21164723856291927,745504081632035007,16.239933,2.9864392,2.287705,226.5826450536422,-39.39176463669597,2025070900101,137,60866.001122084046,z,226.58260284229698,-39.39173508851549,8.766977310180664,5429.27,615.503,False,5445.39,39.4429,5442.63,609.88,False,267.231,20.6582,22.063146396470362,0.12308724354479464,22.05992749906601,0.007864374310182425,22.060477995420566,0.12166338996344833,25.332782958481786,0.08393246278075005
2014 GW98,860911,MBO,MBO,21164723856291927,745504081765204182,16.240013,2.9864397,2.2877097,226.5826375299947,-39.39174186712078,2025070900102,135,60866.001578424475,z,226.5825987439464,-39.391709377752655,9.61949634552002,6116.08,624.696,False,6355.84,17.0654,6304.86,622.113,False,275.171,22.3761,21.933817092460878,0.11089701868009934,21.89206763700492,0.0029151964465645693,21.900811404876347,0.10713173587050692,25.30099338422412,0.08828889440207005
2014 GW98,860911,MBO,MBO,21164723856291927,745504082057232728,16.24021,2.9864404,2.287722,226.5826190179196,-39.39168582218117,2025070900104,180,60866.0027008749,z,226.58260513555342,-39.39162575904628,9.028274536132812,5762.16,637.801,False,5936.4,20.9174,6108.45,633.286,False,275.367,15.6575,21.998536687245494,0.12017778852386624,21.966192126831295,0.0038256821059886683,21.935172406881637,0.11256235670993513,25.300220249775407,0.061735482627274685
2014 GW98,860911,MBO,MBO,21164723856291927,745504082167857205,16.24029,2.986441,2.2877269,226.58261149438016,-39.39166303647259,2025070900105,135,60866.00315603626,z,226.58253214197117,-39.39164976352483,7.716012954711914,5269.13,682.381,False,5241.59,47.6052,5733.09,681.846,False,290.44,16.334,22.09565274009605,0.14060874441722795,22.10134241438981,0.009860880493185103,22.004028130763412,0.12912843117032657,25.242358920660525,0.06106051033548169
2014 GW98,860911,MBO,MBO,21164723856291927,745504082280579279,16.24037,2.9864414,2.287732,226.5826039379446,-39.39164014615183,2025070900106,94,60866.003614421774,z,226.58255937873363,-39.3916487455682,7.913985252380371,5693.55,717.874,False,5726.61,1.92118,6118.62,722.048,False,421.997,13.8085,22.011542189947406,0.13689558262224766,22.00525600764165,0.00036424599236585124,21.933366274317848,0.128125886479408,24.836726567257834,0.03552723921870912
2014 GW98,860911,MBO,MBO,21164723856291927,745504082550063424,16.240564,2.986442,2.2877438,226.5825858063417,-39.39158520012514,2025070900108,96,60866.004713727394,z,226.58255899310453,-39.39156869377384,8.387238502502441,5604.82,657.715,False,5515.14,13.1242,5790.73,653.512,False,204.636,16.8697,22.02859585981582,0.127409094220078,22.04610861974105,0.0025836911848320337,21.993166713951517,0.12253060788780647,25.622544896316505,0.08950547970434644
2014 GW98,860911,MBO,MBO,21164723856291927,745504082804343113,16.240788,2.986443,2.2877579,226.58256482194292,-39.391521570849086,2025070900110,69,60866.005985853626,z,226.58251168068364,-39.3914553638486,8.17564868927002,4953.13,597.416,False,5563.72,14.7847,5036.91,592.728,False,89.6928,25.3409,22.16280070909232,0.13095481297940453,22.03658679420385,0.0028851710499550043,22.14458948904236,0.12776608255826002,26.518106015876363,0.30675296459962187
2014 GW98,860911,MBO,MBO,21164723856291927,745504082955337771,16.24089,2.9864435,2.287764,226.58255518826084,-39.391492345225686,2025070900111,101,60866.006569111545,z,226.58255457188113,-39.39148389716883,8.725833892822266,6487.26,721.15,False,6297.35,4.63256,6675.88,722.864,False,267.528,18.9931,21.869846778791356,0.12069482629899317,21.902105404169916,0.0007987070421436122,21.838728715145628,0.11756347395958282,25.33157683146932,0.07708162991900085
2014 GW98,860911,MBO,MBO,21164723856291927,745504083060719679,16.240974,2.986444,2.2877693,226.58254728702616,-39.39146836846259,2025070900112,46,60866.007048502346,z,226.58246032777936,-39.39143473143483,9.134625434875488,6272.38,666.29,False,6907.98,6.15773,6320.74,660.852,False,156.771,16.4615,21.90641911687523,0.11533344050064301,21.80162232425267,0.0009678184549402796,21.898080144136173,0.1135169148941825,25.911835705557028,0.11400607996504082
2014 GW98,860911,MBO,MBO,21164723856291927,745504083198607642,16.241055,2.9864442,2.2877743,226.58253976552285,-39.39144553818103,2025070900113,53,60866.00750468912,z,226.5824846438522,-39.391427460920795,8.183981895446777,5452.19,667.932,False,6543.11,71.6367,5295.77,667.372,False,159.524,16.6422,22.058572556952306,0.13301039947839488,21.860539468848987,0.011887094087539327,22.09017720838144,0.13682428614578068,25.892934908718033,0.11326846958473805
2014 GW98,860911,MBO,MBO,21164723856291927,745530476013814167,17.182528,2.9911737,2.3554773,226.65920923033656,-39.101495245790815,2025071500147,1,60872.00633001484,r,226.6591775842969,-39.10149736770092,6.2006096839904785,3007.17,471.412,False,3610.32,10.9674,3348.72,480.274,False,932.172,10.9996,22.70460507786337,0.17020290680965192,22.50613573639893,0.0032982402084107084,22.587802919641796,0.15571647084620593,23.97625986909673,0.012811653258244715
2014 GW98,860911,MBO,MBO,21164723856291927,745530476335202705,17.182674,2.9911745,2.3554888,226.65923583200924,-39.10145010172063,2025071500149,102,60872.007315739786,r,226.65916018401515,-39.10140509443513,7.736833095550537,3250.04,412.559,False,3224.54,26.3235,3708.16,413.174,False,497.031,12.6479,22.620278221678355,0.13782298900237483,22.628830565163668,0.008863396419897654,22.477103863604988,0.12097590003956392,24.659041295502604,0.02762862352255412
2014 GW98,860911,MBO,MBO,21164723856291927,745530477275251022,17.183186,2.9911773,2.3555286,226.6593283788358,-39.10129296541331,2025071500156,103,60872.01074066723,r,226.6592654168224,-39.10126795824878,8.004522323608398,2934.91,361.355,False,3043.33,6.54315,3133.65,361.693,False,257.458,17.5707,22.73101306250961,0.1336791349471605,22.69162735428852,0.0023343293725839147,22.659873813520942,0.12531814016359735,25.373233989008302,0.07409808286943344
2014 GW98,860911,MBO,MBO,21164723856291927,745530477375390182,17.18325,2.9911776,2.3555338,226.6593402198614,-39.10127285202898,2025071500157,38,60872.011178079,r,226.65927178827093,-39.101285063684855,11.31382942199707,3186.24,278.393,False,3487.5,4.02876,3273.85,282.197,False,243.294,13.1655,22.641803789707282,0.09486459463481499,22.543714459295863,0.0012542424501504473,22.612353024627787,0.09358751342518704,25.434671474921227,0.05875302839846121
2014 GW98,860911,MBO,MBO,21164723856291927,745534870349414657,17.319267,2.991938,2.366803,226.6959070538341,-39.05745878448778,2025071600119,91,60872.974479547614,r,226.69595424226986,-39.057419124029416,17.693632125854492,4460.3,298.0,False,7164.21,25.187,98040.8,298.081,False,93584.1,7.09562,22.276589871635878,0.0725398298737435,21.762079237005732,0.0038170905426494284,18.92148291865677,0.003301047493231401,18.97199481165192,8.232137263948677e-05
2014 GW98,860911,MBO,MBO,21164723856291927,745534870454796904,17.319334,2.9919386,2.3668082,226.69592265993916,-39.05743844977884,2025071600120,36,60872.974938034095,r,226.69590632177182,-39.057411171073724,21.526691436767578,6134.18,278.601,False,6437.7,22.3977,74940.7,273.836,False,68829.5,7.23119,21.93060867970419,0.049311757729255126,21.87817313085061,0.0037774348535039963,19.21320559122688,0.0039673187650748135,19.30556346322992,0.00011406686099199721
2014 GW98,860911,MBO,MBO,21164723856291927,745534871126409294,17.319666,2.9919403,2.366835,226.69600071763568,-39.05733666548114,2025071600125,37,60872.9772348688,r,226.69598777865983,-39.0573844116184,21.775619506835938,5193.83,248.457,False,5670.59,14.8248,74077.3,247.406,False,68855.1,11.1808,22.111280657242247,0.0519383108348034,22.015929410720815,0.0028384739559427106,19.225787184257875,0.003626180613601464,19.305159691953982,0.00017630356441511
2014 GW98,860911,MBO,MBO,21164723856291927,745534871246471239,17.319738,2.9919407,2.366841,226.69601795292047,-39.05731417465201,2025071600126,10,60872.977741409384,r,226.69593391430823,-39.05729514087766,16.955036163330078,4302.31,237.63,False,6073.44,23.7971,48240.0,236.705,False,44020.1,13.1465,22.315745735287475,0.05996859736381981,21.941413146936355,0.004254157999488205,19.69148175216976,0.005327512237465079,19.790872399459943,0.0003242525598896788
2014 GW98,860911,MBO,MBO,21164723856291927,745534871966843235,17.320078,2.9919426,2.3668685,226.6960973938584,-39.05721043383561,2025071600131,104,60872.98007815458,r,226.69602493006755,-39.0572009825883,17.360681533813477,4051.81,225.852,False,4026.67,5.03378,56257.6,226.829,False,52092.2,10.703,22.380877304403583,0.06052003800891936,22.387634923363827,0.0013572896227368758,19.524546967770405,0.004377656441972974,19.60806826804208,0.00022307821225361378
2014 GW98,860911,MBO,MBO,21164723856291927,745534873035342315,17.320618,2.9919455,2.3669124,226.69622445005533,-39.05704426182179,2025071600139,94,60872.98381629876,r,226.69615004948244,-39.05706871000441,17.026968002319336,4523.99,252.393,False,5477.42,22.2134,71944.1,252.827,False,67379.6,9.78837,22.26119585306762,0.06057312451227422,22.053559907417696,0.004403148349437189,19.257512016266524,0.0038155097773468595,19.328678903679588,0.00015772708048016756
2014 GW98,860911,MBO,MBO,21164723856291927,745534873195774068,17.320684,2.9919457,2.3669176,226.69624015349376,-39.05702370316453,2025071600140,144,60872.984278112024,r,226.69619525861236,-39.056981633966004,17.52305030822754,3920.74,224.406,False,3656.23,8.54922,48159.2,224.136,False,44260.4,6.94156,22.416579894090482,0.062142790833758815,22.492416236320345,0.002538734657959408,19.693301857623577,0.005053085924607583,19.784961702048292,0.00017028095203069422
2014 GW98,860911,MBO,MBO,21164723856291927,745534873803423892,17.321037,2.991948,2.3669465,226.6963231591976,-39.05691496063462,2025071600145,23,60872.98672005556,r,226.69628902937475,-39.056886967238476,20.961843490600586,4730.44,225.535,False,4710.62,1.04831,29487.9,226.478,False,24827.0,7.50425,22.212746167584577,0.05176506243590841,22.217304793884047,0.00024162172654011726,20.2258903728955,0.008338856191112484,20.41268938941003,0.0003281764195593107
2014 GW98,860911,MBO,MBO,21164723856291927,745534873981157625,17.321108,2.9919481,2.366952,226.6963396113536,-39.05689339301922,2025071600146,106,60872.987204540565,r,226.69629649139188,-39.05684639739766,22.347076416015625,4075.46,186.079,False,3739.3,2.40478,21053.4,185.427,False,16957.0,34.4008,22.37455842300072,0.049572981573264806,22.4680242119994,0.0006982474205863175,20.59169437526915,0.009562579233039872,20.82662744958074,0.002202641547865914
2014 GW98,860911,MBO,MBO,21164723856291927,745534874199785901,17.321455,2.99195,2.3669803,226.69642129886344,-39.05678623865274,2025071600148,11,60872.989607222815,g,226.6963838857856,-39.056787545574934,24.06785774230957,3138.47,131.057,False,3204.18,2.61899,9359.53,130.823,False,6227.17,7.04341,22.658205055951463,0.04533844151363105,22.63570775993039,0.0008874446077500952,21.47186486660908,0.015175896785932088,21.914273208618525,0.0012280514498898502
2014 GW98,860911,MBO,MBO,21164723856291927,745534874479230999,17.321594,2.9919508,2.3669913,226.69645359581912,-39.05674384241386,2025071600150,32,60872.99055789673,g,226.6963927745316,-39.05672723851691,20.03726577758789,2649.3,131.053,False,2728.67,3.34773,7346.62,131.906,False,4673.69,5.53935,22.84217213127569,0.05370814081468889,22.81012249077972,0.001332059825269864,21.734781040743837,0.019494015465902202,22.22585025660471,0.0012868360881544535
2014 GW98,860911,MBO,MBO,21164723856291927,745534874923303013,17.32182,2.991952,2.3670096,226.6965067030652,-39.05667409219977,2025071600153,111,60872.99211911431,g,226.69644764287096,-39.05666916547808,22.754268646240234,2756.55,119.947,False,2648.36,3.0695,7145.27,119.899,False,4341.44,8.66218,22.799085294799657,0.047244126433808716,22.842557406433293,0.0012583890076094382,21.76495338646992,0.01821886186408246,22.305915506352342,0.0021662956317281662
2014 GW98,860911,MBO,MBO,21164723856291927,745534875001946550,17.321892,2.9919524,2.3670156,226.69652353406124,-39.05665197740502,2025071600154,5,60872.99261489046,g,226.69648310903887,-39.05665117665399,19.479907989501953,2586.04,132.371,False,2535.32,4.06962,6651.31,133.588,False,4030.61,5.89489,22.868411888305253,0.05557531491190331,22.88991801474402,0.0017427913629338232,21.842732016372487,0.02180642971989716,22.38657302594257,0.001587922210928165
2014 GW98,860911,MBO,MBO,21164723856291927,745534875321237715,17.322023,2.9919531,2.3670263,226.69655461366708,-39.05661112945253,2025071600156,102,60872.993528617706,g,226.6964988011952,-39.056616201205586,18.578712463378906,2279.8,122.107,False,2201.43,1.60423,5779.94,122.045,False,3442.21,5.26311,23.005258103440266,0.05815246528943064,23.043237832388385,0.0007911996729782624,21.995191685631795,0.022925614187164784,22.557906607467714,0.0016600815511220648
2014 GW98,860911,MBO,MBO,21164723856291927,745534875430814053,17.322092,2.9919536,2.3670318,226.69657073248985,-39.05658993869936,2025071600157,55,60872.99400238824,g,226.69650765030903,-39.056573649517034,21.997802734375,2599.53,117.389,False,2522.11,3.78931,4445.01,117.14,False,1825.76,8.04121,22.862762903276906,0.04902943448918641,22.895589893533128,0.0016312495725644964,22.280318201384368,0.028612566691358806,23.24639077412959,0.004781917102955161
2014 GW98,860911,MBO,MBO,21164723856291927,745534875694006641,17.322222,2.9919543,2.3670423,226.6966013738022,-39.056549645132,2025071600159,45,60872.99490321306,g,226.6965481625461,-39.056551865136285,20.793210983276367,2304.28,109.127,False,2242.1,0.727898,3831.67,107.254,False,1522.44,10.348,22.993661860226645,0.05141872173408054,23.023362506014795,0.00035248435812979835,22.4415297753946,0.03039133090631508,23.443649577000976,0.007379731362396354
2014 GW98,860911,MBO,MBO,21164723856291927,745534875814593018,17.322296,2.9919546,2.3670483,226.69661875313705,-39.05652678502396,2025071600160,19,60872.99541423975,g,226.69655996522042,-39.056520929449384,18.523818969726562,2337.12,124.926,False,2263.45,3.77759,3698.55,124.001,False,1332.63,11.8053,22.978297415755485,0.05803582059608946,23.01307276017849,0.0018120419526489273,22.479921250109108,0.036401393181757266,23.58822603145866,0.009618154558511055
2014 GW98,860911,MBO,MBO,21164723856291927,745534876078309679,17.322435,2.9919555,2.3670597,226.6966516097586,-39.05648355474479,2025071600162,10,60872.99638014336,g,226.69657935566048,-39.05648496053598,16.876739501953125,2082.39,121.86,False,2136.41,1.7395,3550.78,121.637,False,1398.7,9.40281,23.1035948821378,0.06353652360975559,23.075788539352715,0.0008840242535727082,22.524190578483914,0.03719343208395637,23.535688600700997,0.0072989001965312805
2014 GW98,860911,MBO,MBO,21164723856291927,745534876390785037,17.32258,2.9919562,2.3670714,226.6966853883807,-39.05643909537783,2025071600164,94,60872.997373475504,g,226.6966113445611,-39.05643179386125,17.11166000366211,1842.15,105.775,False,1693.23,2.11488,2883.47,105.852,False,984.723,13.2781,23.23668750955801,0.06234223445048769,23.328210126190683,0.001356107500743341,22.750211417747185,0.039857306323362006,23.9167147707927,0.014640171486273052
2014 GW98,860911,MBO,MBO,21164723856291927,745534876504031310,17.322649,2.9919565,2.3670769,226.69670164978783,-39.05641768646708,2025071600165,54,60872.99785148266,g,226.6966380564155,-39.05642182032364,21.132038116455078,2170.19,102.253,False,1952.3,0.685041,3043.86,101.526,False,910.752,17.5299,23.058755634394103,0.051156712247940724,23.17363358714436,0.00038097311279579267,22.691438277890015,0.03621403451353992,24.001499649068602,0.020897946271325265
2014 GW98,860911,MBO,MBO,21164723856291927,745534876906160147,17.322847,2.9919577,2.367093,226.6967483302265,-39.05635620942955,2025071600168,53,60872.99922374837,g,226.69670104065455,-39.0563307022574,19.725160598754883,2009.04,100.737,False,1839.28,1.23757,2755.28,100.443,False,773.75,27.5585,23.142528519788623,0.05444083014871785,23.238380361624742,0.000730543791570867,22.799585639037662,0.039580224629231484,24.17849834492956,0.038670451067657874
2014 GW98,860911,MBO,MBO,21164723856291927,745534877067641023,17.322914,2.9919581,2.3670986,226.6967641531395,-39.05633536440671,2025071600169,105,60872.999688804106,g,226.69671846834217,-39.056302587901,18.202253341674805,1949.35,107.406,False,1842.5,0.108858,2761.06,107.682,False,801.585,23.4072,23.17527545759203,0.059822290685091185,23.236481258672278,6.41471198164061e-05,22.797310366205014,0.04234397030784838,24.140126016040494,0.03170473953849007
2014 GW98,860911,MBO,MBO,21164723856291927,745534877172498559,17.322977,2.9919584,2.3671036,226.6967789901572,-39.0563158152086,2025071600170,49,60873.00012422761,g,226.69675045281366,-39.0562896674785,17.236722946166992,1725.15,98.664,False,1565.32,1.44176,2409.92,98.4484,False,688.117,28.8049,23.307932828372323,0.06209493492200698,23.41349220167351,0.0010000325961735548,22.944993470394365,0.04435375375805402,24.305844274896202,0.04544942466639207
2014 GW98,860911,MBO,MBO,21164723856291927,745534877472391548,17.323114,2.991959,2.3671148,226.6968113217776,-39.05627320532119,2025071600172,109,60873.00107401906,g,226.6967535374785,-39.056239022957165,19.098331451416016,2096.09,108.906,False,2171.95,1.7111,2813.3,109.445,False,659.94,19.458,23.096475139343625,0.056411308787117614,23.057875466331723,0.0008553618833160025,22.776959865640045,0.042238082158321796,24.35123886490684,0.03201238778196908
2014 GW98,860911,MBO,MBO,21164723856291927,745534882425864300,17.343086,2.9920688,2.368756,226.70170734385417,-39.04985295872533,2025071600209,85,60873.13983114339,i,226.7016444089653,-39.049830582,16.899219512939453,5339.61,315.49,False,5321.02,3.99557,4804.96,311.675,False,-222.705,5.64606,22.081226183465038,0.06415054908632513,22.085012767762613,0.0008152825832895129,22.19577556723955,0.07042656361664028,nan,nan
2014 GW98,860911,MBO,MBO,21164723856291927,745534882565849591,17.343151,2.992069,2.3687615,226.70172446272323,-39.04983120024961,2025071600210,96,60873.14028966846,i,226.70161619461837,-39.049812127712684,14.557258605957031,4472.82,308.795,False,4409.14,1.06068,4170.06,309.598,False,-226.491,6.2141,22.273546489714555,0.07495717223213305,22.289115244181367,0.0002611889566795891,22.349644225318585,0.08060837111460606,nan,nan
2014 GW98,860911,MBO,MBO,21164723856291927,745534882700067028,17.343216,2.9920695,2.368767,226.70174162754864,-39.049809391325866,2025071600211,96,60873.140748109836,i,226.70169650180154,-39.04978958333853,13.716756820678711,4412.41,321.93,False,4390.17,5.12524,4137.23,322.924,False,-242.392,6.17612,22.288310311116305,0.07921544826255976,22.2937966750755,0.0012675268978769088,22.358225842145778,0.08474517782038223,nan,nan
2014 GW98,860911,MBO,MBO,21164723856291927,745534882874130754,17.34328,2.9920697,2.3687725,226.7017587635561,-39.04978762699291,2025071600212,172,60873.14120665759,i,226.70171421808556,-39.04976253306111,15.009010314941406,5177.26,342.263,False,5421.42,1.64577,4678.4,343.222,False,-271.982,5.4933,22.114750110074198,0.0717768371690764,22.064717381683156,0.0003295948384768005,22.22475664530913,0.07965298884525122,nan,nan
2014 GW98,860911,MBO,MBO,21164723856291927,745534883123167661,17.343412,2.9920704,2.3687835,226.701793098864,-39.04974404200194,2025071600214,135,60873.142123648184,i,226.70174033272775,-39.04969347199461,13.012933731079102,4582.02,346.843,False,4264.0,3.31382,4108.83,350.3,False,-276.992,5.49386,22.24735754411221,0.08218645636921858,22.32545700995371,0.0008437932048469972,22.365704546856623,0.0925648839308332,nan,nan
2014 GW98,860911,MBO,MBO,21164723856291927,745534883546792007,17.343607,2.9920716,2.3687997,226.70184464798444,-39.04967866652931,2025071600217,175,60873.14349824474,i,226.70177278608358,-39.04965553967307,14.159110069274902,4630.02,321.828,False,4138.43,0.251041,4268.56,324.144,False,-224.717,6.42659,22.236042827879977,0.07546842411302206,22.35791091971347,6.586176054786922e-05,22.324296509201666,0.08244815231433102,nan,nan
2014 GW98,860911,MBO,MBO,21164723856291927,745534884171218992,17.343933,2.9920733,2.3688269,226.7019305618833,-39.04956987212209,2025071600222,86,60873.1457857793,i,226.7018757703934,-39.049541907004816,13.782743453979492,4126.39,298.244,False,4418.32,6.73821,4059.79,297.093,False,-189.595,8.02621,22.361074283239837,0.07847398935497478,22.28685712628474,0.0016558146675305179,22.378741065831917,0.07945352078007016,nan,nan
2014 GW98,860911,MBO,MBO,21164723856291927,745534884282892602,17.343998,2.9920738,2.3688323,226.70194783106535,-39.04954802861574,2025071600223,43,60873.14624410936,i,226.70189926358637,-39.04952846020071,17.11252784729004,4952.96,289.924,False,4526.52,2.23622,4820.83,287.622,False,-175.889,7.43319,22.162837956953908,0.06355411675123665,22.260588886315716,0.000536382227021855,22.192195440029888,0.06477756396656664,nan,nan
2014 GW98,860911,MBO,MBO,21164723856291927,745534884397711811,17.344065,2.992074,2.3688378,226.70196510908028,-39.049526182288616,2025071600224,6,60873.14670360522,i,226.70195938336627,-39.04948699791731,14.222959518432617,4865.2,336.249,False,5125.48,22.8023,4497.69,337.543,False,-244.864,5.60453,22.18224821123794,0.07503857822302204,22.12566364611549,0.004830236819322016,22.26752621739195,0.081482418695334,nan,nan
2014 GW98,860911,MBO,MBO,21164723856291927,745534884549230730,17.34413,2.9920745,2.3688433,226.7019823582825,-39.04950438074502,2025071600225,39,60873.14716102631,i,226.70195258611662,-39.04950022587831,13.747090339660645,4588.93,332.284,False,4263.67,4.3722,4221.38,335.711,False,-239.269,6.88893,22.245721375976693,0.07861805508718979,22.325541060526533,0.0011133732054027143,22.33636390960114,0.08634465401447787,nan,nan
2014 GW98,860911,MBO,MBO,21164723856291927,745534884729061964,17.344194,2.9920747,2.3688488,226.70199965399692,-39.04948252881385,2025071600226,126,60873.14762014261,i,226.7019358378214,-39.049467695737725,14.759822845458984,4611.04,305.746,False,4221.08,6.54622,4268.49,307.713,False,-206.125,7.36024,22.240502766633,0.07199232737808164,22.33644102191324,0.0016838031351145385,22.324314269594232,0.07827010024948962,nan,nan
2014 GW98,860911,MBO,MBO,21164723856291927,745534885269602602,17.344454,2.9920764,2.3688705,226.70206854819835,-39.04939556965097,2025071600230,133,60873.14944626219,i,226.70202849672754,-39.04938202642712,15.61237621307373,4367.31,280.298,False,4167.38,0.36565,4209.93,280.528,False,-170.953,7.17637,22.299464935266364,0.06968355512764213,22.35034227268121,9.526355947050061e-05,22.339312767848106,0.07234785608441839,nan,nan
2014 GW98,860911,MBO,MBO,21164723856291927,745534885383373084,17.344519,2.9920766,2.368876,226.70208577494807,-39.04937384687207,2025071600231,94,60873.14990233266,i,226.70203520929715,-39.049365666252335,14.887459754943848,4187.03,276.672,False,3922.8,3.37304,4017.18,276.405,False,-161.442,10.2646,22.345234874173286,0.07174365110248754,22.41600956991557,0.0009335759049704787,22.390196788875592,0.07470487243727877,nan,nan
2014 GW98,860911,MBO,MBO,21164723856291927,745534885493473932,17.344584,2.992077,2.3688815,226.7021030105715,-39.04935212137016,2025071600232,48,60873.150358841165,i,226.70205846971416,-39.04932241500678,15.478113174438477,4348.93,275.402,False,4015.43,1.86698,4239.46,271.959,False,-158.347,10.413,22.304043912726943,0.06875574426909932,22.3906698700835,0.0005048146193499551,22.331723655052528,0.06964937784526949,nan,nan
2014 GW98,860911,MBO,MBO,21164723856291927,745534885760860315,17.344713,2.9920778,2.3688922,226.70213750843527,-39.04930866232704,2025071600234,46,60873.15127007482,i,226.70208060686733,-39.04928056067473,14.309870719909668,4249.0,294.818,False,4208.3,3.02185,3936.48,295.399,False,-193.95,7.7427,22.329283172276213,0.07533409484404738,22.339733320137583,0.0007796336337891164,22.412229882207427,0.0814751698031626,nan,nan
2014 GW98,860911,MBO,MBO,21164723856291927,745534886200737876,17.344908,2.9920788,2.3689086,226.7021895115964,-39.0492432153857,2025071600237,117,60873.152643929774,i,226.70209942602511,-39.04923640873592,11.87136173248291,4752.21,392.541,False,5017.85,6.21453,4293.38,399.59,False,-322.736,5.22211,22.20776094928528,0.08968373933092617,22.148705792155514,0.0013446675519657772,22.318001707458414,0.10105076604565699,nan,nan
2014 GW98,860911,MBO,MBO,21164723856291927,745534886296682563,17.344975,2.9920793,2.3689141,226.7022068766382,-39.04922137852716,2025071600238,44,60873.15310129379,i,226.70212406068896,-39.049211526204516,10.785106658935547,3794.12,342.193,False,3937.2,13.0796,3376.54,344.31,False,-268.709,5.64091,22.452222309998234,0.09792292026014768,22.412031322380834,0.0036068769182894434,22.578820240106936,0.11071387446462581,nan,nan
2014 GW98,860911,MBO,MBO,21164723856291927,745534886472843499,17.345264,2.9920807,2.3689384,226.7022845614299,-39.04912379557265,2025071600239,124,60873.15514737979,g,226.70220791703056,-39.04909821652112,13.110332489013672,2656.23,200.19,False,2873.14,1.26462,2426.48,208.389,False,-197.346,2.48256,22.839335814483178,0.08182782932180303,22.754108069465264,0.0004778895955255227,22.937558218637882,0.09324432594200728,nan,nan
2014 GW98,860911,MBO,MBO,21164723856291927,745534886902759517,17.345459,2.9920819,2.368955,226.7023369853956,-39.04905804324216,2025071600242,176,60873.156525352315,g,226.7022733320492,-39.04910660658652,12.452353477478027,2309.9,185.299,False,2310.74,2.94382,2192.44,191.651,False,-173.491,2.50933,22.99101709875628,0.08709720643204033,22.990622298958293,0.0013831984418270914,23.04768073660732,0.09490906752269967,nan,nan
2014 GW98,860911,MBO,MBO,21164723856291927,745534887235158162,17.345655,2.992083,2.3689713,226.70238926363692,-39.04899255408117,2025071600245,42,60873.157897838835,g,226.70231907784662,-39.0489779013334,17.104412078857422,2581.39,149.928,False,2491.17,4.06218,2573.43,151.79,False,-117.835,3.98895,22.870365986890107,0.0630599241965174,22.908991620926088,0.0017704356107573166,22.873719130139445,0.06404055894604492,nan,nan
2014 GW98,860911,MBO,MBO,21164723856291927,745534887434911956,17.34572,2.9920833,2.3689768,226.70240680982377,-39.04897059197861,2025071600246,167,60873.15835732306,g,226.7023491311733,-39.048955379049644,15.909592628479004,2581.18,159.583,False,2498.78,1.66333,2462.87,161.271,False,-120.212,3.3518,22.870454300346125,0.06712629001771367,22.905679934181002,0.0007227277053922216,22.921396226671117,0.07109500335175853,nan,nan
2014 GW98,860911,MBO,MBO,21164723856291927,745534887662977622,17.34585,2.992084,2.3689876,226.7024415482653,-39.048927137676095,2025071600248,90,60873.15926730494,g,226.70237453345294,-39.04891086903834,15.521961212158203,2374.24,152.897,False,2383.74,4.11084,2228.24,155.204,False,-129.607,3.30314,22.96118846075067,0.06991955852300188,22.956852794062645,0.0018723886282088953,23.030095089376942,0.07562497619769463,nan,nan
2014 GW98,860911,MBO,MBO,21164723856291927,745534887791952405,17.345915,2.9920845,2.368993,226.7024590076258,-39.04890531129863,2025071600249,80,60873.15972467338,g,226.70242866360846,-39.04886838571812,14.340827941894531,2408.28,165.652,False,2372.92,4.47583,2320.53,167.737,False,-139.089,3.44724,22.945732539271035,0.07468166649352272,22.96179229381044,0.0020479286795004248,22.986032017828446,0.0784812654644042,nan,nan
2014 GW98,860911,MBO,MBO,21164723856291927,745534887971258880,17.34598,2.9920847,2.3689985,226.70247655270316,-39.04888338690229,2025071600250,166,60873.16018395635,g,226.70241235828874,-39.04883034816921,13.82528018951416,2267.86,163.469,False,2368.75,1.57595,2126.71,166.116,False,-132.61,3.59567,23.010959345841698,0.07826064963752849,22.96370193171963,0.000722349762817423,23.08072933701247,0.08480618221880154,nan,nan
2014 GW98,860911,MBO,MBO,21164723856291927,745534888092369122,17.346045,2.9920852,2.369004,226.7024940688608,-39.04886150779944,2025071600251,141,60873.16064105592,g,226.70246699145306,-39.04881422106413,16.026670455932617,2579.26,158.899,False,2524.67,1.99358,2463.86,161.59,False,-140.41,3.16555,22.87126218835949,0.06688833184702989,22.894488484931436,0.0008573405761450608,22.9209598852417,0.07120700920571418,nan,nan
2014 GW98,860911,MBO,MBO,21164723856291927,745534888215577055,17.34611,2.9920855,2.3690095,226.70251147951956,-39.04883976955358,2025071600252,120,60873.161096252064,g,226.70246613787577,-39.04884899727932,13.726097106933594,2296.0,166.149,False,2285.5,0.460297,2159.43,168.424,False,-140.452,3.23761,22.99757029068516,0.0785688096417566,23.002546935936625,0.00021866598352296491,23.064152208024215,0.0846816224491059,nan,nan
2014 GW98,860911,MBO,MBO,21164723856291927,745534888889811455,17.346434,2.9920874,2.3690367,226.7025990934795,-39.04873051626889,2025071600257,126,60873.163382654515,g,226.70256991144686,-39.04872861317072,14.539092063903809,2317.3,158.881,False,2288.13,0.293033,2201.38,161.003,False,-137.48,3.4194,22.98754432304166,0.07444130959947808,23.00129831749934,0.00013904653919002708,23.043262516545546,0.0794078268970144,nan,nan
2014 GW98,860911,MBO,MBO,21164723856291927,745534889026650831,17.346497,2.9920876,2.3690422,226.7026166366674,-39.04870866794842,2025071600258,131,60873.16383988669,g,226.7025719756953,-39.04866311133233,14.904947280883789,2183.9,144.452,False,2068.68,0.159269,2048.85,145.219,False,-115.315,4.23848,23.05191817780286,0.07181499553856636,23.11076674660194,8.359153218667234e-05,23.121224538040707,0.07695512704291974,nan,nan
2014 GW98,860911,MBO,MBO,21164723856291927,745534889137799653,17.346561,2.992088,2.3690476,226.7026341892416,-39.04868681724667,2025071600259,87,60873.16429620897,g,226.70258603367196,-39.048686741523234,12.798737525939941,2283.69,175.405,False,2368.07,2.74147,2088.9,178.765,False,-159.302,2.74844,23.00340715241962,0.0833929134674766,22.964013628762544,0.001256936346592372,23.100205926020152,0.09291571691067389,nan,nan
2014 GW98,860911,MBO,MBO,21164723856291927,745534889272541590,17.346626,2.9920883,2.369053,226.7026517127692,-39.04866501200778,2025071600260,88,60873.16475253175,g,226.70263335004546,-39.0486400182177,15.168435096740723,2537.57,165.088,False,2404.71,1.30518,2429.69,168.328,False,-143.181,3.34171,22.88895489251781,0.07063529713831185,22.947343244130174,0.0005892939906850948,22.936122860580248,0.07521939484575424,nan,nan
2014 GW98,860911,MBO,MBO,21164723856291927,745534889387360634,17.346691,2.9920888,2.3690584,226.7026692456901,-39.04864320439826,2025071600261,51,60873.1652086689,g,226.70257479373706,-39.04857458368658,12.6233549118042,2206.84,173.155,False,2265.82,1.0594,2117.0,177.814,False,-162.989,3.02963,23.040572838893365,0.08518997467969232,23.011936452445113,0.0005076435285337236,23.08569785495147,0.09119465870405669,nan,nan
2014 GW98,860911,MBO,MBO,21164723856291927,745534889561948911,17.346756,2.992089,2.3690639,226.7026869419058,-39.04862120314667,2025071600262,128,60873.16566817125,g,226.7025867104075,-39.04859116691336,14.676932334899902,2154.2,143.97,False,2221.93,0.653262,1951.82,144.604,False,-109.204,6.29964,23.066784970723727,0.07256217912332402,23.03317410154102,0.00031921358783302796,23.173900620284698,0.08043867094016766,nan,nan
2014 GW98,860911,MBO,MBO,21164723856291927,745534889629581507,17.34682,2.9920895,2.3690693,226.70270430120704,-39.048599630026445,2025071600263,1,60873.16611992644,g,226.7026599344476,-39.04856355295857,11.102911949157715,2246.4,197.132,False,2502.61,11.2573,2120.19,201.004,False,-136.611,3.38916,23.02128232107521,0.09527838449498316,22.904017014398057,0.004883884449591847,23.08406307549714,0.10293290872364143,nan,nan
2014 GW98,860911,MBO,MBO,21164723856291927,745534889780052244,17.346886,2.9920897,2.3690748,226.70272205490545,-39.04857757626798,2025071600264,32,60873.16658076435,g,226.70267930344912,-39.04852708530562,12.088808059692383,2115.23,175.012,False,2008.11,1.20203,1976.3,177.245,False,-129.686,3.529,23.086606016563252,0.0898327176074103,23.14303126078572,0.0006499083408502262,23.16036779656502,0.09737454007807121,nan,nan
2014 GW98,860911,MBO,MBO,21164723856291927,745534890500423953,17.347452,2.992093,2.3691225,226.70287662271923,-39.04838597900842,2025071600269,126,60873.1705832555,r,226.7028049391749,-39.048309498792015,12.041699409484863,2869.24,237.749,False,3129.12,10.024,2433.8,238.426,False,-260.343,4.47678,22.755582811961247,0.08996552750432622,22.661444413299066,0.0034781086986570803,22.934287761297767,0.10636359996532499,nan,nan
2014 GW98,860911,MBO,MBO,21164723856291927,745534891327226155,17.347841,2.9920952,2.3691554,226.7029832736074,-39.048254207855045,2025071600275,167,60873.17333449959,r,226.7029305690991,-39.04824562908639,10.736618041992188,2740.91,255.411,False,2619.76,13.3044,2522.55,257.949,False,-254.99,4.80176,22.805263096409142,0.10117405306335905,22.854346228960488,0.005513890276528287,22.895400520889915,0.11102438739630956,nan,nan
2014 GW98,860911,MBO,MBO,21164723856291927,745534891523834186,17.347973,2.992096,2.3691664,226.7030190183848,-39.048210122976826,2025071600277,30,60873.17425442111,r,226.70298780627462,-39.04821909471153,10.569694519042969,3494.36,325.597,False,3542.93,43.7622,3104.02,329.489,False,-305.041,4.10038,22.541580853271455,0.10116657235048655,22.526593591508814,0.013410991808250814,22.67018871600247,0.11524994973055115,nan,nan
2014 GW98,860911,MBO,MBO,21164723856291927,745534891955322914,17.348166,2.992097,2.3691826,226.70307251470769,-39.04814421926481,2025071600280,85,60873.17562969573,r,226.70304451585207,-39.04810722253954,12.479467391967773,3285.73,261.62,False,3176.56,4.61888,3017.02,263.428,False,-303.632,4.68666,22.608420323806566,0.08644967854201221,22.645107322827716,0.0015787156315118507,22.701054520101884,0.09479994328945078,nan,nan
2014 GW98,860911,MBO,MBO,21164723856291927,745534892117328332,17.348232,2.9920974,2.369188,226.70309043134588,-39.04812216725915,2025071600281,138,60873.17608912877,r,226.70306724237014,-39.048095565174094,12.690980911254883,3324.29,262.147,False,3345.89,2.94852,2917.67,266.18,False,-298.489,4.31411,22.595752729315777,0.08561903112248813,22.588720887537875,0.0009567902583991725,22.737409604287265,0.09905207332179192,nan,nan
2014 GW98,860911,MBO,MBO,21164723856291927,745534892359549196,17.34836,2.992098,2.369199,226.70312606034383,-39.048078344618816,2025071600283,88,60873.177003637626,r,226.70305727933055,-39.04802847644276,13.971718788146973,3128.2,220.841,False,3020.2,1.20684,2879.65,223.177,False,-234.781,6.71163,22.661763737723525,0.07664953540331679,22.69991075948129,0.0004338487332353952,22.75165077254848,0.0841461147386931,nan,nan
2014 GW98,860911,MBO,MBO,21164723856291927,745534892492193980,17.348425,2.9920983,2.3692045,226.70314392853533,-39.04805638228564,2025071600284,85,60873.177461051535,r,226.7030775178666,-39.04804207711466,13.70444107055664,3284.26,235.578,False,2976.11,1.15383,3012.85,235.205,False,-252.884,6.68893,22.60890616942926,0.07787920751245006,22.715877512989167,0.0004209370674299941,22.702556189552283,0.08476046857652678,nan,nan
2014 GW98,860911,MBO,MBO,21164723856291927,745534892646859225,17.34849,2.9920988,2.36921,226.70316188468823,-39.04803432196369,2025071600285,124,60873.17792113291,r,226.70313527016472,-39.048003174340934,10.137548446655273,3216.76,316.129,False,3295.43,1.74343,2289.58,320.189,False,-301.665,3.9219,22.6314533473739,0.10670136946689411,22.605219795043087,0.0005744030766036532,23.000610406023576,0.15183604537370854,nan,nan
2014 GW98,860911,MBO,MBO,21164723856291927,745534892917391929,17.348621,2.9920995,2.369221,226.70319798318133,-39.04799000334422,2025071600287,128,60873.178845682254,r,226.70314997540706,-39.04797589031386,13.462752342224121,3269.86,238.491,False,3512.69,1.84473,2781.6,239.695,False,-262.61,5.22966,22.613677067794494,0.07918941538368618,22.53590045720162,0.0005701870087198306,22.789263267694032,0.0935596557430918,nan,nan
2014 GW98,860911,MBO,MBO,21164723856291927,745534893053706708,17.348686,2.9920998,2.3692265,226.703215930193,-39.047967984868,2025071600288,132,60873.179304019664,r,226.70316089744466,-39.04793207103372,13.22369384765625,3448.88,260.082,False,3485.63,3.08703,2975.22,264.31,False,-288.5,5.12433,22.55580482731733,0.08187598698590934,22.544296824466286,0.0009615766094290132,22.716202298762177,0.09645368626679358,nan,nan
2014 GW98,860911,MBO,MBO,21164723856291927,745534893166428637,17.34875,2.9921002,2.369232,226.70323369149529,-39.04794620425974,2025071600289,91,60873.179758114464,r,226.70316400991803,-39.047891035244945,12.717744827270508,3210.0,250.462,False,3048.19,3.16284,2858.51,250.541,False,-267.502,5.99977,22.63373741898782,0.08471516118778626,22.689894935904537,0.0011265734235471347,22.75965070664914,0.0951619668794578,nan,nan
2014 GW98,860911,MBO,MBO,21164723856291927,745534893300646387,17.348814,2.9921005,2.3692374,226.7032515799959,-39.04792427776554,2025071600290,91,60873.180215411805,r,226.70319268988155,-39.04793088046109,13.378616333007812,3555.21,264.586,False,3415.05,5.53665,3187.52,266.775,False,-299.43,4.4759,22.522836864843306,0.08080270955528826,22.566507317971784,0.0017602499138939629,22.641367697301128,0.09086916085946245,nan,nan
2014 GW98,860911,MBO,MBO,21164723856291927,745534893539721457,17.348944,2.9921012,2.3692484,226.70328738666817,-39.04788041889045,2025071600292,35,60873.181129060584,r,226.70321506244736,-39.04784842254666,11.804117202758789,3126.21,266.243,False,3141.35,10.4871,2893.75,268.878,False,-266.094,4.56118,22.6624546436756,0.09246649471206027,22.65720914896925,0.0036246274424223024,22.74634747909493,0.10088313406141107,nan,nan
2014 GW98,860911,MBO,MBO,21164723856291927,745534893702775229,17.349009,2.9921017,2.3692539,226.70330534409408,-39.047858438527975,2025071600293,90,60873.181587626226,r,226.70324450355878,-39.04784651472936,14.206459999084473,3687.26,256.535,False,3533.97,0.57503,3411.89,257.271,False,-262.533,5.40562,22.483240591823456,0.0755382968724833,22.529342862889024,0.0001766655988276006,22.56751248172826,0.08186912347341398,nan,nan
2014 GW98,860911,MBO,MBO,21164723856291927,745534893834371079,17.349072,2.992102,2.369259,226.70332327223628,-39.04783650423623,2025071600294,85,60873.182044864414,r,226.70331231522698,-39.047823932963645,13.987360954284668,3215.81,226.178,False,3051.35,0.0472521,3077.53,227.724,False,-213.231,6.00576,22.631774026784022,0.07636322795377595,22.688769901446744,1.6813316740665105e-05,22.679494251763913,0.08033981409713163,nan,nan
2014 GW98,860911,MBO,MBO,21164723856291927,745534894107525353,17.349201,2.9921029,2.36927,226.70335919761848,-39.047792581914095,2025071600296,94,60873.18295989862,r,226.7033037929537,-39.04777847353741,12.443397521972656,3392.8,269.828,False,3377.17,3.2983,3156.31,272.812,False,-256.0,4.52885,22.573604335745287,0.08634815716285243,22.578617718358082,0.0010603800925718112,22.65205085164597,0.09384435391873845,nan,nan
2014 GW98,860911,MBO,MBO,21164723856291927,745534894346600676,17.349329,2.9921036,2.369281,226.7033949269804,-39.04774894006757,2025071600298,38,60873.18386844436,r,226.70335803131513,-39.04775362235616,11.805205345153809,3541.26,297.146,False,3920.43,15.0841,3364.16,302.372,False,-244.814,4.0397,22.527105462220185,0.09110377808130912,22.416665759297935,0.004177438067150071,22.582808421531276,0.09758639492616354,nan,nan
2014 GW98,860911,MBO,MBO,21164723856291927,745534898691899504,17.35222,2.9921198,2.3695264,226.7042133027805,-39.046760624466295,2025071600330,134,60873.2044163522,z,226.70417371367657,-39.046739478593636,11.5824613571167,7040.97,603.826,False,7172.27,15.9859,6623.08,603.843,False,-308.722,15.4339,21.780918732144414,0.09311156238082516,21.760858421524997,0.002419941004340343,21.8473499849188,0.09898932497288707,nan,nan
2014 GW98,860911,MBO,MBO,21164723856291927,745534899245023312,17.352478,2.9921212,2.3695483,226.7042871590901,-39.04667250800391,2025071600334,165,60873.206245054505,z,226.70420621258003,-39.04663801610003,7.093234539031982,4340.85,603.875,False,4729.34,111.424,3947.44,604.682,False,-321.146,16.0207,22.306063028426042,0.15104160150619325,22.212998692672194,0.02558011874504265,22.409211172180918,0.16631669054696174,nan,nan
2014 GW98,860911,MBO,MBO,21164723856291927,745534899466272929,17.352604,2.992122,2.369559,226.70432384671,-39.04662880354358,2025071600336,75,60873.20715287497,z,226.70422887903067,-39.046614535769635,7.735414028167725,5269.43,672.395,False,4891.25,87.5227,4705.09,679.265,False,-376.251,14.355,22.095590864669713,0.13854318061931448,22.176450347728156,0.019427868409543293,22.218580198247324,0.15674570380606662,nan,nan
2014 GW98,860911,MBO,MBO,21164723856291927,745534899602063428,17.352669,2.9921222,2.3695645,226.7043424287617,-39.04660668443376,2025071600337,78,60873.207611313395,z,226.7042448565899,-39.04655352761365,8.275334358215332,5710.44,680.039,False,5751.67,37.0173,5123.21,680.688,False,-400.497,12.9179,22.00832607931315,0.1292970370258589,22.000515113248234,0.006987713651961983,22.12614461342838,0.14425479311913494,nan,nan
2014 GW98,860911,MBO,MBO,21164723856291927,745534899713736762,17.352734,2.9921227,2.36957,226.704360899878,-39.04658470866109,2025071600338,35,60873.208067375745,z,226.70428326124366,-39.04663998227925,5.670702934265137,3709.02,666.973,False,4107.26,10.6311,3173.72,671.915,False,-380.12,13.4589,22.47685205637348,0.19524207318091438,22.366119572784335,0.0028102848371788177,22.646078488331888,0.22986351187182005,nan,nan
2014 GW98,860911,MBO,MBO,21164723856291927,745534899984269525,17.352861,2.9921234,2.369581,226.7043980763582,-39.04654051254971,2025071600340,39,60873.20898414855,z,226.70436605126713,-39.04654679739194,8.85619068145752,5657.19,643.724,False,5347.42,12.9125,5142.41,644.984,False,-352.925,16.8983,22.01849809870325,0.12354445561318707,22.079639275772898,0.0026217445726983545,22.122083217962874,0.13617787546199694,nan,nan
2014 GW98,860911,MBO,MBO,21164723856291927,745534900300939436,17.352991,2.992124,2.369592,226.70443545775507,-39.04649611882765,2025071600342,131,60873.2099059027,z,226.7043874103289,-39.0464958803645,7.972697734832764,5391.82,666.09,False,5592.37,31.8512,4927.59,674.903,False,-389.873,14.588,22.070661572086404,0.1341287508415742,22.031010234012076,0.006183782616848641,22.168413621431977,0.14870690570234402,nan,nan
2014 GW98,860911,MBO,MBO,21164723856291927,745534900384301359,17.353056,2.9921243,2.3695974,226.7044542660964,-39.04647379970528,2025071600343,34,60873.21036872236,z,226.70443469566322,-39.0464533455888,5.298580646514893,3851.48,715.586,False,3624.78,7.48974,3174.51,722.816,False,-451.144,12.2347,22.43593088801892,0.2017244358448044,22.501795858912594,0.002243413863007788,22.64580824795925,0.24721531051029008,nan,nan
2014 GW98,860911,MBO,MBO,21164723856291927,745534900515373123,17.353119,2.9921248,2.369603,226.70447271939076,-39.0464519132596,2025071600344,28,60873.21082258179,z,226.7043896309033,-39.04641850622918,8.205004692077637,5981.12,722.899,False,5830.72,57.696,5479.18,722.861,False,-437.578,14.0099,21.958043689209703,0.13122585518958188,21.98569449388553,0.010743550167695811,22.05321104528985,0.14323974726977431,nan,nan
2014 GW98,860911,MBO,MBO,21164723856291927,745534900701495724,17.353184,2.992125,2.3696084,226.7044916712776,-39.04642944717359,2025071600345,127,60873.211288737235,z,226.70447414994,-39.04644264287382,8.962362289428711,5998.31,666.973,False,5694.67,35.5938,5514.12,670.107,False,-381.273,17.2317,21.954927722209817,0.1207267965491882,22.011328609279456,0.006786254060568896,22.046309444114094,0.13194479076769905,nan,nan
2014 GW98,860911,MBO,MBO,21164723856291927,745534901104148637,17.353376,2.9921262,2.3696249,226.7045474519903,-39.0463633920815,2025071600348,127,60873.2126585219,z,226.7044920371692,-39.04637068621498,6.775993824005127,5019.91,742.869,False,5310.89,5.79389,4248.87,756.28,False,-472.107,12.0482,22.148260138907382,0.16067215622051756,22.087081706210352,0.0011844786799920452,22.329316361409482,0.19325622720769092,nan,nan
2014 GW98,860911,MBO,MBO,21164723856291927,745534901367341391,17.353504,2.992127,2.3696358,226.70458492324613,-39.04631907668376,2025071600350,117,60873.21357783287,z,226.70449380396923,-39.046256840469226,7.980903148651123,5641.41,696.474,False,5561.12,48.4024,4783.54,697.603,False,-394.107,14.12,22.021530809842446,0.13404220141211687,22.037094310739537,0.009449937786530905,22.200626466414406,0.15833731026623243,nan,nan
2014 GW98,860911,MBO,MBO,21164723856291927,745534901641543714,17.353634,2.9921277,2.3696468,226.70462272337596,-39.04627441940725,2025071600352,128,60873.21450361489,z,226.70450645443856,-39.04628992468474,6.507269382476807,4647.55,698.559,False,4505.81,19.6078,4545.12,700.154,False,-408.721,13.4197,22.231939868717994,0.16319369390961294,22.265567799530515,0.004724765928556794,22.256136587187328,0.16725246376198352,nan,nan
2014 GW98,860911,MBO,MBO,21164723856291927,745534901746925601,17.353699,2.9921281,2.3696523,226.70464135374533,-39.04625242678302,2025071600353,73,60873.21495980236,z,226.70454067953114,-39.04617305996354,6.648834705352783,4795.29,731.505,False,4721.16,37.9718,4091.72,737.421,False,-473.091,13.4978,22.197962799411115,0.16562532428555987,22.21487816679104,0.008732463751261967,22.37023524051544,0.195674363311191,nan,nan
2014 GW98,860911,MBO,MBO,21164723856291927,745534901870133348,17.353762,2.9921284,2.3696578,226.7046599129109,-39.04623052963631,2025071600354,52,60873.215413864644,z,226.70463954955628,-39.04624879115364,7.815777778625488,5207.92,666.967,False,5205.72,21.0131,4720.38,664.881,False,-353.225,14.3057,22.108339255490588,0.13904787485331968,22.108797942667763,0.004382617994202019,22.215057622921954,0.15292950383903842,nan,nan
2014 GW98,860911,MBO,MBO,21164723856291927,745534902131753192,17.35389,2.992129,2.3696687,226.70469734937467,-39.04618639469019,2025071600356,39,60873.21632856528,z,226.7046189075103,-39.046180970778444,9.392304420471191,6184.65,647.566,False,5917.1,41.0641,5625.6,651.547,False,-347.209,14.6902,21.92171219917511,0.11368239746404085,21.96972770960616,0.007534903511410413,22.024577858508273,0.12574803603892837,nan,nan
2014 GW98,860911,MBO,MBO,21164723856291927,745534902405956028,17.354017,2.9921298,2.3696797,226.70473470562752,-39.04614240056388,2025071600358,50,60873.21724084181,z,226.70468529644558,-39.04610406263318,9.010759353637695,5909.1,641.115,False,5718.27,18.0405,5645.35,643.18,False,-347.631,16.3202,21.971196632982988,0.11779826789305958,22.00683835223536,0.003425375967006103,22.020772800084657,0.1236989366725163,nan,nan
2014 GW98,860911,MBO,MBO,21164723856291927,745565649286201692,18.188927,2.997509,2.4521492,227.15549169325783,-38.76484508969749,2025072300064,78,60880.02143894954,g,227.15543461142727,-38.764853593698525,11.903719902038574,2002.95,166.672,False,1981.2,4.41659,2338.6,169.928,False,312.846,2.89469,23.145824756323524,0.09034765019101101,23.157679228482717,0.0024203775564603023,22.97761009129761,0.07889205821367176,25.16167345487264,0.01004606001383326
2014 GW98,860911,MBO,MBO,21164723856291927,745565649667358867,18.189089,2.9975102,2.4521673,227.1556099553159,-38.76478973331538,2025072300067,37,60880.02287779793,g,227.1555649946561,-38.76477880543901,13.505122184753418,1847.05,133.899,False,1917.34,3.02382,2110.17,135.266,False,217.582,3.49664,23.23380334121072,0.07870874664509511,23.193252187563,0.0017123049777459068,23.089206429100123,0.06959780772855183,25.555942585232263,0.01744826591518773
2014 GW98,860911,MBO,MBO,21164723856291927,745565649955193153,18.189194,2.997511,2.4521787,227.155685909916,-38.76475416660185,2025072300069,74,60880.023801056974,g,227.15566861517738,-38.76471729245403,11.389883041381836,1729.58,149.847,False,1652.98,4.02513,2096.26,150.312,False,244.018,3.08131,23.30514839090245,0.09406579478294055,23.354331015533873,0.002643848805793589,23.096387126497625,0.0778525449160775,25.43144531791537,0.013710012327539193
2014 GW98,860911,MBO,MBO,21164723856291927,745565650071060808,18.189245,2.9975114,2.4521844,227.1557235634073,-38.76473653094664,2025072300070,39,60880.024259391095,g,227.15563901797955,-38.76468952615432,14.161808013916016,2080.44,146.578,False,2059.79,0.237342,2390.71,148.218,False,266.943,3.16807,23.104612042494622,0.07649586101213408,23.115442615974928,0.0001251053735725772,22.953682772388206,0.06731291287711101,25.333953685517898,0.012885479187942942
2014 GW98,860911,MBO,MBO,21164723856291927,745565650205802661,18.189297,2.9975116,2.4521902,227.1557613025049,-38.76471885260612,2025072300071,40,60880.02471878973,g,227.1557320363874,-38.76468819400914,13.405479431152344,1819.84,134.149,False,1902.52,0.796578,2023.65,134.757,False,219.413,3.25479,23.249917003961784,0.08003474542859569,23.201676911523293,0.00045459367304285023,23.134661483543063,0.07230032668103054,25.546844139003476,0.01610589849187532
2014 GW98,860911,MBO,MBO,21164723856291927,745565650336350267,18.189346,2.997512,2.4521956,227.15579723594325,-38.76470201770477,2025072300072,33,60880.02515526058,g,227.15582168549446,-38.76462867960699,10.259186744689941,1867.47,179.068,False,2212.2,8.3672,2380.02,183.432,False,359.241,2.68265,23.221865932499995,0.10410909216301999,23.037939053990186,0.004106578095095243,22.958548474653483,0.08367945197891351,25.011535266513537,0.008107789334695399
2014 GW98,860911,MBO,MBO,21164723856291927,745565650493112390,18.1894,2.9975123,2.4522016,227.15583613301948,-38.76468379171384,2025072300073,76,60880.02562800227,g,227.15578400761632,-38.76465434404496,12.816242218017578,1956.36,151.6,False,1984.38,7.96576,2291.98,152.447,False,267.117,2.84656,23.171378071638152,0.08413462578491746,23.155937894188412,0.004358396204334636,22.999472950193034,0.07221582883645233,25.33324616089331,0.011570260229268308
2014 GW98,860911,MBO,MBO,21164723856291927,745565651275874378,18.189728,2.9975147,2.4522378,227.1560756829576,-38.764571486913646,2025072300079,33,60880.02854026799,g,227.15605666811834,-38.76452460747525,12.084880828857422,1839.13,150.409,False,1907.39,1.71936,2107.15,151.271,False,289.248,3.0269,23.238468925399047,0.08879442599320685,23.19890123816194,0.000978704606866479,23.090761419113356,0.07794433467031837,25.246824141369977,0.011361928644759722
2014 GW98,860911,MBO,MBO,21164723856291927,745565651410616693,18.18978,2.997515,2.4522436,227.156113619398,-38.764553692569336,2025072300080,34,60880.029001963616,g,227.1561126712749,-38.764560043836944,9.321996688842773,1730.84,184.696,False,1901.68,8.36686,2417.28,189.395,False,540.61,2.51834,23.30435771328977,0.11585769747997171,23.202156371751006,0.004776935650945792,22.941682589812594,0.0850679319924489,24.567789842287674,0.0050577183334655695
2014 GW98,860911,MBO,MBO,21164723856291927,745565651543261375,18.189833,2.9975154,2.4522493,227.1561513949072,-38.76453597127206,2025072300081,31,60880.02946018512,g,227.15616818787908,-38.76450787148561,9.929452896118164,2021.32,203.913,False,2256.03,0.598497,2698.5,212.715,False,645.161,2.47085,23.135912345961508,0.10953027056930852,23.016637809736885,0.00028803243934897644,22.82219394399692,0.0855854633385365,24.37582971592919,0.004158173303901716
2014 GW98,860911,MBO,MBO,21164723856291927,745565651683246281,18.189884,2.997516,2.4522552,227.15618966796168,-38.76451801410046,2025072300082,42,60880.02992513479,g,227.15609820467714,-38.76447012508656,13.024887084960938,1896.6,145.042,False,1988.26,1.30007,2278.43,146.78,False,403.424,2.86338,23.205060648418126,0.08303140394514821,23.153817056105993,0.0007099338679184561,23.005910806742385,0.06994481445136363,24.885595641891165,0.007706222730661714
2014 GW98,860911,MBO,MBO,21164723856291927,745565651948011633,18.18999,2.9975166,2.4522667,227.15626573147108,-38.76448231888503,2025072300084,35,60880.03084929055,g,227.15619262902587,-38.764458088469766,12.379936218261719,1937.42,155.075,False,1934.02,1.40102,2304.46,156.591,False,404.758,2.86347,23.18194052875073,0.08690450951286616,23.183847586843825,0.0007865162596914268,22.993577082913486,0.07377716455578016,24.882011408548657,0.00768106663278776
2014 GW98,860911,MBO,MBO,21164723856291927,745565652472299719,18.190203,2.997518,2.4522905,227.15642226955583,-38.7644088283513,2025072300088,11,60880.03275069189,g,227.15640986295253,-38.764364352531246,8.186511993408203,1384.36,167.092,False,1366.31,6.46608,2054.64,171.012,False,487.64,2.78265,23.54687740597902,0.131048159926743,23.561126836086693,0.005138260762730649,23.118160709859715,0.0903681045821438,24.67975166089508,0.00619560280696313
2014 GW98,860911,MBO,MBO,21164723856291927,745565653675016224,18.191788,2.9975293,2.4524662,227.1575831249058,-38.76386268210994,2025072300097,1,60880.04682116041,r,227.15762053968464,-38.76385991643995,11.710637092590332,3701.4,309.07,False,4023.75,1.77302,5314.34,319.91,False,1526.3,4.55536,22.479084977076567,0.09065988696446454,22.388422525765826,0.0004784174059820891,22.086376691456202,0.06535861150256495,23.440900204712648,0.0032404631764333517
2014 GW98,860911,MBO,MBO,21164723856291927,745565654104408121,18.191946,2.9975302,2.452484,227.15769876832127,-38.76380817484861,2025072300100,52,60880.04822017721,r,227.1576754886957,-38.7637970925994,19.527467727661133,4092.21,208.088,False,3974.22,0.468066,4928.76,207.713,False,924.367,5.19794,22.370105229593428,0.05520945277712277,22.401870246551493,0.00012787319616250922,22.168155873565325,0.045756241375069,23.98538891302649,0.0061053580268024925
2014 GW98,860911,MBO,MBO,21164723856291927,745565654365503828,18.192049,2.997531,2.4524953,227.1577746752858,-38.76377238803596,2025072300102,38,60880.04913893725,r,227.15771476955805,-38.76373703371063,18.3918399810791,4140.28,223.623,False,4326.84,1.27816,5368.93,223.882,False,1233.55,4.61571,22.357425774586755,0.058642314314101295,22.30957294935174,0.00032072935711419283,22.075280610258645,0.045274717521709903,23.672108062965144,0.004062618476932471
2014 GW98,860911,MBO,MBO,21164723856291927,745565654502342927,18.1921,2.9975314,2.452501,227.15781313214805,-38.76375425467102,2025072300103,43,60880.04960386394,r,227.15775698755155,-38.76374223601736,21.459325790405273,4498.93,209.703,False,4304.24,0.512627,5368.25,209.336,False,943.501,4.85401,22.26722686777969,0.05060806316864525,22.315258743010418,0.00012930916240380563,22.075418168064363,0.04233850371514253,23.963144114965203,0.005585764763705746
2014 GW98,860911,MBO,MBO,21164723856291927,745565654661201944,18.192154,2.9975317,2.452507,227.15785175936,-38.76373603922035,2025072300104,90,60880.05007087181,r,227.1578015048377,-38.76370470460505,20.117176055908203,3995.33,196.981,False,3886.75,0.967886,4767.77,194.673,False,756.192,5.39967,22.396118338004776,0.05352984664990713,22.426033481913077,0.00027037212088954973,22.204211754005012,0.044331737443134726,24.203419779891355,0.0077528157117866155
2014 GW98,860911,MBO,MBO,21164723856291927,745565655035019327,18.192314,2.9975328,2.452525,227.1579698224893,-38.76368035338543,2025072300107,35,60880.051497877124,r,227.15791806752878,-38.76365877809082,19.06001853942871,4049.78,210.218,False,4030.97,0.699906,5144.06,209.456,False,1037.1,5.14513,22.38142141397382,0.05635893662344392,22.38647609293696,0.00018851871397718343,22.121734923808148,0.04420903975100701,23.86044843990382,0.005386418109789978
2014 GW98,860911,MBO,MBO,21164723856291927,745565655466508442,18.19247,2.997534,2.452542,227.15808387640453,-38.76362654352725,2025072300110,90,60880.05287571541,r,227.15803886724683,-38.76359551882007,19.97194480895996,3832.83,190.378,False,3564.56,3.02884,4997.16,189.08,False,997.712,6.57398,22.44120108502904,0.05392889574296796,22.51998515886077,0.0009225602214407539,22.15319182858434,0.041081533744110624,23.902487037762253,0.007153976413657378
2014 GW98,860911,MBO,MBO,21164723856291927,745565655700341157,18.192581,2.9975348,2.4525545,227.158166258088,-38.76358766750104,2025072300112,24,60880.05387034979,r,227.15809473793317,-38.76356643284316,20.627479553222656,4002.86,192.102,False,3971.22,1.68652,4747.47,189.607,False,715.528,5.65775,22.3940739685521,0.052105768436350335,22.40269014042599,0.0004610965437095314,22.208844378257023,0.04336271096558299,24.263433393994966,0.008585022561438409
2014 GW98,860911,MBO,MBO,21164723856291927,745565655848714737,18.192635,2.9975352,2.4525604,227.15820559427848,-38.7635691021228,2025072300113,51,60880.05434525187,r,227.15814582762675,-38.76356207976362,22.01274871826172,4213.54,191.381,False,4139.42,1.33026,5399.4,189.424,False,1099.24,5.46187,22.338382187125756,0.04931465587083202,22.35765128631592,0.0003489163971442128,22.0691362641384,0.038090249693699604,23.79726870102472,0.005394772995374463
2014 GW98,860911,MBO,MBO,21164723856291927,745565655979262137,18.192686,2.9975355,2.4525661,227.15824344495488,-38.76355123631063,2025072300114,44,60880.05480261124,r,227.15819581823175,-38.76353616857745,18.77850341796875,3542.54,187.744,False,3435.66,2.16742,4412.92,185.599,False,945.865,5.61025,22.526713081250556,0.057540764354643954,22.559974581255197,0.0006849473835795488,22.28818488328738,0.04566399490000145,23.960427122474982,0.0064398741908115184
2014 GW98,860911,MBO,MBO,21164723856291927,745565656271290433,18.192827,2.9975364,2.452582,227.1583476638731,-38.76350203647263,2025072300116,89,60880.05606065408,r,227.15830156448368,-38.7635090690651,14.839781761169434,3541.59,237.729,False,3715.8,2.76468,6530.53,239.067,False,2733.98,4.39162,22.527004266298757,0.07287997200597363,22.47486915974965,0.0008078241649322858,21.86262896356689,0.039746193227813156,22.808011674679985,0.0017440292315221702
2014 GW98,860911,MBO,MBO,21164723856291927,745565656511414482,18.192995,2.9975376,2.4526007,227.15847148425303,-38.76344356885117,2025072300118,35,60880.05755417685,r,227.15841943921728,-38.76342372797469,19.177589416503906,4419.79,227.75,False,4340.89,0.702022,6182.44,228.741,False,1559.26,4.72935,22.286495903008714,0.05594754919310936,22.30605301387629,0.0001755885763875205,21.922100234623514,0.04017060976742685,23.417703648219295,0.003293117623461722
2014 GW98,860911,MBO,MBO,21164723856291927,745565656671846680,18.193375,2.9975402,2.452643,227.15875132053225,-38.76331137683953,2025072300119,85,60880.06092800721,r,227.1587098523414,-38.76328738139066,23.420940399169922,4639.98,196.714,False,4594.86,1.6033,5211.74,195.269,False,499.104,5.16447,22.23370973309055,0.046030266851507365,22.24431932360639,0.00037884960198357156,22.10754309674483,0.040679429592485855,24.654522365319586,0.011234636921476844
2014 GW98,860911,MBO,MBO,21164723856291927,745565656827035986,18.193426,2.9975407,2.4526486,227.1587893288545,-38.7632934165605,2025072300120,125,60880.06138634323,r,227.1587411283142,-38.76324919878321,21.464956283569336,4187.43,193.751,False,4019.23,1.12004,4498.1,191.667,False,304.123,5.60259,22.34513105408221,0.05023665452664941,22.389642856881864,0.0003025624432646307,22.26742721074804,0.04626393471112684,25.19237688579431,0.020001562453104096
2014 GW98,860911,MBO,MBO,21164723856291927,745565656963874885,18.193478,2.9975412,2.4526544,227.1588273425264,-38.763275452490525,2025072300121,130,60880.061844772805,r,227.1587690142297,-38.76325092865205,23.564268112182617,4090.87,171.653,False,4064.04,0.439629,4271.62,168.918,False,208.094,6.5625,22.370460772217278,0.04555751497457503,22.377605055047148,0.00011744990327175577,22.323518442116963,0.04293462021638534,25.604351134757152,0.034240026355158625
2014 GW98,860911,MBO,MBO,21164723856291927,745565657116442628,18.19353,2.9975414,2.45266,227.15886544464755,-38.763257445372574,2025072300122,165,60880.06230342436,r,227.15881968140633,-38.76320894192245,22.22908592224121,4352.12,193.128,False,4327.91,0.679089,4482.29,191.731,False,182.21,5.75131,22.30324781687314,0.04818021162115962,22.309304408483992,0.00017036202174552573,22.27125011164378,0.04644261962270351,25.748569439685294,0.03427037551381423
